statement,label,country,cities,stated_k,actual_k
"Exactly 2 of the following cities are in Trinidad and Tobago: Riga, Tiruchirappalli.",0,Trinidad and Tobago,"('Riga', 'Tiruchirappalli')",2,0
"Exactly 2 of the following cities are in Ecuador: Suginami, Sanaa.",0,Ecuador,"('Sanaa', 'Suginami')",2,0
"Exactly 2 of the following cities are in Mexico: Naucalpan de Juarez, Santiago de Queretaro.",1,Mexico,"('Naucalpan de Juarez', 'Santiago de Queretaro')",2,2
"Exactly 0 of the following cities are in Latvia: Riga, Naberezhnyye Chelny.",0,Latvia,"('Naberezhnyye Chelny', 'Riga')",0,1
"Exactly 0 of the following cities are in Djibouti: Tangshan, Ningbo.",1,Djibouti,"('Ningbo', 'Tangshan')",0,0
"Exactly 1 of the following cities are in France: Sao Jose dos Campos, Caracas.",0,France,"('Caracas', 'Sao Jose dos Campos')",1,0
"Exactly 1 of the following cities are in Zimbabwe: Arifwala, Harare.",1,Zimbabwe,"('Arifwala', 'Harare')",1,1
"Exactly 0 of the following cities are in the Democratic Republic of the Congo: Mbuji-Mayi, Islamabad.",0,the Democratic Republic of the Congo,"('Islamabad', 'Mbuji-Mayi')",0,1
"Exactly 1 of the following cities are in Kazakhstan: Aktobe, Mulenvos.",1,Kazakhstan,"('Aktobe', 'Mulenvos')",1,1
"Exactly 0 of the following cities are in Latvia: Caracas, Banjarmasin.",1,Latvia,"('Banjarmasin', 'Caracas')",0,0
"Exactly 2 of the following cities are in Niger: Enugu, Saratov.",0,Niger,"('Enugu', 'Saratov')",2,0
"Exactly 0 of the following cities are in Sudan: Nyala, Khartoum.",0,Sudan,"('Khartoum', 'Nyala')",0,2
"Exactly 2 of the following cities are in Angola: Hoji ya Henda, Kikolo.",1,Angola,"('Hoji ya Henda', 'Kikolo')",2,2
"Exactly 0 of the following cities are in Poland: Wroclaw, Tashkent.",0,Poland,"('Tashkent', 'Wroclaw')",0,1
"Exactly 2 of the following cities are in Iraq: Nagoya, Erbil.",0,Iraq,"('Erbil', 'Nagoya')",2,1
"Exactly 1 of the following cities are in Norway: Paranaque City, Oslo.",1,Norway,"('Oslo', 'Paranaque City')",1,1
"Exactly 1 of the following cities are in Malaysia: Krakow, Malacca.",1,Malaysia,"('Krakow', 'Malacca')",1,1
"Exactly 0 of the following cities are in Djibouti: Balbala, Qiqihar.",0,Djibouti,"('Balbala', 'Qiqihar')",0,1
"Exactly 2 of the following cities are in the Dominican Republic: Sao Bernardo do Campo, Shah Alam.",0,the Dominican Republic,"('Sao Bernardo do Campo', 'Shah Alam')",2,0
"Exactly 0 of the following cities are in Tonga: Zanzibar, Vladivostok.",1,Tonga,"('Vladivostok', 'Zanzibar')",0,0
"Exactly 0 of the following cities are in Lesotho: Tiruchirappalli, Naberezhnyye Chelny.",1,Lesotho,"('Naberezhnyye Chelny', 'Tiruchirappalli')",0,0
"Exactly 2 of the following cities are in Malaysia: Iskandar Puteri, Pelentong.",1,Malaysia,"('Iskandar Puteri', 'Pelentong')",2,2
"Exactly 1 of the following cities are in Croatia: Ananindeua, Sulaymaniyah.",0,Croatia,"('Ananindeua', 'Sulaymaniyah')",1,0
"Exactly 0 of the following cities are in Denmark: Zhaoqing, Copenhagen.",0,Denmark,"('Copenhagen', 'Zhaoqing')",0,1
"Exactly 0 of the following cities are in Cuba: Santiago de Cuba, Dalian.",0,Cuba,"('Dalian', 'Santiago de Cuba')",0,1
"Exactly 2 of the following cities are in Pakistan: Rahim Yar Khan, Bahawalpur.",1,Pakistan,"('Bahawalpur', 'Rahim Yar Khan')",2,2
"Exactly 1 of the following cities are in Nauru: Langfang, Zarqa.",0,Nauru,"('Langfang', 'Zarqa')",1,0
"Exactly 2 of the following cities are in Pakistan: Dera Ismail Khan, Sukkur.",1,Pakistan,"('Dera Ismail Khan', 'Sukkur')",2,2
"Exactly 2 of the following cities are in Angola: Golfe, Benguela.",1,Angola,"('Benguela', 'Golfe')",2,2
"Exactly 2 of the following cities are in Germany: Munich, Hannover.",1,Germany,"('Hannover', 'Munich')",2,2
"Exactly 1 of the following cities are in the United States: Albuquerque, Indianapolis.",0,the United States,"('Albuquerque', 'Indianapolis')",1,2
"Exactly 0 of the following cities are in Nigeria: Abuja, Ibadan.",0,Nigeria,"('Abuja', 'Ibadan')",0,2
"Exactly 2 of the following cities are in Chad: N'Djamena, Hebi.",0,Chad,"('Hebi', ""N'Djamena"")",2,1
"Exactly 2 of the following cities are in South Africa: Evaton, Cape Town.",1,South Africa,"('Cape Town', 'Evaton')",2,2
"Exactly 0 of the following cities are in Swaziland: Shah Alam, Vladivostok.",1,Swaziland,"('Shah Alam', 'Vladivostok')",0,0
"Exactly 1 of the following cities are in Uganda: Fortaleza, Saint Petersburg.",0,Uganda,"('Fortaleza', 'Saint Petersburg')",1,0
"Exactly 1 of the following cities are in Tonga: Chicago, Izmir.",0,Tonga,"('Chicago', 'Izmir')",1,0
"Exactly 1 of the following cities are in Myanmar: Tangier, Mandalay.",1,Myanmar,"('Mandalay', 'Tangier')",1,1
"Exactly 0 of the following cities are in Cambodia: Aihara, Agege.",1,Cambodia,"('Agege', 'Aihara')",0,0
"Exactly 2 of the following cities are in Bosnia and Herzegovina: Cuttack, Ibb.",0,Bosnia and Herzegovina,"('Cuttack', 'Ibb')",2,0
"Exactly 0 of the following cities are in Egypt: Al Fayyum, Gustavo Adolfo Madero.",0,Egypt,"('Al Fayyum', 'Gustavo Adolfo Madero')",0,1
"Exactly 0 of the following cities are in Tuvalu: Libreville, The Bronx.",1,Tuvalu,"('Libreville', 'The Bronx')",0,0
"Exactly 0 of the following cities are in Haiti: Thembisa, Port-au-Prince.",0,Haiti,"('Port-au-Prince', 'Thembisa')",0,1
"Exactly 2 of the following cities are in Angola: Cabinda, Calumbo.",1,Angola,"('Cabinda', 'Calumbo')",2,2
"Exactly 1 of the following cities are in Syria: Latakia, Gazipur.",1,Syria,"('Gazipur', 'Latakia')",1,1
"Exactly 1 of the following cities are in Burkina Faso: Tlalpan, Nanning.",0,Burkina Faso,"('Nanning', 'Tlalpan')",1,0
"Exactly 2 of the following cities are in the Democratic Republic of the Congo: Tshikapa, Kisangani.",1,the Democratic Republic of the Congo,"('Kisangani', 'Tshikapa')",2,2
"Exactly 2 of the following cities are in Tanzania: Dodoma, Arusha.",1,Tanzania,"('Arusha', 'Dodoma')",2,2
"Exactly 0 of the following cities are in Venezuela: Maturin, Barquisimeto.",0,Venezuela,"('Barquisimeto', 'Maturin')",0,2
"Exactly 2 of the following cities are in Japan: Hiroshima, Suginami.",1,Japan,"('Hiroshima', 'Suginami')",2,2
"Exactly 1 of the following cities are in Ukraine: Odesa, E'zhou.",1,Ukraine,"(""E'zhou"", 'Odesa')",1,1
"Exactly 1 of the following cities are in Venezuela: Chattogram, Zhangjiagang.",0,Venezuela,"('Chattogram', 'Zhangjiagang')",1,0
"Exactly 2 of the following cities are in Nigeria: Zaria, Ibadan.",1,Nigeria,"('Ibadan', 'Zaria')",2,2
"Exactly 2 of the following cities are in Gabon: Muntinlupa, Pingdingshan.",0,Gabon,"('Muntinlupa', 'Pingdingshan')",2,0
"Exactly 2 of the following cities are in the Democratic Republic of the Congo: Tshikapa, Kinshasa.",1,the Democratic Republic of the Congo,"('Kinshasa', 'Tshikapa')",2,2
"Exactly 2 of the following cities are in Samoa: Jiaozuo, Ribeirao Preto.",0,Samoa,"('Jiaozuo', 'Ribeirao Preto')",2,0
"Exactly 1 of the following cities are in Jamaica: Fukuoka, Nashik.",0,Jamaica,"('Fukuoka', 'Nashik')",1,0
"Exactly 2 of the following cities are in Vietnam: Cho Lon, Nha Trang.",1,Vietnam,"('Cho Lon', 'Nha Trang')",2,2
"Exactly 2 of the following cities are in Bosnia and Herzegovina: Sarajevo, Esenler.",0,Bosnia and Herzegovina,"('Esenler', 'Sarajevo')",2,1
"Exactly 1 of the following cities are in Honduras: Dongying, Tegucigalpa.",1,Honduras,"('Dongying', 'Tegucigalpa')",1,1
"Exactly 2 of the following cities are in Saudi Arabia: Sultanah, Ta'if.",1,Saudi Arabia,"('Sultanah', ""Ta'if"")",2,2
"Exactly 1 of the following cities are in Venezuela: Sangli, Pasir Gudang.",0,Venezuela,"('Pasir Gudang', 'Sangli')",1,0
"Exactly 0 of the following cities are in Iran: Karaj, Kermanshah.",0,Iran,"('Karaj', 'Kermanshah')",0,2
"Exactly 1 of the following cities are in Saudi Arabia: Ta'if, Santo Domingo Este.",1,Saudi Arabia,"('Santo Domingo Este', ""Ta'if"")",1,1
"Exactly 2 of the following cities are in Vietnam: Bien Hoa, Vinh.",1,Vietnam,"('Bien Hoa', 'Vinh')",2,2
"Exactly 1 of the following cities are in Finland: Helsinki, Qom.",1,Finland,"('Helsinki', 'Qom')",1,1
"Exactly 2 of the following cities are in Tanzania: Zanzibar, Arusha.",1,Tanzania,"('Arusha', 'Zanzibar')",2,2
"Exactly 0 of the following cities are in Uzbekistan: Almaty, Daejeon.",1,Uzbekistan,"('Almaty', 'Daejeon')",0,0
"Exactly 2 of the following cities are in Iran: Hamadan, Osaka.",0,Iran,"('Hamadan', 'Osaka')",2,1
"Exactly 2 of the following cities are in China: Hengyang, Lianyungang.",1,China,"('Hengyang', 'Lianyungang')",2,2
"Exactly 2 of the following cities are in South Korea: Bucheon-si, Changwon.",1,South Korea,"('Bucheon-si', 'Changwon')",2,2
"Exactly 2 of the following cities are in Brazil: Ananindeua, Uberlandia.",1,Brazil,"('Ananindeua', 'Uberlandia')",2,2
"Exactly 2 of the following cities are in Pakistan: Rahim Yar Khan, Gujrat.",1,Pakistan,"('Gujrat', 'Rahim Yar Khan')",2,2
"Exactly 1 of the following cities are in Poland: Wroclaw, Bucaramanga.",1,Poland,"('Bucaramanga', 'Wroclaw')",1,1
"Exactly 1 of the following cities are in South Africa: Soshanguve, Adachi.",1,South Africa,"('Adachi', 'Soshanguve')",1,1
"Exactly 1 of the following cities are in Pakistan: Rawalpindi, Peshawar.",0,Pakistan,"('Peshawar', 'Rawalpindi')",1,2
"Exactly 2 of the following cities are in Egypt: Port Said, Baoji.",0,Egypt,"('Baoji', 'Port Said')",2,1
"Exactly 2 of the following cities are in Chad: Songjiang, Zapopan.",0,Chad,"('Songjiang', 'Zapopan')",2,0
"Exactly 0 of the following cities are in the Philippines: Barnaul, Zibo.",1,the Philippines,"('Barnaul', 'Zibo')",0,0
"Exactly 2 of the following cities are in Thailand: Seattle, Bangkok.",0,Thailand,"('Bangkok', 'Seattle')",2,1
"Exactly 0 of the following cities are in Gabon: New Kingston, Maceio.",1,Gabon,"('Maceio', 'New Kingston')",0,0
"Exactly 0 of the following cities are in Bulgaria: Cucuta, Longyan.",1,Bulgaria,"('Cucuta', 'Longyan')",0,0
"Exactly 1 of the following cities are in South Korea: Heze, Huaihua.",0,South Korea,"('Heze', 'Huaihua')",1,0
"Exactly 1 of the following cities are in Somalia: Wenzhou, E'zhou.",0,Somalia,"(""E'zhou"", 'Wenzhou')",1,0
"Exactly 0 of the following cities are in Mongolia: Ulan Bator, Diyarbakir.",0,Mongolia,"('Diyarbakir', 'Ulan Bator')",0,1
"Exactly 2 of the following cities are in Russia: Khabarovsk, Makhachkala.",1,Russia,"('Khabarovsk', 'Makhachkala')",2,2
"Exactly 2 of the following cities are in China: Puente Alto, Nampula.",0,China,"('Nampula', 'Puente Alto')",2,0
"Exactly 0 of the following cities are in Panama: Pelentong, Tolyatti.",1,Panama,"('Pelentong', 'Tolyatti')",0,0
"Exactly 2 of the following cities are in the Philippines: Zamboanga, Muntinlupa.",1,the Philippines,"('Muntinlupa', 'Zamboanga')",2,2
"Exactly 2 of the following cities are in Germany: Leipzig, Munich.",1,Germany,"('Leipzig', 'Munich')",2,2
"Exactly 0 of the following cities are in Saudi Arabia: Gaziantep, Makkah.",0,Saudi Arabia,"('Gaziantep', 'Makkah')",0,1
"Exactly 0 of the following cities are in Croatia: Vladivostok, Oujda.",1,Croatia,"('Oujda', 'Vladivostok')",0,0
"Exactly 2 of the following cities are in Uzbekistan: Hermosillo, Ryazan'.",0,Uzbekistan,"('Hermosillo', ""Ryazan'"")",2,0
"Exactly 2 of the following cities are in Russia: Yekaterinburg, Tolyatti.",1,Russia,"('Tolyatti', 'Yekaterinburg')",2,2
"Exactly 0 of the following cities are in Peru: Chiclayo, Callao.",0,Peru,"('Callao', 'Chiclayo')",0,2
"Exactly 0 of the following cities are in Oman: Zhumadian, Muscat.",0,Oman,"('Muscat', 'Zhumadian')",0,1
"Exactly 1 of the following cities are in Nepal: Contagem, Lviv.",0,Nepal,"('Contagem', 'Lviv')",1,0
"Exactly 0 of the following cities are in the Bahamas: Seoul, Nanchong.",1,the Bahamas,"('Nanchong', 'Seoul')",0,0
"Exactly 2 of the following cities are in Yemen: Ibb, Aden.",1,Yemen,"('Aden', 'Ibb')",2,2
"Exactly 2 of the following cities are in Cambodia: Pasir Gudang, Situbondo.",0,Cambodia,"('Pasir Gudang', 'Situbondo')",2,0
"Exactly 2 of the following cities are in Iraq: Al Mawsil al Jadidah, Erbil.",1,Iraq,"('Al Mawsil al Jadidah', 'Erbil')",2,2
"Exactly 1 of the following cities are in Iran: Zibo, Tabriz.",1,Iran,"('Tabriz', 'Zibo')",1,1
"Exactly 0 of the following cities are in the Netherlands: Guigang, Uberlandia.",1,the Netherlands,"('Guigang', 'Uberlandia')",0,0
"Exactly 2 of the following cities are in Iraq: Karbala, Nasiriyah.",1,Iraq,"('Karbala', 'Nasiriyah')",2,2
"Exactly 1 of the following cities are in Slovenia: Nakuru, Ningbo.",0,Slovenia,"('Nakuru', 'Ningbo')",1,0
"Exactly 1 of the following cities are in Romania: Bucharest, Vientiane.",1,Romania,"('Bucharest', 'Vientiane')",1,1
"Exactly 2 of the following cities are in Iraq: Baghdad, Al Basrah al Qadimah.",1,Iraq,"('Al Basrah al Qadimah', 'Baghdad')",2,2
"Exactly 0 of the following cities are in Saint Kitts and Nevis: Selayang Baru Utara, Zhengzhou.",1,Saint Kitts and Nevis,"('Selayang Baru Utara', 'Zhengzhou')",0,0
"Exactly 0 of the following cities are in Bangladesh: Homyel', Kalininskiy.",1,Bangladesh,"(""Homyel'"", 'Kalininskiy')",0,0
"Exactly 2 of the following cities are in Singapore: Maceio, Maputo.",0,Singapore,"('Maceio', 'Maputo')",2,0
"Exactly 0 of the following cities are in Jamaica: Kunshan, Kaifeng.",1,Jamaica,"('Kaifeng', 'Kunshan')",0,0
"Exactly 0 of the following cities are in Morocco: Marrakesh, Agadir.",0,Morocco,"('Agadir', 'Marrakesh')",0,2
"Exactly 1 of the following cities are in Peru: Jajmau, Piura.",1,Peru,"('Jajmau', 'Piura')",1,1
"Exactly 2 of the following cities are in Turkey: Malatya, Kayseri.",1,Turkey,"('Kayseri', 'Malatya')",2,2
"Exactly 2 of the following cities are in Turkey: Malatya, Esenyurt.",1,Turkey,"('Esenyurt', 'Malatya')",2,2
"Exactly 0 of the following cities are in Lebanon: Hoji ya Henda, Teni.",1,Lebanon,"('Hoji ya Henda', 'Teni')",0,0
"Exactly 0 of the following cities are in Belarus: Kumamoto, Minsk.",0,Belarus,"('Kumamoto', 'Minsk')",0,1
"Exactly 2 of the following cities are in Germany: Koeln, Hannover.",1,Germany,"('Hannover', 'Koeln')",2,2
"Exactly 2 of the following cities are in Yemen: Pokhara, Sanaa.",0,Yemen,"('Pokhara', 'Sanaa')",2,1
"Exactly 2 of the following cities are in Iran: Isfahan, Qom.",1,Iran,"('Isfahan', 'Qom')",2,2
"Exactly 1 of the following cities are in the Gambia: Chennai, Guigang.",0,the Gambia,"('Chennai', 'Guigang')",1,0
"Exactly 1 of the following cities are in Germany: Koeln, Madinah.",1,Germany,"('Koeln', 'Madinah')",1,1
"Exactly 1 of the following cities are in Japan: Enugu, Kallakurichi.",0,Japan,"('Enugu', 'Kallakurichi')",1,0
"Exactly 1 of the following cities are in Nicaragua: Cebu City, Jambi City.",0,Nicaragua,"('Cebu City', 'Jambi City')",1,0
"Exactly 1 of the following cities are in Bahrain: Kozhikode, Bangkok.",0,Bahrain,"('Bangkok', 'Kozhikode')",1,0
"Exactly 2 of the following cities are in Russia: Omsk, Vladivostok.",1,Russia,"('Omsk', 'Vladivostok')",2,2
"Exactly 0 of the following cities are in Djibouti: Balbala, Abu Ghurayb.",0,Djibouti,"('Abu Ghurayb', 'Balbala')",0,1
"Exactly 2 of the following cities are in Kenya: Kakamega, Nairobi.",1,Kenya,"('Kakamega', 'Nairobi')",2,2
"Exactly 2 of the following cities are in Albania: Queens, Shangluo.",0,Albania,"('Queens', 'Shangluo')",2,0
"Exactly 1 of the following cities are in the Central African Republic: Nha Trang, Kigali.",0,the Central African Republic,"('Kigali', 'Nha Trang')",1,0
"Exactly 2 of the following cities are in Saudi Arabia: Zhengzhou, Madinah.",0,Saudi Arabia,"('Madinah', 'Zhengzhou')",2,1
"Exactly 2 of the following cities are in Russia: Krasnodar, Tolyatti.",1,Russia,"('Krasnodar', 'Tolyatti')",2,2
"Exactly 0 of the following cities are in Cameroon: Weihai, Huzhou.",1,Cameroon,"('Huzhou', 'Weihai')",0,0
"Exactly 0 of the following cities are in Rwanda: Kigali, Tiruppur.",0,Rwanda,"('Kigali', 'Tiruppur')",0,1
"Exactly 0 of the following cities are in Zambia: Lusaka, Ndola.",0,Zambia,"('Lusaka', 'Ndola')",0,2
"Exactly 0 of the following cities are in Burkina Faso: Petaling Jaya, Ouagadougou.",0,Burkina Faso,"('Ouagadougou', 'Petaling Jaya')",0,1
"Exactly 2 of the following cities are in Iraq: Shymkent, Dodoma.",0,Iraq,"('Dodoma', 'Shymkent')",2,0
"Exactly 0 of the following cities are in Saudi Arabia: Madinah, Jeddah.",0,Saudi Arabia,"('Jeddah', 'Madinah')",0,2
"Exactly 0 of the following cities are in Guinea: Conakry, Jamshedpur.",0,Guinea,"('Conakry', 'Jamshedpur')",0,1
"Exactly 0 of the following cities are in Mongolia: Ulan Bator, Gurugram.",0,Mongolia,"('Gurugram', 'Ulan Bator')",0,1
"Exactly 1 of the following cities are in Togo: Khartoum, Al Basrah al Qadimah.",0,Togo,"('Al Basrah al Qadimah', 'Khartoum')",1,0
"Exactly 1 of the following cities are in Angola: Nakuru, Batam.",0,Angola,"('Batam', 'Nakuru')",1,0
"Exactly 1 of the following cities are in Syria: Ar Raqqah, Carrefour.",1,Syria,"('Ar Raqqah', 'Carrefour')",1,1
"Exactly 0 of the following cities are in the United Arab Emirates: Abu Dhabi, Al Ain City.",0,the United Arab Emirates,"('Abu Dhabi', 'Al Ain City')",0,2
"Exactly 1 of the following cities are in Sudan: Huludao, Khartoum.",1,Sudan,"('Huludao', 'Khartoum')",1,1
"Exactly 2 of the following cities are in Turkey: Santiago de los Caballeros, Esenler.",0,Turkey,"('Esenler', 'Santiago de los Caballeros')",2,1
"Exactly 0 of the following cities are in Slovakia: Zhangjiagang, Jambi City.",1,Slovakia,"('Jambi City', 'Zhangjiagang')",0,0
"Exactly 0 of the following cities are in Côte d'Ivoire: Abidjan, Bouake.",0,Côte d'Ivoire,"('Abidjan', 'Bouake')",0,2
"Exactly 0 of the following cities are in Chile: Puente Alto, Harare.",0,Chile,"('Harare', 'Puente Alto')",0,1
"Exactly 2 of the following cities are in Finland: Khabarovsk, UEskuedar.",0,Finland,"('Khabarovsk', 'UEskuedar')",2,0
"Exactly 0 of the following cities are in Botswana: Mar del Plata, Yongzhou.",1,Botswana,"('Mar del Plata', 'Yongzhou')",0,0
"Exactly 0 of the following cities are in Suriname: Feira de Santana, Kampung Baru Subang.",1,Suriname,"('Feira de Santana', 'Kampung Baru Subang')",0,0
"Exactly 0 of the following cities are in Saint Vincent and the Grenadines: Okayama, Changde.",1,Saint Vincent and the Grenadines,"('Changde', 'Okayama')",0,0
"Exactly 0 of the following cities are in Sweden: Abuja, Stockholm.",0,Sweden,"('Abuja', 'Stockholm')",0,1
"Exactly 1 of the following cities are in Ukraine: Bogor, Okayama.",0,Ukraine,"('Bogor', 'Okayama')",1,0
"Exactly 1 of the following cities are in Moldova: Batam, Chisinau.",1,Moldova,"('Batam', 'Chisinau')",1,1
"Exactly 0 of the following cities are in France: Marseille, Tijuana.",0,France,"('Marseille', 'Tijuana')",0,1
"Exactly 2 of the following cities are in Afghanistan: Hubballi, Kalininskiy.",0,Afghanistan,"('Hubballi', 'Kalininskiy')",2,0
"Exactly 2 of the following cities are in Haiti: Hongkou, Latakia.",0,Haiti,"('Hongkou', 'Latakia')",2,0
"Exactly 0 of the following cities are in Mexico: Cancun, Gustavo Adolfo Madero.",0,Mexico,"('Cancun', 'Gustavo Adolfo Madero')",0,2
"Exactly 2 of the following cities are in the Philippines: Makati City, Zamboanga.",1,the Philippines,"('Makati City', 'Zamboanga')",2,2
"Exactly 0 of the following cities are in Morocco: Xianning, Liupanshui.",1,Morocco,"('Liupanshui', 'Xianning')",0,0
"Exactly 1 of the following cities are in the Philippines: Teresina, Jos.",0,the Philippines,"('Jos', 'Teresina')",1,0
"Exactly 1 of the following cities are in Guyana: Bursa, Madurai.",0,Guyana,"('Bursa', 'Madurai')",1,0
"Exactly 0 of the following cities are in Jordan: Zarqa, Amman.",0,Jordan,"('Amman', 'Zarqa')",0,2
"Exactly 1 of the following cities are in Spain: Wanxian, Zaria.",0,Spain,"('Wanxian', 'Zaria')",1,0
"Exactly 0 of the following cities are in Kazakhstan: Shymkent, Almaty.",0,Kazakhstan,"('Almaty', 'Shymkent')",0,2
"Exactly 2 of the following cities are in the Philippines: Davao, General Santos.",1,the Philippines,"('Davao', 'General Santos')",2,2
"Exactly 2 of the following cities are in Angola: Cabinda, Camama.",1,Angola,"('Cabinda', 'Camama')",2,2
"Exactly 2 of the following cities are in Romania: Nansana, Bucharest.",0,Romania,"('Bucharest', 'Nansana')",2,1
"Exactly 0 of the following cities are in Burundi: Bujumbura, Pasig City.",0,Burundi,"('Bujumbura', 'Pasig City')",0,1
"Exactly 2 of the following cities are in Belarus: Yingkou, Daqing.",0,Belarus,"('Daqing', 'Yingkou')",2,0
"Exactly 2 of the following cities are in Iraq: Karbala, Abu Ghurayb.",1,Iraq,"('Abu Ghurayb', 'Karbala')",2,2
"Exactly 2 of the following cities are in Nigeria: Sokoto, Luancheng.",0,Nigeria,"('Luancheng', 'Sokoto')",2,1
"Exactly 1 of the following cities are in Nicaragua: Bilimora, Seattle.",0,Nicaragua,"('Bilimora', 'Seattle')",1,0
"Exactly 1 of the following cities are in Venezuela: Piura, Rajkot.",0,Venezuela,"('Piura', 'Rajkot')",1,0
"Exactly 1 of the following cities are in Saudi Arabia: Dammam, Ta'if.",0,Saudi Arabia,"('Dammam', ""Ta'if"")",1,2
"Exactly 2 of the following cities are in Uzbekistan: Johor Bahru, Samarkand.",0,Uzbekistan,"('Johor Bahru', 'Samarkand')",2,1
"Exactly 0 of the following cities are in Ghana: Accra, Nansana.",0,Ghana,"('Accra', 'Nansana')",0,1
"Exactly 0 of the following cities are in Iran: Ahvaz, Qom.",0,Iran,"('Ahvaz', 'Qom')",0,2
"Exactly 1 of the following cities are in Guinea: Bishkek, Kuantan.",0,Guinea,"('Bishkek', 'Kuantan')",1,0
"Exactly 0 of the following cities are in Romania: Daqing, Bucharest.",0,Romania,"('Bucharest', 'Daqing')",0,1
"Exactly 0 of the following cities are in Iraq: Nasiriyah, Mudanjiang.",0,Iraq,"('Mudanjiang', 'Nasiriyah')",0,1
"Exactly 1 of the following cities are in Portugal: Nakuru, Guiyang.",0,Portugal,"('Guiyang', 'Nakuru')",1,0
"Exactly 2 of the following cities are in Niger: Tiruchirappalli, Binzhou.",0,Niger,"('Binzhou', 'Tiruchirappalli')",2,0
"Exactly 0 of the following cities are in Slovakia: Karaj, Ghaziabad.",1,Slovakia,"('Ghaziabad', 'Karaj')",0,0
"Exactly 0 of the following cities are in Qatar: Heze, Hamadan.",1,Qatar,"('Hamadan', 'Heze')",0,0
"Exactly 0 of the following cities are in Nicaragua: Managua, Quezon City.",0,Nicaragua,"('Managua', 'Quezon City')",0,1
"Exactly 1 of the following cities are in Togo: Huangshi, Lome.",1,Togo,"('Huangshi', 'Lome')",1,1
"Exactly 1 of the following cities are in Singapore: Kayseri, Minsk.",0,Singapore,"('Kayseri', 'Minsk')",1,0
"Exactly 0 of the following cities are in Haiti: Carrefour, Port-au-Prince.",0,Haiti,"('Carrefour', 'Port-au-Prince')",0,2
"Exactly 2 of the following cities are in Turkey: Bagcilar, Eskisehir.",1,Turkey,"('Bagcilar', 'Eskisehir')",2,2
"Exactly 0 of the following cities are in Bangladesh: Nakuru, Qingdao.",1,Bangladesh,"('Nakuru', 'Qingdao')",0,0
"Exactly 2 of the following cities are in Mexico: Tlaquepaque, Naucalpan de Juarez.",1,Mexico,"('Naucalpan de Juarez', 'Tlaquepaque')",2,2
"Exactly 2 of the following cities are in the Democratic Republic of the Congo: Lubumbashi, Mbuji-Mayi.",1,the Democratic Republic of the Congo,"('Lubumbashi', 'Mbuji-Mayi')",2,2
"Exactly 2 of the following cities are in Latvia: Las Pinas, Can Tho.",0,Latvia,"('Can Tho', 'Las Pinas')",2,0
"Exactly 2 of the following cities are in Kuwait: Tashkent, Al Ahmadi.",0,Kuwait,"('Al Ahmadi', 'Tashkent')",2,1
"Exactly 0 of the following cities are in Canada: Qinhuangdao, Quebec.",0,Canada,"('Qinhuangdao', 'Quebec')",0,1
"Exactly 1 of the following cities are in Indonesia: Palembang, Andijon.",1,Indonesia,"('Andijon', 'Palembang')",1,1
"Exactly 1 of the following cities are in South Africa: Krasnodar, Ciudad Nezahualcoyotl.",0,South Africa,"('Ciudad Nezahualcoyotl', 'Krasnodar')",1,0
"Exactly 2 of the following cities are in China: Yangquan, Qingdao.",1,China,"('Qingdao', 'Yangquan')",2,2
"Exactly 0 of the following cities are in Chile: Puente Alto, Bhavnagar.",0,Chile,"('Bhavnagar', 'Puente Alto')",0,1
"Exactly 0 of the following cities are in Palau: Qinzhou, Tirunelveli.",1,Palau,"('Qinzhou', 'Tirunelveli')",0,0
"Exactly 0 of the following cities are in Romania: Yongzhou, Khartoum North.",1,Romania,"('Khartoum North', 'Yongzhou')",0,0
"Exactly 1 of the following cities are in Myanmar: Isfahan, Kuecuekcekmece.",0,Myanmar,"('Isfahan', 'Kuecuekcekmece')",1,0
"Exactly 1 of the following cities are in Lithuania: Amman, Vilnius.",1,Lithuania,"('Amman', 'Vilnius')",1,1
"Exactly 2 of the following cities are in Mozambique: Beira, Nampula.",1,Mozambique,"('Beira', 'Nampula')",2,2
"Exactly 2 of the following cities are in South Korea: Jeonju, Incheon.",1,South Korea,"('Incheon', 'Jeonju')",2,2
"Exactly 0 of the following cities are in Mauritania: Weinan, Nouakchott.",0,Mauritania,"('Nouakchott', 'Weinan')",0,1
"Exactly 1 of the following cities are in Brazil: Teresina, Agadir.",1,Brazil,"('Agadir', 'Teresina')",1,1
"Exactly 2 of the following cities are in Brazil: Curitiba, Aracaju.",1,Brazil,"('Aracaju', 'Curitiba')",2,2
"Exactly 2 of the following cities are in Vietnam: Nha Trang, Haiphong.",1,Vietnam,"('Haiphong', 'Nha Trang')",2,2
"Exactly 0 of the following cities are in Mongolia: Shangqiu, Rajkot.",1,Mongolia,"('Rajkot', 'Shangqiu')",0,0
"Exactly 0 of the following cities are in Côte d'Ivoire: Abobo, Bouake.",0,Côte d'Ivoire,"('Abobo', 'Bouake')",0,2
"Exactly 2 of the following cities are in Vietnam: Nha Trang, Hue.",1,Vietnam,"('Hue', 'Nha Trang')",2,2
"Exactly 1 of the following cities are in Montenegro: Kobe, Irbid.",0,Montenegro,"('Irbid', 'Kobe')",1,0
"Exactly 0 of the following cities are in Greece: Sultanah, Iztapalapa.",1,Greece,"('Iztapalapa', 'Sultanah')",0,0
"Exactly 1 of the following cities are in Pakistan: Peshawar, Maiduguri.",1,Pakistan,"('Maiduguri', 'Peshawar')",1,1
"Exactly 2 of the following cities are in Pakistan: Quetta, Arifwala.",1,Pakistan,"('Arifwala', 'Quetta')",2,2
"Exactly 2 of the following cities are in Uzbekistan: Samarkand, Namangan.",1,Uzbekistan,"('Namangan', 'Samarkand')",2,2
"Exactly 0 of the following cities are in Sao Tome and Principe: Antalya, Kanayannur.",1,Sao Tome and Principe,"('Antalya', 'Kanayannur')",0,0
"Exactly 1 of the following cities are in Lithuania: Bhubaneswar, Erbil.",0,Lithuania,"('Bhubaneswar', 'Erbil')",1,0
"Exactly 0 of the following cities are in Guatemala: Adana, Kampala.",1,Guatemala,"('Adana', 'Kampala')",0,0
"Exactly 0 of the following cities are in South Korea: Budapest, Jeonju.",0,South Korea,"('Budapest', 'Jeonju')",0,1
"Exactly 0 of the following cities are in Nigeria: Omdurman, Tiruppur.",1,Nigeria,"('Omdurman', 'Tiruppur')",0,0
"Exactly 2 of the following cities are in Nigeria: Osogbo, Owerri.",1,Nigeria,"('Osogbo', 'Owerri')",2,2
"Exactly 2 of the following cities are in Moldova: Jamnagar, Malingao.",0,Moldova,"('Jamnagar', 'Malingao')",2,0
"Exactly 0 of the following cities are in Malaysia: Petaling Jaya, Culiacan.",0,Malaysia,"('Culiacan', 'Petaling Jaya')",0,1
"Exactly 2 of the following cities are in Nigeria: Abuja, Abeokuta.",1,Nigeria,"('Abeokuta', 'Abuja')",2,2
"Exactly 1 of the following cities are in Uganda: Kampala, Mukalla.",1,Uganda,"('Kampala', 'Mukalla')",1,1
"Exactly 2 of the following cities are in Japan: Hamamatsu, Kumamoto.",1,Japan,"('Hamamatsu', 'Kumamoto')",2,2
"Exactly 0 of the following cities are in Tanzania: Mumbai, Zanzibar.",0,Tanzania,"('Mumbai', 'Zanzibar')",0,1
"Exactly 0 of the following cities are in Djibouti: Balbala, Jamshedpur.",0,Djibouti,"('Balbala', 'Jamshedpur')",0,1
"Exactly 1 of the following cities are in Ethiopia: Addis Ababa, Bhiwandi.",1,Ethiopia,"('Addis Ababa', 'Bhiwandi')",1,1
"Exactly 1 of the following cities are in Mexico: Naucalpan de Juarez, Ecatepec de Morelos.",0,Mexico,"('Ecatepec de Morelos', 'Naucalpan de Juarez')",1,2
"Exactly 2 of the following cities are in Mexico: Iztapalapa, Zapopan.",1,Mexico,"('Iztapalapa', 'Zapopan')",2,2
"Exactly 2 of the following cities are in Egypt: Shubra al Khaymah, Assiut.",1,Egypt,"('Assiut', 'Shubra al Khaymah')",2,2
"Exactly 0 of the following cities are in Iran: Arak, Ahvaz.",0,Iran,"('Ahvaz', 'Arak')",0,2
"Exactly 0 of the following cities are in Iran: Arak, Kayseri.",0,Iran,"('Arak', 'Kayseri')",0,1
"Exactly 2 of the following cities are in Tanzania: Zanzibar, Dar es Salaam.",1,Tanzania,"('Dar es Salaam', 'Zanzibar')",2,2
"Exactly 1 of the following cities are in Djibouti: Zibo, Balbala.",1,Djibouti,"('Balbala', 'Zibo')",1,1
"Exactly 0 of the following cities are in Brazil: Ananindeua, Aleppo.",0,Brazil,"('Aleppo', 'Ananindeua')",0,1
"Exactly 0 of the following cities are in Nigeria: Ilorin, Calabar.",0,Nigeria,"('Calabar', 'Ilorin')",0,2
"Exactly 0 of the following cities are in Australia: Abuja, Zhumadian.",1,Australia,"('Abuja', 'Zhumadian')",0,0
"Exactly 0 of the following cities are in Egypt: Torreon, Assiut.",0,Egypt,"('Assiut', 'Torreon')",0,1
"Exactly 1 of the following cities are in Guinea-Bissau: Setagaya, Meizhou.",0,Guinea-Bissau,"('Meizhou', 'Setagaya')",1,0
"Exactly 1 of the following cities are in Malaysia: Selayang Baru Utara, Kampung Baru Subang.",0,Malaysia,"('Kampung Baru Subang', 'Selayang Baru Utara')",1,2
"Exactly 2 of the following cities are in Kazakhstan: Aqsu, Almaty.",0,Kazakhstan,"('Almaty', 'Aqsu')",2,1
"Exactly 2 of the following cities are in Brazil: Teresina, Jaboatao dos Guararapes.",1,Brazil,"('Jaboatao dos Guararapes', 'Teresina')",2,2
"Exactly 0 of the following cities are in Afghanistan: Bannu, Kasur.",1,Afghanistan,"('Bannu', 'Kasur')",0,0
"Exactly 1 of the following cities are in Turkey: Izmir, Aqsu.",1,Turkey,"('Aqsu', 'Izmir')",1,1
"Exactly 0 of the following cities are in Iraq: Pekanbaru, Soshanguve.",1,Iraq,"('Pekanbaru', 'Soshanguve')",0,0
"Exactly 1 of the following cities are in Bhutan: Caracas, Huaibei.",0,Bhutan,"('Caracas', 'Huaibei')",1,0
"Exactly 0 of the following cities are in El Salvador: Pyongyang, Jiaozhou.",1,El Salvador,"('Jiaozhou', 'Pyongyang')",0,0
"Exactly 1 of the following cities are in Colombia: Ibague, Barranquilla.",0,Colombia,"('Barranquilla', 'Ibague')",1,2
"Exactly 1 of the following cities are in Malaysia: Johor Bahru, Abobo.",1,Malaysia,"('Abobo', 'Johor Bahru')",1,1
"Exactly 0 of the following cities are in China: Huludao, Lueliang.",0,China,"('Huludao', 'Lueliang')",0,2
"Exactly 1 of the following cities are in Venezuela: Barquisimeto, Zhangjiagang.",1,Venezuela,"('Barquisimeto', 'Zhangjiagang')",1,1
"Exactly 2 of the following cities are in Tanzania: Istanbul, Dodoma.",0,Tanzania,"('Dodoma', 'Istanbul')",2,1
"Exactly 1 of the following cities are in Sri Lanka: Niigata, Hebi.",0,Sri Lanka,"('Hebi', 'Niigata')",1,0
"Exactly 2 of the following cities are in Russia: Krasnodar, Kemerovo.",1,Russia,"('Kemerovo', 'Krasnodar')",2,2
"Exactly 0 of the following cities are in Chad: N'Djamena, Sanmenxia.",0,Chad,"(""N'Djamena"", 'Sanmenxia')",0,1
"Exactly 2 of the following cities are in Tuvalu: Zaria, Bien Hoa.",0,Tuvalu,"('Bien Hoa', 'Zaria')",2,0
"Exactly 1 of the following cities are in Switzerland: Abu Ghurayb, Maoming.",0,Switzerland,"('Abu Ghurayb', 'Maoming')",1,0
"Exactly 2 of the following cities are in South Africa: Cape Town, Thembisa.",1,South Africa,"('Cape Town', 'Thembisa')",2,2
"Exactly 0 of the following cities are in Albania: Arifwala, Zhuzhou.",1,Albania,"('Arifwala', 'Zhuzhou')",0,0
"Exactly 0 of the following cities are in Uganda: Coimbatore, Diyarbakir.",1,Uganda,"('Coimbatore', 'Diyarbakir')",0,0
"Exactly 2 of the following cities are in Turkmenistan: Pietermaritzburg, Irkutsk.",0,Turkmenistan,"('Irkutsk', 'Pietermaritzburg')",2,0
"Exactly 0 of the following cities are in Ghana: Quetta, Jamnagar.",1,Ghana,"('Jamnagar', 'Quetta')",0,0
"Exactly 0 of the following cities are in the Maldives: Fukuoka, Vijayawada.",1,the Maldives,"('Fukuoka', 'Vijayawada')",0,0
"Exactly 2 of the following cities are in Jordan: Indore, Mirpur Model Thana.",0,Jordan,"('Indore', 'Mirpur Model Thana')",2,0
"Exactly 0 of the following cities are in Egypt: Suez, Assiut.",0,Egypt,"('Assiut', 'Suez')",0,2
"Exactly 2 of the following cities are in Mauritius: Dakar, Fes.",0,Mauritius,"('Dakar', 'Fes')",2,0
"Exactly 1 of the following cities are in Iraq: Al Mawsil al Jadidah, Basrah.",0,Iraq,"('Al Mawsil al Jadidah', 'Basrah')",1,2
"Exactly 2 of the following cities are in South Korea: Hwaseong-si, Changwon.",1,South Korea,"('Changwon', 'Hwaseong-si')",2,2
"Exactly 1 of the following cities are in Vietnam: Krasnodar, Cho Lon.",1,Vietnam,"('Cho Lon', 'Krasnodar')",1,1
"Exactly 1 of the following cities are in Oman: Muscat, Nasiriyah.",1,Oman,"('Muscat', 'Nasiriyah')",1,1
"Exactly 0 of the following cities are in Sweden: Adana, Amman.",1,Sweden,"('Adana', 'Amman')",0,0
"Exactly 2 of the following cities are in Venezuela: Caracas, Barquisimeto.",1,Venezuela,"('Barquisimeto', 'Caracas')",2,2
"Exactly 0 of the following cities are in Saint Vincent and the Grenadines: Kumamoto, Bandar Lampung.",1,Saint Vincent and the Grenadines,"('Bandar Lampung', 'Kumamoto')",0,0
"Exactly 1 of the following cities are in Indonesia: Riga, Malang.",1,Indonesia,"('Malang', 'Riga')",1,1
"Exactly 2 of the following cities are in China: Rui'an, Anqing.",1,China,"('Anqing', ""Rui'an"")",2,2
"Exactly 1 of the following cities are in Samoa: Izmir, Seoul.",0,Samoa,"('Izmir', 'Seoul')",1,0
"Exactly 1 of the following cities are in Turkey: Esenler, Bikaner.",1,Turkey,"('Bikaner', 'Esenler')",1,1
"Exactly 1 of the following cities are in the Gambia: Amman, Camayenne.",0,the Gambia,"('Amman', 'Camayenne')",1,0
"Exactly 1 of the following cities are in Germany: Koeln, Dortmund.",0,Germany,"('Dortmund', 'Koeln')",1,2
"Exactly 0 of the following cities are in Iraq: Hengyang, Borama.",1,Iraq,"('Borama', 'Hengyang')",0,0
"Exactly 0 of the following cities are in Iraq: Sadr City, Mohammadpur.",0,Iraq,"('Mohammadpur', 'Sadr City')",0,1
"Exactly 2 of the following cities are in China: Tianshui, Ulanqab.",1,China,"('Tianshui', 'Ulanqab')",2,2
"Exactly 2 of the following cities are in Myanmar: Jilin, Nay Pyi Taw.",0,Myanmar,"('Jilin', 'Nay Pyi Taw')",2,1
"Exactly 0 of the following cities are in Saudi Arabia: Najran, Buraydah.",0,Saudi Arabia,"('Buraydah', 'Najran')",0,2
"Exactly 2 of the following cities are in Peru: Piura, Arequipa.",1,Peru,"('Arequipa', 'Piura')",2,2
"Exactly 0 of the following cities are in Norway: Jiamusi, Oslo.",0,Norway,"('Jiamusi', 'Oslo')",0,1
"Exactly 0 of the following cities are in Egypt: Madinat an Nasr, Vilnius.",0,Egypt,"('Madinat an Nasr', 'Vilnius')",0,1
"Exactly 1 of the following cities are in Japan: Kobe, Hamamatsu.",0,Japan,"('Hamamatsu', 'Kobe')",1,2
"Exactly 2 of the following cities are in South Africa: Nairobi, Gqeberha.",0,South Africa,"('Gqeberha', 'Nairobi')",2,1
"Exactly 2 of the following cities are in Benin: Hongkou, Petaling Jaya.",0,Benin,"('Hongkou', 'Petaling Jaya')",2,0
"Exactly 2 of the following cities are in Thailand: Bangkok, Tanggu.",0,Thailand,"('Bangkok', 'Tanggu')",2,1
"Exactly 0 of the following cities are in Malawi: Mogadishu, Ta'if.",1,Malawi,"('Mogadishu', ""Ta'if"")",0,0
"Exactly 1 of the following cities are in Tunisia: Phnom Penh, Borama.",0,Tunisia,"('Borama', 'Phnom Penh')",1,0
"Exactly 0 of the following cities are in Algeria: Luohe, Lusaka.",1,Algeria,"('Luohe', 'Lusaka')",0,0
"Exactly 1 of the following cities are in Argentina: San Miguel de Tucuman, Mar del Plata.",0,Argentina,"('Mar del Plata', 'San Miguel de Tucuman')",1,2
"Exactly 2 of the following cities are in Indonesia: Jakarta, Makassar.",1,Indonesia,"('Jakarta', 'Makassar')",2,2
"Exactly 1 of the following cities are in Ukraine: Odesa, Khartoum.",1,Ukraine,"('Khartoum', 'Odesa')",1,1
"Exactly 1 of the following cities are in Sweden: Frankfurt am Main, Stockholm.",1,Sweden,"('Frankfurt am Main', 'Stockholm')",1,1
"Exactly 1 of the following cities are in Kenya: Mombasa, Dalian.",1,Kenya,"('Dalian', 'Mombasa')",1,1
"Exactly 0 of the following cities are in Iran: Isfahan, Dera Ismail Khan.",0,Iran,"('Dera Ismail Khan', 'Isfahan')",0,1
"Exactly 1 of the following cities are in Portugal: Mersin, Nyala.",0,Portugal,"('Mersin', 'Nyala')",1,0
"Exactly 0 of the following cities are in Haiti: Rui'an, Bannu.",1,Haiti,"('Bannu', ""Rui'an"")",0,0
"Exactly 1 of the following cities are in Uganda: Managua, Nansana.",1,Uganda,"('Managua', 'Nansana')",1,1
"Exactly 2 of the following cities are in Indonesia: Tasikmalaya, Samarinda.",1,Indonesia,"('Samarinda', 'Tasikmalaya')",2,2
"Exactly 2 of the following cities are in Sri Lanka: Algiers, Niteroi.",0,Sri Lanka,"('Algiers', 'Niteroi')",2,0
"Exactly 2 of the following cities are in Vietnam: Da Nang, Qui Nhon.",1,Vietnam,"('Da Nang', 'Qui Nhon')",2,2
"Exactly 2 of the following cities are in India: Kozhikode, Nagpur.",1,India,"('Kozhikode', 'Nagpur')",2,2
"Exactly 0 of the following cities are in Hungary: Pest, Budapest.",0,Hungary,"('Budapest', 'Pest')",0,2
"Exactly 0 of the following cities are in China: Wanzhou, Zibo.",0,China,"('Wanzhou', 'Zibo')",0,2
"Exactly 0 of the following cities are in Nauru: Liaocheng, Yerevan.",1,Nauru,"('Liaocheng', 'Yerevan')",0,0
"Exactly 0 of the following cities are in Turkey: Bagcilar, Yekaterinburg.",0,Turkey,"('Bagcilar', 'Yekaterinburg')",0,1
"Exactly 1 of the following cities are in Guatemala: Huzhou, Guatemala City.",1,Guatemala,"('Guatemala City', 'Huzhou')",1,1
"Exactly 1 of the following cities are in South Korea: Ansan-si, Kimhae.",0,South Korea,"('Ansan-si', 'Kimhae')",1,2
"Exactly 2 of the following cities are in the Netherlands: Kitwe, Bilimora.",0,the Netherlands,"('Bilimora', 'Kitwe')",2,0
"Exactly 0 of the following cities are in Lebanon: Niluefer, Bouake.",1,Lebanon,"('Bouake', 'Niluefer')",0,0
"Exactly 0 of the following cities are in Ethiopia: Seattle, Shantou.",1,Ethiopia,"('Seattle', 'Shantou')",0,0
"Exactly 1 of the following cities are in Lesotho: Budta, Sorocaba.",0,Lesotho,"('Budta', 'Sorocaba')",1,0
"Exactly 1 of the following cities are in Bangladesh: Dhanbad, Gazipur.",1,Bangladesh,"('Dhanbad', 'Gazipur')",1,1
"Exactly 2 of the following cities are in the Bahamas: Mandalay, Likasi.",0,the Bahamas,"('Likasi', 'Mandalay')",2,0
"Exactly 1 of the following cities are in Latvia: Linfen, Riga.",1,Latvia,"('Linfen', 'Riga')",1,1
"Exactly 0 of the following cities are in Eritrea: UEruemqi, Asmara.",0,Eritrea,"('Asmara', 'UEruemqi')",0,1
"Exactly 1 of the following cities are in North Korea: Manaus, Quezon City.",0,North Korea,"('Manaus', 'Quezon City')",1,0
"Exactly 1 of the following cities are in Kyrgyzstan: Bishkek, Kagoshima.",1,Kyrgyzstan,"('Bishkek', 'Kagoshima')",1,1
"Exactly 1 of the following cities are in Thailand: Lianyungang, Jamnagar.",0,Thailand,"('Jamnagar', 'Lianyungang')",1,0
"Exactly 2 of the following cities are in Paraguay: Chelyabinsk, Changshu.",0,Paraguay,"('Changshu', 'Chelyabinsk')",2,0
"Exactly 1 of the following cities are in Venezuela: Deyang, Okara.",0,Venezuela,"('Deyang', 'Okara')",1,0
"Exactly 2 of the following cities are in South Africa: Yichang, Taguig.",0,South Africa,"('Taguig', 'Yichang')",2,0
"Exactly 1 of the following cities are in Djibouti: Xuchang, Balbala.",1,Djibouti,"('Balbala', 'Xuchang')",1,1
"Exactly 2 of the following cities are in China: Mudanjiang, Ningbo.",1,China,"('Mudanjiang', 'Ningbo')",2,2
"Exactly 1 of the following cities are in Azerbaijan: Zhangzhou, Tokyo.",0,Azerbaijan,"('Tokyo', 'Zhangzhou')",1,0
"Exactly 1 of the following cities are in the Dominican Republic: Teni, Ananindeua.",0,the Dominican Republic,"('Ananindeua', 'Teni')",1,0
"Exactly 0 of the following cities are in Sierra Leone: Cuautitlan Izcalli, Guli.",1,Sierra Leone,"('Cuautitlan Izcalli', 'Guli')",0,0
"Exactly 1 of the following cities are in Côte d'Ivoire: Bhayandar, Abidjan.",1,Côte d'Ivoire,"('Abidjan', 'Bhayandar')",1,1
"Exactly 2 of the following cities are in Canada: Calgary, Aracaju.",0,Canada,"('Aracaju', 'Calgary')",2,1
"Exactly 0 of the following cities are in Canada: Abidjan, Mississauga.",0,Canada,"('Abidjan', 'Mississauga')",0,1
"Exactly 2 of the following cities are in Togo: Tiruchirappalli, Denpasar.",0,Togo,"('Denpasar', 'Tiruchirappalli')",2,0
"Exactly 1 of the following cities are in Iceland: Mukim Pulai, Gazipur.",0,Iceland,"('Gazipur', 'Mukim Pulai')",1,0
"Exactly 1 of the following cities are in Vietnam: Khabarovsk, Liupanshui.",0,Vietnam,"('Khabarovsk', 'Liupanshui')",1,0
"Exactly 1 of the following cities are in Nigeria: Kathmandu, Ya'an.",0,Nigeria,"('Kathmandu', ""Ya'an"")",1,0
"Exactly 1 of the following cities are in Malawi: Maceio, Bujumbura.",0,Malawi,"('Bujumbura', 'Maceio')",1,0
"Exactly 1 of the following cities are in Canada: Cagayan de Oro, Calgary.",1,Canada,"('Cagayan de Oro', 'Calgary')",1,1
"Exactly 2 of the following cities are in Indonesia: Ajmer, Agege.",0,Indonesia,"('Agege', 'Ajmer')",2,0
"Exactly 0 of the following cities are in Chile: Luohe, Puente Alto.",0,Chile,"('Luohe', 'Puente Alto')",0,1
"Exactly 0 of the following cities are in Paraguay: Naucalpan de Juarez, Erode.",1,Paraguay,"('Erode', 'Naucalpan de Juarez')",0,0
"Exactly 0 of the following cities are in Ukraine: Kharkiv, Lviv.",0,Ukraine,"('Kharkiv', 'Lviv')",0,2
"Exactly 1 of the following cities are in Samoa: Nanchong, Guang'an.",0,Samoa,"(""Guang'an"", 'Nanchong')",1,0
"Exactly 2 of the following cities are in Mongolia: Kallakurichi, Juiz de Fora.",0,Mongolia,"('Juiz de Fora', 'Kallakurichi')",2,0
"Exactly 2 of the following cities are in the United States: Tucson, Fort Worth.",1,the United States,"('Fort Worth', 'Tucson')",2,2
"Exactly 1 of the following cities are in the Democratic Republic of the Congo: Minsk, Likasi.",1,the Democratic Republic of the Congo,"('Likasi', 'Minsk')",1,1
"Exactly 1 of the following cities are in Switzerland: Ipoh, Rajkot.",0,Switzerland,"('Ipoh', 'Rajkot')",1,0
"Exactly 2 of the following cities are in Samoa: Ar Raqqah, Matola.",0,Samoa,"('Ar Raqqah', 'Matola')",2,0
"Exactly 0 of the following cities are in Jordan: Amman, Krakow.",0,Jordan,"('Amman', 'Krakow')",0,1
"Exactly 1 of the following cities are in Burkina Faso: Feira de Santana, Makati City.",0,Burkina Faso,"('Feira de Santana', 'Makati City')",1,0
"Exactly 2 of the following cities are in Brazil: Goiania, Sao Jose dos Campos.",1,Brazil,"('Goiania', 'Sao Jose dos Campos')",2,2
"Exactly 2 of the following cities are in Saudi Arabia: Madinah, Buraydah.",1,Saudi Arabia,"('Buraydah', 'Madinah')",2,2
"Exactly 0 of the following cities are in Samoa: Aracaju, Johor Bahru.",1,Samoa,"('Aracaju', 'Johor Bahru')",0,0
"Exactly 0 of the following cities are in Zimbabwe: Bulawayo, Yekaterinburg.",0,Zimbabwe,"('Bulawayo', 'Yekaterinburg')",0,1
"Exactly 2 of the following cities are in the Democratic Republic of the Congo: Mbuji-Mayi, Kolwezi.",1,the Democratic Republic of the Congo,"('Kolwezi', 'Mbuji-Mayi')",2,2
"Exactly 0 of the following cities are in Zambia: Lusaka, Kunshan.",0,Zambia,"('Kunshan', 'Lusaka')",0,1
"Exactly 1 of the following cities are in Russia: Tomsk, Huizhou.",1,Russia,"('Huizhou', 'Tomsk')",1,1
"Exactly 2 of the following cities are in Malaysia: Kampala, Ndola.",0,Malaysia,"('Kampala', 'Ndola')",2,0
"Exactly 0 of the following cities are in Uzbekistan: Namangan, Andijon.",0,Uzbekistan,"('Andijon', 'Namangan')",0,2
"Exactly 0 of the following cities are in Sweden: Bandar Lampung, Juiz de Fora.",1,Sweden,"('Bandar Lampung', 'Juiz de Fora')",0,0
"Exactly 2 of the following cities are in Gabon: Dar es Salaam, Bhilai.",0,Gabon,"('Bhilai', 'Dar es Salaam')",2,0
"Exactly 1 of the following cities are in Romania: Caloocan, Gustavo Adolfo Madero.",0,Romania,"('Caloocan', 'Gustavo Adolfo Madero')",1,0
"Exactly 0 of the following cities are in Morocco: Tangier, Marrakesh.",0,Morocco,"('Marrakesh', 'Tangier')",0,2
"Exactly 1 of the following cities are in Iceland: Ecatepec de Morelos, Maceio.",0,Iceland,"('Ecatepec de Morelos', 'Maceio')",1,0
"Exactly 2 of the following cities are in Norway: Oslo, Porto Alegre.",0,Norway,"('Oslo', 'Porto Alegre')",2,1
"Exactly 0 of the following cities are in Brazil: Porto Alegre, Ananindeua.",0,Brazil,"('Ananindeua', 'Porto Alegre')",0,2
"Exactly 2 of the following cities are in Japan: Anshan, Dhanbad.",0,Japan,"('Anshan', 'Dhanbad')",2,0
"Exactly 1 of the following cities are in Nigeria: Osogbo, Winnipeg.",1,Nigeria,"('Osogbo', 'Winnipeg')",1,1
"Exactly 2 of the following cities are in the Democratic Republic of the Congo: Likasi, Kinshasa.",1,the Democratic Republic of the Congo,"('Kinshasa', 'Likasi')",2,2
"Exactly 2 of the following cities are in Swaziland: Niigata, Sevastopol.",0,Swaziland,"('Niigata', 'Sevastopol')",2,0
"Exactly 1 of the following cities are in Nigeria: Managua, Jaboatao dos Guararapes.",0,Nigeria,"('Jaboatao dos Guararapes', 'Managua')",1,0
"Exactly 0 of the following cities are in Peru: Piura, Port-au-Prince.",0,Peru,"('Piura', 'Port-au-Prince')",0,1
"Exactly 2 of the following cities are in Saudi Arabia: Makkah, Ha'il.",1,Saudi Arabia,"(""Ha'il"", 'Makkah')",2,2
"Exactly 0 of the following cities are in Honduras: Davao, Tegucigalpa.",0,Honduras,"('Davao', 'Tegucigalpa')",0,1
"Exactly 0 of the following cities are in Guinea: Conakry, Guankou.",0,Guinea,"('Conakry', 'Guankou')",0,1
"Exactly 1 of the following cities are in Russia: Istanbul, Ulyanovsk.",1,Russia,"('Istanbul', 'Ulyanovsk')",1,1
"Exactly 0 of the following cities are in Nepal: Kathmandu, Pokhara.",0,Nepal,"('Kathmandu', 'Pokhara')",0,2
"Exactly 2 of the following cities are in India: Surat, Prayagraj.",1,India,"('Prayagraj', 'Surat')",2,2
"Exactly 1 of the following cities are in Mozambique: Rio de Janeiro, Tlalpan.",0,Mozambique,"('Rio de Janeiro', 'Tlalpan')",1,0
"Exactly 1 of the following cities are in Dominica: Florianopolis, Ulan Bator.",0,Dominica,"('Florianopolis', 'Ulan Bator')",1,0
"Exactly 2 of the following cities are in Pakistan: Arequipa, Kasur.",0,Pakistan,"('Arequipa', 'Kasur')",2,1
"Exactly 0 of the following cities are in North Korea: Florianopolis, Arak.",1,North Korea,"('Arak', 'Florianopolis')",0,0
"Exactly 1 of the following cities are in Burkina Faso: Bobo-Dioulasso, Algiers.",1,Burkina Faso,"('Algiers', 'Bobo-Dioulasso')",1,1
"Exactly 1 of the following cities are in Malaysia: Subang Jaya, Kampung Baru Subang.",0,Malaysia,"('Kampung Baru Subang', 'Subang Jaya')",1,2
"Exactly 0 of the following cities are in Latvia: Al Basrah al Qadimah, Rasapudipalem.",1,Latvia,"('Al Basrah al Qadimah', 'Rasapudipalem')",0,0
"Exactly 1 of the following cities are in Moldova: Chisinau, Selayang Baru Utara.",1,Moldova,"('Chisinau', 'Selayang Baru Utara')",1,1
"Exactly 2 of the following cities are in Canada: Calgary, Mississauga.",1,Canada,"('Calgary', 'Mississauga')",2,2
"Exactly 0 of the following cities are in Thailand: Shangrao, Aparecida de Goiania.",1,Thailand,"('Aparecida de Goiania', 'Shangrao')",0,0
"Exactly 2 of the following cities are in Chad: N'Djamena, Phnom Penh.",0,Chad,"(""N'Djamena"", 'Phnom Penh')",2,1
"Exactly 1 of the following cities are in Zambia: Bikaner, Gqeberha.",0,Zambia,"('Bikaner', 'Gqeberha')",1,0
"Exactly 1 of the following cities are in Morocco: Golfe, Bayan Nur.",0,Morocco,"('Bayan Nur', 'Golfe')",1,0
"Exactly 2 of the following cities are in Mexico: Mexico City, Torreon.",1,Mexico,"('Mexico City', 'Torreon')",2,2
"Exactly 1 of the following cities are in Burkina Faso: Ouagadougou, Leipzig.",1,Burkina Faso,"('Leipzig', 'Ouagadougou')",1,1
"Exactly 1 of the following cities are in Germany: Khartoum, Abu Ghurayb.",0,Germany,"('Abu Ghurayb', 'Khartoum')",1,0
"Exactly 1 of the following cities are in Argentina: Kolhapur, Maianga.",0,Argentina,"('Kolhapur', 'Maianga')",1,0
"Exactly 1 of the following cities are in Lebanon: Ra's Bayrut, Kayseri.",1,Lebanon,"('Kayseri', ""Ra's Bayrut"")",1,1
"Exactly 1 of the following cities are in India: Liupanshui, Sungai Petani.",0,India,"('Liupanshui', 'Sungai Petani')",1,0
"Exactly 2 of the following cities are in Iraq: Nasiriyah, Al Basrah al Qadimah.",1,Iraq,"('Al Basrah al Qadimah', 'Nasiriyah')",2,2
"Exactly 0 of the following cities are in Croatia: Abeokuta, Shubra al Khaymah.",1,Croatia,"('Abeokuta', 'Shubra al Khaymah')",0,0
"Exactly 0 of the following cities are in Madagascar: Antananarivo, Gustavo Adolfo Madero.",0,Madagascar,"('Antananarivo', 'Gustavo Adolfo Madero')",0,1
"Exactly 1 of the following cities are in Jordan: Zarqa, Kota Kinabalu.",1,Jordan,"('Kota Kinabalu', 'Zarqa')",1,1
"Exactly 0 of the following cities are in Canada: Ashgabat, Calgary.",0,Canada,"('Ashgabat', 'Calgary')",0,1
"Exactly 0 of the following cities are in Syria: Aden, Okara.",1,Syria,"('Aden', 'Okara')",0,0
"Exactly 2 of the following cities are in Ghana: Kumasi, Ulyanovsk.",0,Ghana,"('Kumasi', 'Ulyanovsk')",2,1
"Exactly 1 of the following cities are in Egypt: Port Said, Suez.",0,Egypt,"('Port Said', 'Suez')",1,2
"Exactly 0 of the following cities are in New Zealand: Zhanjiang, Hanzhong.",1,New Zealand,"('Hanzhong', 'Zhanjiang')",0,0
"Exactly 1 of the following cities are in Mexico: Muzaffarabad, Malatya.",0,Mexico,"('Malatya', 'Muzaffarabad')",1,0
"Exactly 1 of the following cities are in Denmark: Khulna, Copenhagen.",1,Denmark,"('Copenhagen', 'Khulna')",1,1
"Exactly 0 of the following cities are in Madagascar: Antananarivo, Milwaukee.",0,Madagascar,"('Antananarivo', 'Milwaukee')",0,1
"Exactly 0 of the following cities are in New Zealand: Denpasar, Dnipro.",1,New Zealand,"('Denpasar', 'Dnipro')",0,0
"Exactly 0 of the following cities are in Syria: Latakia, Aleppo.",0,Syria,"('Aleppo', 'Latakia')",0,2
"Exactly 2 of the following cities are in Togo: Tlaquepaque, Lome.",0,Togo,"('Lome', 'Tlaquepaque')",2,1
"Exactly 2 of the following cities are in Romania: Callao, Bucharest.",0,Romania,"('Bucharest', 'Callao')",2,1
"Exactly 0 of the following cities are in Turkmenistan: Ashgabat, Tolyatti.",0,Turkmenistan,"('Ashgabat', 'Tolyatti')",0,1
"Exactly 1 of the following cities are in Rwanda: Madinah, Tijuana.",0,Rwanda,"('Madinah', 'Tijuana')",1,0
"Exactly 0 of the following cities are in Zimbabwe: Bareilly, Leipzig.",1,Zimbabwe,"('Bareilly', 'Leipzig')",0,0
"Exactly 1 of the following cities are in Mauritania: Odesa, Nouakchott.",1,Mauritania,"('Nouakchott', 'Odesa')",1,1
"Exactly 1 of the following cities are in Iran: Qom, Kemerovo.",1,Iran,"('Kemerovo', 'Qom')",1,1
"Exactly 2 of the following cities are in Luxembourg: Torreon, Kagoshima.",0,Luxembourg,"('Kagoshima', 'Torreon')",2,0
"Exactly 2 of the following cities are in Yemen: Ibb, Al Hudaydah.",1,Yemen,"('Al Hudaydah', 'Ibb')",2,2
"Exactly 1 of the following cities are in Tanzania: Dar es Salaam, Goyang-si.",1,Tanzania,"('Dar es Salaam', 'Goyang-si')",1,1
"Exactly 2 of the following cities are in Japan: Kitakyushu, Niigata.",1,Japan,"('Kitakyushu', 'Niigata')",2,2
"Exactly 1 of the following cities are in Syria: Ar Raqqah, Zhanjiang.",1,Syria,"('Ar Raqqah', 'Zhanjiang')",1,1
"Exactly 2 of the following cities are in Hungary: Pest, Santiago de Queretaro.",0,Hungary,"('Pest', 'Santiago de Queretaro')",2,1
"Exactly 2 of the following cities are in Kiribati: Bokaro, Cagayan de Oro.",0,Kiribati,"('Bokaro', 'Cagayan de Oro')",2,0
"Exactly 1 of the following cities are in Tuvalu: Krasnoyarsk, Lusaka.",0,Tuvalu,"('Krasnoyarsk', 'Lusaka')",1,0
"Exactly 2 of the following cities are in Yemen: Taiz, Aden.",1,Yemen,"('Aden', 'Taiz')",2,2
"Exactly 0 of the following cities are in Somalia: Borama, Mogadishu.",0,Somalia,"('Borama', 'Mogadishu')",0,2
"Exactly 1 of the following cities are in Jamaica: Qom, Maracaibo.",0,Jamaica,"('Maracaibo', 'Qom')",1,0
"Exactly 2 of the following cities are in China: Beijing, Taicang.",1,China,"('Beijing', 'Taicang')",2,2
"Exactly 2 of the following cities are in Iran: Arak, Kermanshah.",1,Iran,"('Arak', 'Kermanshah')",2,2
"Exactly 0 of the following cities are in Moldova: Londrina, Chisinau.",0,Moldova,"('Chisinau', 'Londrina')",0,1
"Exactly 0 of the following cities are in Luxembourg: Dodoma, Eskisehir.",1,Luxembourg,"('Dodoma', 'Eskisehir')",0,0
"Exactly 2 of the following cities are in Spain: Nansana, Isfahan.",0,Spain,"('Isfahan', 'Nansana')",2,0
"Exactly 1 of the following cities are in Chile: Luancheng, Qinhuangdao.",0,Chile,"('Luancheng', 'Qinhuangdao')",1,0
"Exactly 1 of the following cities are in Romania: Tshikapa, Frankfurt am Main.",0,Romania,"('Frankfurt am Main', 'Tshikapa')",1,0
"Exactly 1 of the following cities are in Pakistan: Indianapolis, Pietermaritzburg.",0,Pakistan,"('Indianapolis', 'Pietermaritzburg')",1,0
"Exactly 1 of the following cities are in Cameroon: Douala, Luancheng.",1,Cameroon,"('Douala', 'Luancheng')",1,1
"Exactly 0 of the following cities are in Brazil: Porto Velho, Sao Jose dos Campos.",0,Brazil,"('Porto Velho', 'Sao Jose dos Campos')",0,2
"Exactly 1 of the following cities are in Norway: Kalininskiy, Oslo.",1,Norway,"('Kalininskiy', 'Oslo')",1,1
"Exactly 2 of the following cities are in Japan: Kobe, Utsunomiya.",1,Japan,"('Kobe', 'Utsunomiya')",2,2
"Exactly 0 of the following cities are in Malaysia: Shah Alam, Madinat an Nasr.",0,Malaysia,"('Madinat an Nasr', 'Shah Alam')",0,1
"Exactly 2 of the following cities are in Egypt: Shubra al Khaymah, Giza.",1,Egypt,"('Giza', 'Shubra al Khaymah')",2,2
"Exactly 2 of the following cities are in Nigeria: Maiduguri, Ile-Ife.",1,Nigeria,"('Ile-Ife', 'Maiduguri')",2,2
"Exactly 2 of the following cities are in France: Toulouse, Lyon.",1,France,"('Lyon', 'Toulouse')",2,2
"Exactly 1 of the following cities are in Zimbabwe: Bulawayo, Homs.",1,Zimbabwe,"('Bulawayo', 'Homs')",1,1
"Exactly 1 of the following cities are in Senegal: Pikine, Jilin.",1,Senegal,"('Jilin', 'Pikine')",1,1
"Exactly 2 of the following cities are in Pakistan: Karachi, Lahore.",1,Pakistan,"('Karachi', 'Lahore')",2,2
"Exactly 0 of the following cities are in the United Arab Emirates: Huizhou, Al Ain City.",0,the United Arab Emirates,"('Al Ain City', 'Huizhou')",0,1
"Exactly 1 of the following cities are in Iraq: Abu Ghurayb, Thu GJuc.",1,Iraq,"('Abu Ghurayb', 'Thu GJuc')",1,1
"Exactly 2 of the following cities are in the Philippines: General Santos, Las Pinas.",1,the Philippines,"('General Santos', 'Las Pinas')",2,2
"Exactly 2 of the following cities are in Morocco: Fes, Meknes.",1,Morocco,"('Fes', 'Meknes')",2,2
"Exactly 1 of the following cities are in Azerbaijan: Suginami, Goiania.",0,Azerbaijan,"('Goiania', 'Suginami')",1,0
"Exactly 2 of the following cities are in Equatorial Guinea: Ho Chi Minh City, Mexico City.",0,Equatorial Guinea,"('Ho Chi Minh City', 'Mexico City')",2,0
"Exactly 2 of the following cities are in Syria: Rahim Yar Khan, Panshan.",0,Syria,"('Panshan', 'Rahim Yar Khan')",2,0
"Exactly 2 of the following cities are in Sudan: Hegang, Peshawar.",0,Sudan,"('Hegang', 'Peshawar')",2,0
"Exactly 0 of the following cities are in Latvia: Hlaingthaya, Maianga.",1,Latvia,"('Hlaingthaya', 'Maianga')",0,0
"Exactly 1 of the following cities are in Djibouti: Balbala, Orumiyeh.",1,Djibouti,"('Balbala', 'Orumiyeh')",1,1
"Exactly 2 of the following cities are in Turkey: Cankaya, Istanbul.",1,Turkey,"('Cankaya', 'Istanbul')",2,2
"Exactly 2 of the following cities are in Timor-Leste: Jiujiang, Borivli.",0,Timor-Leste,"('Borivli', 'Jiujiang')",2,0
"Exactly 1 of the following cities are in Indonesia: Tasikmalaya, Rahim Yar Khan.",1,Indonesia,"('Rahim Yar Khan', 'Tasikmalaya')",1,1
"Exactly 2 of the following cities are in Timor-Leste: Xiangtan, Hefei.",0,Timor-Leste,"('Hefei', 'Xiangtan')",2,0
"Exactly 1 of the following cities are in the United Kingdom: Langfang, Huizhou.",0,the United Kingdom,"('Huizhou', 'Langfang')",1,0
"Exactly 1 of the following cities are in Zimbabwe: Kitwe, Tangshan.",0,Zimbabwe,"('Kitwe', 'Tangshan')",1,0
"Exactly 0 of the following cities are in Ecuador: Guayaquil, Matsuyama.",0,Ecuador,"('Guayaquil', 'Matsuyama')",0,1
"Exactly 1 of the following cities are in Malawi: Lilongwe, Surat.",1,Malawi,"('Lilongwe', 'Surat')",1,1
"Exactly 1 of the following cities are in Vietnam: Cho Lon, Hermosillo.",1,Vietnam,"('Cho Lon', 'Hermosillo')",1,1
"Exactly 0 of the following cities are in the Democratic Republic of the Congo: Likasi, Kisangani.",0,the Democratic Republic of the Congo,"('Kisangani', 'Likasi')",0,2
"Exactly 2 of the following cities are in Malaysia: Homs, Wanxian.",0,Malaysia,"('Homs', 'Wanxian')",2,0
"Exactly 2 of the following cities are in Bosnia and Herzegovina: Neijiang, Sarajevo.",0,Bosnia and Herzegovina,"('Neijiang', 'Sarajevo')",2,1
"Exactly 2 of the following cities are in Turkey: UEskuedar, Mersin.",1,Turkey,"('Mersin', 'UEskuedar')",2,2
"Exactly 1 of the following cities are in the Dominican Republic: Santo Domingo Oeste, Naucalpan de Juarez.",1,the Dominican Republic,"('Naucalpan de Juarez', 'Santo Domingo Oeste')",1,1
"Exactly 2 of the following cities are in Vietnam: Thu GJuc, Hue.",1,Vietnam,"('Hue', 'Thu GJuc')",2,2
"Exactly 1 of the following cities are in Nepal: Xiamen, Zhumadian.",0,Nepal,"('Xiamen', 'Zhumadian')",1,0
"Exactly 0 of the following cities are in Saint Vincent and the Grenadines: Naberezhnyye Chelny, Huangshi.",1,Saint Vincent and the Grenadines,"('Huangshi', 'Naberezhnyye Chelny')",0,0
"Exactly 1 of the following cities are in Angola: Jinan, Virar.",0,Angola,"('Jinan', 'Virar')",1,0
"Exactly 0 of the following cities are in Zambia: Kitwe, Ndola.",0,Zambia,"('Kitwe', 'Ndola')",0,2
"Exactly 2 of the following cities are in Yemen: Taiz, Al Hudaydah.",1,Yemen,"('Al Hudaydah', 'Taiz')",2,2
"Exactly 2 of the following cities are in North Korea: Pyongyang, Luzhou.",0,North Korea,"('Luzhou', 'Pyongyang')",2,1
"Exactly 0 of the following cities are in Oman: General Santos, Saratov.",1,Oman,"('General Santos', 'Saratov')",0,0
"Exactly 1 of the following cities are in Iraq: Puducherry, Al Basrah al Qadimah.",1,Iraq,"('Al Basrah al Qadimah', 'Puducherry')",1,1
"Exactly 2 of the following cities are in Bangladesh: Khulna, Comilla.",1,Bangladesh,"('Comilla', 'Khulna')",2,2
"Exactly 2 of the following cities are in Tajikistan: Callao, Calabar.",0,Tajikistan,"('Calabar', 'Callao')",2,0
"Exactly 0 of the following cities are in Angola: Golfe, Hoji ya Henda.",0,Angola,"('Golfe', 'Hoji ya Henda')",0,2
"Exactly 2 of the following cities are in Brazil: Manaus, Goiania.",1,Brazil,"('Goiania', 'Manaus')",2,2
"Exactly 0 of the following cities are in Samoa: Guli, Fes.",1,Samoa,"('Fes', 'Guli')",0,0
"Exactly 0 of the following cities are in Cameroon: Yaounde, Tangshan.",0,Cameroon,"('Tangshan', 'Yaounde')",0,1
"Exactly 0 of the following cities are in Algeria: Acapulco de Juarez, Lusaka.",1,Algeria,"('Acapulco de Juarez', 'Lusaka')",0,0
"Exactly 1 of the following cities are in Togo: Kikwit, Lome.",1,Togo,"('Kikwit', 'Lome')",1,1
"Exactly 1 of the following cities are in Tanzania: Arusha, Hwaseong-si.",1,Tanzania,"('Arusha', 'Hwaseong-si')",1,1
"Exactly 1 of the following cities are in Sri Lanka: Arak, Nanjing.",0,Sri Lanka,"('Arak', 'Nanjing')",1,0
"Exactly 2 of the following cities are in Argentina: Mar del Plata, Maracaibo.",0,Argentina,"('Mar del Plata', 'Maracaibo')",2,1
"Exactly 0 of the following cities are in Malaysia: Dharavi, Pingdingshan.",1,Malaysia,"('Dharavi', 'Pingdingshan')",0,0
"Exactly 2 of the following cities are in Turkey: Cankaya, Adana.",1,Turkey,"('Adana', 'Cankaya')",2,2
"Exactly 2 of the following cities are in Poland: Wroclaw, Ghaziabad.",0,Poland,"('Ghaziabad', 'Wroclaw')",2,1
"Exactly 1 of the following cities are in Benin: Goyang-si, Qiqihar.",0,Benin,"('Goyang-si', 'Qiqihar')",1,0
"Exactly 2 of the following cities are in Japan: Yangquan, Xiamen.",0,Japan,"('Xiamen', 'Yangquan')",2,0
"Exactly 2 of the following cities are in Austria: Jingmen, Bahawalpur.",0,Austria,"('Bahawalpur', 'Jingmen')",2,0
"Exactly 1 of the following cities are in Benin: Pingdingshan, Sargodha.",0,Benin,"('Pingdingshan', 'Sargodha')",1,0
"Exactly 0 of the following cities are in Chad: Chuxiong, N'Djamena.",0,Chad,"('Chuxiong', ""N'Djamena"")",0,1
"Exactly 1 of the following cities are in Saint Kitts and Nevis: Bhilai, Busan.",0,Saint Kitts and Nevis,"('Bhilai', 'Busan')",1,0
"Exactly 2 of the following cities are in the Democratic Republic of the Congo: Bukavu, Mbuji-Mayi.",1,the Democratic Republic of the Congo,"('Bukavu', 'Mbuji-Mayi')",2,2
"Exactly 1 of the following cities are in Egypt: Aden, Maceio.",0,Egypt,"('Aden', 'Maceio')",1,0
"Exactly 0 of the following cities are in Pakistan: Shymkent, Muzaffarabad.",0,Pakistan,"('Muzaffarabad', 'Shymkent')",0,1
"Exactly 1 of the following cities are in New Zealand: Auckland, Johor Bahru.",1,New Zealand,"('Auckland', 'Johor Bahru')",1,1
"Exactly 2 of the following cities are in Indonesia: Banjarmasin, Jambi City.",1,Indonesia,"('Banjarmasin', 'Jambi City')",2,2
"Exactly 1 of the following cities are in North Korea: Al Mahallah al Kubra, Pyongyang.",1,North Korea,"('Al Mahallah al Kubra', 'Pyongyang')",1,1
"Exactly 1 of the following cities are in Kazakhstan: Khabarovsk, Almaty.",1,Kazakhstan,"('Almaty', 'Khabarovsk')",1,1
"Exactly 0 of the following cities are in Vanuatu: Golfe, Pontianak.",1,Vanuatu,"('Golfe', 'Pontianak')",0,0
"Exactly 0 of the following cities are in Bosnia and Herzegovina: Al Fayyum, Minsk.",1,Bosnia and Herzegovina,"('Al Fayyum', 'Minsk')",0,0
"Exactly 1 of the following cities are in Benin: Longyan, Cotonou.",1,Benin,"('Cotonou', 'Longyan')",1,1
"Exactly 0 of the following cities are in Bangladesh: Mohammadpur, Gazipur.",0,Bangladesh,"('Gazipur', 'Mohammadpur')",0,2
"Exactly 1 of the following cities are in Cuba: Santiago de Cuba, Ajmer.",1,Cuba,"('Ajmer', 'Santiago de Cuba')",1,1
"Exactly 0 of the following cities are in Tuvalu: Chennai, Zaozhuang.",1,Tuvalu,"('Chennai', 'Zaozhuang')",0,0
"Exactly 1 of the following cities are in France: Ganzhou, Lyon.",1,France,"('Ganzhou', 'Lyon')",1,1
"Exactly 1 of the following cities are in Azerbaijan: UEruemqi, Baku.",1,Azerbaijan,"('Baku', 'UEruemqi')",1,1
"Exactly 0 of the following cities are in Burkina Faso: Weihai, Bobo-Dioulasso.",0,Burkina Faso,"('Bobo-Dioulasso', 'Weihai')",0,1
"Exactly 1 of the following cities are in Estonia: N'Djamena, Wanzhou.",0,Estonia,"(""N'Djamena"", 'Wanzhou')",1,0
"Exactly 2 of the following cities are in Jordan: Hue, Irbid.",0,Jordan,"('Hue', 'Irbid')",2,1
"Exactly 0 of the following cities are in Lebanon: Ra's Bayrut, Beirut.",0,Lebanon,"('Beirut', ""Ra's Bayrut"")",0,2
"Exactly 0 of the following cities are in Rwanda: Kigali, Soweto.",0,Rwanda,"('Kigali', 'Soweto')",0,1
"Exactly 2 of the following cities are in Venezuela: Maturin, Caracas.",1,Venezuela,"('Caracas', 'Maturin')",2,2
"Exactly 2 of the following cities are in Japan: Saitama, Kitakyushu.",1,Japan,"('Kitakyushu', 'Saitama')",2,2
"Exactly 0 of the following cities are in Burkina Faso: Rajkot, Bobo-Dioulasso.",0,Burkina Faso,"('Bobo-Dioulasso', 'Rajkot')",0,1
"Exactly 1 of the following cities are in Japan: Hiroshima, Adachi.",0,Japan,"('Adachi', 'Hiroshima')",1,2
"Exactly 1 of the following cities are in Uruguay: Panjin, Virar.",0,Uruguay,"('Panjin', 'Virar')",1,0
"Exactly 1 of the following cities are in Italy: Qiqihar, Kunming.",0,Italy,"('Kunming', 'Qiqihar')",1,0
"Exactly 0 of the following cities are in the United States: Kolhapur, Florianopolis.",1,the United States,"('Florianopolis', 'Kolhapur')",0,0
"Exactly 2 of the following cities are in the United States: New South Memphis, Tucson.",1,the United States,"('New South Memphis', 'Tucson')",2,2
"Exactly 0 of the following cities are in Tajikistan: Dushanbe, Baku.",0,Tajikistan,"('Baku', 'Dushanbe')",0,1
"Exactly 2 of the following cities are in Kuwait: Dodoma, Yangon.",0,Kuwait,"('Dodoma', 'Yangon')",2,0
"Exactly 0 of the following cities are in Chad: Koeln, Putuo.",1,Chad,"('Koeln', 'Putuo')",0,0
"Exactly 0 of the following cities are in South Africa: Pietermaritzburg, Benoni.",0,South Africa,"('Benoni', 'Pietermaritzburg')",0,2
"Exactly 0 of the following cities are in San Marino: Chunian, Panjin.",1,San Marino,"('Chunian', 'Panjin')",0,0
"Exactly 1 of the following cities are in France: Calumbo, Mogadishu.",0,France,"('Calumbo', 'Mogadishu')",1,0
"Exactly 0 of the following cities are in Russia: Nizhniy Novgorod, Orumiyeh.",0,Russia,"('Nizhniy Novgorod', 'Orumiyeh')",0,1
"Exactly 1 of the following cities are in Ukraine: Belford Roxo, Dnipro.",1,Ukraine,"('Belford Roxo', 'Dnipro')",1,1
"Exactly 0 of the following cities are in Nicaragua: Beijing, Najafgarh.",1,Nicaragua,"('Beijing', 'Najafgarh')",0,0
"Exactly 0 of the following cities are in the United Kingdom: Hohhot, Cotonou.",1,the United Kingdom,"('Cotonou', 'Hohhot')",0,0
"Exactly 0 of the following cities are in Vietnam: Bien Hoa, Ananindeua.",0,Vietnam,"('Ananindeua', 'Bien Hoa')",0,1
"Exactly 2 of the following cities are in Niger: Jaboatao dos Guararapes, Huzhou.",0,Niger,"('Huzhou', 'Jaboatao dos Guararapes')",2,0
"Exactly 2 of the following cities are in Japan: Niigata, Matsuyama.",1,Japan,"('Matsuyama', 'Niigata')",2,2
"Exactly 1 of the following cities are in Finland: Helsinki, Mombasa.",1,Finland,"('Helsinki', 'Mombasa')",1,1
"Exactly 0 of the following cities are in Haiti: Port-au-Prince, Hangzhou.",0,Haiti,"('Hangzhou', 'Port-au-Prince')",0,1
"Exactly 1 of the following cities are in Iraq: Himeji, Mosul.",1,Iraq,"('Himeji', 'Mosul')",1,1
"Exactly 2 of the following cities are in Mauritania: Sanaa, Dharavi.",0,Mauritania,"('Dharavi', 'Sanaa')",2,0
"Exactly 1 of the following cities are in Mongolia: Utsunomiya, Adachi.",0,Mongolia,"('Adachi', 'Utsunomiya')",1,0
"Exactly 1 of the following cities are in Ukraine: Nyala, Kharkiv.",1,Ukraine,"('Kharkiv', 'Nyala')",1,1
"Exactly 1 of the following cities are in Spain: Tokyo, Kanpur.",0,Spain,"('Kanpur', 'Tokyo')",1,0
"Exactly 1 of the following cities are in Peru: Callao, Arequipa.",0,Peru,"('Arequipa', 'Callao')",1,2
"Exactly 1 of the following cities are in Cambodia: Phnom Penh, Hannover.",1,Cambodia,"('Hannover', 'Phnom Penh')",1,1
"Exactly 1 of the following cities are in Vietnam: Can Tho, Najran.",1,Vietnam,"('Can Tho', 'Najran')",1,1
"Exactly 0 of the following cities are in Uzbekistan: Sharjah, Calabar.",1,Uzbekistan,"('Calabar', 'Sharjah')",0,0
"Exactly 0 of the following cities are in Saudi Arabia: Ta'if, Jeddah.",0,Saudi Arabia,"('Jeddah', ""Ta'if"")",0,2
"Exactly 0 of the following cities are in Thailand: Katsina, Bayan Nur.",1,Thailand,"('Bayan Nur', 'Katsina')",0,0
"Exactly 1 of the following cities are in Sao Tome and Principe: Chuxiong, Yangon.",0,Sao Tome and Principe,"('Chuxiong', 'Yangon')",1,0
"Exactly 1 of the following cities are in Belarus: Seongnam-si, Qinhuangdao.",0,Belarus,"('Qinhuangdao', 'Seongnam-si')",1,0
"Exactly 1 of the following cities are in the Democratic Republic of the Congo: Kolwezi, Aktobe.",1,the Democratic Republic of the Congo,"('Aktobe', 'Kolwezi')",1,1
"Exactly 2 of the following cities are in Guinea: Luohe, Conakry.",0,Guinea,"('Conakry', 'Luohe')",2,1
"Exactly 2 of the following cities are in Venezuela: Ciudad Guayana, Caracas.",1,Venezuela,"('Caracas', 'Ciudad Guayana')",2,2
"Exactly 0 of the following cities are in Algeria: Asmara, Algiers.",0,Algeria,"('Algiers', 'Asmara')",0,1
"Exactly 0 of the following cities are in Kenya: Nakuru, Yangjiang.",0,Kenya,"('Nakuru', 'Yangjiang')",0,1
"Exactly 0 of the following cities are in Mozambique: New Kingston, Matola.",0,Mozambique,"('Matola', 'New Kingston')",0,1
"Exactly 2 of the following cities are in Uganda: Warangal, Nansana.",0,Uganda,"('Nansana', 'Warangal')",2,1
"Exactly 0 of the following cities are in Sudan: Omdurman, Nyala.",0,Sudan,"('Nyala', 'Omdurman')",0,2
"Exactly 0 of the following cities are in Indonesia: Samarinda, Tangerang.",0,Indonesia,"('Samarinda', 'Tangerang')",0,2
"Exactly 1 of the following cities are in India: Cancun, Navi Mumbai.",1,India,"('Cancun', 'Navi Mumbai')",1,1
"Exactly 2 of the following cities are in South Korea: Anyang-si, Changwon.",1,South Korea,"('Anyang-si', 'Changwon')",2,2
"Exactly 0 of the following cities are in Tanzania: Arusha, Aracaju.",0,Tanzania,"('Aracaju', 'Arusha')",0,1
"Exactly 0 of the following cities are in Indonesia: Pontianak, Kanayannur.",0,Indonesia,"('Kanayannur', 'Pontianak')",0,1
"Exactly 1 of the following cities are in Tajikistan: Dushanbe, Mosul.",1,Tajikistan,"('Dushanbe', 'Mosul')",1,1
"Exactly 0 of the following cities are in Burkina Faso: Bobo-Dioulasso, Lianyungang.",0,Burkina Faso,"('Bobo-Dioulasso', 'Lianyungang')",0,1
"Exactly 0 of the following cities are in Syria: Kharkiv, Latakia.",0,Syria,"('Kharkiv', 'Latakia')",0,1
"Exactly 2 of the following cities are in India: Teni, Pune.",1,India,"('Pune', 'Teni')",2,2
"Exactly 1 of the following cities are in the United Kingdom: Mombasa, Port Harcourt.",0,the United Kingdom,"('Mombasa', 'Port Harcourt')",1,0
"Exactly 0 of the following cities are in Niger: Dandong, Varanasi.",1,Niger,"('Dandong', 'Varanasi')",0,0
"Exactly 1 of the following cities are in Trinidad and Tobago: Hamamatsu, Latakia.",0,Trinidad and Tobago,"('Hamamatsu', 'Latakia')",1,0
"Exactly 0 of the following cities are in Bangladesh: Rajshahi, Gazipur.",0,Bangladesh,"('Gazipur', 'Rajshahi')",0,2
"Exactly 1 of the following cities are in Iraq: Sadr City, Al Mawsil al Jadidah.",0,Iraq,"('Al Mawsil al Jadidah', 'Sadr City')",1,2
"Exactly 0 of the following cities are in Greece: Kashgar, Kunming.",1,Greece,"('Kashgar', 'Kunming')",0,0
"Exactly 1 of the following cities are in Russia: Nizhniy Novgorod, Homs.",1,Russia,"('Homs', 'Nizhniy Novgorod')",1,1
"Exactly 2 of the following cities are in Sao Tome and Principe: Tucson, Antananarivo.",0,Sao Tome and Principe,"('Antananarivo', 'Tucson')",2,0
"Exactly 0 of the following cities are in Brazil: Ananindeua, Belford Roxo.",0,Brazil,"('Ananindeua', 'Belford Roxo')",0,2
"Exactly 1 of the following cities are in Nigeria: Mazar-e Sharif, Guli.",0,Nigeria,"('Guli', 'Mazar-e Sharif')",1,0
"Exactly 0 of the following cities are in Belgium: Hanzhong, Bhiwandi.",1,Belgium,"('Bhiwandi', 'Hanzhong')",0,0
"Exactly 1 of the following cities are in Saudi Arabia: Ta'if, Rio de Janeiro.",1,Saudi Arabia,"('Rio de Janeiro', ""Ta'if"")",1,1
"Exactly 0 of the following cities are in Monaco: Ciudad Juarez, Zhu Cheng City.",1,Monaco,"('Ciudad Juarez', 'Zhu Cheng City')",0,0
"Exactly 2 of the following cities are in Pakistan: Battagram, Gujrat.",1,Pakistan,"('Battagram', 'Gujrat')",2,2
"Exactly 1 of the following cities are in Gabon: Seongnam-si, Recife.",0,Gabon,"('Recife', 'Seongnam-si')",1,0
"Exactly 0 of the following cities are in Romania: Samarkand, Bucharest.",0,Romania,"('Bucharest', 'Samarkand')",0,1
"Exactly 1 of the following cities are in Moldova: Coimbatore, Chisinau.",1,Moldova,"('Chisinau', 'Coimbatore')",1,1
"Exactly 2 of the following cities are in Saudi Arabia: Ciudad Guayana, Ranchi.",0,Saudi Arabia,"('Ciudad Guayana', 'Ranchi')",2,0
"Exactly 1 of the following cities are in India: Jalandhar, Zigong.",1,India,"('Jalandhar', 'Zigong')",1,1
"Exactly 0 of the following cities are in Laos: Handan, Suining.",1,Laos,"('Handan', 'Suining')",0,0
"Exactly 0 of the following cities are in Brazil: Juiz de Fora, Cuiaba.",0,Brazil,"('Cuiaba', 'Juiz de Fora')",0,2
"Exactly 2 of the following cities are in Benin: Cotonou, Zibo.",0,Benin,"('Cotonou', 'Zibo')",2,1
"Exactly 2 of the following cities are in Norway: Ghaziabad, Kunshan.",0,Norway,"('Ghaziabad', 'Kunshan')",2,0
"Exactly 2 of the following cities are in Brazil: Sao Bernardo do Campo, Goiania.",1,Brazil,"('Goiania', 'Sao Bernardo do Campo')",2,2
"Exactly 0 of the following cities are in Ecuador: Tlalpan, Mirpur Model Thana.",1,Ecuador,"('Mirpur Model Thana', 'Tlalpan')",0,0
"Exactly 2 of the following cities are in Mongolia: Kampung Baru Subang, Kisangani.",0,Mongolia,"('Kampung Baru Subang', 'Kisangani')",2,0
"Exactly 1 of the following cities are in Mexico: Leon de los Aldama, Cuautitlan Izcalli.",0,Mexico,"('Cuautitlan Izcalli', 'Leon de los Aldama')",1,2
"Exactly 1 of the following cities are in Djibouti: Balbala, Cheonan.",1,Djibouti,"('Balbala', 'Cheonan')",1,1
"Exactly 0 of the following cities are in Malawi: Lilongwe, Mudanjiang.",0,Malawi,"('Lilongwe', 'Mudanjiang')",0,1
"Exactly 0 of the following cities are in the United States: Indianapolis, New South Memphis.",0,the United States,"('Indianapolis', 'New South Memphis')",0,2
"Exactly 0 of the following cities are in Eritrea: Faisalabad, Asmara.",0,Eritrea,"('Asmara', 'Faisalabad')",0,1
"Exactly 0 of the following cities are in Greece: Soweto, Hanzhong.",1,Greece,"('Hanzhong', 'Soweto')",0,0
"Exactly 1 of the following cities are in Brazil: Narela, Goiania.",1,Brazil,"('Goiania', 'Narela')",1,1
"Exactly 1 of the following cities are in Yemen: Ya'an, Hohhot.",0,Yemen,"('Hohhot', ""Ya'an"")",1,0
"Exactly 0 of the following cities are in Angola: Camama, Benguela.",0,Angola,"('Benguela', 'Camama')",0,2
"Exactly 2 of the following cities are in Egypt: Suez, Giza.",1,Egypt,"('Giza', 'Suez')",2,2
"Exactly 2 of the following cities are in Saudi Arabia: Buraydah, Sultanah.",1,Saudi Arabia,"('Buraydah', 'Sultanah')",2,2
"Exactly 2 of the following cities are in Yemen: Taiz, Mukalla.",1,Yemen,"('Mukalla', 'Taiz')",2,2
"Exactly 0 of the following cities are in Vanuatu: Shekhupura, Tangier.",1,Vanuatu,"('Shekhupura', 'Tangier')",0,0
"Exactly 1 of the following cities are in Bulgaria: Sofia, Heze.",1,Bulgaria,"('Heze', 'Sofia')",1,1
"Exactly 0 of the following cities are in Kazakhstan: Astana, Hefei.",0,Kazakhstan,"('Astana', 'Hefei')",0,1
"Exactly 1 of the following cities are in San Marino: Zahedan, Rizhao.",0,San Marino,"('Rizhao', 'Zahedan')",1,0
"Exactly 2 of the following cities are in India: Visakhapatnam, Bokaro.",1,India,"('Bokaro', 'Visakhapatnam')",2,2
"Exactly 0 of the following cities are in Afghanistan: Teni, Kinshasa.",1,Afghanistan,"('Kinshasa', 'Teni')",0,0
"Exactly 2 of the following cities are in South Korea: Bucheon-si, Busan.",1,South Korea,"('Bucheon-si', 'Busan')",2,2
"Exactly 0 of the following cities are in Turkey: Saratov, Esenler.",0,Turkey,"('Esenler', 'Saratov')",0,1
"Exactly 1 of the following cities are in Cyprus: Gwalior, Santiago de Queretaro.",0,Cyprus,"('Gwalior', 'Santiago de Queretaro')",1,0
"Exactly 1 of the following cities are in Afghanistan: Suginami, Mazar-e Sharif.",1,Afghanistan,"('Mazar-e Sharif', 'Suginami')",1,1
"Exactly 2 of the following cities are in Bosnia and Herzegovina: Astana, Nouakchott.",0,Bosnia and Herzegovina,"('Astana', 'Nouakchott')",2,0
"Exactly 0 of the following cities are in Uganda: UEskuedar, Kuantan.",1,Uganda,"('Kuantan', 'UEskuedar')",0,0
"Exactly 2 of the following cities are in Peru: Callao, Piura.",1,Peru,"('Callao', 'Piura')",2,2
"Exactly 0 of the following cities are in Jordan: Irbid, Amman.",0,Jordan,"('Amman', 'Irbid')",0,2
"Exactly 0 of the following cities are in Jamaica: Yichang, Izmir.",1,Jamaica,"('Izmir', 'Yichang')",0,0
"Exactly 2 of the following cities are in India: Dombivali, Dhanbad.",1,India,"('Dhanbad', 'Dombivali')",2,2
"Exactly 1 of the following cities are in Ethiopia: Suining, Sanaa.",0,Ethiopia,"('Sanaa', 'Suining')",1,0
"Exactly 2 of the following cities are in Romania: Bucharest, Akure.",0,Romania,"('Akure', 'Bucharest')",2,1
"Exactly 0 of the following cities are in New Zealand: Auckland, Yibin.",0,New Zealand,"('Auckland', 'Yibin')",0,1
"Exactly 1 of the following cities are in Belarus: Sapporo, Minsk.",1,Belarus,"('Minsk', 'Sapporo')",1,1
"Exactly 2 of the following cities are in Chad: N'Djamena, Kagoshima.",0,Chad,"('Kagoshima', ""N'Djamena"")",2,1
"Exactly 2 of the following cities are in Mauritania: Bhopal, Taicang.",0,Mauritania,"('Bhopal', 'Taicang')",2,0
"Exactly 0 of the following cities are in Bhutan: Jiangyin, Denpasar.",1,Bhutan,"('Denpasar', 'Jiangyin')",0,0
"Exactly 1 of the following cities are in Turkey: Ribeirao Preto, Istanbul.",1,Turkey,"('Istanbul', 'Ribeirao Preto')",1,1
"Exactly 1 of the following cities are in Saudi Arabia: Kakamega, Sultanah.",1,Saudi Arabia,"('Kakamega', 'Sultanah')",1,1
"Exactly 1 of the following cities are in South Korea: Hoji ya Henda, Bucheon-si.",1,South Korea,"('Bucheon-si', 'Hoji ya Henda')",1,1
"Exactly 1 of the following cities are in Nicaragua: Managua, Samarkand.",1,Nicaragua,"('Managua', 'Samarkand')",1,1
"Exactly 2 of the following cities are in the Democratic Republic of the Congo: Kinshasa, Kolwezi.",1,the Democratic Republic of the Congo,"('Kinshasa', 'Kolwezi')",2,2
"Exactly 1 of the following cities are in Rwanda: Shangrao, Kigali.",1,Rwanda,"('Kigali', 'Shangrao')",1,1
"Exactly 2 of the following cities are in Sierra Leone: Tabriz, Subang Jaya.",0,Sierra Leone,"('Subang Jaya', 'Tabriz')",2,0
"Exactly 2 of the following cities are in Angola: Hoji ya Henda, Mulenvos.",1,Angola,"('Hoji ya Henda', 'Mulenvos')",2,2
"Exactly 1 of the following cities are in Ukraine: Kryvyy Rih, Kharkiv.",0,Ukraine,"('Kharkiv', 'Kryvyy Rih')",1,2
"Exactly 1 of the following cities are in Myanmar: Yangon, Isfahan.",1,Myanmar,"('Isfahan', 'Yangon')",1,1
"Exactly 0 of the following cities are in Angola: Benguela, Cabinda.",0,Angola,"('Benguela', 'Cabinda')",0,2
"Exactly 2 of the following cities are in South Africa: Pietermaritzburg, Sukkur.",0,South Africa,"('Pietermaritzburg', 'Sukkur')",2,1
"Exactly 2 of the following cities are in Germany: Xiangtan, Esenyurt.",0,Germany,"('Esenyurt', 'Xiangtan')",2,0
"Exactly 0 of the following cities are in Morocco: Tlalpan, Faridabad.",1,Morocco,"('Faridabad', 'Tlalpan')",0,0
"Exactly 2 of the following cities are in Bosnia and Herzegovina: Sarajevo, Muscat.",0,Bosnia and Herzegovina,"('Muscat', 'Sarajevo')",2,1
"Exactly 0 of the following cities are in Vietnam: Da Nang, Thuan An.",0,Vietnam,"('Da Nang', 'Thuan An')",0,2
"Exactly 2 of the following cities are in Uganda: Al Ahmadi, Chengdu.",0,Uganda,"('Al Ahmadi', 'Chengdu')",2,0
"Exactly 1 of the following cities are in Dominica: Cotonou, Cucuta.",0,Dominica,"('Cotonou', 'Cucuta')",1,0
"Exactly 2 of the following cities are in Brazil: Sao Jose dos Campos, Duque de Caxias.",1,Brazil,"('Duque de Caxias', 'Sao Jose dos Campos')",2,2
"Exactly 0 of the following cities are in Japan: Sadr City, Al Ahmadi.",1,Japan,"('Al Ahmadi', 'Sadr City')",0,0
"Exactly 1 of the following cities are in Colombia: Bucaramanga, Cucuta.",0,Colombia,"('Bucaramanga', 'Cucuta')",1,2
"Exactly 0 of the following cities are in Jordan: Yingkou, Andijon.",1,Jordan,"('Andijon', 'Yingkou')",0,0
"Exactly 2 of the following cities are in Colombia: Barranquilla, Bucaramanga.",1,Colombia,"('Barranquilla', 'Bucaramanga')",2,2
"Exactly 2 of the following cities are in Nigeria: Ajegunle, Enugu.",1,Nigeria,"('Ajegunle', 'Enugu')",2,2
"Exactly 1 of the following cities are in Afghanistan: Mazar-e Sharif, Niluefer.",1,Afghanistan,"('Mazar-e Sharif', 'Niluefer')",1,1
"Exactly 1 of the following cities are in Jamaica: New Kingston, Managua.",1,Jamaica,"('Managua', 'New Kingston')",1,1
"Exactly 0 of the following cities are in Moldova: Bauchi, Nha Trang.",1,Moldova,"('Bauchi', 'Nha Trang')",0,0
"Exactly 2 of the following cities are in Ukraine: Odesa, Kyiv.",1,Ukraine,"('Kyiv', 'Odesa')",2,2
"Exactly 0 of the following cities are in Bosnia and Herzegovina: Tonghua, Sarajevo.",0,Bosnia and Herzegovina,"('Sarajevo', 'Tonghua')",0,1
"Exactly 2 of the following cities are in Hungary: Vijayawada, N'Djamena.",0,Hungary,"(""N'Djamena"", 'Vijayawada')",2,0
"Exactly 2 of the following cities are in Bangladesh: Khulna, Rangpur.",1,Bangladesh,"('Khulna', 'Rangpur')",2,2
"Exactly 1 of the following cities are in Niger: Dakar, Niamey.",1,Niger,"('Dakar', 'Niamey')",1,1
"Exactly 2 of the following cities are in Indonesia: Cimahi, Jakarta.",1,Indonesia,"('Cimahi', 'Jakarta')",2,2
"Exactly 0 of the following cities are in Canada: Winnipeg, Thu GJuc.",0,Canada,"('Thu GJuc', 'Winnipeg')",0,1
"Exactly 1 of the following cities are in Azerbaijan: Handan, Zhabei.",0,Azerbaijan,"('Handan', 'Zhabei')",1,0
"Exactly 0 of the following cities are in Mozambique: Matola, Beira.",0,Mozambique,"('Beira', 'Matola')",0,2
"Exactly 0 of the following cities are in Colombia: Guilin, Soacha.",0,Colombia,"('Guilin', 'Soacha')",0,1
"Exactly 2 of the following cities are in the United States: Milwaukee, Queens.",1,the United States,"('Milwaukee', 'Queens')",2,2
"Exactly 1 of the following cities are in Slovenia: Cankaya, Cebu City.",0,Slovenia,"('Cankaya', 'Cebu City')",1,0
"Exactly 2 of the following cities are in the Maldives: Esenyurt, Surat.",0,the Maldives,"('Esenyurt', 'Surat')",2,0
"Exactly 2 of the following cities are in Bangladesh: Chattogram, Pallabi.",1,Bangladesh,"('Chattogram', 'Pallabi')",2,2
"Exactly 0 of the following cities are in Brazil: Curitiba, Brasilia.",0,Brazil,"('Brasilia', 'Curitiba')",0,2
"Exactly 0 of the following cities are in Turkey: Nanjing, Gaziantep.",0,Turkey,"('Gaziantep', 'Nanjing')",0,1
"Exactly 1 of the following cities are in Finland: Hebi, Ankara.",0,Finland,"('Ankara', 'Hebi')",1,0
"Exactly 2 of the following cities are in Yemen: Ibb, Sanaa.",1,Yemen,"('Ibb', 'Sanaa')",2,2
"Exactly 0 of the following cities are in Eritrea: Langfang, Ulyanovsk.",1,Eritrea,"('Langfang', 'Ulyanovsk')",0,0
"Exactly 2 of the following cities are in Togo: Bhubaneswar, Mudanjiang.",0,Togo,"('Bhubaneswar', 'Mudanjiang')",2,0
"Exactly 1 of the following cities are in Lebanon: Beirut, Shekhupura.",1,Lebanon,"('Beirut', 'Shekhupura')",1,1
"Exactly 2 of the following cities are in Indonesia: Pontianak, Malang.",1,Indonesia,"('Malang', 'Pontianak')",2,2
"Exactly 2 of the following cities are in Botswana: Madinah, Mississauga.",0,Botswana,"('Madinah', 'Mississauga')",2,0
"Exactly 2 of the following cities are in Sao Tome and Principe: Sargodha, Hanzhong.",0,Sao Tome and Principe,"('Hanzhong', 'Sargodha')",2,0
"Exactly 0 of the following cities are in Belarus: Pekanbaru, Homyel'.",0,Belarus,"(""Homyel'"", 'Pekanbaru')",0,1
"Exactly 2 of the following cities are in Laos: Cankaya, Vientiane.",0,Laos,"('Cankaya', 'Vientiane')",2,1
"Exactly 1 of the following cities are in Nigeria: Sholapur, Ashgabat.",0,Nigeria,"('Ashgabat', 'Sholapur')",1,0
"Exactly 1 of the following cities are in Saudi Arabia: Yangquan, Incheon.",0,Saudi Arabia,"('Incheon', 'Yangquan')",1,0
"Exactly 1 of the following cities are in Brazil: Porto Alegre, Thu GJuc.",1,Brazil,"('Porto Alegre', 'Thu GJuc')",1,1
"Exactly 1 of the following cities are in Mozambique: Nampula, Matola.",0,Mozambique,"('Matola', 'Nampula')",1,2
"Exactly 0 of the following cities are in India: Santo Domingo Oeste, Nowrangapur.",0,India,"('Nowrangapur', 'Santo Domingo Oeste')",0,1
"Exactly 0 of the following cities are in New Zealand: Tolyatti, Zanzibar.",1,New Zealand,"('Tolyatti', 'Zanzibar')",0,0
"Exactly 2 of the following cities are in Lithuania: Xuchang, Paranaque City.",0,Lithuania,"('Paranaque City', 'Xuchang')",2,0
"Exactly 1 of the following cities are in El Salvador: Tegucigalpa, Joao Pessoa.",0,El Salvador,"('Joao Pessoa', 'Tegucigalpa')",1,0
"Exactly 0 of the following cities are in Djibouti: Wuwei, Balbala.",0,Djibouti,"('Balbala', 'Wuwei')",0,1
"Exactly 2 of the following cities are in Canada: Kota Bharu, Quebec.",0,Canada,"('Kota Bharu', 'Quebec')",2,1
"Exactly 1 of the following cities are in Egypt: Shubra al Khaymah, Cuttack.",1,Egypt,"('Cuttack', 'Shubra al Khaymah')",1,1
"Exactly 0 of the following cities are in Chile: Puente Alto, Johannesburg.",0,Chile,"('Johannesburg', 'Puente Alto')",0,1
"Exactly 0 of the following cities are in Samoa: Kinshasa, Kallakurichi.",1,Samoa,"('Kallakurichi', 'Kinshasa')",0,0
"Exactly 0 of the following cities are in Sudan: Subang Jaya, Benin City.",1,Sudan,"('Benin City', 'Subang Jaya')",0,0
"Exactly 0 of the following cities are in South Africa: Madinat an Nasr, Johannesburg.",0,South Africa,"('Johannesburg', 'Madinat an Nasr')",0,1
"Exactly 1 of the following cities are in Cuba: Jaboatao dos Guararapes, Nizhniy Novgorod.",0,Cuba,"('Jaboatao dos Guararapes', 'Nizhniy Novgorod')",1,0
"Exactly 2 of the following cities are in Mexico: Torreon, Gustavo Adolfo Madero.",1,Mexico,"('Gustavo Adolfo Madero', 'Torreon')",2,2
"Exactly 0 of the following cities are in Ghana: Taiz, Warangal.",1,Ghana,"('Taiz', 'Warangal')",0,0
"Exactly 1 of the following cities are in Iran: Panzhihua, Kermanshah.",1,Iran,"('Kermanshah', 'Panzhihua')",1,1
"Exactly 0 of the following cities are in Cambodia: Zhongwei, N'Djamena.",1,Cambodia,"(""N'Djamena"", 'Zhongwei')",0,0
"Exactly 1 of the following cities are in Iran: Tehran, Orumiyeh.",0,Iran,"('Orumiyeh', 'Tehran')",1,2
"Exactly 0 of the following cities are in Serbia: Gujranwala, Enugu.",1,Serbia,"('Enugu', 'Gujranwala')",0,0
"Exactly 2 of the following cities are in Haiti: Mexicali, Port-au-Prince.",0,Haiti,"('Mexicali', 'Port-au-Prince')",2,1
"Exactly 0 of the following cities are in Mexico: Sangli, Huangshi.",1,Mexico,"('Huangshi', 'Sangli')",0,0
"Exactly 2 of the following cities are in Singapore: Panshan, Hamhung.",0,Singapore,"('Hamhung', 'Panshan')",2,0
"Exactly 1 of the following cities are in Kenya: Nairobi, Zhangjiagang.",1,Kenya,"('Nairobi', 'Zhangjiagang')",1,1
"Exactly 1 of the following cities are in Sweden: Benin City, Stockholm.",1,Sweden,"('Benin City', 'Stockholm')",1,1
"Exactly 0 of the following cities are in Lithuania: Ciudad Guayana, Lodz.",1,Lithuania,"('Ciudad Guayana', 'Lodz')",0,0
"Exactly 2 of the following cities are in Morocco: Meknes, Agadir.",1,Morocco,"('Agadir', 'Meknes')",2,2
"Exactly 1 of the following cities are in Syria: Culiacan, Ar Raqqah.",1,Syria,"('Ar Raqqah', 'Culiacan')",1,1
"Exactly 1 of the following cities are in Bhutan: Faisalabad, San Luis Potosi.",0,Bhutan,"('Faisalabad', 'San Luis Potosi')",1,0
"Exactly 2 of the following cities are in the Democratic Republic of the Congo: Wuhan, Kota Kinabalu.",0,the Democratic Republic of the Congo,"('Kota Kinabalu', 'Wuhan')",2,0
"Exactly 1 of the following cities are in Latvia: Bloemfontein, Kinshasa.",0,Latvia,"('Bloemfontein', 'Kinshasa')",1,0
"Exactly 2 of the following cities are in Kyrgyzstan: Xuancheng, Calumbo.",0,Kyrgyzstan,"('Calumbo', 'Xuancheng')",2,0
"Exactly 2 of the following cities are in Russia: Zhabei, Kalininskiy.",0,Russia,"('Kalininskiy', 'Zhabei')",2,1
"Exactly 1 of the following cities are in North Korea: Moradabad, Chisinau.",0,North Korea,"('Chisinau', 'Moradabad')",1,0
"Exactly 0 of the following cities are in Uganda: Andijon, Caracas.",1,Uganda,"('Andijon', 'Caracas')",0,0
"Exactly 1 of the following cities are in Italy: Dakar, Izhevsk.",0,Italy,"('Dakar', 'Izhevsk')",1,0
"Exactly 2 of the following cities are in Burkina Faso: Bobo-Dioulasso, Shangrao.",0,Burkina Faso,"('Bobo-Dioulasso', 'Shangrao')",2,1
"Exactly 1 of the following cities are in the United Arab Emirates: Pimpri, Auckland.",0,the United Arab Emirates,"('Auckland', 'Pimpri')",1,0
"Exactly 1 of the following cities are in Cuba: Hohhot, Sulaymaniyah.",0,Cuba,"('Hohhot', 'Sulaymaniyah')",1,0
"Exactly 1 of the following cities are in Germany: Qingdao, Putuo.",0,Germany,"('Putuo', 'Qingdao')",1,0
"Exactly 2 of the following cities are in Guatemala: Aparecida de Goiania, Quezon City.",0,Guatemala,"('Aparecida de Goiania', 'Quezon City')",2,0
"Exactly 1 of the following cities are in Haiti: Muntinlupa, Carrefour.",1,Haiti,"('Carrefour', 'Muntinlupa')",1,1
"Exactly 2 of the following cities are in China: Zhumadian, Wuwei.",1,China,"('Wuwei', 'Zhumadian')",2,2
"Exactly 2 of the following cities are in Bangladesh: Rangpur, Rajshahi.",1,Bangladesh,"('Rajshahi', 'Rangpur')",2,2
"Exactly 0 of the following cities are in South Korea: Bhilai, Yinchuan.",1,South Korea,"('Bhilai', 'Yinchuan')",0,0
"Exactly 1 of the following cities are in China: Suqian, Chenzhou.",0,China,"('Chenzhou', 'Suqian')",1,2
"Exactly 1 of the following cities are in Jamaica: Muzaffarabad, New Kingston.",1,Jamaica,"('Muzaffarabad', 'New Kingston')",1,1
"Exactly 0 of the following cities are in the United Kingdom: Stockholm, Gujrat.",1,the United Kingdom,"('Gujrat', 'Stockholm')",0,0
"Exactly 1 of the following cities are in Singapore: Santiago de Queretaro, Bhavnagar.",0,Singapore,"('Bhavnagar', 'Santiago de Queretaro')",1,0
"Exactly 0 of the following cities are in Syria: Latakia, Ar Raqqah.",0,Syria,"('Ar Raqqah', 'Latakia')",0,2
"Exactly 0 of the following cities are in Brazil: Joao Pessoa, Macapa.",0,Brazil,"('Joao Pessoa', 'Macapa')",0,2
"Exactly 1 of the following cities are in Colombia: Minhang, Heroica Matamoros.",0,Colombia,"('Heroica Matamoros', 'Minhang')",1,0
"Exactly 1 of the following cities are in Tunisia: Tokyo, Orumiyeh.",0,Tunisia,"('Orumiyeh', 'Tokyo')",1,0
"Exactly 1 of the following cities are in Ecuador: Hamamatsu, Juiz de Fora.",0,Ecuador,"('Hamamatsu', 'Juiz de Fora')",1,0
"Exactly 2 of the following cities are in Germany: Dortmund, Duesseldorf.",1,Germany,"('Dortmund', 'Duesseldorf')",2,2
"Exactly 0 of the following cities are in Turkey: Helsinki, Mengzi.",1,Turkey,"('Helsinki', 'Mengzi')",0,0
"Exactly 0 of the following cities are in Argentina: Mar del Plata, Heroica Matamoros.",0,Argentina,"('Heroica Matamoros', 'Mar del Plata')",0,1
"Exactly 2 of the following cities are in India: Serang, Virar.",0,India,"('Serang', 'Virar')",2,1
"Exactly 0 of the following cities are in South Korea: Hwaseong-si, Busan.",0,South Korea,"('Busan', 'Hwaseong-si')",0,2
"Exactly 0 of the following cities are in Vanuatu: Battagram, Cucuta.",1,Vanuatu,"('Battagram', 'Cucuta')",0,0
"Exactly 2 of the following cities are in Russia: Yekaterinburg, Irkutsk.",1,Russia,"('Irkutsk', 'Yekaterinburg')",2,2
"Exactly 2 of the following cities are in Angola: Golfe, Cabinda.",1,Angola,"('Cabinda', 'Golfe')",2,2
"Exactly 0 of the following cities are in Uganda: Kampala, Aleppo.",0,Uganda,"('Aleppo', 'Kampala')",0,1
"Exactly 1 of the following cities are in Peru: Chiclayo, Arequipa.",0,Peru,"('Arequipa', 'Chiclayo')",1,2
"Exactly 2 of the following cities are in Nigeria: Erzurum, Kyiv.",0,Nigeria,"('Erzurum', 'Kyiv')",2,0
"Exactly 0 of the following cities are in Yemen: Situbondo, Qinhuangdao.",1,Yemen,"('Qinhuangdao', 'Situbondo')",0,0
"Exactly 0 of the following cities are in Armenia: Suwon, Yerevan.",0,Armenia,"('Suwon', 'Yerevan')",0,1
"Exactly 2 of the following cities are in Russia: Tomsk, Nizhniy Novgorod.",1,Russia,"('Nizhniy Novgorod', 'Tomsk')",2,2
"Exactly 1 of the following cities are in North Korea: Pyongyang, Yichang.",1,North Korea,"('Pyongyang', 'Yichang')",1,1
"Exactly 0 of the following cities are in Zambia: Ndola, Rui'an.",0,Zambia,"('Ndola', ""Rui'an"")",0,1
"Exactly 0 of the following cities are in Vietnam: Da Nang, Kyiv.",0,Vietnam,"('Da Nang', 'Kyiv')",0,1
"Exactly 1 of the following cities are in Tajikistan: Dushanbe, Osogbo.",1,Tajikistan,"('Dushanbe', 'Osogbo')",1,1
"Exactly 0 of the following cities are in China: Liaocheng, Yangpu.",0,China,"('Liaocheng', 'Yangpu')",0,2
"Exactly 2 of the following cities are in Bangladesh: Chattogram, Mirpur Model Thana.",1,Bangladesh,"('Chattogram', 'Mirpur Model Thana')",2,2
"Exactly 2 of the following cities are in Kuwait: Okara, Al Ahmadi.",0,Kuwait,"('Al Ahmadi', 'Okara')",2,1
"Exactly 1 of the following cities are in Romania: Bucharest, Wuhan.",1,Romania,"('Bucharest', 'Wuhan')",1,1
"Exactly 0 of the following cities are in Ecuador: Qom, Kharkiv.",1,Ecuador,"('Kharkiv', 'Qom')",0,0
"Exactly 0 of the following cities are in Chile: Amravati, Caloocan.",1,Chile,"('Amravati', 'Caloocan')",0,0
"Exactly 1 of the following cities are in the Czech Republic: Changwon, Sevastopol.",0,the Czech Republic,"('Changwon', 'Sevastopol')",1,0
"Exactly 0 of the following cities are in Bosnia and Herzegovina: Xiaogan, Kaduna.",1,Bosnia and Herzegovina,"('Kaduna', 'Xiaogan')",0,0
"Exactly 0 of the following cities are in Poland: Thembisa, Ujjain.",1,Poland,"('Thembisa', 'Ujjain')",0,0
"Exactly 1 of the following cities are in Burkina Faso: Makkah, Ouagadougou.",1,Burkina Faso,"('Makkah', 'Ouagadougou')",1,1
"Exactly 1 of the following cities are in the Philippines: Quezon City, Muntinlupa.",0,the Philippines,"('Muntinlupa', 'Quezon City')",1,2
"Exactly 0 of the following cities are in Azerbaijan: Shijiazhuang, Baku.",0,Azerbaijan,"('Baku', 'Shijiazhuang')",0,1
"Exactly 1 of the following cities are in Turkmenistan: Ashgabat, Jiujiang.",1,Turkmenistan,"('Ashgabat', 'Jiujiang')",1,1
"Exactly 1 of the following cities are in Australia: Gazipur, Gold Coast.",1,Australia,"('Gazipur', 'Gold Coast')",1,1
"Exactly 1 of the following cities are in Liechtenstein: Kirkuk, Gwalior.",0,Liechtenstein,"('Gwalior', 'Kirkuk')",1,0
"Exactly 0 of the following cities are in Argentina: Al Mawsil al Jadidah, Mengzi.",1,Argentina,"('Al Mawsil al Jadidah', 'Mengzi')",0,0
"Exactly 0 of the following cities are in Venezuela: Maturin, Manaus.",0,Venezuela,"('Manaus', 'Maturin')",0,1
"Exactly 0 of the following cities are in Togo: Calabar, Lome.",0,Togo,"('Calabar', 'Lome')",0,1
"Exactly 0 of the following cities are in Germany: Hannover, Lusaka.",0,Germany,"('Hannover', 'Lusaka')",0,1
"Exactly 0 of the following cities are in Ethiopia: Baku, Addis Ababa.",0,Ethiopia,"('Addis Ababa', 'Baku')",0,1
"Exactly 1 of the following cities are in the Central African Republic: Ganzhou, Cebu City.",0,the Central African Republic,"('Cebu City', 'Ganzhou')",1,0
"Exactly 2 of the following cities are in Indonesia: Bandar Lampung, Pekanbaru.",1,Indonesia,"('Bandar Lampung', 'Pekanbaru')",2,2
"Exactly 2 of the following cities are in Saudi Arabia: Makkah, Dammam.",1,Saudi Arabia,"('Dammam', 'Makkah')",2,2
"Exactly 2 of the following cities are in Palau: Osaka, Kumasi.",0,Palau,"('Kumasi', 'Osaka')",2,0
"Exactly 1 of the following cities are in Guinea: Zhaoqing, Camayenne.",1,Guinea,"('Camayenne', 'Zhaoqing')",1,1
"Exactly 2 of the following cities are in South Korea: Kaifeng, Ho Chi Minh City.",0,South Korea,"('Ho Chi Minh City', 'Kaifeng')",2,0
"Exactly 0 of the following cities are in Pakistan: Minhang, Saint Petersburg.",1,Pakistan,"('Minhang', 'Saint Petersburg')",0,0
"Exactly 0 of the following cities are in Uganda: Kampala, Zhaotong.",0,Uganda,"('Kampala', 'Zhaotong')",0,1
"Exactly 1 of the following cities are in Guinea: Johannesburg, Conakry.",1,Guinea,"('Conakry', 'Johannesburg')",1,1
"Exactly 2 of the following cities are in China: Bengbu, Xuancheng.",1,China,"('Bengbu', 'Xuancheng')",2,2
"Exactly 1 of the following cities are in Senegal: Soacha, Pikine.",1,Senegal,"('Pikine', 'Soacha')",1,1
"Exactly 2 of the following cities are in Ukraine: Kryvyy Rih, Lviv.",1,Ukraine,"('Kryvyy Rih', 'Lviv')",2,2
"Exactly 1 of the following cities are in Iran: Xiamen, Santiago de los Caballeros.",0,Iran,"('Santiago de los Caballeros', 'Xiamen')",1,0
"Exactly 0 of the following cities are in India: Pimpri-Chinchwad, Mosul.",0,India,"('Mosul', 'Pimpri-Chinchwad')",0,1
"Exactly 0 of the following cities are in Monaco: Rawalpindi, Jeonju.",1,Monaco,"('Jeonju', 'Rawalpindi')",0,0
"Exactly 2 of the following cities are in Botswana: Luancheng, Nyala.",0,Botswana,"('Luancheng', 'Nyala')",2,0
"Exactly 1 of the following cities are in Samoa: Isfahan, Malang.",0,Samoa,"('Isfahan', 'Malang')",1,0
"Exactly 1 of the following cities are in Burundi: Jabalpur, Ningbo.",0,Burundi,"('Jabalpur', 'Ningbo')",1,0
"Exactly 0 of the following cities are in Somalia: Bikaner, Nanning.",1,Somalia,"('Bikaner', 'Nanning')",0,0
"Exactly 1 of the following cities are in Cameroon: Yaounde, Homs.",1,Cameroon,"('Homs', 'Yaounde')",1,1
"Exactly 2 of the following cities are in Côte d'Ivoire: Bouake, Kitwe.",0,Côte d'Ivoire,"('Bouake', 'Kitwe')",2,1
"Exactly 0 of the following cities are in Bangladesh: Suez, Pest.",1,Bangladesh,"('Pest', 'Suez')",0,0
"Exactly 0 of the following cities are in the Central African Republic: Daqing, Camayenne.",1,the Central African Republic,"('Camayenne', 'Daqing')",0,0
"Exactly 0 of the following cities are in Tunisia: Lyon, Porto Velho.",1,Tunisia,"('Lyon', 'Porto Velho')",0,0
"Exactly 2 of the following cities are in Mauritania: Yangjiang, Managua.",0,Mauritania,"('Managua', 'Yangjiang')",2,0
"Exactly 0 of the following cities are in Uruguay: Meerut, Weinan.",1,Uruguay,"('Meerut', 'Weinan')",0,0
"Exactly 1 of the following cities are in Liechtenstein: Kunshan, Zhoushan.",0,Liechtenstein,"('Kunshan', 'Zhoushan')",1,0
"Exactly 2 of the following cities are in Portugal: Vladivostok, Bogor.",0,Portugal,"('Bogor', 'Vladivostok')",2,0
"Exactly 0 of the following cities are in Ecuador: Guayaquil, Dera Ismail Khan.",0,Ecuador,"('Dera Ismail Khan', 'Guayaquil')",0,1
"Exactly 0 of the following cities are in Portugal: Bandar Lampung, Lubango.",1,Portugal,"('Bandar Lampung', 'Lubango')",0,0
"Exactly 0 of the following cities are in Mauritania: Ibb, Dortmund.",1,Mauritania,"('Dortmund', 'Ibb')",0,0
"Exactly 1 of the following cities are in Australia: Detroit, Gustavo Adolfo Madero.",0,Australia,"('Detroit', 'Gustavo Adolfo Madero')",1,0
"Exactly 0 of the following cities are in Argentina: Gustavo Adolfo Madero, Dharavi.",1,Argentina,"('Dharavi', 'Gustavo Adolfo Madero')",0,0
"Exactly 0 of the following cities are in Suriname: Budta, Chelyabinsk.",1,Suriname,"('Budta', 'Chelyabinsk')",0,0
"Exactly 2 of the following cities are in Pakistan: Bahawalpur, Rawalpindi.",1,Pakistan,"('Bahawalpur', 'Rawalpindi')",2,2
"Exactly 1 of the following cities are in Djibouti: Buraydah, Balbala.",1,Djibouti,"('Balbala', 'Buraydah')",1,1
"Exactly 1 of the following cities are in Hungary: Dalian, Pest.",1,Hungary,"('Dalian', 'Pest')",1,1
"Exactly 0 of the following cities are in Madagascar: Antananarivo, Karbala.",0,Madagascar,"('Antananarivo', 'Karbala')",0,1
"Exactly 1 of the following cities are in Morocco: Karaj, Maceio.",0,Morocco,"('Karaj', 'Maceio')",1,0
"Exactly 2 of the following cities are in South Africa: Pietermaritzburg, Soweto.",1,South Africa,"('Pietermaritzburg', 'Soweto')",2,2
"Exactly 1 of the following cities are in Azerbaijan: Baku, Krakow.",1,Azerbaijan,"('Baku', 'Krakow')",1,1
"Exactly 0 of the following cities are in Botswana: Gwalior, Orenburg.",1,Botswana,"('Gwalior', 'Orenburg')",0,0
"Exactly 2 of the following cities are in Mexico: Tlaquepaque, Iztapalapa.",1,Mexico,"('Iztapalapa', 'Tlaquepaque')",2,2
"Exactly 0 of the following cities are in Niger: Culiacan, Taguig.",1,Niger,"('Culiacan', 'Taguig')",0,0
"Exactly 2 of the following cities are in Japan: Hamamatsu, Osaka.",1,Japan,"('Hamamatsu', 'Osaka')",2,2
"Exactly 1 of the following cities are in Cambodia: Osaka, Jammu.",0,Cambodia,"('Jammu', 'Osaka')",1,0
"Exactly 2 of the following cities are in Saudi Arabia: Ta'if, Buraydah.",1,Saudi Arabia,"('Buraydah', ""Ta'if"")",2,2
"Exactly 2 of the following cities are in Iran: Karaj, Tabriz.",1,Iran,"('Karaj', 'Tabriz')",2,2
"Exactly 1 of the following cities are in Belgium: Barnaul, Iskandar Puteri.",0,Belgium,"('Barnaul', 'Iskandar Puteri')",1,0
"Exactly 2 of the following cities are in Estonia: Tiruchirappalli, Baghdad.",0,Estonia,"('Baghdad', 'Tiruchirappalli')",2,0
"Exactly 0 of the following cities are in Ecuador: Quito, Guayaquil.",0,Ecuador,"('Guayaquil', 'Quito')",0,2
"Exactly 1 of the following cities are in Iran: Johor Bahru, Kallakurichi.",0,Iran,"('Johor Bahru', 'Kallakurichi')",1,0
"Exactly 0 of the following cities are in Madagascar: Antananarivo, Ajmer.",0,Madagascar,"('Ajmer', 'Antananarivo')",0,1
"Exactly 0 of the following cities are in Colombia: Soacha, Barranquilla.",0,Colombia,"('Barranquilla', 'Soacha')",0,2
"Exactly 0 of the following cities are in the Democratic Republic of the Congo: Lubumbashi, Tirunelveli.",0,the Democratic Republic of the Congo,"('Lubumbashi', 'Tirunelveli')",0,1
"Exactly 0 of the following cities are in Guatemala: Guatemala City, Chengdu.",0,Guatemala,"('Chengdu', 'Guatemala City')",0,1
"Exactly 1 of the following cities are in Guinea-Bissau: Incheon, Novokuznetsk.",0,Guinea-Bissau,"('Incheon', 'Novokuznetsk')",1,0
"Exactly 0 of the following cities are in Peru: Arequipa, Chelyabinsk.",0,Peru,"('Arequipa', 'Chelyabinsk')",0,1
"Exactly 1 of the following cities are in New Zealand: Itabashi, Auckland.",1,New Zealand,"('Auckland', 'Itabashi')",1,1
"Exactly 0 of the following cities are in Cambodia: Al Ahmadi, Amravati.",1,Cambodia,"('Al Ahmadi', 'Amravati')",0,0
"Exactly 2 of the following cities are in Kuwait: Novokuznetsk, Al Ahmadi.",0,Kuwait,"('Al Ahmadi', 'Novokuznetsk')",2,1
"Exactly 1 of the following cities are in Tuvalu: Puning, Maianga.",0,Tuvalu,"('Maianga', 'Puning')",1,0
"Exactly 2 of the following cities are in Angola: Samarinda, Camama.",0,Angola,"('Camama', 'Samarinda')",2,1
"Exactly 2 of the following cities are in the Philippines: San Luis Potosi, Taguig.",0,the Philippines,"('San Luis Potosi', 'Taguig')",2,1
"Exactly 0 of the following cities are in the United Arab Emirates: Sharjah, Abu Dhabi.",0,the United Arab Emirates,"('Abu Dhabi', 'Sharjah')",0,2
"Exactly 1 of the following cities are in Macedonia: Goyang-si, Nairobi.",0,Macedonia,"('Goyang-si', 'Nairobi')",1,0
"Exactly 2 of the following cities are in the United Arab Emirates: Omdurman, Rohini.",0,the United Arab Emirates,"('Omdurman', 'Rohini')",2,0
"Exactly 2 of the following cities are in Portugal: Maiduguri, Zahedan.",0,Portugal,"('Maiduguri', 'Zahedan')",2,0
"Exactly 0 of the following cities are in Comoros: Puning, Binzhou.",1,Comoros,"('Binzhou', 'Puning')",0,0
"Exactly 0 of the following cities are in Equatorial Guinea: Rui'an, Torreon.",1,Equatorial Guinea,"(""Rui'an"", 'Torreon')",0,0
"Exactly 2 of the following cities are in Latvia: Riga, Wanxian.",0,Latvia,"('Riga', 'Wanxian')",2,1
"Exactly 2 of the following cities are in China: Rui'an, Quezon City.",0,China,"('Quezon City', ""Rui'an"")",2,1
"Exactly 0 of the following cities are in Jordan: Irbid, Zarqa.",0,Jordan,"('Irbid', 'Zarqa')",0,2
"Exactly 2 of the following cities are in Saudi Arabia: Jeddah, Dammam.",1,Saudi Arabia,"('Dammam', 'Jeddah')",2,2
"Exactly 2 of the following cities are in Myanmar: Hlaingthaya, Mandalay.",1,Myanmar,"('Hlaingthaya', 'Mandalay')",2,2
"Exactly 1 of the following cities are in Kazakhstan: Changshu, Bauchi.",0,Kazakhstan,"('Bauchi', 'Changshu')",1,0
"Exactly 2 of the following cities are in Benin: Soshanguve, Chelyabinsk.",0,Benin,"('Chelyabinsk', 'Soshanguve')",2,0
"Exactly 2 of the following cities are in South Africa: Evaton, Gqeberha.",1,South Africa,"('Evaton', 'Gqeberha')",2,2
"Exactly 1 of the following cities are in Hungary: Caracas, Pest.",1,Hungary,"('Caracas', 'Pest')",1,1
"Exactly 1 of the following cities are in Algeria: Algiers, Nyala.",1,Algeria,"('Algiers', 'Nyala')",1,1
"Exactly 1 of the following cities are in North Korea: Nova Iguacu, Hamhung.",1,North Korea,"('Hamhung', 'Nova Iguacu')",1,1
"Exactly 1 of the following cities are in Mali: Saint Petersburg, Shangrao.",0,Mali,"('Saint Petersburg', 'Shangrao')",1,0
"Exactly 0 of the following cities are in France: Marseille, Toulouse.",0,France,"('Marseille', 'Toulouse')",0,2
"Exactly 2 of the following cities are in Vietnam: Haiphong, Da Nang.",1,Vietnam,"('Da Nang', 'Haiphong')",2,2
"Exactly 2 of the following cities are in Somalia: Mogadishu, Quetta.",0,Somalia,"('Mogadishu', 'Quetta')",2,1
"Exactly 1 of the following cities are in Sudan: Esenler, Khartoum North.",1,Sudan,"('Esenler', 'Khartoum North')",1,1
"Exactly 1 of the following cities are in Chad: Bobo-Dioulasso, N'Djamena.",1,Chad,"('Bobo-Dioulasso', ""N'Djamena"")",1,1
"Exactly 2 of the following cities are in the Czech Republic: Xuhui, Ajmer.",0,the Czech Republic,"('Ajmer', 'Xuhui')",2,0
"Exactly 0 of the following cities are in Dominica: Maianga, Cucuta.",1,Dominica,"('Cucuta', 'Maianga')",0,0
"Exactly 2 of the following cities are in Saudi Arabia: Ta'if, Makkah.",1,Saudi Arabia,"('Makkah', ""Ta'if"")",2,2
"Exactly 1 of the following cities are in the Dominican Republic: Denpasar, Jeonju.",0,the Dominican Republic,"('Denpasar', 'Jeonju')",1,0
"Exactly 0 of the following cities are in Benin: Lianyungang, Pingdingshan.",1,Benin,"('Lianyungang', 'Pingdingshan')",0,0
"Exactly 1 of the following cities are in Qatar: New York City, Jiangyin.",0,Qatar,"('Jiangyin', 'New York City')",1,0
"Exactly 0 of the following cities are in Papua New Guinea: Onitsha, Gazipur.",1,Papua New Guinea,"('Gazipur', 'Onitsha')",0,0
"Exactly 1 of the following cities are in Morocco: Agadir, Tangier.",0,Morocco,"('Agadir', 'Tangier')",1,2
"Exactly 0 of the following cities are in Cyprus: Jhang Sadr, Jiangyin.",1,Cyprus,"('Jhang Sadr', 'Jiangyin')",0,0
"Exactly 2 of the following cities are in South Korea: Bucheon-si, Hwaseong-si.",1,South Korea,"('Bucheon-si', 'Hwaseong-si')",2,2
"Exactly 0 of the following cities are in Liechtenstein: Baoji, Paranaque City.",1,Liechtenstein,"('Baoji', 'Paranaque City')",0,0
"Exactly 0 of the following cities are in Turkey: Shuangyashan, Pingliang.",1,Turkey,"('Pingliang', 'Shuangyashan')",0,0
"Exactly 1 of the following cities are in China: Ziyang, Hermosillo.",1,China,"('Hermosillo', 'Ziyang')",1,1
"Exactly 1 of the following cities are in Equatorial Guinea: Peshawar, Quebec.",0,Equatorial Guinea,"('Peshawar', 'Quebec')",1,0
"Exactly 1 of the following cities are in Zambia: Dalian, Seongnam-si.",0,Zambia,"('Dalian', 'Seongnam-si')",1,0
"Exactly 0 of the following cities are in Nicaragua: Helsinki, Mazar-e Sharif.",1,Nicaragua,"('Helsinki', 'Mazar-e Sharif')",0,0
"Exactly 2 of the following cities are in Angola: Golfe, Mulenvos.",1,Angola,"('Golfe', 'Mulenvos')",2,2
"Exactly 0 of the following cities are in Thailand: Ajegunle, Zhangjiakou.",1,Thailand,"('Ajegunle', 'Zhangjiakou')",0,0
"Exactly 2 of the following cities are in Japan: Hiroshima, Utsunomiya.",1,Japan,"('Hiroshima', 'Utsunomiya')",2,2
"Exactly 1 of the following cities are in Nigeria: Naberezhnyye Chelny, Ebute Ikorodu.",1,Nigeria,"('Ebute Ikorodu', 'Naberezhnyye Chelny')",1,1
"Exactly 0 of the following cities are in Uganda: Tasikmalaya, Nansana.",0,Uganda,"('Nansana', 'Tasikmalaya')",0,1
"Exactly 1 of the following cities are in Denmark: Ile-Ife, Copenhagen.",1,Denmark,"('Copenhagen', 'Ile-Ife')",1,1
"Exactly 0 of the following cities are in Morocco: Mexico City, Agadir.",0,Morocco,"('Agadir', 'Mexico City')",0,1
"Exactly 1 of the following cities are in Denmark: Izmir, Copenhagen.",1,Denmark,"('Copenhagen', 'Izmir')",1,1
"Exactly 0 of the following cities are in Lebanon: Suqian, Kharkiv.",1,Lebanon,"('Kharkiv', 'Suqian')",0,0
"Exactly 2 of the following cities are in Nigeria: Akure, Bauchi.",1,Nigeria,"('Akure', 'Bauchi')",2,2
"Exactly 0 of the following cities are in Cambodia: Phnom Penh, Porto Velho.",0,Cambodia,"('Phnom Penh', 'Porto Velho')",0,1
"Exactly 2 of the following cities are in Moldova: Jiaozhou, Nouakchott.",0,Moldova,"('Jiaozhou', 'Nouakchott')",2,0
"Exactly 0 of the following cities are in Pakistan: Kasur, Jhang Sadr.",0,Pakistan,"('Jhang Sadr', 'Kasur')",0,2
"Exactly 2 of the following cities are in Nepal: Jinan, Jiaozuo.",0,Nepal,"('Jiaozuo', 'Jinan')",2,0
"Exactly 1 of the following cities are in Brazil: Ananindeua, Tlalpan.",1,Brazil,"('Ananindeua', 'Tlalpan')",1,1
"Exactly 2 of the following cities are in Turkey: Izmir, Kayseri.",1,Turkey,"('Izmir', 'Kayseri')",2,2
"Exactly 1 of the following cities are in Rwanda: Kigali, Albuquerque.",1,Rwanda,"('Albuquerque', 'Kigali')",1,1
"Exactly 1 of the following cities are in Iceland: Ciudad Nezahualcoyotl, Tiruppur.",0,Iceland,"('Ciudad Nezahualcoyotl', 'Tiruppur')",1,0
"Exactly 0 of the following cities are in Mali: Bamako, Huzhou.",0,Mali,"('Bamako', 'Huzhou')",0,1
"Exactly 2 of the following cities are in Kiribati: Santiago de Cuba, Gujranwala.",0,Kiribati,"('Gujranwala', 'Santiago de Cuba')",2,0
"Exactly 2 of the following cities are in Yemen: Sanaa, Lome.",0,Yemen,"('Lome', 'Sanaa')",2,1
"Exactly 1 of the following cities are in Chile: Tomsk, Ulhasnagar.",0,Chile,"('Tomsk', 'Ulhasnagar')",1,0
"Exactly 1 of the following cities are in Cuba: Heze, Kagoshima.",0,Cuba,"('Heze', 'Kagoshima')",1,0
"Exactly 2 of the following cities are in Venezuela: Maturin, Maracaibo.",1,Venezuela,"('Maracaibo', 'Maturin')",2,2
"Exactly 1 of the following cities are in Kyrgyzstan: Lilongwe, Bishkek.",1,Kyrgyzstan,"('Bishkek', 'Lilongwe')",1,1
"Exactly 1 of the following cities are in Egypt: Niigata, Giza.",1,Egypt,"('Giza', 'Niigata')",1,1
"Exactly 1 of the following cities are in Kenya: Mombasa, Barnaul.",1,Kenya,"('Barnaul', 'Mombasa')",1,1
"Exactly 2 of the following cities are in Turkey: Niluefer, Ankara.",1,Turkey,"('Ankara', 'Niluefer')",2,2
"Exactly 1 of the following cities are in China: Tonghua, Changde.",0,China,"('Changde', 'Tonghua')",1,2
"Exactly 1 of the following cities are in Cuba: Santiago de Cuba, Marrakesh.",1,Cuba,"('Marrakesh', 'Santiago de Cuba')",1,1
"Exactly 1 of the following cities are in Nepal: Paranaque City, Kathmandu.",1,Nepal,"('Kathmandu', 'Paranaque City')",1,1
"Exactly 2 of the following cities are in Guyana: Nanning, Jeddah.",0,Guyana,"('Jeddah', 'Nanning')",2,0
"Exactly 2 of the following cities are in Germany: Dortmund, Leipzig.",1,Germany,"('Dortmund', 'Leipzig')",2,2
"Exactly 0 of the following cities are in Kiribati: Bamako, Weinan.",1,Kiribati,"('Bamako', 'Weinan')",0,0
"Exactly 2 of the following cities are in Mexico: Hermosillo, Culiacan.",1,Mexico,"('Culiacan', 'Hermosillo')",2,2
"Exactly 0 of the following cities are in Venezuela: Maracaibo, Tolyatti.",0,Venezuela,"('Maracaibo', 'Tolyatti')",0,1
"Exactly 0 of the following cities are in Nigeria: Krakow, Ilorin.",0,Nigeria,"('Ilorin', 'Krakow')",0,1
"Exactly 1 of the following cities are in Turkey: Evaton, Addis Ababa.",0,Turkey,"('Addis Ababa', 'Evaton')",1,0
"Exactly 0 of the following cities are in Peru: Dera Ismail Khan, Marseille.",1,Peru,"('Dera Ismail Khan', 'Marseille')",0,0
"Exactly 1 of the following cities are in Turkey: Abu Dhabi, Eskisehir.",1,Turkey,"('Abu Dhabi', 'Eskisehir')",1,1
"Exactly 0 of the following cities are in Russia: Rasapudipalem, Zhaotong.",1,Russia,"('Rasapudipalem', 'Zhaotong')",0,0
"Exactly 1 of the following cities are in Senegal: Pikine, Zhoushan.",1,Senegal,"('Pikine', 'Zhoushan')",1,1
"Exactly 0 of the following cities are in Qatar: Suizhou, Suwon.",1,Qatar,"('Suizhou', 'Suwon')",0,0
"Exactly 1 of the following cities are in Tanzania: Mbeya, Shangqiu.",1,Tanzania,"('Mbeya', 'Shangqiu')",1,1
"Exactly 1 of the following cities are in Burundi: Bujumbura, Haiphong.",1,Burundi,"('Bujumbura', 'Haiphong')",1,1
"Exactly 1 of the following cities are in Sudan: Khartoum North, Nouakchott.",1,Sudan,"('Khartoum North', 'Nouakchott')",1,1
"Exactly 0 of the following cities are in Suriname: Nagoya, Mombasa.",1,Suriname,"('Mombasa', 'Nagoya')",0,0
"Exactly 2 of the following cities are in Lithuania: Linfen, Hubballi.",0,Lithuania,"('Hubballi', 'Linfen')",2,0
"Exactly 2 of the following cities are in Brazil: Nova Iguacu, Aracaju.",1,Brazil,"('Aracaju', 'Nova Iguacu')",2,2
"Exactly 2 of the following cities are in Panama: Kagoshima, Osogbo.",0,Panama,"('Kagoshima', 'Osogbo')",2,0
"Exactly 0 of the following cities are in New Zealand: Makassar, Auckland.",0,New Zealand,"('Auckland', 'Makassar')",0,1
"Exactly 0 of the following cities are in Barbados: Bloemfontein, Dhanbad.",1,Barbados,"('Bloemfontein', 'Dhanbad')",0,0
"Exactly 1 of the following cities are in Brazil: Gqeberha, Ribeirao Preto.",1,Brazil,"('Gqeberha', 'Ribeirao Preto')",1,1
"Exactly 2 of the following cities are in the United Arab Emirates: Guli, Al Ain City.",0,the United Arab Emirates,"('Al Ain City', 'Guli')",2,1
"Exactly 1 of the following cities are in Sri Lanka: Qom, Chattogram.",0,Sri Lanka,"('Chattogram', 'Qom')",1,0
"Exactly 0 of the following cities are in Monaco: Tabriz, Xiamen.",1,Monaco,"('Tabriz', 'Xiamen')",0,0
"Exactly 2 of the following cities are in Canada: Winnipeg, Mississauga.",1,Canada,"('Mississauga', 'Winnipeg')",2,2
"Exactly 1 of the following cities are in Lesotho: Jos, Yangjiang.",0,Lesotho,"('Jos', 'Yangjiang')",1,0
"Exactly 1 of the following cities are in Zimbabwe: Harare, Nanded.",1,Zimbabwe,"('Harare', 'Nanded')",1,1
"Exactly 2 of the following cities are in Germany: Mersin, Bursa.",0,Germany,"('Bursa', 'Mersin')",2,0
"Exactly 2 of the following cities are in North Korea: Harbin, Hamhung.",0,North Korea,"('Hamhung', 'Harbin')",2,1
"Exactly 2 of the following cities are in Afghanistan: Lu'an, Antalya.",0,Afghanistan,"('Antalya', ""Lu'an"")",2,0
"Exactly 2 of the following cities are in Russia: Volgograd, Barnaul.",1,Russia,"('Barnaul', 'Volgograd')",2,2
"Exactly 1 of the following cities are in Japan: Aihara, Niigata.",0,Japan,"('Aihara', 'Niigata')",1,2
"Exactly 1 of the following cities are in Afghanistan: Mazar-e Sharif, Mar del Plata.",1,Afghanistan,"('Mar del Plata', 'Mazar-e Sharif')",1,1
"Exactly 0 of the following cities are in Yemen: Pretoria, Zhangjiakou.",1,Yemen,"('Pretoria', 'Zhangjiakou')",0,0
"Exactly 2 of the following cities are in Gabon: Koeln, Guilin.",0,Gabon,"('Guilin', 'Koeln')",2,0
"Exactly 2 of the following cities are in South Africa: Gqeberha, Benoni.",1,South Africa,"('Benoni', 'Gqeberha')",2,2
"Exactly 0 of the following cities are in Mongolia: Antalya, Anyang-si.",1,Mongolia,"('Antalya', 'Anyang-si')",0,0
"Exactly 2 of the following cities are in Croatia: Bishkek, Zagreb.",0,Croatia,"('Bishkek', 'Zagreb')",2,1
"Exactly 2 of the following cities are in Iraq: Al Mawsil al Jadidah, Nasiriyah.",1,Iraq,"('Al Mawsil al Jadidah', 'Nasiriyah')",2,2
"Exactly 1 of the following cities are in Morocco: Orumiyeh, Lubango.",0,Morocco,"('Lubango', 'Orumiyeh')",1,0
"Exactly 2 of the following cities are in Estonia: Huangshi, Anyang-si.",0,Estonia,"('Anyang-si', 'Huangshi')",2,0
"Exactly 0 of the following cities are in the Democratic Republic of the Congo: Binh Thanh, Bhopal.",1,the Democratic Republic of the Congo,"('Bhopal', 'Binh Thanh')",0,0
"Exactly 2 of the following cities are in Germany: Munich, Dortmund.",1,Germany,"('Dortmund', 'Munich')",2,2
"Exactly 0 of the following cities are in Russia: Samarkand, Tomsk.",0,Russia,"('Samarkand', 'Tomsk')",0,1
"Exactly 2 of the following cities are in Barbados: Aguascalientes, Xiaogan.",0,Barbados,"('Aguascalientes', 'Xiaogan')",2,0
"Exactly 1 of the following cities are in Tonga: Banjarmasin, Thu GJuc.",0,Tonga,"('Banjarmasin', 'Thu GJuc')",1,0
"Exactly 1 of the following cities are in Malta: Hiroshima, Adana.",0,Malta,"('Adana', 'Hiroshima')",1,0
"Exactly 1 of the following cities are in Hungary: Puducherry, Makassar.",0,Hungary,"('Makassar', 'Puducherry')",1,0
"Exactly 1 of the following cities are in Angola: Cucuta, Benguela.",1,Angola,"('Benguela', 'Cucuta')",1,1
"Exactly 1 of the following cities are in Guinea: Camayenne, Malingao.",1,Guinea,"('Camayenne', 'Malingao')",1,1
"Exactly 2 of the following cities are in Jamaica: Hezhou, Yerevan.",0,Jamaica,"('Hezhou', 'Yerevan')",2,0
"Exactly 0 of the following cities are in Seychelles: Edogawe, Yaroslavl.",1,Seychelles,"('Edogawe', 'Yaroslavl')",0,0
"Exactly 0 of the following cities are in Moldova: Kota Kinabalu, Chisinau.",0,Moldova,"('Chisinau', 'Kota Kinabalu')",0,1
"Exactly 0 of the following cities are in Togo: Lome, Shangyu.",0,Togo,"('Lome', 'Shangyu')",0,1
"Exactly 2 of the following cities are in the Democratic Republic of the Congo: Bukavu, Kinshasa.",1,the Democratic Republic of the Congo,"('Bukavu', 'Kinshasa')",2,2
"Exactly 2 of the following cities are in Saudi Arabia: Buraydah, Ha'il.",1,Saudi Arabia,"('Buraydah', ""Ha'il"")",2,2
"Exactly 1 of the following cities are in Cambodia: Changde, Yangon.",0,Cambodia,"('Changde', 'Yangon')",1,0
"Exactly 1 of the following cities are in Kenya: Madurai, Nakuru.",1,Kenya,"('Madurai', 'Nakuru')",1,1
"Exactly 2 of the following cities are in Liechtenstein: Foshan, Karachi.",0,Liechtenstein,"('Foshan', 'Karachi')",2,0
"Exactly 0 of the following cities are in Sri Lanka: Bouake, Gurugram.",1,Sri Lanka,"('Bouake', 'Gurugram')",0,0
"Exactly 2 of the following cities are in Chile: Hamamatsu, Calgary.",0,Chile,"('Calgary', 'Hamamatsu')",2,0
"Exactly 2 of the following cities are in Malaysia: Kota Kuala Muda, Pasir Gudang.",1,Malaysia,"('Kota Kuala Muda', 'Pasir Gudang')",2,2
"Exactly 0 of the following cities are in Yemen: Taiz, Ibb.",0,Yemen,"('Ibb', 'Taiz')",0,2
"Exactly 1 of the following cities are in Saint Vincent and the Grenadines: Stockholm, Ouagadougou.",0,Saint Vincent and the Grenadines,"('Ouagadougou', 'Stockholm')",1,0
"Exactly 2 of the following cities are in Angola: Hanzhong, Cabinda.",0,Angola,"('Cabinda', 'Hanzhong')",2,1
"Exactly 2 of the following cities are in Kuwait: Assiut, Cheongju-si.",0,Kuwait,"('Assiut', 'Cheongju-si')",2,0
"Exactly 1 of the following cities are in South Africa: Thembisa, Dehradun.",1,South Africa,"('Dehradun', 'Thembisa')",1,1
"Exactly 2 of the following cities are in Kuwait: Zhongwei, Kryvyy Rih.",0,Kuwait,"('Kryvyy Rih', 'Zhongwei')",2,0
"Exactly 2 of the following cities are in the Philippines: Taguig, Budta.",1,the Philippines,"('Budta', 'Taguig')",2,2
"Exactly 0 of the following cities are in Saudi Arabia: Ta'if, Foshan.",0,Saudi Arabia,"('Foshan', ""Ta'if"")",0,1
"Exactly 2 of the following cities are in San Marino: Hlaingthaya, Tlalpan.",0,San Marino,"('Hlaingthaya', 'Tlalpan')",2,0
"Exactly 1 of the following cities are in Tunisia: Mexico City, Uberlandia.",0,Tunisia,"('Mexico City', 'Uberlandia')",1,0
"Exactly 0 of the following cities are in Malaysia: Kobe, Jambi City.",1,Malaysia,"('Jambi City', 'Kobe')",0,0
"Exactly 2 of the following cities are in Belarus: Perm, Guilin.",0,Belarus,"('Guilin', 'Perm')",2,0
"Exactly 2 of the following cities are in Mongolia: Ulan Bator, Tianshui.",0,Mongolia,"('Tianshui', 'Ulan Bator')",2,1
"Exactly 2 of the following cities are in Brazil: Sorocaba, Teresina.",1,Brazil,"('Sorocaba', 'Teresina')",2,2
"Exactly 2 of the following cities are in Laos: Vientiane, Homyel'.",0,Laos,"(""Homyel'"", 'Vientiane')",2,1
"Exactly 1 of the following cities are in Nigeria: Ajegunle, Calabar.",0,Nigeria,"('Ajegunle', 'Calabar')",1,2
"Exactly 1 of the following cities are in the Dominican Republic: Serang, Santo Domingo Oeste.",1,the Dominican Republic,"('Santo Domingo Oeste', 'Serang')",1,1
"Exactly 2 of the following cities are in Uruguay: Dongying, Makkah.",0,Uruguay,"('Dongying', 'Makkah')",2,0
"Exactly 2 of the following cities are in Armenia: E'zhou, Rajshahi.",0,Armenia,"(""E'zhou"", 'Rajshahi')",2,0
"Exactly 1 of the following cities are in Croatia: Tlaquepaque, Zagreb.",1,Croatia,"('Tlaquepaque', 'Zagreb')",1,1
"Exactly 0 of the following cities are in Finland: Nanded, Dharavi.",1,Finland,"('Dharavi', 'Nanded')",0,0
"Exactly 1 of the following cities are in Burkina Faso: Mosul, Bobo-Dioulasso.",1,Burkina Faso,"('Bobo-Dioulasso', 'Mosul')",1,1
"Exactly 2 of the following cities are in the Czech Republic: Aparecida de Goiania, Helsinki.",0,the Czech Republic,"('Aparecida de Goiania', 'Helsinki')",2,0
"Exactly 0 of the following cities are in Hungary: Ile-Ife, Tijuana.",1,Hungary,"('Ile-Ife', 'Tijuana')",0,0
"Exactly 0 of the following cities are in Mozambique: Matola, Tasikmalaya.",0,Mozambique,"('Matola', 'Tasikmalaya')",0,1
"Exactly 1 of the following cities are in Jordan: Mysuru, Irbid.",1,Jordan,"('Irbid', 'Mysuru')",1,1
"Exactly 1 of the following cities are in Qatar: Dodoma, Mudanjiang.",0,Qatar,"('Dodoma', 'Mudanjiang')",1,0
"Exactly 1 of the following cities are in Mauritania: Bareilly, Nouakchott.",1,Mauritania,"('Bareilly', 'Nouakchott')",1,1
"Exactly 0 of the following cities are in Belarus: Minsk, Homyel'.",0,Belarus,"(""Homyel'"", 'Minsk')",0,2
"Exactly 1 of the following cities are in the United States: Guigang, New South Memphis.",1,the United States,"('Guigang', 'New South Memphis')",1,1
"Exactly 1 of the following cities are in Sudan: Omdurman, Khartoum North.",0,Sudan,"('Khartoum North', 'Omdurman')",1,2
"Exactly 1 of the following cities are in Thailand: Suginami, Budta.",0,Thailand,"('Budta', 'Suginami')",1,0
"Exactly 0 of the following cities are in Ukraine: Sevastopol, Odesa.",0,Ukraine,"('Odesa', 'Sevastopol')",0,2
"Exactly 1 of the following cities are in Poland: Kunming, Wroclaw.",1,Poland,"('Kunming', 'Wroclaw')",1,1
"Exactly 1 of the following cities are in Germany: Hannover, Omdurman.",1,Germany,"('Hannover', 'Omdurman')",1,1
"Exactly 2 of the following cities are in Cyprus: Katsina, Yaounde.",0,Cyprus,"('Katsina', 'Yaounde')",2,0
"Exactly 0 of the following cities are in Thailand: Hohhot, Bangkok.",0,Thailand,"('Bangkok', 'Hohhot')",0,1
"Exactly 0 of the following cities are in Tanzania: Ecatepec de Morelos, Mbeya.",0,Tanzania,"('Ecatepec de Morelos', 'Mbeya')",0,1
"Exactly 2 of the following cities are in the Philippines: Las Pinas, Zamboanga.",1,the Philippines,"('Las Pinas', 'Zamboanga')",2,2
"Exactly 2 of the following cities are in Malaysia: Ipoh, Kota Kinabalu.",1,Malaysia,"('Ipoh', 'Kota Kinabalu')",2,2
"Exactly 2 of the following cities are in South Korea: Cheonan, Ulsan.",1,South Korea,"('Cheonan', 'Ulsan')",2,2
"Exactly 1 of the following cities are in Chile: Puente Alto, Utsunomiya.",1,Chile,"('Puente Alto', 'Utsunomiya')",1,1
"Exactly 2 of the following cities are in Benin: Tiruppur, Sokoto.",0,Benin,"('Sokoto', 'Tiruppur')",2,0
"Exactly 2 of the following cities are in Afghanistan: Mazar-e Sharif, Rizhao.",0,Afghanistan,"('Mazar-e Sharif', 'Rizhao')",2,1
"Exactly 1 of the following cities are in Kazakhstan: Perm, Ulhasnagar.",0,Kazakhstan,"('Perm', 'Ulhasnagar')",1,0
"Exactly 1 of the following cities are in India: Arusha, Najafgarh.",1,India,"('Arusha', 'Najafgarh')",1,1
"Exactly 2 of the following cities are in Tonga: Najran, Kakamega.",0,Tonga,"('Kakamega', 'Najran')",2,0
"Exactly 0 of the following cities are in Mongolia: Ulan Bator, Zapopan.",0,Mongolia,"('Ulan Bator', 'Zapopan')",0,1
"Exactly 1 of the following cities are in Germany: Jos, Kanpur.",0,Germany,"('Jos', 'Kanpur')",1,0
"Exactly 0 of the following cities are in the Dominican Republic: Owerri, Dammam.",1,the Dominican Republic,"('Dammam', 'Owerri')",0,0
"Exactly 2 of the following cities are in Japan: Adachi, Kagoshima.",1,Japan,"('Adachi', 'Kagoshima')",2,2
"Exactly 1 of the following cities are in Australia: Muntinlupa, Madurai.",0,Australia,"('Madurai', 'Muntinlupa')",1,0
"Exactly 1 of the following cities are in Austria: Niteroi, Hamadan.",0,Austria,"('Hamadan', 'Niteroi')",1,0
"Exactly 0 of the following cities are in Syria: Latakia, Santo Domingo Oeste.",0,Syria,"('Latakia', 'Santo Domingo Oeste')",0,1
"Exactly 0 of the following cities are in Yemen: Zarqa, Benguela.",1,Yemen,"('Benguela', 'Zarqa')",0,0
"Exactly 0 of the following cities are in Yemen: Mukalla, Aden.",0,Yemen,"('Aden', 'Mukalla')",0,2
"Exactly 0 of the following cities are in Estonia: Chiclayo, Islamabad.",1,Estonia,"('Chiclayo', 'Islamabad')",0,0
"Exactly 2 of the following cities are in the Philippines: Taguig, Caloocan.",1,the Philippines,"('Caloocan', 'Taguig')",2,2
"Exactly 1 of the following cities are in China: Weinan, Thu GJuc.",1,China,"('Thu GJuc', 'Weinan')",1,1
"Exactly 1 of the following cities are in Mali: Dammam, Faridabad.",0,Mali,"('Dammam', 'Faridabad')",1,0
"Exactly 2 of the following cities are in the Democratic Republic of the Congo: Kinshasa, Kananga.",1,the Democratic Republic of the Congo,"('Kananga', 'Kinshasa')",2,2
"Exactly 2 of the following cities are in the United States: Chicago, New York City.",1,the United States,"('Chicago', 'New York City')",2,2
"Exactly 2 of the following cities are in Russia: Rostov-on-Don, Nizhniy Novgorod.",1,Russia,"('Nizhniy Novgorod', 'Rostov-on-Don')",2,2
"Exactly 0 of the following cities are in Saint Vincent and the Grenadines: Vadodara, Hue.",1,Saint Vincent and the Grenadines,"('Hue', 'Vadodara')",0,0
"Exactly 1 of the following cities are in Thailand: Bangkok, Xingtai.",1,Thailand,"('Bangkok', 'Xingtai')",1,1
"Exactly 0 of the following cities are in Belarus: Ar Raqqah, Minsk.",0,Belarus,"('Ar Raqqah', 'Minsk')",0,1
"Exactly 2 of the following cities are in the Democratic Republic of the Congo: Kinshasa, Kikwit.",1,the Democratic Republic of the Congo,"('Kikwit', 'Kinshasa')",2,2
"Exactly 1 of the following cities are in Bulgaria: Nanjing, Sofia.",1,Bulgaria,"('Nanjing', 'Sofia')",1,1
"Exactly 0 of the following cities are in Denmark: Nha Trang, Tiruppur.",1,Denmark,"('Nha Trang', 'Tiruppur')",0,0
"Exactly 2 of the following cities are in Cambodia: General Santos, Gwalior.",0,Cambodia,"('General Santos', 'Gwalior')",2,0
"Exactly 2 of the following cities are in Angola: Setagaya, Nairobi.",0,Angola,"('Nairobi', 'Setagaya')",2,0
"Exactly 1 of the following cities are in Colombia: Barranquilla, Bishkek.",1,Colombia,"('Barranquilla', 'Bishkek')",1,1
"Exactly 1 of the following cities are in Panama: Nellore, Ra's Bayrut.",0,Panama,"('Nellore', ""Ra's Bayrut"")",1,0
"Exactly 1 of the following cities are in Burundi: Almaty, Bujumbura.",1,Burundi,"('Almaty', 'Bujumbura')",1,1
"Exactly 1 of the following cities are in Kazakhstan: Shymkent, Aktobe.",0,Kazakhstan,"('Aktobe', 'Shymkent')",1,2
"Exactly 0 of the following cities are in Pakistan: Ipoh, Guigang.",1,Pakistan,"('Guigang', 'Ipoh')",0,0
"Exactly 2 of the following cities are in Paraguay: Muscat, Bulawayo.",0,Paraguay,"('Bulawayo', 'Muscat')",2,0
"Exactly 1 of the following cities are in Côte d'Ivoire: Abobo, Xingtai.",1,Côte d'Ivoire,"('Abobo', 'Xingtai')",1,1
"Exactly 1 of the following cities are in Indonesia: Setagaya, Nizhniy Novgorod.",0,Indonesia,"('Nizhniy Novgorod', 'Setagaya')",1,0
"Exactly 2 of the following cities are in Bangladesh: Rangpur, Chattogram.",1,Bangladesh,"('Chattogram', 'Rangpur')",2,2
"Exactly 2 of the following cities are in Saudi Arabia: Najran, Ha'il.",1,Saudi Arabia,"(""Ha'il"", 'Najran')",2,2
"Exactly 1 of the following cities are in Nigeria: Nairobi, Kaduna.",1,Nigeria,"('Kaduna', 'Nairobi')",1,1
"Exactly 1 of the following cities are in Germany: Dortmund, Ulanqab.",1,Germany,"('Dortmund', 'Ulanqab')",1,1
"Exactly 0 of the following cities are in New Zealand: Carrefour, Auckland.",0,New Zealand,"('Auckland', 'Carrefour')",0,1
"Exactly 2 of the following cities are in Brazil: Bannu, Bengbu.",0,Brazil,"('Bannu', 'Bengbu')",2,0
"Exactly 2 of the following cities are in Tunisia: Malatya, Tokyo.",0,Tunisia,"('Malatya', 'Tokyo')",2,0
"Exactly 1 of the following cities are in Venezuela: Bengaluru, Ribeirao Preto.",0,Venezuela,"('Bengaluru', 'Ribeirao Preto')",1,0
"Exactly 2 of the following cities are in South Africa: Gqeberha, Soweto.",1,South Africa,"('Gqeberha', 'Soweto')",2,2
"Exactly 0 of the following cities are in Guatemala: Huainan, Luancheng.",1,Guatemala,"('Huainan', 'Luancheng')",0,0
"Exactly 0 of the following cities are in Spain: Nasiriyah, Aguascalientes.",1,Spain,"('Aguascalientes', 'Nasiriyah')",0,0
"Exactly 0 of the following cities are in Turkey: Istanbul, Esenyurt.",0,Turkey,"('Esenyurt', 'Istanbul')",0,2
"Exactly 0 of the following cities are in Burundi: Rostov-on-Don, Rui'an.",1,Burundi,"('Rostov-on-Don', ""Rui'an"")",0,0
"Exactly 0 of the following cities are in Azerbaijan: Prayagraj, Shizuoka.",1,Azerbaijan,"('Prayagraj', 'Shizuoka')",0,0
"Exactly 2 of the following cities are in Russia: Kemerovo, Ufa.",1,Russia,"('Kemerovo', 'Ufa')",2,2
"Exactly 0 of the following cities are in New Zealand: Hangzhou, Auckland.",0,New Zealand,"('Auckland', 'Hangzhou')",0,1
"Exactly 1 of the following cities are in Turkmenistan: Jilin, Ashgabat.",1,Turkmenistan,"('Ashgabat', 'Jilin')",1,1
"Exactly 1 of the following cities are in Mozambique: Nampula, Khabarovsk.",1,Mozambique,"('Khabarovsk', 'Nampula')",1,1
"Exactly 1 of the following cities are in Palau: Kanayannur, Wuwei.",0,Palau,"('Kanayannur', 'Wuwei')",1,0
"Exactly 0 of the following cities are in the Philippines: Sholapur, Barranquilla.",1,the Philippines,"('Barranquilla', 'Sholapur')",0,0
"Exactly 1 of the following cities are in the Democratic Republic of the Congo: Kikwit, Dongying.",1,the Democratic Republic of the Congo,"('Dongying', 'Kikwit')",1,1
"Exactly 2 of the following cities are in the Philippines: Las Pinas, Caloocan.",1,the Philippines,"('Caloocan', 'Las Pinas')",2,2
"Exactly 1 of the following cities are in Kazakhstan: Zhangjiakou, Ulan Bator.",0,Kazakhstan,"('Ulan Bator', 'Zhangjiakou')",1,0
"Exactly 1 of the following cities are in Kyrgyzstan: Bishkek, Guarulhos.",1,Kyrgyzstan,"('Bishkek', 'Guarulhos')",1,1
"Exactly 2 of the following cities are in Indonesia: Balikpapan, Tasikmalaya.",1,Indonesia,"('Balikpapan', 'Tasikmalaya')",2,2
"Exactly 0 of the following cities are in India: San Pedro Sula, Uberlandia.",1,India,"('San Pedro Sula', 'Uberlandia')",0,0
"Exactly 0 of the following cities are in Nigeria: Warri, Johor Bahru.",0,Nigeria,"('Johor Bahru', 'Warri')",0,1
"Exactly 0 of the following cities are in Serbia: Chicago, Acapulco de Juarez.",1,Serbia,"('Acapulco de Juarez', 'Chicago')",0,0
"Exactly 1 of the following cities are in Burkina Faso: Bobo-Dioulasso, Pikine.",1,Burkina Faso,"('Bobo-Dioulasso', 'Pikine')",1,1
"Exactly 0 of the following cities are in Cameroon: Yaounde, Douala.",0,Cameroon,"('Douala', 'Yaounde')",0,2
"Exactly 0 of the following cities are in Venezuela: Indore, Anqing.",1,Venezuela,"('Anqing', 'Indore')",0,0
"Exactly 1 of the following cities are in Iraq: Al Basrah al Qadimah, Bien Hoa.",1,Iraq,"('Al Basrah al Qadimah', 'Bien Hoa')",1,1
"Exactly 2 of the following cities are in Indonesia: Jambi City, Bandar Lampung.",1,Indonesia,"('Bandar Lampung', 'Jambi City')",2,2
"Exactly 2 of the following cities are in Australia: Gold Coast, Jalandhar.",0,Australia,"('Gold Coast', 'Jalandhar')",2,1
"Exactly 0 of the following cities are in Colombia: Pekanbaru, Zhangye.",1,Colombia,"('Pekanbaru', 'Zhangye')",0,0
"Exactly 1 of the following cities are in Dominica: Qom, Evaton.",0,Dominica,"('Evaton', 'Qom')",1,0
"Exactly 0 of the following cities are in Uganda: Bishkek, Tokyo.",1,Uganda,"('Bishkek', 'Tokyo')",0,0
"Exactly 1 of the following cities are in South Korea: Izhevsk, Madinah.",0,South Korea,"('Izhevsk', 'Madinah')",1,0
"Exactly 0 of the following cities are in Germany: Munich, Koeln.",0,Germany,"('Koeln', 'Munich')",0,2
"Exactly 1 of the following cities are in Sudan: Khartoum North, Fushun.",1,Sudan,"('Fushun', 'Khartoum North')",1,1
"Exactly 2 of the following cities are in Samoa: Cheongju-si, Al Ahmadi.",0,Samoa,"('Al Ahmadi', 'Cheongju-si')",2,0
"Exactly 2 of the following cities are in Canada: Mengzi, Gqeberha.",0,Canada,"('Gqeberha', 'Mengzi')",2,0
"Exactly 2 of the following cities are in Iceland: Ningbo, Nashik.",0,Iceland,"('Nashik', 'Ningbo')",2,0
"Exactly 0 of the following cities are in Iraq: Al Basrah al Qadimah, Erbil.",0,Iraq,"('Al Basrah al Qadimah', 'Erbil')",0,2
"Exactly 2 of the following cities are in Estonia: Longyan, Barnaul.",0,Estonia,"('Barnaul', 'Longyan')",2,0
"Exactly 0 of the following cities are in Uganda: Lanzhou, Enugu.",1,Uganda,"('Enugu', 'Lanzhou')",0,0
"Exactly 2 of the following cities are in Poland: Krakow, Indore.",0,Poland,"('Indore', 'Krakow')",2,1
"Exactly 1 of the following cities are in Germany: Koeln, Ipoh.",1,Germany,"('Ipoh', 'Koeln')",1,1
"Exactly 2 of the following cities are in India: Guwahati, Nagpur.",1,India,"('Guwahati', 'Nagpur')",2,2
"Exactly 0 of the following cities are in Japan: Suginami, Jilin.",0,Japan,"('Jilin', 'Suginami')",0,1
"Exactly 2 of the following cities are in Eritrea: Asmara, Aqsu.",0,Eritrea,"('Aqsu', 'Asmara')",2,1
"Exactly 0 of the following cities are in Portugal: Esenyurt, Port Harcourt.",1,Portugal,"('Esenyurt', 'Port Harcourt')",0,0
"Exactly 0 of the following cities are in Kenya: Kakamega, Mombasa.",0,Kenya,"('Kakamega', 'Mombasa')",0,2
"Exactly 2 of the following cities are in Mauritania: Cheonan, Nouakchott.",0,Mauritania,"('Cheonan', 'Nouakchott')",2,1
"Exactly 0 of the following cities are in Angola: Kikolo, Cabinda.",0,Angola,"('Cabinda', 'Kikolo')",0,2
"Exactly 1 of the following cities are in Uzbekistan: Andijon, Lahore.",1,Uzbekistan,"('Andijon', 'Lahore')",1,1
"Exactly 2 of the following cities are in Colombia: Soacha, Ibague.",1,Colombia,"('Ibague', 'Soacha')",2,2
"Exactly 1 of the following cities are in Luxembourg: Dera Ismail Khan, Orenburg.",0,Luxembourg,"('Dera Ismail Khan', 'Orenburg')",1,0
"Exactly 0 of the following cities are in Iran: Ilorin, Orumiyeh.",0,Iran,"('Ilorin', 'Orumiyeh')",0,1
"Exactly 2 of the following cities are in Malaysia: Subang Jaya, Pasir Gudang.",1,Malaysia,"('Pasir Gudang', 'Subang Jaya')",2,2
"Exactly 0 of the following cities are in Poland: Kashgar, Krakow.",0,Poland,"('Kashgar', 'Krakow')",0,1
"Exactly 0 of the following cities are in Colombia: Okara, Barranquilla.",0,Colombia,"('Barranquilla', 'Okara')",0,1
"Exactly 2 of the following cities are in Cambodia: Phnom Penh, Yangon.",0,Cambodia,"('Phnom Penh', 'Yangon')",2,1
"Exactly 2 of the following cities are in Japan: Himeji, Hiroshima.",1,Japan,"('Himeji', 'Hiroshima')",2,2
"Exactly 0 of the following cities are in Singapore: Bucaramanga, Jinan.",1,Singapore,"('Bucaramanga', 'Jinan')",0,0
"Exactly 0 of the following cities are in Senegal: Dakar, Bagcilar.",0,Senegal,"('Bagcilar', 'Dakar')",0,1
"Exactly 1 of the following cities are in Rwanda: Bucheon-si, Arusha.",0,Rwanda,"('Arusha', 'Bucheon-si')",1,0
"Exactly 2 of the following cities are in Syria: Ar Raqqah, Bucharest.",0,Syria,"('Ar Raqqah', 'Bucharest')",2,1
"Exactly 1 of the following cities are in Sudan: Nyala, Ziyang.",1,Sudan,"('Nyala', 'Ziyang')",1,1
"Exactly 1 of the following cities are in Switzerland: Bokaro, Aracaju.",0,Switzerland,"('Aracaju', 'Bokaro')",1,0
"Exactly 1 of the following cities are in North Korea: Taicang, Hamhung.",1,North Korea,"('Hamhung', 'Taicang')",1,1
"Exactly 0 of the following cities are in India: Jamnagar, Ankara.",0,India,"('Ankara', 'Jamnagar')",0,1
"Exactly 1 of the following cities are in Kazakhstan: Aktobe, Astana.",0,Kazakhstan,"('Aktobe', 'Astana')",1,2
"Exactly 0 of the following cities are in Lithuania: Onitsha, Vilnius.",0,Lithuania,"('Onitsha', 'Vilnius')",0,1
"Exactly 0 of the following cities are in Saint Kitts and Nevis: Jamshedpur, Sorocaba.",1,Saint Kitts and Nevis,"('Jamshedpur', 'Sorocaba')",0,0
"Exactly 2 of the following cities are in the United States: Queens, New South Memphis.",1,the United States,"('New South Memphis', 'Queens')",2,2
"Exactly 1 of the following cities are in Oman: Muscat, Kayseri.",1,Oman,"('Kayseri', 'Muscat')",1,1
"Exactly 2 of the following cities are in Bangladesh: Shaoguan, Rangpur.",0,Bangladesh,"('Rangpur', 'Shaoguan')",2,1
"Exactly 0 of the following cities are in Belarus: Bannu, Dombivali.",1,Belarus,"('Bannu', 'Dombivali')",0,0
"Exactly 1 of the following cities are in Croatia: Zagreb, The Bronx.",1,Croatia,"('The Bronx', 'Zagreb')",1,1
"Exactly 0 of the following cities are in Russia: Yekaterinburg, Nizhniy Novgorod.",0,Russia,"('Nizhniy Novgorod', 'Yekaterinburg')",0,2
"Exactly 1 of the following cities are in Kuwait: Al Ahmadi, Kitakyushu.",1,Kuwait,"('Al Ahmadi', 'Kitakyushu')",1,1
"Exactly 2 of the following cities are in Iran: Batam, Kemerovo.",0,Iran,"('Batam', 'Kemerovo')",2,0
"Exactly 1 of the following cities are in Azerbaijan: Tangerang, Sultanah.",0,Azerbaijan,"('Sultanah', 'Tangerang')",1,0
"Exactly 0 of the following cities are in South Korea: Goyang-si, Busan.",0,South Korea,"('Busan', 'Goyang-si')",0,2
"Exactly 0 of the following cities are in Germany: Sanaa, Aden.",1,Germany,"('Aden', 'Sanaa')",0,0
"Exactly 0 of the following cities are in Paraguay: Kitwe, Auckland.",1,Paraguay,"('Auckland', 'Kitwe')",0,0
"Exactly 1 of the following cities are in Algeria: Algiers, Sanya.",1,Algeria,"('Algiers', 'Sanya')",1,1
"Exactly 0 of the following cities are in Poland: Al Hudaydah, Lodz.",0,Poland,"('Al Hudaydah', 'Lodz')",0,1
"Exactly 0 of the following cities are in Angola: Lubango, Cuiaba.",0,Angola,"('Cuiaba', 'Lubango')",0,1
"Exactly 2 of the following cities are in Sao Tome and Principe: Dushanbe, Rio de Janeiro.",0,Sao Tome and Principe,"('Dushanbe', 'Rio de Janeiro')",2,0
"Exactly 2 of the following cities are in the Philippines: Makati City, Pasig City.",1,the Philippines,"('Makati City', 'Pasig City')",2,2
"Exactly 1 of the following cities are in Iran: Tabriz, Tehran.",0,Iran,"('Tabriz', 'Tehran')",1,2
"Exactly 0 of the following cities are in Iraq: New South Memphis, Zanzibar.",1,Iraq,"('New South Memphis', 'Zanzibar')",0,0
"Exactly 0 of the following cities are in Côte d'Ivoire: Benguela, Xianning.",1,Côte d'Ivoire,"('Benguela', 'Xianning')",0,0
"Exactly 0 of the following cities are in Mozambique: Nampula, Muscat.",0,Mozambique,"('Muscat', 'Nampula')",0,1
"Exactly 2 of the following cities are in Côte d'Ivoire: Niamey, Abobo.",0,Côte d'Ivoire,"('Abobo', 'Niamey')",2,1
"Exactly 0 of the following cities are in Germany: Hannover, Ajmer.",0,Germany,"('Ajmer', 'Hannover')",0,1
"Exactly 1 of the following cities are in Yemen: Muzaffarabad, Taiz.",1,Yemen,"('Muzaffarabad', 'Taiz')",1,1
"Exactly 0 of the following cities are in Guinea: Jamshedpur, Xuancheng.",1,Guinea,"('Jamshedpur', 'Xuancheng')",0,0
"Exactly 2 of the following cities are in Venezuela: Kikwit, Maracaibo.",0,Venezuela,"('Kikwit', 'Maracaibo')",2,1
"Exactly 0 of the following cities are in Bosnia and Herzegovina: Izmir, Sarajevo.",0,Bosnia and Herzegovina,"('Izmir', 'Sarajevo')",0,1
"Exactly 0 of the following cities are in the Czech Republic: Copenhagen, Xuchang.",1,the Czech Republic,"('Copenhagen', 'Xuchang')",0,0
"Exactly 0 of the following cities are in Poland: Songjiang, Lodz.",0,Poland,"('Lodz', 'Songjiang')",0,1
"Exactly 2 of the following cities are in Colombia: Soacha, Bucaramanga.",1,Colombia,"('Bucaramanga', 'Soacha')",2,2
"Exactly 0 of the following cities are in Germany: Pekanbaru, Frankfurt am Main.",0,Germany,"('Frankfurt am Main', 'Pekanbaru')",0,1
"Exactly 2 of the following cities are in Argentina: San Miguel de Tucuman, Salta.",1,Argentina,"('Salta', 'San Miguel de Tucuman')",2,2
"Exactly 0 of the following cities are in Malaysia: Bukit Rahman Putra, Sungai Petani.",0,Malaysia,"('Bukit Rahman Putra', 'Sungai Petani')",0,2
"Exactly 0 of the following cities are in Poland: Kuala Lumpur, Fes.",1,Poland,"('Fes', 'Kuala Lumpur')",0,0
"Exactly 2 of the following cities are in Cambodia: Longyan, Wuzhong.",0,Cambodia,"('Longyan', 'Wuzhong')",2,0
"Exactly 2 of the following cities are in Venezuela: Maturin, Tiruchirappalli.",0,Venezuela,"('Maturin', 'Tiruchirappalli')",2,1
"Exactly 1 of the following cities are in Canada: Winnipeg, Calgary.",0,Canada,"('Calgary', 'Winnipeg')",1,2
"Exactly 2 of the following cities are in Canada: Dharavi, Mississauga.",0,Canada,"('Dharavi', 'Mississauga')",2,1
"Exactly 1 of the following cities are in Bangladesh: Rasapudipalem, Comilla.",1,Bangladesh,"('Comilla', 'Rasapudipalem')",1,1
"Exactly 1 of the following cities are in Namibia: Ta'if, Jieyang.",0,Namibia,"('Jieyang', ""Ta'if"")",1,0
"Exactly 0 of the following cities are in Algeria: Guwahati, Nampula.",1,Algeria,"('Guwahati', 'Nampula')",0,0
"Exactly 0 of the following cities are in Ghana: Kumasi, Jiaxing.",0,Ghana,"('Jiaxing', 'Kumasi')",0,1
"Exactly 0 of the following cities are in Bolivia: Shaoxing, Hefei.",1,Bolivia,"('Hefei', 'Shaoxing')",0,0
"Exactly 0 of the following cities are in Mauritania: Ordos, Assiut.",1,Mauritania,"('Assiut', 'Ordos')",0,0
"Exactly 2 of the following cities are in China: Langfang, Shangrao.",1,China,"('Langfang', 'Shangrao')",2,2
"Exactly 2 of the following cities are in Malawi: Xianyang, Puxi.",0,Malawi,"('Puxi', 'Xianyang')",2,0
"Exactly 0 of the following cities are in Syria: Maracaibo, Bannu.",1,Syria,"('Bannu', 'Maracaibo')",0,0
"Exactly 1 of the following cities are in the Dominican Republic: Santo Domingo Oeste, Tianjin.",1,the Dominican Republic,"('Santo Domingo Oeste', 'Tianjin')",1,1
"Exactly 1 of the following cities are in Kyrgyzstan: Bishkek, Ipoh.",1,Kyrgyzstan,"('Bishkek', 'Ipoh')",1,1
"Exactly 0 of the following cities are in Romania: Bucharest, Jiangmen.",0,Romania,"('Bucharest', 'Jiangmen')",0,1
"Exactly 0 of the following cities are in Malaysia: Pelentong, Ipoh.",0,Malaysia,"('Ipoh', 'Pelentong')",0,2
"Exactly 2 of the following cities are in Ethiopia: Mengzi, Libreville.",0,Ethiopia,"('Libreville', 'Mengzi')",2,0
"Exactly 0 of the following cities are in Germany: Izmir, Kanpur.",1,Germany,"('Izmir', 'Kanpur')",0,0
"Exactly 1 of the following cities are in North Korea: Pyongyang, Warri.",1,North Korea,"('Pyongyang', 'Warri')",1,1
"Exactly 0 of the following cities are in Albania: New Kingston, Callao.",1,Albania,"('Callao', 'New Kingston')",0,0
"Exactly 0 of the following cities are in Poland: Lueliang, Aleppo.",1,Poland,"('Aleppo', 'Lueliang')",0,0
"Exactly 2 of the following cities are in Russia: Krasnoyarsk, Tirunelveli.",0,Russia,"('Krasnoyarsk', 'Tirunelveli')",2,1
"Exactly 2 of the following cities are in Equatorial Guinea: Santiago de Queretaro, Xianyang.",0,Equatorial Guinea,"('Santiago de Queretaro', 'Xianyang')",2,0
"Exactly 2 of the following cities are in Venezuela: Palembang, Longyan.",0,Venezuela,"('Longyan', 'Palembang')",2,0
"Exactly 1 of the following cities are in Côte d'Ivoire: Qui Nhon, Ra's Bayrut.",0,Côte d'Ivoire,"('Qui Nhon', ""Ra's Bayrut"")",1,0
"Exactly 1 of the following cities are in Hungary: Benguela, Budapest.",1,Hungary,"('Benguela', 'Budapest')",1,1
"Exactly 2 of the following cities are in Sudan: Khartoum, Ananindeua.",0,Sudan,"('Ananindeua', 'Khartoum')",2,1
"Exactly 1 of the following cities are in Palau: Pelentong, Kalyan.",0,Palau,"('Kalyan', 'Pelentong')",1,0
"Exactly 2 of the following cities are in Russia: Yaroslavl, Chelyabinsk.",1,Russia,"('Chelyabinsk', 'Yaroslavl')",2,2
"Exactly 0 of the following cities are in Thailand: Weinan, Sanming.",1,Thailand,"('Sanming', 'Weinan')",0,0
"Exactly 0 of the following cities are in Uruguay: Kinshasa, Caracas.",1,Uruguay,"('Caracas', 'Kinshasa')",0,0
"Exactly 2 of the following cities are in India: Nellore, Nowrangapur.",1,India,"('Nellore', 'Nowrangapur')",2,2
"Exactly 0 of the following cities are in Lesotho: Pune, Jajmau.",1,Lesotho,"('Jajmau', 'Pune')",0,0
"Exactly 2 of the following cities are in Iran: Qom, Tabriz.",1,Iran,"('Qom', 'Tabriz')",2,2
"Exactly 1 of the following cities are in Uzbekistan: Nuremberg, Rui'an.",0,Uzbekistan,"('Nuremberg', ""Rui'an"")",1,0
"Exactly 0 of the following cities are in Moldova: Tlaquepaque, Yingkou.",1,Moldova,"('Tlaquepaque', 'Yingkou')",0,0
"Exactly 1 of the following cities are in Australia: Visakhapatnam, Gold Coast.",1,Australia,"('Gold Coast', 'Visakhapatnam')",1,1
"Exactly 2 of the following cities are in Tuvalu: Erode, Rajshahi.",0,Tuvalu,"('Erode', 'Rajshahi')",2,0
"Exactly 2 of the following cities are in the Democratic Republic of the Congo: Kisangani, Kikwit.",1,the Democratic Republic of the Congo,"('Kikwit', 'Kisangani')",2,2
"Exactly 0 of the following cities are in Kuwait: Nansana, Al Ahmadi.",0,Kuwait,"('Al Ahmadi', 'Nansana')",0,1
"Exactly 2 of the following cities are in Sri Lanka: Xuzhou, Putian.",0,Sri Lanka,"('Putian', 'Xuzhou')",2,0
"Exactly 1 of the following cities are in Yemen: Serang, Changwon.",0,Yemen,"('Changwon', 'Serang')",1,0
"Exactly 1 of the following cities are in Saudi Arabia: Yaroslavl, Ha'il.",1,Saudi Arabia,"(""Ha'il"", 'Yaroslavl')",1,1
"Exactly 1 of the following cities are in Argentina: Recife, Nagpur.",0,Argentina,"('Nagpur', 'Recife')",1,0
"Exactly 1 of the following cities are in Chad: Shantou, N'Djamena.",1,Chad,"(""N'Djamena"", 'Shantou')",1,1
"Exactly 0 of the following cities are in the Maldives: Mexico City, Hlaingthaya.",1,the Maldives,"('Hlaingthaya', 'Mexico City')",0,0
"Exactly 1 of the following cities are in Sweden: Stockholm, Sorocaba.",1,Sweden,"('Sorocaba', 'Stockholm')",1,1
"Exactly 0 of the following cities are in Myanmar: Nay Pyi Taw, Yangon.",0,Myanmar,"('Nay Pyi Taw', 'Yangon')",0,2
"Exactly 1 of the following cities are in Myanmar: Bien Hoa, Phnom Penh.",0,Myanmar,"('Bien Hoa', 'Phnom Penh')",1,0
"Exactly 1 of the following cities are in Malaysia: Seattle, Budta.",0,Malaysia,"('Budta', 'Seattle')",1,0
"Exactly 2 of the following cities are in the Philippines: Taguig, Muntinlupa.",1,the Philippines,"('Muntinlupa', 'Taguig')",2,2
"Exactly 2 of the following cities are in Thailand: Bangkok, Calgary.",0,Thailand,"('Bangkok', 'Calgary')",2,1
"Exactly 2 of the following cities are in Mexico: Tiruchirappalli, Ilorin.",0,Mexico,"('Ilorin', 'Tiruchirappalli')",2,0
"Exactly 2 of the following cities are in Vanuatu: Guang'an, Vladivostok.",0,Vanuatu,"(""Guang'an"", 'Vladivostok')",2,0
"Exactly 1 of the following cities are in Nepal: Kathmandu, Jiangmen.",1,Nepal,"('Jiangmen', 'Kathmandu')",1,1
"Exactly 2 of the following cities are in Tanzania: Mbeya, Dodoma.",1,Tanzania,"('Dodoma', 'Mbeya')",2,2
"Exactly 2 of the following cities are in South Korea: Hwaseong-si, Jeonju.",1,South Korea,"('Hwaseong-si', 'Jeonju')",2,2
"Exactly 0 of the following cities are in Sao Tome and Principe: Kitwe, Sanming.",1,Sao Tome and Principe,"('Kitwe', 'Sanming')",0,0
"Exactly 2 of the following cities are in India: Jamnagar, Tiruchirappalli.",1,India,"('Jamnagar', 'Tiruchirappalli')",2,2
"Exactly 0 of the following cities are in Iraq: Abu Ghurayb, Kirkuk.",0,Iraq,"('Abu Ghurayb', 'Kirkuk')",0,2
"Exactly 0 of the following cities are in Honduras: Zhu Cheng City, Makhachkala.",1,Honduras,"('Makhachkala', 'Zhu Cheng City')",0,0
"Exactly 1 of the following cities are in Syria: Aleppo, Indianapolis.",1,Syria,"('Aleppo', 'Indianapolis')",1,1
"Exactly 2 of the following cities are in China: Binzhou, Jiangyin.",1,China,"('Binzhou', 'Jiangyin')",2,2
"Exactly 0 of the following cities are in Uzbekistan: Seattle, Andijon.",0,Uzbekistan,"('Andijon', 'Seattle')",0,1
"Exactly 1 of the following cities are in the United Arab Emirates: Almaty, Hongkou.",0,the United Arab Emirates,"('Almaty', 'Hongkou')",1,0
"Exactly 0 of the following cities are in Guyana: Jiangmen, Ahmedabad.",1,Guyana,"('Ahmedabad', 'Jiangmen')",0,0
"Exactly 2 of the following cities are in Armenia: Durban, Luohe.",0,Armenia,"('Durban', 'Luohe')",2,0
"Exactly 1 of the following cities are in the Philippines: Caloocan, Cagayan de Oro.",0,the Philippines,"('Cagayan de Oro', 'Caloocan')",1,2
"Exactly 0 of the following cities are in Tuvalu: Ibb, Dehradun.",1,Tuvalu,"('Dehradun', 'Ibb')",0,0
"Exactly 1 of the following cities are in Togo: Lome, Ulanqab.",1,Togo,"('Lome', 'Ulanqab')",1,1
"Exactly 0 of the following cities are in India: Calgary, Dehradun.",0,India,"('Calgary', 'Dehradun')",0,1
"Exactly 0 of the following cities are in Liechtenstein: Warangal, Mbeya.",1,Liechtenstein,"('Mbeya', 'Warangal')",0,0
"Exactly 2 of the following cities are in Sudan: Khartoum, Omdurman.",1,Sudan,"('Khartoum', 'Omdurman')",2,2
"Exactly 2 of the following cities are in Vietnam: Adana, Kashgar.",0,Vietnam,"('Adana', 'Kashgar')",2,0
"Exactly 0 of the following cities are in Nicaragua: Kermanshah, Virar.",1,Nicaragua,"('Kermanshah', 'Virar')",0,0
"Exactly 0 of the following cities are in Norway: Weifang, Oslo.",0,Norway,"('Oslo', 'Weifang')",0,1
"Exactly 0 of the following cities are in China: Las Pinas, Xingtai.",0,China,"('Las Pinas', 'Xingtai')",0,1
"Exactly 1 of the following cities are in Macedonia: Phnom Penh, Karbala.",0,Macedonia,"('Karbala', 'Phnom Penh')",1,0
"Exactly 1 of the following cities are in Uganda: Shihezi, Nansana.",1,Uganda,"('Nansana', 'Shihezi')",1,1
"Exactly 0 of the following cities are in Cape Verde: Bamako, Pingdingshan.",1,Cape Verde,"('Bamako', 'Pingdingshan')",0,0
"Exactly 2 of the following cities are in the United States: The Bronx, Fort Worth.",1,the United States,"('Fort Worth', 'The Bronx')",2,2
"Exactly 0 of the following cities are in South Korea: Busan, Anyang-si.",0,South Korea,"('Anyang-si', 'Busan')",0,2
"Exactly 2 of the following cities are in Azerbaijan: Kirkuk, Puning.",0,Azerbaijan,"('Kirkuk', 'Puning')",2,0
"Exactly 0 of the following cities are in North Korea: Hamhung, Pyongyang.",0,North Korea,"('Hamhung', 'Pyongyang')",0,2
"Exactly 2 of the following cities are in Kazakhstan: Astana, Shymkent.",1,Kazakhstan,"('Astana', 'Shymkent')",2,2
"Exactly 2 of the following cities are in Comoros: Novokuznetsk, Ciudad Guayana.",0,Comoros,"('Ciudad Guayana', 'Novokuznetsk')",2,0
"Exactly 0 of the following cities are in Hungary: Jabalpur, Jamshedpur.",1,Hungary,"('Jabalpur', 'Jamshedpur')",0,0
"Exactly 1 of the following cities are in Nepal: Chelyabinsk, Kathmandu.",1,Nepal,"('Chelyabinsk', 'Kathmandu')",1,1
"Exactly 2 of the following cities are in Ukraine: Bareilly, Ufa.",0,Ukraine,"('Bareilly', 'Ufa')",2,0
"Exactly 1 of the following cities are in Mexico: Aktobe, Zapopan.",1,Mexico,"('Aktobe', 'Zapopan')",1,1
"Exactly 1 of the following cities are in Tuvalu: Bukavu, Hengyang.",0,Tuvalu,"('Bukavu', 'Hengyang')",1,0
"Exactly 0 of the following cities are in Belarus: Ranchi, Homyel'.",0,Belarus,"(""Homyel'"", 'Ranchi')",0,1
"Exactly 2 of the following cities are in Nigeria: Sokoto, Kaduna.",1,Nigeria,"('Kaduna', 'Sokoto')",2,2
"Exactly 1 of the following cities are in Lebanon: Luancheng, Ra's Bayrut.",1,Lebanon,"('Luancheng', ""Ra's Bayrut"")",1,1
"Exactly 1 of the following cities are in Indonesia: Putian, Ribeirao Preto.",0,Indonesia,"('Putian', 'Ribeirao Preto')",1,0
"Exactly 1 of the following cities are in Bahrain: Nellore, Aparecida de Goiania.",0,Bahrain,"('Aparecida de Goiania', 'Nellore')",1,0
"Exactly 2 of the following cities are in China: Changshu, Nanning.",1,China,"('Changshu', 'Nanning')",2,2
"Exactly 2 of the following cities are in Mauritius: Yangon, Fuxin.",0,Mauritius,"('Fuxin', 'Yangon')",2,0
"Exactly 1 of the following cities are in Burkina Faso: Borama, Navi Mumbai.",0,Burkina Faso,"('Borama', 'Navi Mumbai')",1,0
"Exactly 2 of the following cities are in Saudi Arabia: Ha'il, Ta'if.",1,Saudi Arabia,"(""Ha'il"", ""Ta'if"")",2,2
"Exactly 0 of the following cities are in Suriname: Hamamatsu, Penza.",1,Suriname,"('Hamamatsu', 'Penza')",0,0
"Exactly 1 of the following cities are in Norway: Ufa, Oslo.",1,Norway,"('Oslo', 'Ufa')",1,1
"Exactly 1 of the following cities are in Burkina Faso: Bobo-Dioulasso, Xiaogan.",1,Burkina Faso,"('Bobo-Dioulasso', 'Xiaogan')",1,1
"Exactly 1 of the following cities are in Iran: Tehran, Winnipeg.",1,Iran,"('Tehran', 'Winnipeg')",1,1
"Exactly 2 of the following cities are in Mexico: Zapopan, Tlaquepaque.",1,Mexico,"('Tlaquepaque', 'Zapopan')",2,2
"Exactly 1 of the following cities are in Norway: Suining, Oslo.",1,Norway,"('Oslo', 'Suining')",1,1
"Exactly 1 of the following cities are in North Korea: Voronezh, Changde.",0,North Korea,"('Changde', 'Voronezh')",1,0
"Exactly 2 of the following cities are in South Korea: Shizuishan, Dortmund.",0,South Korea,"('Dortmund', 'Shizuishan')",2,0
"Exactly 0 of the following cities are in Switzerland: Ecatepec de Morelos, Bien Hoa.",1,Switzerland,"('Bien Hoa', 'Ecatepec de Morelos')",0,0
"Exactly 0 of the following cities are in Qatar: Fortaleza, Ulyanovsk.",1,Qatar,"('Fortaleza', 'Ulyanovsk')",0,0
"Exactly 2 of the following cities are in Luxembourg: Sulaymaniyah, Sorocaba.",0,Luxembourg,"('Sorocaba', 'Sulaymaniyah')",2,0
"Exactly 2 of the following cities are in Egypt: Port Said, Giza.",1,Egypt,"('Giza', 'Port Said')",2,2
"Exactly 1 of the following cities are in the Dominican Republic: Santo Domingo Oeste, Yangquan.",1,the Dominican Republic,"('Santo Domingo Oeste', 'Yangquan')",1,1
"Exactly 0 of the following cities are in Vietnam: Da Nang, Camama.",0,Vietnam,"('Camama', 'Da Nang')",0,1
"Exactly 0 of the following cities are in China: Cimahi, Hamhung.",1,China,"('Cimahi', 'Hamhung')",0,0
"Exactly 2 of the following cities are in Indonesia: Batam, Semarang.",1,Indonesia,"('Batam', 'Semarang')",2,2
"Exactly 1 of the following cities are in Niger: Niamey, Samarinda.",1,Niger,"('Niamey', 'Samarinda')",1,1
"Exactly 0 of the following cities are in Costa Rica: Jammu, Leon de los Aldama.",1,Costa Rica,"('Jammu', 'Leon de los Aldama')",0,0
"Exactly 2 of the following cities are in Japan: Kagoshima, Fort Worth.",0,Japan,"('Fort Worth', 'Kagoshima')",2,1
"Exactly 1 of the following cities are in the Democratic Republic of the Congo: Lubumbashi, Jiaozuo.",1,the Democratic Republic of the Congo,"('Jiaozuo', 'Lubumbashi')",1,1
"Exactly 2 of the following cities are in Mexico: Santiago de Queretaro, Zapopan.",1,Mexico,"('Santiago de Queretaro', 'Zapopan')",2,2
"Exactly 1 of the following cities are in Mozambique: Beira, Abu Dhabi.",1,Mozambique,"('Abu Dhabi', 'Beira')",1,1
"Exactly 1 of the following cities are in Greece: Minsk, Minhang.",0,Greece,"('Minhang', 'Minsk')",1,0
"Exactly 1 of the following cities are in Pakistan: Puxi, Vinh.",0,Pakistan,"('Puxi', 'Vinh')",1,0
"Exactly 0 of the following cities are in Bangladesh: Mirpur Model Thana, Florianopolis.",0,Bangladesh,"('Florianopolis', 'Mirpur Model Thana')",0,1
"Exactly 0 of the following cities are in Armenia: Weinan, Thiruvananthapuram.",1,Armenia,"('Thiruvananthapuram', 'Weinan')",0,0
"Exactly 0 of the following cities are in Kiribati: Hoji ya Henda, Uberlandia.",1,Kiribati,"('Hoji ya Henda', 'Uberlandia')",0,0
"Exactly 2 of the following cities are in Saudi Arabia: Hwaseong-si, Dombivali.",0,Saudi Arabia,"('Dombivali', 'Hwaseong-si')",2,0
"Exactly 2 of the following cities are in the Dominican Republic: Santo Domingo Oeste, Santo Domingo Este.",1,the Dominican Republic,"('Santo Domingo Este', 'Santo Domingo Oeste')",2,2
"Exactly 0 of the following cities are in Eritrea: Huzhou, Asmara.",0,Eritrea,"('Asmara', 'Huzhou')",0,1
"Exactly 1 of the following cities are in Slovenia: Loni, Volgograd.",0,Slovenia,"('Loni', 'Volgograd')",1,0
"Exactly 1 of the following cities are in Ethiopia: Addis Ababa, Shizuoka.",1,Ethiopia,"('Addis Ababa', 'Shizuoka')",1,1
"Exactly 0 of the following cities are in Chad: N'Djamena, Lubumbashi.",0,Chad,"('Lubumbashi', ""N'Djamena"")",0,1
"Exactly 1 of the following cities are in Chad: Camayenne, N'Djamena.",1,Chad,"('Camayenne', ""N'Djamena"")",1,1
"Exactly 2 of the following cities are in South Korea: Seoul, Cheonan.",1,South Korea,"('Cheonan', 'Seoul')",2,2
"Exactly 2 of the following cities are in Myanmar: Hlaingthaya, Shizuoka.",0,Myanmar,"('Hlaingthaya', 'Shizuoka')",2,1
"Exactly 1 of the following cities are in Ghana: Accra, Fort Worth.",1,Ghana,"('Accra', 'Fort Worth')",1,1
"Exactly 1 of the following cities are in Mongolia: Harare, Ulan Bator.",1,Mongolia,"('Harare', 'Ulan Bator')",1,1
"Exactly 2 of the following cities are in Nigeria: Katsina, Enugu.",1,Nigeria,"('Enugu', 'Katsina')",2,2
"Exactly 0 of the following cities are in Ghana: Accra, Kumasi.",0,Ghana,"('Accra', 'Kumasi')",0,2
"Exactly 0 of the following cities are in Malta: Bahawalpur, Teni.",1,Malta,"('Bahawalpur', 'Teni')",0,0
"Exactly 0 of the following cities are in Timor-Leste: Winnipeg, Andijon.",1,Timor-Leste,"('Andijon', 'Winnipeg')",0,0
"Exactly 0 of the following cities are in Bhutan: Astana, Addis Ababa.",1,Bhutan,"('Addis Ababa', 'Astana')",0,0
"Exactly 1 of the following cities are in Burundi: Bujumbura, Mazar-e Sharif.",1,Burundi,"('Bujumbura', 'Mazar-e Sharif')",1,1
"Exactly 0 of the following cities are in Bulgaria: Dandong, Porto Alegre.",1,Bulgaria,"('Dandong', 'Porto Alegre')",0,0
"Exactly 2 of the following cities are in Venezuela: Barquisimeto, Ciudad Guayana.",1,Venezuela,"('Barquisimeto', 'Ciudad Guayana')",2,2
"Exactly 0 of the following cities are in Benin: Dandong, Jakarta.",1,Benin,"('Dandong', 'Jakarta')",0,0
"Exactly 2 of the following cities are in Myanmar: Novokuznetsk, Hlaingthaya.",0,Myanmar,"('Hlaingthaya', 'Novokuznetsk')",2,1
"Exactly 2 of the following cities are in Egypt: Assiut, Port Said.",1,Egypt,"('Assiut', 'Port Said')",2,2
"Exactly 0 of the following cities are in Romania: Bucharest, Santo Domingo Este.",0,Romania,"('Bucharest', 'Santo Domingo Este')",0,1
"Exactly 0 of the following cities are in Andorra: Bloemfontein, Curitiba.",1,Andorra,"('Bloemfontein', 'Curitiba')",0,0
"Exactly 1 of the following cities are in Indonesia: Incheon, Barquisimeto.",0,Indonesia,"('Barquisimeto', 'Incheon')",1,0
"Exactly 1 of the following cities are in Romania: Bekasi, Bucharest.",1,Romania,"('Bekasi', 'Bucharest')",1,1
"Exactly 0 of the following cities are in Egypt: Madinat an Nasr, Assiut.",0,Egypt,"('Assiut', 'Madinat an Nasr')",0,2
"Exactly 0 of the following cities are in Italy: Kryvyy Rih, Xiangtan.",1,Italy,"('Kryvyy Rih', 'Xiangtan')",0,0
"Exactly 1 of the following cities are in Burkina Faso: Ouagadougou, Cangzhou.",1,Burkina Faso,"('Cangzhou', 'Ouagadougou')",1,1
"Exactly 0 of the following cities are in Poland: Mombasa, Cangzhou.",1,Poland,"('Cangzhou', 'Mombasa')",0,0
"Exactly 1 of the following cities are in Argentina: Qingdao, Khartoum.",0,Argentina,"('Khartoum', 'Qingdao')",1,0
"Exactly 1 of the following cities are in South Korea: Daegu, Laiwu.",1,South Korea,"('Daegu', 'Laiwu')",1,1
"Exactly 2 of the following cities are in China: Zhangjiakou, Kaifeng.",1,China,"('Kaifeng', 'Zhangjiakou')",2,2
"Exactly 1 of the following cities are in the Netherlands: Qingpu, Okara.",0,the Netherlands,"('Okara', 'Qingpu')",1,0
"Exactly 0 of the following cities are in Ecuador: Guayaquil, Kananga.",0,Ecuador,"('Guayaquil', 'Kananga')",0,1
"Exactly 1 of the following cities are in Spain: Antananarivo, Santiago de los Caballeros.",0,Spain,"('Antananarivo', 'Santiago de los Caballeros')",1,0
"Exactly 0 of the following cities are in Bosnia and Herzegovina: Zamboanga, Karol Bagh.",1,Bosnia and Herzegovina,"('Karol Bagh', 'Zamboanga')",0,0
"Exactly 1 of the following cities are in Mozambique: Meizhou, Al Ahmadi.",0,Mozambique,"('Al Ahmadi', 'Meizhou')",1,0
"Exactly 1 of the following cities are in the Philippines: Cebu City, Ndola.",1,the Philippines,"('Cebu City', 'Ndola')",1,1
"Exactly 2 of the following cities are in the Philippines: Fuxin, Quezon City.",0,the Philippines,"('Fuxin', 'Quezon City')",2,1
"Exactly 0 of the following cities are in Iceland: Suginami, Borama.",1,Iceland,"('Borama', 'Suginami')",0,0
"Exactly 1 of the following cities are in Zambia: Hangzhou, Kitwe.",1,Zambia,"('Hangzhou', 'Kitwe')",1,1
"Exactly 2 of the following cities are in New Zealand: Las Pinas, Ulyanovsk.",0,New Zealand,"('Las Pinas', 'Ulyanovsk')",2,0
"Exactly 1 of the following cities are in Cape Verde: Pune, Nouakchott.",0,Cape Verde,"('Nouakchott', 'Pune')",1,0
"Exactly 0 of the following cities are in Iran: Zahedan, Kermanshah.",0,Iran,"('Kermanshah', 'Zahedan')",0,2
"Exactly 0 of the following cities are in Argentina: Najran, Bukit Rahman Putra.",1,Argentina,"('Bukit Rahman Putra', 'Najran')",0,0
"Exactly 0 of the following cities are in Haiti: Sao Jose dos Campos, Kyiv.",1,Haiti,"('Kyiv', 'Sao Jose dos Campos')",0,0
"Exactly 1 of the following cities are in Chad: N'Djamena, Naucalpan de Juarez.",1,Chad,"(""N'Djamena"", 'Naucalpan de Juarez')",1,1
"Exactly 2 of the following cities are in Mozambique: Matola, Guangyuan.",0,Mozambique,"('Guangyuan', 'Matola')",2,1
"Exactly 1 of the following cities are in Iran: Zahedan, Tehran.",0,Iran,"('Tehran', 'Zahedan')",1,2
"Exactly 2 of the following cities are in Nigeria: Kaduna, Abeokuta.",1,Nigeria,"('Abeokuta', 'Kaduna')",2,2
"Exactly 1 of the following cities are in Jamaica: New Kingston, Haiphong.",1,Jamaica,"('Haiphong', 'New Kingston')",1,1
"Exactly 1 of the following cities are in Kuwait: Latakia, Al Ahmadi.",1,Kuwait,"('Al Ahmadi', 'Latakia')",1,1
"Exactly 2 of the following cities are in Vietnam: Thu GJuc, Ho Chi Minh City.",1,Vietnam,"('Ho Chi Minh City', 'Thu GJuc')",2,2
"Exactly 1 of the following cities are in Pakistan: Nanchong, Quetta.",1,Pakistan,"('Nanchong', 'Quetta')",1,1
"Exactly 2 of the following cities are in Palau: Malacca, Puning.",0,Palau,"('Malacca', 'Puning')",2,0
"Exactly 2 of the following cities are in Chad: N'Djamena, Qom.",0,Chad,"(""N'Djamena"", 'Qom')",2,1
"Exactly 1 of the following cities are in Nicaragua: Managua, Londrina.",1,Nicaragua,"('Londrina', 'Managua')",1,1
"Exactly 2 of the following cities are in Nigeria: Owerri, Ile-Ife.",1,Nigeria,"('Ile-Ife', 'Owerri')",2,2
"Exactly 0 of the following cities are in Malawi: Lilongwe, Ahvaz.",0,Malawi,"('Ahvaz', 'Lilongwe')",0,1
"Exactly 2 of the following cities are in Sudan: Khartoum North, Brasilia.",0,Sudan,"('Brasilia', 'Khartoum North')",2,1
"Exactly 0 of the following cities are in Honduras: San Pedro Sula, Tegucigalpa.",0,Honduras,"('San Pedro Sula', 'Tegucigalpa')",0,2
"Exactly 1 of the following cities are in Italy: Maianga, Sargodha.",0,Italy,"('Maianga', 'Sargodha')",1,0
"Exactly 0 of the following cities are in the United States: Meerut, Saint Petersburg.",1,the United States,"('Meerut', 'Saint Petersburg')",0,0
"Exactly 0 of the following cities are in Ireland: Gold Coast, Dakar.",1,Ireland,"('Dakar', 'Gold Coast')",0,0
"Exactly 1 of the following cities are in China: Prayagraj, Vladivostok.",0,China,"('Prayagraj', 'Vladivostok')",1,0
"Exactly 2 of the following cities are in the Democratic Republic of the Congo: Lubumbashi, Tshikapa.",1,the Democratic Republic of the Congo,"('Lubumbashi', 'Tshikapa')",2,2
"Exactly 1 of the following cities are in Ghana: Hezhou, Kumasi.",1,Ghana,"('Hezhou', 'Kumasi')",1,1
"Exactly 1 of the following cities are in Jamaica: New Kingston, Weinan.",1,Jamaica,"('New Kingston', 'Weinan')",1,1
"Exactly 1 of the following cities are in Chile: Puente Alto, Sialkot.",1,Chile,"('Puente Alto', 'Sialkot')",1,1
"Exactly 0 of the following cities are in Mozambique: Nampula, Maputo.",0,Mozambique,"('Maputo', 'Nampula')",0,2
"Exactly 0 of the following cities are in the United Arab Emirates: Al Ain City, Sharjah.",0,the United Arab Emirates,"('Al Ain City', 'Sharjah')",0,2
"Exactly 1 of the following cities are in Kuwait: Sapporo, Al Ahmadi.",1,Kuwait,"('Al Ahmadi', 'Sapporo')",1,1
"Exactly 2 of the following cities are in South Africa: Cuiaba, Gqeberha.",0,South Africa,"('Cuiaba', 'Gqeberha')",2,1
"Exactly 1 of the following cities are in Myanmar: Dortmund, Yangon.",1,Myanmar,"('Dortmund', 'Yangon')",1,1
"Exactly 1 of the following cities are in Haiti: Hubballi, Carrefour.",1,Haiti,"('Carrefour', 'Hubballi')",1,1
"Exactly 0 of the following cities are in Morocco: Oujda, Tangier.",0,Morocco,"('Oujda', 'Tangier')",0,2
"Exactly 2 of the following cities are in Tanzania: Dodoma, Dar es Salaam.",1,Tanzania,"('Dar es Salaam', 'Dodoma')",2,2
"Exactly 2 of the following cities are in Japan: Nagoya, Tokyo.",1,Japan,"('Nagoya', 'Tokyo')",2,2
"Exactly 1 of the following cities are in North Korea: Santo Domingo Oeste, Amritsar.",0,North Korea,"('Amritsar', 'Santo Domingo Oeste')",1,0
"Exactly 2 of the following cities are in Syria: Homs, Aleppo.",1,Syria,"('Aleppo', 'Homs')",2,2
"Exactly 0 of the following cities are in Mexico: Zapopan, Wuzhou.",0,Mexico,"('Wuzhou', 'Zapopan')",0,1
"Exactly 0 of the following cities are in Tonga: Teni, Islamabad.",1,Tonga,"('Islamabad', 'Teni')",0,0
"Exactly 0 of the following cities are in Oman: Kota Kuala Muda, Perm.",1,Oman,"('Kota Kuala Muda', 'Perm')",0,0
"Exactly 2 of the following cities are in the Central African Republic: Navi Mumbai, Wuzhong.",0,the Central African Republic,"('Navi Mumbai', 'Wuzhong')",2,0
"Exactly 0 of the following cities are in Kenya: Nairobi, Nakuru.",0,Kenya,"('Nairobi', 'Nakuru')",0,2
"Exactly 1 of the following cities are in Panama: Jamshedpur, Najran.",0,Panama,"('Jamshedpur', 'Najran')",1,0
"Exactly 0 of the following cities are in Finland: Shangyu, Helsinki.",0,Finland,"('Helsinki', 'Shangyu')",0,1
"Exactly 1 of the following cities are in Japan: Aihara, Antananarivo.",1,Japan,"('Aihara', 'Antananarivo')",1,1
"Exactly 1 of the following cities are in Brazil: Indore, Xiamen.",0,Brazil,"('Indore', 'Xiamen')",1,0
"Exactly 0 of the following cities are in Slovakia: Bandar Lampung, Omsk.",1,Slovakia,"('Bandar Lampung', 'Omsk')",0,0
"Exactly 1 of the following cities are in Romania: Bucharest, Rasapudipalem.",1,Romania,"('Bucharest', 'Rasapudipalem')",1,1
"Exactly 1 of the following cities are in Gabon: Libreville, Bilimora.",1,Gabon,"('Bilimora', 'Libreville')",1,1
