statement,label,country,cities,stated_k,actual_k
"Exactly 0 of the following cities are in Monaco: Guli, Bilimora, Shekhupura, Okayama, Al Fayyum.",1,Monaco,"('Al Fayyum', 'Bilimora', 'Guli', 'Okayama', 'Shekhupura')",0,0
"Exactly 5 of the following cities are in Honduras: Tolyatti, San Pedro Sula, Lahore, Bucharest, Tegucigalpa.",0,Honduras,"('Bucharest', 'Lahore', 'San Pedro Sula', 'Tegucigalpa', 'Tolyatti')",5,2
"Exactly 2 of the following cities are in Indonesia: Heroica Matamoros, Kikwit, Laiwu, Banjarmasin, Semarang.",1,Indonesia,"('Banjarmasin', 'Heroica Matamoros', 'Kikwit', 'Laiwu', 'Semarang')",2,2
"Exactly 3 of the following cities are in the Dominican Republic: Lubango, Santo Domingo Oeste, Aqsu, Santo Domingo Este, Santiago de los Caballeros.",1,the Dominican Republic,"('Aqsu', 'Lubango', 'Santiago de los Caballeros', 'Santo Domingo Este', 'Santo Domingo Oeste')",3,3
"Exactly 1 of the following cities are in Colombia: Ibague, Cucuta, Soacha, Tangier, Makassar.",0,Colombia,"('Cucuta', 'Ibague', 'Makassar', 'Soacha', 'Tangier')",1,3
"Exactly 0 of the following cities are in South Korea: Huangshi, Owerri, Kinshasa, Changwon, Reynosa.",0,South Korea,"('Changwon', 'Huangshi', 'Kinshasa', 'Owerri', 'Reynosa')",0,1
"Exactly 4 of the following cities are in South Africa: Soshanguve, Benoni, Zhanjiang, Seongnam-si, Johannesburg.",0,South Africa,"('Benoni', 'Johannesburg', 'Seongnam-si', 'Soshanguve', 'Zhanjiang')",4,3
"Exactly 1 of the following cities are in Uganda: Gurugram, Jeonju, Warangal, Kuala Lumpur, Paranaque City.",0,Uganda,"('Gurugram', 'Jeonju', 'Kuala Lumpur', 'Paranaque City', 'Warangal')",1,0
"Exactly 4 of the following cities are in Iran: Isfahan, Tehran, Zahedan, Pune, Arak.",1,Iran,"('Arak', 'Isfahan', 'Pune', 'Tehran', 'Zahedan')",4,4
"Exactly 0 of the following cities are in Spain: Kozhikode, Culiacan, Ciudad Nezahualcoyotl, Bauchi, Krakow.",1,Spain,"('Bauchi', 'Ciudad Nezahualcoyotl', 'Culiacan', 'Kozhikode', 'Krakow')",0,0
"Exactly 5 of the following cities are in Gabon: Mosul, Auckland, Puducherry, Wanning, Niluefer.",0,Gabon,"('Auckland', 'Mosul', 'Niluefer', 'Puducherry', 'Wanning')",5,0
"Exactly 1 of the following cities are in Madagascar: Thuan An, Vilnius, Hlaingthaya, Eskisehir, Cabinda.",0,Madagascar,"('Cabinda', 'Eskisehir', 'Hlaingthaya', 'Thuan An', 'Vilnius')",1,0
"Exactly 3 of the following cities are in Argentina: Qingdao, Tianjin, Moradabad, Tabriz, Budapest.",0,Argentina,"('Budapest', 'Moradabad', 'Qingdao', 'Tabriz', 'Tianjin')",3,0
"Exactly 3 of the following cities are in the Democratic Republic of the Congo: Muzaffarabad, Kolwezi, Moradabad, Maianga, Sao Jose dos Campos.",0,the Democratic Republic of the Congo,"('Kolwezi', 'Maianga', 'Moradabad', 'Muzaffarabad', 'Sao Jose dos Campos')",3,1
"Exactly 5 of the following cities are in Germany: Duesseldorf, Munich, Hannover, Nuremberg, Leipzig.",1,Germany,"('Duesseldorf', 'Hannover', 'Leipzig', 'Munich', 'Nuremberg')",5,5
"Exactly 0 of the following cities are in Syria: Aleppo, Mudanjiang, Jakarta, Ar Raqqah, Homs.",0,Syria,"('Aleppo', 'Ar Raqqah', 'Homs', 'Jakarta', 'Mudanjiang')",0,3
"Exactly 1 of the following cities are in Egypt: Port Said, Pelentong, Tomsk, Karol Bagh, Assiut.",0,Egypt,"('Assiut', 'Karol Bagh', 'Pelentong', 'Port Said', 'Tomsk')",1,2
"Exactly 0 of the following cities are in the United Arab Emirates: Hongkou, Weifang, Al Ain City, Situbondo, Chisinau.",0,the United Arab Emirates,"('Al Ain City', 'Chisinau', 'Hongkou', 'Situbondo', 'Weifang')",0,1
"Exactly 5 of the following cities are in Iran: Zahedan, Tehran, Kermanshah, Tabriz, Isfahan.",1,Iran,"('Isfahan', 'Kermanshah', 'Tabriz', 'Tehran', 'Zahedan')",5,5
"Exactly 0 of the following cities are in the United States: New York City, Seattle, Ra's Bayrut, Albuquerque, New South Memphis.",0,the United States,"('Albuquerque', 'New South Memphis', 'New York City', ""Ra's Bayrut"", 'Seattle')",0,4
"Exactly 2 of the following cities are in Cameroon: Maracaibo, Novosibirsk, Baoji, Rajkot, Yangpu.",0,Cameroon,"('Baoji', 'Maracaibo', 'Novosibirsk', 'Rajkot', 'Yangpu')",2,0
"Exactly 2 of the following cities are in Saudi Arabia: Semarang, Shubra al Khaymah, Ta'if, Jeddah, Tangshan.",1,Saudi Arabia,"('Jeddah', 'Semarang', 'Shubra al Khaymah', ""Ta'if"", 'Tangshan')",2,2
"Exactly 0 of the following cities are in France: Kakamega, Goiania, Lyon, Marseille, Toulouse.",0,France,"('Goiania', 'Kakamega', 'Lyon', 'Marseille', 'Toulouse')",0,3
"Exactly 0 of the following cities are in Moldova: Al Ahmadi, Kobe, Pingdingshan, Suining, Rui'an.",1,Moldova,"('Al Ahmadi', 'Kobe', 'Pingdingshan', ""Rui'an"", 'Suining')",0,0
"Exactly 5 of the following cities are in the Democratic Republic of the Congo: Bukavu, Likasi, Kananga, Kikwit, Kinshasa.",1,the Democratic Republic of the Congo,"('Bukavu', 'Kananga', 'Kikwit', 'Kinshasa', 'Likasi')",5,5
"Exactly 5 of the following cities are in Thailand: Bucheon-si, Tiruppur, Suqian, Dalian, Balbala.",0,Thailand,"('Balbala', 'Bucheon-si', 'Dalian', 'Suqian', 'Tiruppur')",5,0
"Exactly 5 of the following cities are in China: Panjin, Jingmen, Sanya, Qingpu, Cixi.",1,China,"('Cixi', 'Jingmen', 'Panjin', 'Qingpu', 'Sanya')",5,5
"Exactly 1 of the following cities are in Uzbekistan: Samarkand, Tashkent, Hlaingthaya, Dortmund, Copenhagen.",0,Uzbekistan,"('Copenhagen', 'Dortmund', 'Hlaingthaya', 'Samarkand', 'Tashkent')",1,2
"Exactly 2 of the following cities are in Colombia: Petaling Jaya, Cucuta, Soacha, Ipoh, Teresina.",1,Colombia,"('Cucuta', 'Ipoh', 'Petaling Jaya', 'Soacha', 'Teresina')",2,2
"Exactly 1 of the following cities are in Turkey: Gaziantep, Songjiang, Mohammadpur, Camayenne, Krakow.",1,Turkey,"('Camayenne', 'Gaziantep', 'Krakow', 'Mohammadpur', 'Songjiang')",1,1
"Exactly 5 of the following cities are in Russia: Vladivostok, Saratov, Ufa, Volgograd, Tomsk.",1,Russia,"('Saratov', 'Tomsk', 'Ufa', 'Vladivostok', 'Volgograd')",5,5
"Exactly 3 of the following cities are in Mexico: Bauchi, Tirunelveli, Quezon City, Gustavo Adolfo Madero, Heroica Matamoros.",0,Mexico,"('Bauchi', 'Gustavo Adolfo Madero', 'Heroica Matamoros', 'Quezon City', 'Tirunelveli')",3,2
"Exactly 1 of the following cities are in Bangladesh: Vilnius, Zhanjiang, Cebu City, Zunyi, Niteroi.",0,Bangladesh,"('Cebu City', 'Niteroi', 'Vilnius', 'Zhanjiang', 'Zunyi')",1,0
"Exactly 4 of the following cities are in Nigeria: Qinzhou, Mohammadpur, Benin City, Huangshi, Karaj.",0,Nigeria,"('Benin City', 'Huangshi', 'Karaj', 'Mohammadpur', 'Qinzhou')",4,1
"Exactly 4 of the following cities are in Brazil: Recife, Brasilia, Sao Jose dos Campos, Goiania, Ciudad Juarez.",1,Brazil,"('Brasilia', 'Ciudad Juarez', 'Goiania', 'Recife', 'Sao Jose dos Campos')",4,4
"Exactly 3 of the following cities are in the Philippines: General Santos, Budta, Pasig City, Dushanbe, Quetta.",1,the Philippines,"('Budta', 'Dushanbe', 'General Santos', 'Pasig City', 'Quetta')",3,3
"Exactly 2 of the following cities are in Belize: Tlaquepaque, Maturin, Johor Bahru, Calgary, Chuxiong.",0,Belize,"('Calgary', 'Chuxiong', 'Johor Bahru', 'Maturin', 'Tlaquepaque')",2,0
"Exactly 5 of the following cities are in Jamaica: Joao Pessoa, Laiwu, New Kingston, Suizhou, Dortmund.",0,Jamaica,"('Dortmund', 'Joao Pessoa', 'Laiwu', 'New Kingston', 'Suizhou')",5,1
"Exactly 5 of the following cities are in Costa Rica: Erzurum, Brasilia, Basrah, Xinyang, Saint Petersburg.",0,Costa Rica,"('Basrah', 'Brasilia', 'Erzurum', 'Saint Petersburg', 'Xinyang')",5,0
"Exactly 0 of the following cities are in Greece: Thuan An, Xuchang, Beijing, Xining, Niteroi.",1,Greece,"('Beijing', 'Niteroi', 'Thuan An', 'Xining', 'Xuchang')",0,0
"Exactly 1 of the following cities are in Ghana: Amman, Kumasi, Sevastopol, Accra, Cimahi.",0,Ghana,"('Accra', 'Amman', 'Cimahi', 'Kumasi', 'Sevastopol')",1,2
"Exactly 3 of the following cities are in Iraq: Libreville, Homyel', Mosul, Sadr City, Kirkuk.",1,Iraq,"(""Homyel'"", 'Kirkuk', 'Libreville', 'Mosul', 'Sadr City')",3,3
"Exactly 3 of the following cities are in Ukraine: Vijayawada, Chongming, Sevastopol, Thuan An, Baku.",0,Ukraine,"('Baku', 'Chongming', 'Sevastopol', 'Thuan An', 'Vijayawada')",3,1
"Exactly 5 of the following cities are in Pakistan: Bannu, Lahore, Quetta, Sukkur, Chunian.",1,Pakistan,"('Bannu', 'Chunian', 'Lahore', 'Quetta', 'Sukkur')",5,5
"Exactly 1 of the following cities are in Russia: Rostov-on-Don, Torreon, Malatya, Londrina, Asmara.",1,Russia,"('Asmara', 'Londrina', 'Malatya', 'Rostov-on-Don', 'Torreon')",1,1
"Exactly 4 of the following cities are in Oman: Prayagraj, Petaling Jaya, Xiamen, Shangrao, Muscat.",0,Oman,"('Muscat', 'Petaling Jaya', 'Prayagraj', 'Shangrao', 'Xiamen')",4,1
"Exactly 1 of the following cities are in Sudan: Lianyungang, Zhumadian, Saratov, Khartoum, Huangshi.",1,Sudan,"('Huangshi', 'Khartoum', 'Lianyungang', 'Saratov', 'Zhumadian')",1,1
"Exactly 2 of the following cities are in Azerbaijan: Wuwei, Faisalabad, Maianga, Ajmer, Sholapur.",0,Azerbaijan,"('Ajmer', 'Faisalabad', 'Maianga', 'Sholapur', 'Wuwei')",2,0
"Exactly 1 of the following cities are in Myanmar: Bhubaneswar, Mandalay, Shubra al Khaymah, Hlaingthaya, Ankara.",0,Myanmar,"('Ankara', 'Bhubaneswar', 'Hlaingthaya', 'Mandalay', 'Shubra al Khaymah')",1,2
"Exactly 3 of the following cities are in Tanzania: Krasnodar, Dar es Salaam, Arusha, Mbeya, Lianyungang.",1,Tanzania,"('Arusha', 'Dar es Salaam', 'Krasnodar', 'Lianyungang', 'Mbeya')",3,3
"Exactly 3 of the following cities are in Iran: Mar del Plata, Kermanshah, Karaj, Kumamoto, Orumiyeh.",1,Iran,"('Karaj', 'Kermanshah', 'Kumamoto', 'Mar del Plata', 'Orumiyeh')",3,3
"Exactly 0 of the following cities are in Spain: Pelentong, Nanjing, Warri, Yangpu, Setagaya.",1,Spain,"('Nanjing', 'Pelentong', 'Setagaya', 'Warri', 'Yangpu')",0,0
"Exactly 1 of the following cities are in Sweden: Stockholm, Binzhou, Jalandhar, Coyoacan, Bucheon-si.",1,Sweden,"('Binzhou', 'Bucheon-si', 'Coyoacan', 'Jalandhar', 'Stockholm')",1,1
"Exactly 4 of the following cities are in Uzbekistan: Samarkand, Namangan, Tashkent, Al Basrah al Qadimah, Andijon.",1,Uzbekistan,"('Al Basrah al Qadimah', 'Andijon', 'Namangan', 'Samarkand', 'Tashkent')",4,4
"Exactly 2 of the following cities are in Argentina: Esenyurt, Amman, Zhangjiakou, Salta, Mar del Plata.",1,Argentina,"('Amman', 'Esenyurt', 'Mar del Plata', 'Salta', 'Zhangjiakou')",2,2
"Exactly 4 of the following cities are in Guyana: Hamhung, Tabriz, Ahmedabad, Najafgarh, Gustavo Adolfo Madero.",0,Guyana,"('Ahmedabad', 'Gustavo Adolfo Madero', 'Hamhung', 'Najafgarh', 'Tabriz')",4,0
"Exactly 2 of the following cities are in Iran: Orumiyeh, Aden, Kermanshah, Khartoum, Qujing.",1,Iran,"('Aden', 'Kermanshah', 'Khartoum', 'Orumiyeh', 'Qujing')",2,2
"Exactly 5 of the following cities are in Angola: Benguela, Hoji ya Henda, Golfe, Cabinda, Mulenvos.",1,Angola,"('Benguela', 'Cabinda', 'Golfe', 'Hoji ya Henda', 'Mulenvos')",5,5
"Exactly 2 of the following cities are in Indonesia: Jakarta, Kumamoto, Agadir, Goyang-si, Pekanbaru.",1,Indonesia,"('Agadir', 'Goyang-si', 'Jakarta', 'Kumamoto', 'Pekanbaru')",2,2
"Exactly 1 of the following cities are in the United States: The Bronx, Albuquerque, Ludhiana, Milwaukee, Indianapolis.",0,the United States,"('Albuquerque', 'Indianapolis', 'Ludhiana', 'Milwaukee', 'The Bronx')",1,4
"Exactly 2 of the following cities are in the United Arab Emirates: Asansol, Sharjah, Benxi, Abu Dhabi, Penza.",1,the United Arab Emirates,"('Abu Dhabi', 'Asansol', 'Benxi', 'Penza', 'Sharjah')",2,2
"Exactly 3 of the following cities are in Vietnam: Cho Lon, Hue, Vilnius, Amravati, Da Nang.",1,Vietnam,"('Amravati', 'Cho Lon', 'Da Nang', 'Hue', 'Vilnius')",3,3
"Exactly 1 of the following cities are in Mali: Xiaogan, Da Nang, Maoming, Katsina, Cabinda.",0,Mali,"('Cabinda', 'Da Nang', 'Katsina', 'Maoming', 'Xiaogan')",1,0
"Exactly 3 of the following cities are in Bahrain: Yingkou, Yekaterinburg, Al Ain City, Mogadishu, Mulenvos.",0,Bahrain,"('Al Ain City', 'Mogadishu', 'Mulenvos', 'Yekaterinburg', 'Yingkou')",3,0
"Exactly 3 of the following cities are in Poland: Lodz, Krakow, Taicang, Wroclaw, Chizhou.",1,Poland,"('Chizhou', 'Krakow', 'Lodz', 'Taicang', 'Wroclaw')",3,3
"Exactly 5 of the following cities are in Bangladesh: Rajshahi, Gazipur, Mirpur Model Thana, Chattogram, Comilla.",1,Bangladesh,"('Chattogram', 'Comilla', 'Gazipur', 'Mirpur Model Thana', 'Rajshahi')",5,5
"Exactly 5 of the following cities are in Japan: Aihara, Tokyo, Itabashi, Saitama, Sagamihara.",1,Japan,"('Aihara', 'Itabashi', 'Sagamihara', 'Saitama', 'Tokyo')",5,5
"Exactly 3 of the following cities are in Suriname: Aracaju, Nellore, Rasapudipalem, Ibadan, Odesa.",0,Suriname,"('Aracaju', 'Ibadan', 'Nellore', 'Odesa', 'Rasapudipalem')",3,0
"Exactly 3 of the following cities are in Iran: Ahvaz, Isfahan, Hamadan, Arak, Wuwei.",0,Iran,"('Ahvaz', 'Arak', 'Hamadan', 'Isfahan', 'Wuwei')",3,4
"Exactly 4 of the following cities are in the Maldives: Taiz, Lusaka, Managua, Xiangtan, Chiclayo.",0,the Maldives,"('Chiclayo', 'Lusaka', 'Managua', 'Taiz', 'Xiangtan')",4,0
"Exactly 1 of the following cities are in the Republic of the Congo: Rasapudipalem, Jeonju, Vinh, Daqing, Kalyan.",0,the Republic of the Congo,"('Daqing', 'Jeonju', 'Kalyan', 'Rasapudipalem', 'Vinh')",1,0
"Exactly 1 of the following cities are in Jordan: Irbid, Zarqa, Amman, Kampung Baru Subang, Lome.",0,Jordan,"('Amman', 'Irbid', 'Kampung Baru Subang', 'Lome', 'Zarqa')",1,3
"Exactly 1 of the following cities are in Swaziland: Anyang-si, Bekasi, Chennai, Kota Kuala Muda, Pasir Gudang.",0,Swaziland,"('Anyang-si', 'Bekasi', 'Chennai', 'Kota Kuala Muda', 'Pasir Gudang')",1,0
"Exactly 0 of the following cities are in Thailand: Carrefour, Sarajevo, Bengaluru, Handan, Anshun.",1,Thailand,"('Anshun', 'Bengaluru', 'Carrefour', 'Handan', 'Sarajevo')",0,0
"Exactly 1 of the following cities are in Kenya: Pietermaritzburg, Ulanqab, Indianapolis, Tirunelveli, Nairobi.",1,Kenya,"('Indianapolis', 'Nairobi', 'Pietermaritzburg', 'Tirunelveli', 'Ulanqab')",1,1
"Exactly 0 of the following cities are in Barbados: E'zhou, Shanghai, Rajkot, Astana, Yichang.",1,Barbados,"('Astana', ""E'zhou"", 'Rajkot', 'Shanghai', 'Yichang')",0,0
"Exactly 5 of the following cities are in Lithuania: Kathmandu, Vilnius, Quebec, Jaboatao dos Guararapes, Cape Town.",0,Lithuania,"('Cape Town', 'Jaboatao dos Guararapes', 'Kathmandu', 'Quebec', 'Vilnius')",5,1
"Exactly 1 of the following cities are in Romania: Niamey, Bloemfontein, Bucharest, Wuwei, Rangpur.",1,Romania,"('Bloemfontein', 'Bucharest', 'Niamey', 'Rangpur', 'Wuwei')",1,1
"Exactly 5 of the following cities are in the Democratic Republic of the Congo: Kisangani, Kinshasa, Kananga, Kikwit, Bukavu.",1,the Democratic Republic of the Congo,"('Bukavu', 'Kananga', 'Kikwit', 'Kinshasa', 'Kisangani')",5,5
"Exactly 3 of the following cities are in the United States: Huainan, Shubra al Khaymah, Fort Worth, Albuquerque, Queens.",1,the United States,"('Albuquerque', 'Fort Worth', 'Huainan', 'Queens', 'Shubra al Khaymah')",3,3
"Exactly 5 of the following cities are in Saudi Arabia: Buraydah, Madinah, Makkah, Ha'il, Najran.",1,Saudi Arabia,"('Buraydah', ""Ha'il"", 'Madinah', 'Makkah', 'Najran')",5,5
"Exactly 3 of the following cities are in Pakistan: Bannu, Shekhupura, Pingliang, Bikaner, Multan.",1,Pakistan,"('Bannu', 'Bikaner', 'Multan', 'Pingliang', 'Shekhupura')",3,3
"Exactly 1 of the following cities are in Finland: Bahawalpur, Mexico City, Helsinki, Ansan-si, Sialkot.",1,Finland,"('Ansan-si', 'Bahawalpur', 'Helsinki', 'Mexico City', 'Sialkot')",1,1
"Exactly 2 of the following cities are in Angola: Golfe, Madurai, Kikolo, Lubango, Ouagadougou.",0,Angola,"('Golfe', 'Kikolo', 'Lubango', 'Madurai', 'Ouagadougou')",2,3
"Exactly 1 of the following cities are in Canada: Vinh, Zhangzhou, Bogor, Mississauga, Perm.",1,Canada,"('Bogor', 'Mississauga', 'Perm', 'Vinh', 'Zhangzhou')",1,1
"Exactly 2 of the following cities are in Sweden: Hlaingthaya, Kolhapur, Adachi, Abu Ghurayb, Tucson.",0,Sweden,"('Abu Ghurayb', 'Adachi', 'Hlaingthaya', 'Kolhapur', 'Tucson')",2,0
"Exactly 0 of the following cities are in the Democratic Republic of the Congo: Kolwezi, Kinshasa, Lubumbashi, Mbuji-Mayi, Bukavu.",0,the Democratic Republic of the Congo,"('Bukavu', 'Kinshasa', 'Kolwezi', 'Lubumbashi', 'Mbuji-Mayi')",0,5
"Exactly 0 of the following cities are in Cambodia: Tegucigalpa, Sanya, Rio de Janeiro, Jakarta, Ciudad Nezahualcoyotl.",1,Cambodia,"('Ciudad Nezahualcoyotl', 'Jakarta', 'Rio de Janeiro', 'Sanya', 'Tegucigalpa')",0,0
"Exactly 2 of the following cities are in France: Nowrangapur, Mosul, Changwon, Istanbul, Matsuyama.",0,France,"('Changwon', 'Istanbul', 'Matsuyama', 'Mosul', 'Nowrangapur')",2,0
"Exactly 4 of the following cities are in Iran: Tanggu, Kermanshah, Orumiyeh, Karaj, Hamadan.",1,Iran,"('Hamadan', 'Karaj', 'Kermanshah', 'Orumiyeh', 'Tanggu')",4,4
"Exactly 5 of the following cities are in Latvia: Chizhou, Ajegunle, Niteroi, Reynosa, Santiago de Queretaro.",0,Latvia,"('Ajegunle', 'Chizhou', 'Niteroi', 'Reynosa', 'Santiago de Queretaro')",5,0
"Exactly 2 of the following cities are in Yemen: Aguascalientes, Agadir, Ibb, Giza, Aden.",1,Yemen,"('Aden', 'Agadir', 'Aguascalientes', 'Giza', 'Ibb')",2,2
"Exactly 1 of the following cities are in Malawi: Niamey, Lilongwe, Kalaburagi, Yaounde, Antalya.",1,Malawi,"('Antalya', 'Kalaburagi', 'Lilongwe', 'Niamey', 'Yaounde')",1,1
"Exactly 2 of the following cities are in Malaysia: Amman, Guli, Tirunelveli, Kota Bharu, Sungai Petani.",1,Malaysia,"('Amman', 'Guli', 'Kota Bharu', 'Sungai Petani', 'Tirunelveli')",2,2
"Exactly 1 of the following cities are in Belgium: Qom, Krasnoyarsk, Zhabei, Lubumbashi, Omsk.",0,Belgium,"('Krasnoyarsk', 'Lubumbashi', 'Omsk', 'Qom', 'Zhabei')",1,0
"Exactly 3 of the following cities are in South Korea: Prayagraj, Bucheon-si, Jeonju, Gustavo Adolfo Madero, Goyang-si.",1,South Korea,"('Bucheon-si', 'Goyang-si', 'Gustavo Adolfo Madero', 'Jeonju', 'Prayagraj')",3,3
"Exactly 3 of the following cities are in Croatia: Chattogram, Dera Ismail Khan, Mohammadpur, Baghdad, Yibin.",0,Croatia,"('Baghdad', 'Chattogram', 'Dera Ismail Khan', 'Mohammadpur', 'Yibin')",3,0
"Exactly 4 of the following cities are in Iraq: Kirkuk, Tijuana, Kolhapur, Abu Ghurayb, Tlalpan.",0,Iraq,"('Abu Ghurayb', 'Kirkuk', 'Kolhapur', 'Tijuana', 'Tlalpan')",4,2
"Exactly 3 of the following cities are in the Dominican Republic: Santo Domingo Oeste, Santo Domingo Este, Bijie, Santiago de los Caballeros, Yibin.",1,the Dominican Republic,"('Bijie', 'Santiago de los Caballeros', 'Santo Domingo Este', 'Santo Domingo Oeste', 'Yibin')",3,3
"Exactly 2 of the following cities are in the Philippines: Baotou, Huzhou, Cagayan de Oro, Soweto, Manaus.",0,the Philippines,"('Baotou', 'Cagayan de Oro', 'Huzhou', 'Manaus', 'Soweto')",2,1
"Exactly 3 of the following cities are in the United Arab Emirates: Al Ain City, Puducherry, Nakuru, Abu Dhabi, Sharjah.",1,the United Arab Emirates,"('Abu Dhabi', 'Al Ain City', 'Nakuru', 'Puducherry', 'Sharjah')",3,3
"Exactly 0 of the following cities are in Kenya: Warangal, Auckland, Tiruppur, Al Mahallah al Kubra, Mombasa.",0,Kenya,"('Al Mahallah al Kubra', 'Auckland', 'Mombasa', 'Tiruppur', 'Warangal')",0,1
"Exactly 5 of the following cities are in the United States: The Bronx, Albuquerque, Oklahoma City, Indianapolis, Queens.",1,the United States,"('Albuquerque', 'Indianapolis', 'Oklahoma City', 'Queens', 'The Bronx')",5,5
"Exactly 1 of the following cities are in Cameroon: Shekhupura, Algiers, Daegu, Douala, Jieyang.",1,Cameroon,"('Algiers', 'Daegu', 'Douala', 'Jieyang', 'Shekhupura')",1,1
"Exactly 3 of the following cities are in Morocco: Bhopal, Agadir, Marrakesh, Tangier, Oujda.",0,Morocco,"('Agadir', 'Bhopal', 'Marrakesh', 'Oujda', 'Tangier')",3,4
"Exactly 3 of the following cities are in Argentina: Pretoria, Guang'an, Mar del Plata, San Miguel de Tucuman, Salta.",1,Argentina,"(""Guang'an"", 'Mar del Plata', 'Pretoria', 'Salta', 'San Miguel de Tucuman')",3,3
"Exactly 3 of the following cities are in Nigeria: Nanchong, Aparecida de Goiania, Onitsha, Ebute Ikorodu, Ananindeua.",0,Nigeria,"('Ananindeua', 'Aparecida de Goiania', 'Ebute Ikorodu', 'Nanchong', 'Onitsha')",3,2
"Exactly 4 of the following cities are in Tanzania: Dar es Salaam, Arusha, Gaziantep, Mbeya, Dodoma.",1,Tanzania,"('Arusha', 'Dar es Salaam', 'Dodoma', 'Gaziantep', 'Mbeya')",4,4
"Exactly 2 of the following cities are in Colombia: Barranquilla, Owerri, Soacha, Xianning, Songjiang.",1,Colombia,"('Barranquilla', 'Owerri', 'Soacha', 'Songjiang', 'Xianning')",2,2
"Exactly 4 of the following cities are in Poland: Zhabei, Chenzhou, Abobo, Helsinki, Krakow.",0,Poland,"('Abobo', 'Chenzhou', 'Helsinki', 'Krakow', 'Zhabei')",4,1
"Exactly 1 of the following cities are in Jamaica: Kananga, New Kingston, Laibin, Sukkur, Pontianak.",1,Jamaica,"('Kananga', 'Laibin', 'New Kingston', 'Pontianak', 'Sukkur')",1,1
"Exactly 5 of the following cities are in Samoa: Chicago, Bamako, Malatya, The Bronx, Hue.",0,Samoa,"('Bamako', 'Chicago', 'Hue', 'Malatya', 'The Bronx')",5,0
"Exactly 1 of the following cities are in New Zealand: Xinyang, Nanchong, Namangan, Auckland, Kakamega.",1,New Zealand,"('Auckland', 'Kakamega', 'Namangan', 'Nanchong', 'Xinyang')",1,1
"Exactly 0 of the following cities are in Togo: Marrakesh, Zhu Cheng City, Nowrangapur, Hue, Al Ahmadi.",1,Togo,"('Al Ahmadi', 'Hue', 'Marrakesh', 'Nowrangapur', 'Zhu Cheng City')",0,0
"Exactly 0 of the following cities are in the Philippines: Owerri, Rajkot, Durban, Ho Chi Minh City, Maputo.",1,the Philippines,"('Durban', 'Ho Chi Minh City', 'Maputo', 'Owerri', 'Rajkot')",0,0
"Exactly 1 of the following cities are in Australia: Tianjin, Gold Coast, Ibb, Bilimora, Qionghai.",1,Australia,"('Bilimora', 'Gold Coast', 'Ibb', 'Qionghai', 'Tianjin')",1,1
"Exactly 3 of the following cities are in Angola: Kimhae, Andijon, Benguela, Hoji ya Henda, Calumbo.",1,Angola,"('Andijon', 'Benguela', 'Calumbo', 'Hoji ya Henda', 'Kimhae')",3,3
"Exactly 4 of the following cities are in the United Arab Emirates: Da Nang, Bareilly, Al Ain City, Manaus, Lusaka.",0,the United Arab Emirates,"('Al Ain City', 'Bareilly', 'Da Nang', 'Lusaka', 'Manaus')",4,1
"Exactly 0 of the following cities are in Mozambique: Mogadishu, Pretoria, Taicang, Johor Bahru, Fortaleza.",1,Mozambique,"('Fortaleza', 'Johor Bahru', 'Mogadishu', 'Pretoria', 'Taicang')",0,0
"Exactly 2 of the following cities are in Poland: Peshawar, Krakow, Lodz, Izhevsk, Enugu.",1,Poland,"('Enugu', 'Izhevsk', 'Krakow', 'Lodz', 'Peshawar')",2,2
"Exactly 4 of the following cities are in China: Rizhao, Guigang, Yangquan, Davao, Zhenjiang.",1,China,"('Davao', 'Guigang', 'Rizhao', 'Yangquan', 'Zhenjiang')",4,4
"Exactly 5 of the following cities are in Angola: Benguela, Golfe, Maianga, Lubango, Cabinda.",1,Angola,"('Benguela', 'Cabinda', 'Golfe', 'Lubango', 'Maianga')",5,5
"Exactly 4 of the following cities are in Turkmenistan: Rahim Yar Khan, Kimhae, Qui Nhon, Cixi, Ouagadougou.",0,Turkmenistan,"('Cixi', 'Kimhae', 'Ouagadougou', 'Qui Nhon', 'Rahim Yar Khan')",4,0
"Exactly 1 of the following cities are in Azerbaijan: Ulyanovsk, Pingliang, Baku, Auckland, Weihai.",1,Azerbaijan,"('Auckland', 'Baku', 'Pingliang', 'Ulyanovsk', 'Weihai')",1,1
"Exactly 3 of the following cities are in Japan: Okayama, Kyoto, Nagoya, Tokyo, Kagoshima.",0,Japan,"('Kagoshima', 'Kyoto', 'Nagoya', 'Okayama', 'Tokyo')",3,5
"Exactly 4 of the following cities are in Ukraine: Sevastopol, Lviv, Dnipro, Kharkiv, Odesa.",0,Ukraine,"('Dnipro', 'Kharkiv', 'Lviv', 'Odesa', 'Sevastopol')",4,5
"Exactly 5 of the following cities are in Indonesia: Bogor, South Tangerang, Bandar Lampung, Surakarta, Pontianak.",1,Indonesia,"('Bandar Lampung', 'Bogor', 'Pontianak', 'South Tangerang', 'Surakarta')",5,5
"Exactly 3 of the following cities are in Ireland: Caloocan, Thuan An, Soshanguve, Santo Domingo Oeste, Xinyu.",0,Ireland,"('Caloocan', 'Santo Domingo Oeste', 'Soshanguve', 'Thuan An', 'Xinyu')",3,0
"Exactly 1 of the following cities are in the Democratic Republic of the Congo: Johor Bahru, Kinshasa, Bukavu, Kunshan, Mysuru.",0,the Democratic Republic of the Congo,"('Bukavu', 'Johor Bahru', 'Kinshasa', 'Kunshan', 'Mysuru')",1,2
"Exactly 1 of the following cities are in Turkey: Malatya, Victoria de Durango, Mersin, Kananga, Jaipur.",0,Turkey,"('Jaipur', 'Kananga', 'Malatya', 'Mersin', 'Victoria de Durango')",1,2
"Exactly 4 of the following cities are in Russia: Shanghai, Yangjiang, Tijuana, Antananarivo, Stockholm.",0,Russia,"('Antananarivo', 'Shanghai', 'Stockholm', 'Tijuana', 'Yangjiang')",4,0
"Exactly 3 of the following cities are in South Africa: Cucuta, Gqeberha, Ulan Bator, Soshanguve, Thembisa.",1,South Africa,"('Cucuta', 'Gqeberha', 'Soshanguve', 'Thembisa', 'Ulan Bator')",3,3
"Exactly 1 of the following cities are in Mozambique: Bucharest, Nampula, Matola, Beira, Maputo.",0,Mozambique,"('Beira', 'Bucharest', 'Maputo', 'Matola', 'Nampula')",1,4
"Exactly 3 of the following cities are in Ecuador: Gazipur, Guayaquil, Binzhou, Hongkou, Kalaburagi.",0,Ecuador,"('Binzhou', 'Gazipur', 'Guayaquil', 'Hongkou', 'Kalaburagi')",3,1
"Exactly 1 of the following cities are in Somalia: Panshan, Amman, Borama, Xuzhou, Mogadishu.",0,Somalia,"('Amman', 'Borama', 'Mogadishu', 'Panshan', 'Xuzhou')",1,2
"Exactly 4 of the following cities are in Kenya: Mombasa, Nakuru, Ciudad Juarez, Kakamega, Nairobi.",1,Kenya,"('Ciudad Juarez', 'Kakamega', 'Mombasa', 'Nairobi', 'Nakuru')",4,4
"Exactly 4 of the following cities are in Turkey: Liupanshui, Kalyan, Kasur, Ankara, Ryazan'.",0,Turkey,"('Ankara', 'Kalyan', 'Kasur', 'Liupanshui', ""Ryazan'"")",4,1
"Exactly 1 of the following cities are in Morocco: Fes, Tangier, Marrakesh, Agadir, Meknes.",0,Morocco,"('Agadir', 'Fes', 'Marrakesh', 'Meknes', 'Tangier')",1,5
"Exactly 1 of the following cities are in Kazakhstan: Golfe, Budta, Benguela, Bijie, Mohammadpur.",0,Kazakhstan,"('Benguela', 'Bijie', 'Budta', 'Golfe', 'Mohammadpur')",1,0
"Exactly 1 of the following cities are in Liechtenstein: Krasnodar, Chongming, Xiaogan, Aihara, Ndola.",0,Liechtenstein,"('Aihara', 'Chongming', 'Krasnodar', 'Ndola', 'Xiaogan')",1,0
"Exactly 5 of the following cities are in the Democratic Republic of the Congo: Bukavu, Kisangani, Likasi, Tshikapa, Kinshasa.",1,the Democratic Republic of the Congo,"('Bukavu', 'Kinshasa', 'Kisangani', 'Likasi', 'Tshikapa')",5,5
"Exactly 4 of the following cities are in Côte d'Ivoire: Wroclaw, Bouake, Hegang, Jiangmen, Abidjan.",0,Côte d'Ivoire,"('Abidjan', 'Bouake', 'Hegang', 'Jiangmen', 'Wroclaw')",4,2
"Exactly 4 of the following cities are in the Dominican Republic: Puente Alto, E'zhou, Chenzhou, Brasilia, Santo Domingo Oeste.",0,the Dominican Republic,"('Brasilia', 'Chenzhou', ""E'zhou"", 'Puente Alto', 'Santo Domingo Oeste')",4,1
"Exactly 4 of the following cities are in Germany: Dortmund, Hannover, Rostov-on-Don, Duesseldorf, Koeln.",1,Germany,"('Dortmund', 'Duesseldorf', 'Hannover', 'Koeln', 'Rostov-on-Don')",4,4
"Exactly 3 of the following cities are in Thailand: Bloemfontein, Cucuta, Dera Ismail Khan, Khartoum North, Bangkok.",0,Thailand,"('Bangkok', 'Bloemfontein', 'Cucuta', 'Dera Ismail Khan', 'Khartoum North')",3,1
"Exactly 3 of the following cities are in South Korea: Daejeon, Busan, Kimhae, Hohhot, Dalian.",1,South Korea,"('Busan', 'Daejeon', 'Dalian', 'Hohhot', 'Kimhae')",3,3
"Exactly 2 of the following cities are in Liechtenstein: Almaty, Hiroshima, Esenyurt, Fuxin, Bengbu.",0,Liechtenstein,"('Almaty', 'Bengbu', 'Esenyurt', 'Fuxin', 'Hiroshima')",2,0
"Exactly 1 of the following cities are in Indonesia: Denpasar, Tasikmalaya, Batam, Bekasi, Makassar.",0,Indonesia,"('Batam', 'Bekasi', 'Denpasar', 'Makassar', 'Tasikmalaya')",1,5
"Exactly 2 of the following cities are in Burkina Faso: Liaocheng, Bobo-Dioulasso, Qionghai, Mianzhu, Deyang, Sichuan, Ouagadougou.",1,Burkina Faso,"('Bobo-Dioulasso', 'Liaocheng', 'Mianzhu, Deyang, Sichuan', 'Ouagadougou', 'Qionghai')",2,2
"Exactly 3 of the following cities are in Jordan: Irbid, Suizhou, Ordos, Amman, Zarqa.",1,Jordan,"('Amman', 'Irbid', 'Ordos', 'Suizhou', 'Zarqa')",3,3
"Exactly 3 of the following cities are in Uzbekistan: Shantou, Puducherry, Andijon, Samarkand, Tashkent.",1,Uzbekistan,"('Andijon', 'Puducherry', 'Samarkand', 'Shantou', 'Tashkent')",3,3
"Exactly 4 of the following cities are in Russia: Volgograd, Rostov-on-Don, Naberezhnyye Chelny, Makhachkala, Ulan Bator.",1,Russia,"('Makhachkala', 'Naberezhnyye Chelny', 'Rostov-on-Don', 'Ulan Bator', 'Volgograd')",4,4
"Exactly 5 of the following cities are in Spain: Bahawalpur, Osogbo, Fuxin, Mandalay, Conakry.",0,Spain,"('Bahawalpur', 'Conakry', 'Fuxin', 'Mandalay', 'Osogbo')",5,0
"Exactly 1 of the following cities are in the Philippines: Kozhikode, Meknes, Himeji, Hermosillo, Kota Kuala Muda.",0,the Philippines,"('Hermosillo', 'Himeji', 'Kota Kuala Muda', 'Kozhikode', 'Meknes')",1,0
"Exactly 3 of the following cities are in Peru: Ziyang, Yaounde, Bijie, Suwon, Kharkiv.",0,Peru,"('Bijie', 'Kharkiv', 'Suwon', 'Yaounde', 'Ziyang')",3,0
"Exactly 1 of the following cities are in Honduras: Teni, Dandong, Tegucigalpa, Comilla, Cotonou.",1,Honduras,"('Comilla', 'Cotonou', 'Dandong', 'Tegucigalpa', 'Teni')",1,1
"Exactly 1 of the following cities are in Lebanon: Shizuoka, Zhengzhou, Ra's Bayrut, Nowrangapur, Niluefer.",1,Lebanon,"('Niluefer', 'Nowrangapur', ""Ra's Bayrut"", 'Shizuoka', 'Zhengzhou')",1,1
"Exactly 4 of the following cities are in Turkey: Kayseri, Borivli, Niluefer, Gaziantep, UEskuedar.",1,Turkey,"('Borivli', 'Gaziantep', 'Kayseri', 'Niluefer', 'UEskuedar')",4,4
"Exactly 5 of the following cities are in the United States: Indianapolis, Milwaukee, New York City, Chicago, Fort Worth.",1,the United States,"('Chicago', 'Fort Worth', 'Indianapolis', 'Milwaukee', 'New York City')",5,5
"Exactly 2 of the following cities are in Namibia: Salta, Leon de los Aldama, Luohe, Kumamoto, Kolhapur.",0,Namibia,"('Kolhapur', 'Kumamoto', 'Leon de los Aldama', 'Luohe', 'Salta')",2,0
"Exactly 0 of the following cities are in Morocco: Ibb, Tangier, Jalandhar, Lianyungang, Marrakesh.",0,Morocco,"('Ibb', 'Jalandhar', 'Lianyungang', 'Marrakesh', 'Tangier')",0,2
"Exactly 1 of the following cities are in North Korea: Hamhung, Makhachkala, Baoji, Narela, Pyongyang.",0,North Korea,"('Baoji', 'Hamhung', 'Makhachkala', 'Narela', 'Pyongyang')",1,2
"Exactly 2 of the following cities are in Côte d'Ivoire: Guankou, Agege, Khulna, Bouake, Abobo.",1,Côte d'Ivoire,"('Abobo', 'Agege', 'Bouake', 'Guankou', 'Khulna')",2,2
"Exactly 0 of the following cities are in Saudi Arabia: Ta'if, Najran, Makkah, Jeddah, Ha'il.",0,Saudi Arabia,"(""Ha'il"", 'Jeddah', 'Makkah', 'Najran', ""Ta'if"")",0,5
"Exactly 5 of the following cities are in Greece: Xinyang, UEruemqi, Hachioji, Daegu, Almaty.",0,Greece,"('Almaty', 'Daegu', 'Hachioji', 'UEruemqi', 'Xinyang')",5,0
"Exactly 2 of the following cities are in Iran: Tabriz, Bareilly, Ahvaz, Changde, Nouakchott.",1,Iran,"('Ahvaz', 'Bareilly', 'Changde', 'Nouakchott', 'Tabriz')",2,2
"Exactly 1 of the following cities are in Bulgaria: Sofia, Mosul, Fuxin, Changchun, Anshun.",1,Bulgaria,"('Anshun', 'Changchun', 'Fuxin', 'Mosul', 'Sofia')",1,1
"Exactly 3 of the following cities are in Russia: Omsk, Saint Petersburg, Makhachkala, Ufa, Rostov-on-Don.",0,Russia,"('Makhachkala', 'Omsk', 'Rostov-on-Don', 'Saint Petersburg', 'Ufa')",3,5
"Exactly 1 of the following cities are in Iran: Jiangmen, Xiangtan, Wuhan, Dammam, Hamadan.",1,Iran,"('Dammam', 'Hamadan', 'Jiangmen', 'Wuhan', 'Xiangtan')",1,1
"Exactly 2 of the following cities are in Sudan: Nairobi, Omdurman, Durban, Kigali, Vientiane.",0,Sudan,"('Durban', 'Kigali', 'Nairobi', 'Omdurman', 'Vientiane')",2,1
"Exactly 2 of the following cities are in Venezuela: Barquisimeto, Chelyabinsk, Maracaibo, Suqian, Lubumbashi.",1,Venezuela,"('Barquisimeto', 'Chelyabinsk', 'Lubumbashi', 'Maracaibo', 'Suqian')",2,2
"Exactly 0 of the following cities are in Timor-Leste: Saitama, Bayan Nur, Mandalay, Sanming, Pekanbaru.",1,Timor-Leste,"('Bayan Nur', 'Mandalay', 'Pekanbaru', 'Saitama', 'Sanming')",0,0
"Exactly 1 of the following cities are in Gabon: Zarqa, Kuecuekcekmece, Busan, Bhavnagar, Detroit.",0,Gabon,"('Bhavnagar', 'Busan', 'Detroit', 'Kuecuekcekmece', 'Zarqa')",1,0
"Exactly 3 of the following cities are in Tanzania: Mbeya, Kashgar, Dar es Salaam, Dodoma, Ujjain.",1,Tanzania,"('Dar es Salaam', 'Dodoma', 'Kashgar', 'Mbeya', 'Ujjain')",3,3
"Exactly 3 of the following cities are in Mexico: Yinchuan, Acapulco de Juarez, Benxi, Gustavo Adolfo Madero, Cuautitlan Izcalli.",1,Mexico,"('Acapulco de Juarez', 'Benxi', 'Cuautitlan Izcalli', 'Gustavo Adolfo Madero', 'Yinchuan')",3,3
"Exactly 3 of the following cities are in Jordan: Itabashi, Amman, Zarqa, Irbid, Acapulco de Juarez.",1,Jordan,"('Acapulco de Juarez', 'Amman', 'Irbid', 'Itabashi', 'Zarqa')",3,3
"Exactly 2 of the following cities are in the Central African Republic: Diyarbakir, Abeokuta, Reynosa, Cuttack, Managua.",0,the Central African Republic,"('Abeokuta', 'Cuttack', 'Diyarbakir', 'Managua', 'Reynosa')",2,0
"Exactly 5 of the following cities are in India: Kanpur, Jabalpur, Ujjain, Nowrangapur, Borivli.",1,India,"('Borivli', 'Jabalpur', 'Kanpur', 'Nowrangapur', 'Ujjain')",5,5
"Exactly 2 of the following cities are in India: Iztapalapa, Varanasi, Auckland, Zigong, Gwalior.",1,India,"('Auckland', 'Gwalior', 'Iztapalapa', 'Varanasi', 'Zigong')",2,2
"Exactly 0 of the following cities are in the Dominican Republic: Bijie, Santiago de los Caballeros, Milwaukee, Aguascalientes, Almaty.",0,the Dominican Republic,"('Aguascalientes', 'Almaty', 'Bijie', 'Milwaukee', 'Santiago de los Caballeros')",0,1
"Exactly 3 of the following cities are in Malaysia: Johor Bahru, Liuzhou, Rawalpindi, Mukim Pulai, Kampung Baru Subang.",1,Malaysia,"('Johor Bahru', 'Kampung Baru Subang', 'Liuzhou', 'Mukim Pulai', 'Rawalpindi')",3,3
"Exactly 0 of the following cities are in Somalia: Can Tho, Petaling Jaya, Siping, Tonghua, Nairobi.",1,Somalia,"('Can Tho', 'Nairobi', 'Petaling Jaya', 'Siping', 'Tonghua')",0,0
"Exactly 1 of the following cities are in Denmark: Hongkou, Subang Jaya, Lubumbashi, Khabarovsk, Ndola.",0,Denmark,"('Hongkou', 'Khabarovsk', 'Lubumbashi', 'Ndola', 'Subang Jaya')",1,0
"Exactly 0 of the following cities are in Saint Kitts and Nevis: Zagreb, Buraydah, Ecatepec de Morelos, Lome, Jeonju.",1,Saint Kitts and Nevis,"('Buraydah', 'Ecatepec de Morelos', 'Jeonju', 'Lome', 'Zagreb')",0,0
"Exactly 2 of the following cities are in Myanmar: Shubra al Khaymah, Ranchi, Sukkur, Hengyang, Nizhniy Novgorod.",0,Myanmar,"('Hengyang', 'Nizhniy Novgorod', 'Ranchi', 'Shubra al Khaymah', 'Sukkur')",2,0
"Exactly 4 of the following cities are in Sudan: Khartoum North, Nyala, Khartoum, Arak, Omdurman.",1,Sudan,"('Arak', 'Khartoum', 'Khartoum North', 'Nyala', 'Omdurman')",4,4
"Exactly 3 of the following cities are in India: Bhopal, Guatemala City, Kanpur, Al Fayyum, Nowrangapur.",1,India,"('Al Fayyum', 'Bhopal', 'Guatemala City', 'Kanpur', 'Nowrangapur')",3,3
"Exactly 2 of the following cities are in Vietnam: Aguascalientes, Buraydah, Mombasa, Douala, Beira.",0,Vietnam,"('Aguascalientes', 'Beira', 'Buraydah', 'Douala', 'Mombasa')",2,0
"Exactly 0 of the following cities are in Australia: Gqeberha, Chisinau, Hebi, Bahawalpur, Karbala.",1,Australia,"('Bahawalpur', 'Chisinau', 'Gqeberha', 'Hebi', 'Karbala')",0,0
"Exactly 3 of the following cities are in Angola: Basrah, Bahawalpur, Khartoum, Benin City, Culiacan.",0,Angola,"('Bahawalpur', 'Basrah', 'Benin City', 'Culiacan', 'Khartoum')",3,0
"Exactly 5 of the following cities are in Bangladesh: Comilla, Gazipur, Rangpur, Mohammadpur, Chattogram.",1,Bangladesh,"('Chattogram', 'Comilla', 'Gazipur', 'Mohammadpur', 'Rangpur')",5,5
"Exactly 0 of the following cities are in Argentina: Beira, Munich, Suqian, Arusha, Culiacan.",1,Argentina,"('Arusha', 'Beira', 'Culiacan', 'Munich', 'Suqian')",0,0
"Exactly 0 of the following cities are in Myanmar: Nay Pyi Taw, Yangon, Mandalay, Hlaingthaya, Sevastopol.",0,Myanmar,"('Hlaingthaya', 'Mandalay', 'Nay Pyi Taw', 'Sevastopol', 'Yangon')",0,4
"Exactly 3 of the following cities are in Guinea: Kalyan, Camayenne, Conakry, Balikpapan, Minhang.",0,Guinea,"('Balikpapan', 'Camayenne', 'Conakry', 'Kalyan', 'Minhang')",3,2
"Exactly 0 of the following cities are in Indonesia: Jhang Sadr, Penza, Marseille, Istanbul, Hamadan.",1,Indonesia,"('Hamadan', 'Istanbul', 'Jhang Sadr', 'Marseille', 'Penza')",0,0
"Exactly 0 of the following cities are in Tajikistan: Samarkand, Shangrao, Tucson, Okara, Sao Bernardo do Campo.",1,Tajikistan,"('Okara', 'Samarkand', 'Sao Bernardo do Campo', 'Shangrao', 'Tucson')",0,0
"Exactly 5 of the following cities are in Germany: Dortmund, Nuremberg, Munich, Koeln, Duesseldorf.",1,Germany,"('Dortmund', 'Duesseldorf', 'Koeln', 'Munich', 'Nuremberg')",5,5
"Exactly 1 of the following cities are in India: Teni, Narela, Vadodara, Madurai, Jalandhar.",0,India,"('Jalandhar', 'Madurai', 'Narela', 'Teni', 'Vadodara')",1,5
"Exactly 1 of the following cities are in Belarus: Abeokuta, Binh Thanh, Suining, Zhengzhou, Bouake.",0,Belarus,"('Abeokuta', 'Binh Thanh', 'Bouake', 'Suining', 'Zhengzhou')",1,0
"Exactly 3 of the following cities are in Armenia: Pyongyang, Shekhupura, Luzhou, Arusha, Baghdad.",0,Armenia,"('Arusha', 'Baghdad', 'Luzhou', 'Pyongyang', 'Shekhupura')",3,0
"Exactly 3 of the following cities are in South Korea: Tegucigalpa, Luancheng, Ulsan, Ansan-si, Daegu.",1,South Korea,"('Ansan-si', 'Daegu', 'Luancheng', 'Tegucigalpa', 'Ulsan')",3,3
"Exactly 4 of the following cities are in Palau: Kimhae, Libreville, Kota Bharu, Subang Jaya, Al Mawsil al Jadidah.",0,Palau,"('Al Mawsil al Jadidah', 'Kimhae', 'Kota Bharu', 'Libreville', 'Subang Jaya')",4,0
"Exactly 0 of the following cities are in Malaysia: Zhoushan, Daqing, Pingliang, Osaka, Dharavi.",1,Malaysia,"('Daqing', 'Dharavi', 'Osaka', 'Pingliang', 'Zhoushan')",0,0
"Exactly 1 of the following cities are in Pakistan: South Tangerang, Sialkot, Bengbu, Orumiyeh, Sorocaba.",1,Pakistan,"('Bengbu', 'Orumiyeh', 'Sialkot', 'Sorocaba', 'South Tangerang')",1,1
"Exactly 4 of the following cities are in India: Bikaner, Zanzibar, Jalandhar, Moradabad, Loni.",1,India,"('Bikaner', 'Jalandhar', 'Loni', 'Moradabad', 'Zanzibar')",4,4
"Exactly 1 of the following cities are in the United Arab Emirates: Bucaramanga, Bogor, Guwahati, Batam, Sharjah.",1,the United Arab Emirates,"('Batam', 'Bogor', 'Bucaramanga', 'Guwahati', 'Sharjah')",1,1
"Exactly 0 of the following cities are in Spain: Shymkent, Durban, Jeddah, Frankfurt am Main, Naucalpan de Juarez.",1,Spain,"('Durban', 'Frankfurt am Main', 'Jeddah', 'Naucalpan de Juarez', 'Shymkent')",0,0
"Exactly 5 of the following cities are in Brazil: Ribeirao Preto, Curitiba, Macapa, Cuiaba, Jaboatao dos Guararapes.",1,Brazil,"('Cuiaba', 'Curitiba', 'Jaboatao dos Guararapes', 'Macapa', 'Ribeirao Preto')",5,5
"Exactly 5 of the following cities are in Japan: Nagoya, Hamamatsu, Edogawe, Kumamoto, Fukuoka.",1,Japan,"('Edogawe', 'Fukuoka', 'Hamamatsu', 'Kumamoto', 'Nagoya')",5,5
"Exactly 3 of the following cities are in South Africa: Hohhot, Pietermaritzburg, Durban, Kryvyy Rih, Gqeberha.",1,South Africa,"('Durban', 'Gqeberha', 'Hohhot', 'Kryvyy Rih', 'Pietermaritzburg')",3,3
"Exactly 5 of the following cities are in Italy: Guarulhos, Ulanqab, Rostov-on-Don, Nova Iguacu, Benguela.",0,Italy,"('Benguela', 'Guarulhos', 'Nova Iguacu', 'Rostov-on-Don', 'Ulanqab')",5,0
"Exactly 3 of the following cities are in Saudi Arabia: Buraydah, Madinah, Sultanah, Gazipur, Florianopolis.",1,Saudi Arabia,"('Buraydah', 'Florianopolis', 'Gazipur', 'Madinah', 'Sultanah')",3,3
"Exactly 1 of the following cities are in Australia: Gwalior, Cancun, Wanning, Aqsu, Quezon City.",0,Australia,"('Aqsu', 'Cancun', 'Gwalior', 'Quezon City', 'Wanning')",1,0
"Exactly 0 of the following cities are in the United Arab Emirates: Abu Dhabi, Sharjah, Zhangjiagang, Kanpur, Al Ain City.",0,the United Arab Emirates,"('Abu Dhabi', 'Al Ain City', 'Kanpur', 'Sharjah', 'Zhangjiagang')",0,3
"Exactly 3 of the following cities are in Côte d'Ivoire: Harare, Abobo, Abidjan, Bamako, Bouake.",1,Côte d'Ivoire,"('Abidjan', 'Abobo', 'Bamako', 'Bouake', 'Harare')",3,3
"Exactly 2 of the following cities are in Angola: Bekasi, Golfe, Calumbo, Mulenvos, Hoji ya Henda.",0,Angola,"('Bekasi', 'Calumbo', 'Golfe', 'Hoji ya Henda', 'Mulenvos')",2,4
"Exactly 3 of the following cities are in Bangladesh: Katsina, Pimpri, Rangpur, Rajshahi, Luzhou.",0,Bangladesh,"('Katsina', 'Luzhou', 'Pimpri', 'Rajshahi', 'Rangpur')",3,2
"Exactly 1 of the following cities are in Equatorial Guinea: Calgary, Naberezhnyye Chelny, Marrakesh, Abuja, Orumiyeh.",0,Equatorial Guinea,"('Abuja', 'Calgary', 'Marrakesh', 'Naberezhnyye Chelny', 'Orumiyeh')",1,0
"Exactly 3 of the following cities are in Vietnam: Hue, Bien Hoa, Khabarovsk, Da Nang, Calabar.",1,Vietnam,"('Bien Hoa', 'Calabar', 'Da Nang', 'Hue', 'Khabarovsk')",3,3
"Exactly 3 of the following cities are in Malawi: Cotonou, Zamboanga, Pudong, Zhangzhou, Ziyang.",0,Malawi,"('Cotonou', 'Pudong', 'Zamboanga', 'Zhangzhou', 'Ziyang')",3,0
"Exactly 2 of the following cities are in Angola: Maianga, Goiania, Qiqihar, Benguela, Abeokuta.",1,Angola,"('Abeokuta', 'Benguela', 'Goiania', 'Maianga', 'Qiqihar')",2,2
"Exactly 5 of the following cities are in Vietnam: Hue, Thuan An, Bien Hoa, Can Tho, Haiphong.",1,Vietnam,"('Bien Hoa', 'Can Tho', 'Haiphong', 'Hue', 'Thuan An')",5,5
"Exactly 0 of the following cities are in Guinea: Conakry, Novosibirsk, Volgograd, Homs, Asmara.",0,Guinea,"('Asmara', 'Conakry', 'Homs', 'Novosibirsk', 'Volgograd')",0,1
"Exactly 4 of the following cities are in South Africa: Benoni, Bloemfontein, Pietermaritzburg, Soshanguve, Evaton.",0,South Africa,"('Benoni', 'Bloemfontein', 'Evaton', 'Pietermaritzburg', 'Soshanguve')",4,5
"Exactly 4 of the following cities are in South Korea: Incheon, Anyang-si, Suizhou, Changwon, Seongnam-si.",1,South Korea,"('Anyang-si', 'Changwon', 'Incheon', 'Seongnam-si', 'Suizhou')",4,4
"Exactly 4 of the following cities are in Singapore: Namangan, Khartoum North, Binh Thanh, Changshu, Basrah.",0,Singapore,"('Basrah', 'Binh Thanh', 'Changshu', 'Khartoum North', 'Namangan')",4,0
"Exactly 1 of the following cities are in Luxembourg: Taicang, Battagram, Borivli, Teni, Guangyuan.",0,Luxembourg,"('Battagram', 'Borivli', 'Guangyuan', 'Taicang', 'Teni')",1,0
"Exactly 0 of the following cities are in Venezuela: Barquisimeto, Tokyo, Xinyu, Pasir Gudang, Nanchang.",0,Venezuela,"('Barquisimeto', 'Nanchang', 'Pasir Gudang', 'Tokyo', 'Xinyu')",0,1
"Exactly 5 of the following cities are in Costa Rica: Johannesburg, Lu'an, Guilin, Kathmandu, Ahvaz.",0,Costa Rica,"('Ahvaz', 'Guilin', 'Johannesburg', 'Kathmandu', ""Lu'an"")",5,0
"Exactly 1 of the following cities are in Turkey: Qiqihar, UEskuedar, Erzurum, Linyi, Erbil.",0,Turkey,"('Erbil', 'Erzurum', 'Linyi', 'Qiqihar', 'UEskuedar')",1,2
"Exactly 3 of the following cities are in Niger: Nyala, Niamey, Kermanshah, Golfe, Kryvyy Rih.",0,Niger,"('Golfe', 'Kermanshah', 'Kryvyy Rih', 'Niamey', 'Nyala')",3,1
"Exactly 5 of the following cities are in Nigeria: Ibadan, Kaduna, Benin City, Port Harcourt, Katsina.",1,Nigeria,"('Benin City', 'Ibadan', 'Kaduna', 'Katsina', 'Port Harcourt')",5,5
"Exactly 3 of the following cities are in Malaysia: Kuantan, Taguig, Pelentong, Pallabi, Pasir Gudang.",1,Malaysia,"('Kuantan', 'Pallabi', 'Pasir Gudang', 'Pelentong', 'Taguig')",3,3
"Exactly 5 of the following cities are in India: Nellore, Jamnagar, Pimpri, Bilimora, Jabalpur.",1,India,"('Bilimora', 'Jabalpur', 'Jamnagar', 'Nellore', 'Pimpri')",5,5
"Exactly 5 of the following cities are in Cuba: Santo Domingo Oeste, Naberezhnyye Chelny, Comilla, Khartoum North, Irbid.",0,Cuba,"('Comilla', 'Irbid', 'Khartoum North', 'Naberezhnyye Chelny', 'Santo Domingo Oeste')",5,0
"Exactly 5 of the following cities are in Peru: Fes, Piura, Arequipa, Callao, Chiclayo.",0,Peru,"('Arequipa', 'Callao', 'Chiclayo', 'Fes', 'Piura')",5,4
"Exactly 0 of the following cities are in Afghanistan: Gold Coast, Chongqing, Mazar-e Sharif, Warangal, Bannu.",0,Afghanistan,"('Bannu', 'Chongqing', 'Gold Coast', 'Mazar-e Sharif', 'Warangal')",0,1
"Exactly 3 of the following cities are in Jordan: Agege, Zarqa, Irbid, Marrakesh, Amman.",1,Jordan,"('Agege', 'Amman', 'Irbid', 'Marrakesh', 'Zarqa')",3,3
"Exactly 2 of the following cities are in the Democratic Republic of the Congo: Likasi, Bhopal, Volgograd, Hue, Taicang.",0,the Democratic Republic of the Congo,"('Bhopal', 'Hue', 'Likasi', 'Taicang', 'Volgograd')",2,1
"Exactly 1 of the following cities are in Belize: Amman, Banjarmasin, Taicang, New York City, Bauchi.",0,Belize,"('Amman', 'Banjarmasin', 'Bauchi', 'New York City', 'Taicang')",1,0
"Exactly 4 of the following cities are in Japan: Niigata, Fukuoka, Osaka, Tashkent, Nagoya.",1,Japan,"('Fukuoka', 'Nagoya', 'Niigata', 'Osaka', 'Tashkent')",4,4
"Exactly 3 of the following cities are in Zambia: Can Tho, Evaton, Maoming, Karachi, Ndola.",0,Zambia,"('Can Tho', 'Evaton', 'Karachi', 'Maoming', 'Ndola')",3,1
"Exactly 2 of the following cities are in Guinea: Nairobi, South Tangerang, Camayenne, Conakry, Sevastopol.",1,Guinea,"('Camayenne', 'Conakry', 'Nairobi', 'Sevastopol', 'South Tangerang')",2,2
"Exactly 4 of the following cities are in New Zealand: Bhopal, Battagram, Lianyungang, Pallabi, Niluefer.",0,New Zealand,"('Battagram', 'Bhopal', 'Lianyungang', 'Niluefer', 'Pallabi')",4,0
"Exactly 0 of the following cities are in Iceland: Goyang-si, Karbala, Mexicali, Suqian, Soweto.",1,Iceland,"('Goyang-si', 'Karbala', 'Mexicali', 'Soweto', 'Suqian')",0,0
"Exactly 2 of the following cities are in Japan: Visakhapatnam, Setagaya, Adachi, Bekasi, Kumamoto.",0,Japan,"('Adachi', 'Bekasi', 'Kumamoto', 'Setagaya', 'Visakhapatnam')",2,3
"Exactly 2 of the following cities are in Myanmar: Nay Pyi Taw, Amravati, Calgary, Makati City, Tianshui.",0,Myanmar,"('Amravati', 'Calgary', 'Makati City', 'Nay Pyi Taw', 'Tianshui')",2,1
"Exactly 3 of the following cities are in Fiji: Nairobi, Virar, Ya'an, Algiers, Lviv.",0,Fiji,"('Algiers', 'Lviv', 'Nairobi', 'Virar', ""Ya'an"")",3,0
"Exactly 1 of the following cities are in Iran: Orumiyeh, Bahawalpur, Zahedan, Gujrat, Kaifeng.",0,Iran,"('Bahawalpur', 'Gujrat', 'Kaifeng', 'Orumiyeh', 'Zahedan')",1,2
"Exactly 1 of the following cities are in Togo: Mosul, Santo Domingo Este, Lome, Mexicali, Chongming.",1,Togo,"('Chongming', 'Lome', 'Mexicali', 'Mosul', 'Santo Domingo Este')",1,1
"Exactly 3 of the following cities are in Mozambique: Tolyatti, Nampula, Matola, Maputo, Luohe.",1,Mozambique,"('Luohe', 'Maputo', 'Matola', 'Nampula', 'Tolyatti')",3,3
"Exactly 5 of the following cities are in the United States: Pikine, Kyoto, New York City, Detroit, Kolhapur.",0,the United States,"('Detroit', 'Kolhapur', 'Kyoto', 'New York City', 'Pikine')",5,2
"Exactly 5 of the following cities are in Malaysia: Petaling Jaya, Kota Kuala Muda, Shah Alam, Johor Bahru, Pelentong.",1,Malaysia,"('Johor Bahru', 'Kota Kuala Muda', 'Pelentong', 'Petaling Jaya', 'Shah Alam')",5,5
"Exactly 0 of the following cities are in Côte d'Ivoire: Bhopal, Mexico City, Shizuishan, Mulenvos, Cangzhou.",1,Côte d'Ivoire,"('Bhopal', 'Cangzhou', 'Mexico City', 'Mulenvos', 'Shizuishan')",0,0
"Exactly 2 of the following cities are in Papua New Guinea: Dakar, Dehradun, Suqian, Surakarta, Ta'if.",0,Papua New Guinea,"('Dakar', 'Dehradun', 'Suqian', 'Surakarta', ""Ta'if"")",2,0
"Exactly 4 of the following cities are in Colombia: Barranquilla, Soacha, Cucuta, Buraydah, Bucaramanga.",1,Colombia,"('Barranquilla', 'Bucaramanga', 'Buraydah', 'Cucuta', 'Soacha')",4,4
"Exactly 0 of the following cities are in Brazil: Curitiba, Kaduna, Irkutsk, Ashgabat, Davao.",0,Brazil,"('Ashgabat', 'Curitiba', 'Davao', 'Irkutsk', 'Kaduna')",0,1
"Exactly 4 of the following cities are in Afghanistan: Penza, Weihai, Aguascalientes, Zhengzhou, Tucson.",0,Afghanistan,"('Aguascalientes', 'Penza', 'Tucson', 'Weihai', 'Zhengzhou')",4,0
"Exactly 2 of the following cities are in Nepal: Tokyo, Chongqing, Ghaziabad, Kathmandu, Pokhara.",1,Nepal,"('Chongqing', 'Ghaziabad', 'Kathmandu', 'Pokhara', 'Tokyo')",2,2
"Exactly 5 of the following cities are in the United States: The Bronx, Queens, Tucson, Seattle, Oklahoma City.",1,the United States,"('Oklahoma City', 'Queens', 'Seattle', 'The Bronx', 'Tucson')",5,5
"Exactly 5 of the following cities are in Egypt: Giza, Suez, Port Said, Shubra al Khaymah, Assiut.",1,Egypt,"('Assiut', 'Giza', 'Port Said', 'Shubra al Khaymah', 'Suez')",5,5
"Exactly 0 of the following cities are in Barbados: UEskuedar, Gold Coast, Kagoshima, Omdurman, Jiaozuo.",1,Barbados,"('Gold Coast', 'Jiaozuo', 'Kagoshima', 'Omdurman', 'UEskuedar')",0,0
"Exactly 3 of the following cities are in Mozambique: Matola, Suez, Maputo, Shymkent, Beira.",1,Mozambique,"('Beira', 'Maputo', 'Matola', 'Shymkent', 'Suez')",3,3
"Exactly 5 of the following cities are in Kazakhstan: Ulsan, Bucharest, Bukavu, Aktobe, Auckland.",0,Kazakhstan,"('Aktobe', 'Auckland', 'Bucharest', 'Bukavu', 'Ulsan')",5,1
"Exactly 1 of the following cities are in India: Shizuoka, Qujing, Konya, Dera Ismail Khan, Bikaner.",1,India,"('Bikaner', 'Dera Ismail Khan', 'Konya', 'Qujing', 'Shizuoka')",1,1
"Exactly 0 of the following cities are in the United States: Thane, The Bronx, Jambi City, Xiaogan, Albuquerque.",0,the United States,"('Albuquerque', 'Jambi City', 'Thane', 'The Bronx', 'Xiaogan')",0,2
"Exactly 3 of the following cities are in Saudi Arabia: Ha'il, Calabar, Makkah, Xuhui, Niluefer.",0,Saudi Arabia,"('Calabar', ""Ha'il"", 'Makkah', 'Niluefer', 'Xuhui')",3,2
"Exactly 4 of the following cities are in Peru: Surat, Libreville, Kryvyy Rih, Mianzhu, Deyang, Sichuan, Piura.",0,Peru,"('Kryvyy Rih', 'Libreville', 'Mianzhu, Deyang, Sichuan', 'Piura', 'Surat')",4,1
"Exactly 0 of the following cities are in Denmark: Winnipeg, New South Memphis, Niamey, Tiruchirappalli, Benoni.",1,Denmark,"('Benoni', 'New South Memphis', 'Niamey', 'Tiruchirappalli', 'Winnipeg')",0,0
"Exactly 1 of the following cities are in Nigeria: Tiruppur, Ebute Ikorodu, Kalaburagi, Perm, Incheon.",1,Nigeria,"('Ebute Ikorodu', 'Incheon', 'Kalaburagi', 'Perm', 'Tiruppur')",1,1
"Exactly 3 of the following cities are in Egypt: Madinat an Nasr, Giza, Al Fayyum, Shubra al Khaymah, Al Mahallah al Kubra.",0,Egypt,"('Al Fayyum', 'Al Mahallah al Kubra', 'Giza', 'Madinat an Nasr', 'Shubra al Khaymah')",3,5
"Exactly 3 of the following cities are in Afghanistan: Aihara, Hermosillo, Volgograd, Mazar-e Sharif, Benoni.",0,Afghanistan,"('Aihara', 'Benoni', 'Hermosillo', 'Mazar-e Sharif', 'Volgograd')",3,1
"Exactly 4 of the following cities are in Nigeria: Qingdao, Cangzhou, Qionghai, Makkah, Nouakchott.",0,Nigeria,"('Cangzhou', 'Makkah', 'Nouakchott', 'Qingdao', 'Qionghai')",4,0
"Exactly 1 of the following cities are in Guinea: Guatemala City, Quebec, Subang Jaya, Conakry, Camayenne.",0,Guinea,"('Camayenne', 'Conakry', 'Guatemala City', 'Quebec', 'Subang Jaya')",1,2
"Exactly 0 of the following cities are in the Czech Republic: Zhangye, Chattogram, Subang Jaya, Ouagadougou, Douala.",1,the Czech Republic,"('Chattogram', 'Douala', 'Ouagadougou', 'Subang Jaya', 'Zhangye')",0,0
"Exactly 3 of the following cities are in Yemen: Abu Ghurayb, Al Hudaydah, Sanaa, Ibb, Homs.",1,Yemen,"('Abu Ghurayb', 'Al Hudaydah', 'Homs', 'Ibb', 'Sanaa')",3,3
"Exactly 3 of the following cities are in Japan: Saitama, Matsuyama, Setagaya, Chongming, Cixi.",1,Japan,"('Chongming', 'Cixi', 'Matsuyama', 'Saitama', 'Setagaya')",3,3
"Exactly 4 of the following cities are in Jordan: Izhevsk, Lusaka, Nanjing, Guwahati, Zamboanga.",0,Jordan,"('Guwahati', 'Izhevsk', 'Lusaka', 'Nanjing', 'Zamboanga')",4,0
"Exactly 0 of the following cities are in Morocco: Borama, Laibin, Putian, Cucuta, Jiaxing.",1,Morocco,"('Borama', 'Cucuta', 'Jiaxing', 'Laibin', 'Putian')",0,0
"Exactly 3 of the following cities are in Tanzania: Mbeya, Kimhae, Dodoma, Dar es Salaam, Weihai.",1,Tanzania,"('Dar es Salaam', 'Dodoma', 'Kimhae', 'Mbeya', 'Weihai')",3,3
"Exactly 5 of the following cities are in India: Nagpur, Kalyan, Amritsar, Jalandhar, Tiruppur.",1,India,"('Amritsar', 'Jalandhar', 'Kalyan', 'Nagpur', 'Tiruppur')",5,5
"Exactly 3 of the following cities are in Malaysia: Huaihua, Kuala Lumpur, Qui Nhon, Pasir Gudang, Riga.",0,Malaysia,"('Huaihua', 'Kuala Lumpur', 'Pasir Gudang', 'Qui Nhon', 'Riga')",3,2
"Exactly 5 of the following cities are in China: Ningbo, Chisinau, Ha'il, Vilnius, Qujing.",0,China,"('Chisinau', ""Ha'il"", 'Ningbo', 'Qujing', 'Vilnius')",5,2
"Exactly 2 of the following cities are in New Zealand: Harbin, Helsinki, Auckland, Zibo, Namangan.",0,New Zealand,"('Auckland', 'Harbin', 'Helsinki', 'Namangan', 'Zibo')",2,1
"Exactly 3 of the following cities are in Denmark: Bahawalpur, Ipoh, Jaipur, Caracas, Narela.",0,Denmark,"('Bahawalpur', 'Caracas', 'Ipoh', 'Jaipur', 'Narela')",3,0
"Exactly 0 of the following cities are in Uganda: Jiamusi, Mandalay, Nansana, Zhu Cheng City, Rohini.",0,Uganda,"('Jiamusi', 'Mandalay', 'Nansana', 'Rohini', 'Zhu Cheng City')",0,1
"Exactly 4 of the following cities are in Tanzania: Dar es Salaam, Zanzibar, Mbeya, Duque de Caxias, Arusha.",1,Tanzania,"('Arusha', 'Dar es Salaam', 'Duque de Caxias', 'Mbeya', 'Zanzibar')",4,4
"Exactly 4 of the following cities are in the Philippines: Yangjiang, Caloocan, Davao, Cagayan de Oro, Ipoh.",0,the Philippines,"('Cagayan de Oro', 'Caloocan', 'Davao', 'Ipoh', 'Yangjiang')",4,3
"Exactly 1 of the following cities are in India: Yunfu, Rajkot, Kaduna, Ulhasnagar, Kolhapur.",0,India,"('Kaduna', 'Kolhapur', 'Rajkot', 'Ulhasnagar', 'Yunfu')",1,3
"Exactly 4 of the following cities are in India: Shaoxing, Dehradun, Dharavi, Surat, Nellore.",1,India,"('Dehradun', 'Dharavi', 'Nellore', 'Shaoxing', 'Surat')",4,4
"Exactly 3 of the following cities are in the Philippines: Caloocan, Jinan, Quezon City, Meknes, Budta.",1,the Philippines,"('Budta', 'Caloocan', 'Jinan', 'Meknes', 'Quezon City')",3,3
"Exactly 2 of the following cities are in Russia: Tolyatti, Sargodha, Ufa, Narela, Shubra al Khaymah.",1,Russia,"('Narela', 'Sargodha', 'Shubra al Khaymah', 'Tolyatti', 'Ufa')",2,2
"Exactly 0 of the following cities are in Namibia: Ha'il, Shangluo, New South Memphis, Oslo, Duque de Caxias.",1,Namibia,"('Duque de Caxias', ""Ha'il"", 'New South Memphis', 'Oslo', 'Shangluo')",0,0
"Exactly 3 of the following cities are in Peru: Johor Bahru, Jajmau, Chiclayo, Arequipa, Piura.",1,Peru,"('Arequipa', 'Chiclayo', 'Jajmau', 'Johor Bahru', 'Piura')",3,3
"Exactly 4 of the following cities are in Venezuela: Bilimora, Maracaibo, Okayama, Taiz, Navi Mumbai.",0,Venezuela,"('Bilimora', 'Maracaibo', 'Navi Mumbai', 'Okayama', 'Taiz')",4,1
"Exactly 1 of the following cities are in Venezuela: Maturin, Caracas, Sialkot, Bien Hoa, Maracaibo.",0,Venezuela,"('Bien Hoa', 'Caracas', 'Maracaibo', 'Maturin', 'Sialkot')",1,3
"Exactly 2 of the following cities are in Peru: Bujumbura, Chiclayo, Callao, Istanbul, Arequipa.",0,Peru,"('Arequipa', 'Bujumbura', 'Callao', 'Chiclayo', 'Istanbul')",2,3
"Exactly 0 of the following cities are in Somalia: Andijon, Shuangyashan, Mombasa, Sultanah, Mogadishu.",0,Somalia,"('Andijon', 'Mogadishu', 'Mombasa', 'Shuangyashan', 'Sultanah')",0,1
"Exactly 3 of the following cities are in South Korea: Ulsan, Mexicali, Ansan-si, Suwon, Busan.",0,South Korea,"('Ansan-si', 'Busan', 'Mexicali', 'Suwon', 'Ulsan')",3,4
"Exactly 3 of the following cities are in Indonesia: Jakarta, Semarang, Batam, Culiacan, Kisangani.",1,Indonesia,"('Batam', 'Culiacan', 'Jakarta', 'Kisangani', 'Semarang')",3,3
"Exactly 2 of the following cities are in Saudi Arabia: Guangzhou, Dammam, Mukim Pulai, Najran, Lubango.",1,Saudi Arabia,"('Dammam', 'Guangzhou', 'Lubango', 'Mukim Pulai', 'Najran')",2,2
"Exactly 0 of the following cities are in Cambodia: Teni, Phnom Penh, Jeddah, Gaziantep, Naberezhnyye Chelny.",0,Cambodia,"('Gaziantep', 'Jeddah', 'Naberezhnyye Chelny', 'Phnom Penh', 'Teni')",0,1
"Exactly 1 of the following cities are in Croatia: Zagreb, Subang Jaya, Tabriz, Shaoguan, Cimahi.",1,Croatia,"('Cimahi', 'Shaoguan', 'Subang Jaya', 'Tabriz', 'Zagreb')",1,1
"Exactly 4 of the following cities are in Germany: Munich, Guigang, Koeln, Hannover, Nuremberg.",1,Germany,"('Guigang', 'Hannover', 'Koeln', 'Munich', 'Nuremberg')",4,4
"Exactly 0 of the following cities are in Lithuania: Marseille, Agadir, Shizuishan, Bursa, Puning.",1,Lithuania,"('Agadir', 'Bursa', 'Marseille', 'Puning', 'Shizuishan')",0,0
"Exactly 3 of the following cities are in Denmark: Diyarbakir, Copenhagen, Bangkok, Volgograd, Rahim Yar Khan.",0,Denmark,"('Bangkok', 'Copenhagen', 'Diyarbakir', 'Rahim Yar Khan', 'Volgograd')",3,1
"Exactly 0 of the following cities are in Haiti: Astana, Pune, Comilla, Port-au-Prince, Dharavi.",0,Haiti,"('Astana', 'Comilla', 'Dharavi', 'Port-au-Prince', 'Pune')",0,1
"Exactly 4 of the following cities are in China: UEruemqi, Chenzhou, Rui'an, Zhengzhou, Niamey.",1,China,"('Chenzhou', 'Niamey', ""Rui'an"", 'UEruemqi', 'Zhengzhou')",4,4
"Exactly 5 of the following cities are in Sweden: Osaka, Orenburg, Ar Raqqah, Muzaffarabad, Hefei.",0,Sweden,"('Ar Raqqah', 'Hefei', 'Muzaffarabad', 'Orenburg', 'Osaka')",5,0
"Exactly 2 of the following cities are in Cambodia: Amritsar, Malatya, Erode, Neijiang, Vilnius.",0,Cambodia,"('Amritsar', 'Erode', 'Malatya', 'Neijiang', 'Vilnius')",2,0
"Exactly 4 of the following cities are in Vietnam: Vinh, Karbala, Ho Chi Minh City, Hue, Thu GJuc.",1,Vietnam,"('Ho Chi Minh City', 'Hue', 'Karbala', 'Thu GJuc', 'Vinh')",4,4
"Exactly 2 of the following cities are in Angola: Golfe, Hermosillo, San Pedro Sula, Lubango, Mulenvos.",0,Angola,"('Golfe', 'Hermosillo', 'Lubango', 'Mulenvos', 'San Pedro Sula')",2,3
"Exactly 4 of the following cities are in Nicaragua: Tokyo, Malang, Liupanshui, Giza, Mukim Pulai.",0,Nicaragua,"('Giza', 'Liupanshui', 'Malang', 'Mukim Pulai', 'Tokyo')",4,0
"Exactly 3 of the following cities are in Moldova: Shanghai, Songjiang, Beijing, Da Nang, Dandong.",0,Moldova,"('Beijing', 'Da Nang', 'Dandong', 'Shanghai', 'Songjiang')",3,0
"Exactly 1 of the following cities are in Peru: Chiclayo, Ilorin, Daxing'anling, Piura, South Tangerang.",0,Peru,"('Chiclayo', ""Daxing'anling"", 'Ilorin', 'Piura', 'South Tangerang')",1,2
"Exactly 1 of the following cities are in Ukraine: Kryvyy Rih, Saratov, Kuala Lumpur, Kikwit, Tolyatti.",1,Ukraine,"('Kikwit', 'Kryvyy Rih', 'Kuala Lumpur', 'Saratov', 'Tolyatti')",1,1
"Exactly 5 of the following cities are in the Dominican Republic: Jakarta, Santiago de los Caballeros, Bauchi, Loni, Barranquilla.",0,the Dominican Republic,"('Barranquilla', 'Bauchi', 'Jakarta', 'Loni', 'Santiago de los Caballeros')",5,1
"Exactly 1 of the following cities are in Lebanon: Ra's Bayrut, Fuxin, Sao Jose dos Campos, Daegu, Gazipur.",1,Lebanon,"('Daegu', 'Fuxin', 'Gazipur', ""Ra's Bayrut"", 'Sao Jose dos Campos')",1,1
"Exactly 3 of the following cities are in South Korea: Port-au-Prince, Anyang-si, Yangquan, Changwon, Cheonan.",1,South Korea,"('Anyang-si', 'Changwon', 'Cheonan', 'Port-au-Prince', 'Yangquan')",3,3
"Exactly 0 of the following cities are in Cyprus: Yangjiang, Wuwei, Port Said, Chuzhou, New York City.",1,Cyprus,"('Chuzhou', 'New York City', 'Port Said', 'Wuwei', 'Yangjiang')",0,0
"Exactly 1 of the following cities are in Albania: Andijon, Erbil, Bogor, Yaounde, Guwahati.",0,Albania,"('Andijon', 'Bogor', 'Erbil', 'Guwahati', 'Yaounde')",1,0
"Exactly 5 of the following cities are in Vietnam: Daxing'anling, Khabarovsk, Ryazan', Najran, Duesseldorf.",0,Vietnam,"(""Daxing'anling"", 'Duesseldorf', 'Khabarovsk', 'Najran', ""Ryazan'"")",5,0
"Exactly 4 of the following cities are in Sweden: Yangjiang, Stockholm, Lome, Suqian, Hongkou.",0,Sweden,"('Hongkou', 'Lome', 'Stockholm', 'Suqian', 'Yangjiang')",4,1
"Exactly 0 of the following cities are in Nicaragua: Managua, Yangon, Jabalpur, Jiaxing, Da Nang.",0,Nicaragua,"('Da Nang', 'Jabalpur', 'Jiaxing', 'Managua', 'Yangon')",0,1
"Exactly 0 of the following cities are in the United States: New South Memphis, Queens, Albuquerque, New York City, Shantou.",0,the United States,"('Albuquerque', 'New South Memphis', 'New York City', 'Queens', 'Shantou')",0,4
"Exactly 4 of the following cities are in Tanzania: Benguela, Arusha, Mbeya, Zanzibar, Dar es Salaam.",1,Tanzania,"('Arusha', 'Benguela', 'Dar es Salaam', 'Mbeya', 'Zanzibar')",4,4
"Exactly 2 of the following cities are in Peru: Arequipa, Antananarivo, Chiclayo, Puducherry, Vinh.",1,Peru,"('Antananarivo', 'Arequipa', 'Chiclayo', 'Puducherry', 'Vinh')",2,2
"Exactly 4 of the following cities are in Russia: Krasnodar, Izhevsk, Kemerovo, Irkutsk, Vladivostok.",0,Russia,"('Irkutsk', 'Izhevsk', 'Kemerovo', 'Krasnodar', 'Vladivostok')",4,5
"Exactly 3 of the following cities are in Benin: Makkah, Kirkuk, Khulna, Cotonou, Kemerovo.",0,Benin,"('Cotonou', 'Kemerovo', 'Khulna', 'Kirkuk', 'Makkah')",3,1
"Exactly 5 of the following cities are in Malaysia: Ipoh, Petaling Jaya, Iskandar Puteri, Pelentong, Pasir Gudang.",1,Malaysia,"('Ipoh', 'Iskandar Puteri', 'Pasir Gudang', 'Pelentong', 'Petaling Jaya')",5,5
"Exactly 4 of the following cities are in Ghana: Aqsu, Abu Dhabi, Hannover, Bannu, Agadir.",0,Ghana,"('Abu Dhabi', 'Agadir', 'Aqsu', 'Bannu', 'Hannover')",4,0
"Exactly 5 of the following cities are in Bulgaria: Zhangzhou, Pikine, Sofia, Fes, Zhumadian.",0,Bulgaria,"('Fes', 'Pikine', 'Sofia', 'Zhangzhou', 'Zhumadian')",5,1
"Exactly 5 of the following cities are in Egypt: Giza, Port Said, Al Fayyum, Al Mahallah al Kubra, Assiut.",1,Egypt,"('Al Fayyum', 'Al Mahallah al Kubra', 'Assiut', 'Giza', 'Port Said')",5,5
"Exactly 3 of the following cities are in Mexico: Nowrangapur, Namangan, Coyoacan, Tlalpan, Cuautitlan Izcalli.",1,Mexico,"('Coyoacan', 'Cuautitlan Izcalli', 'Namangan', 'Nowrangapur', 'Tlalpan')",3,3
"Exactly 3 of the following cities are in Malaysia: Bukit Rahman Putra, Bhayandar, Sharjah, General Santos, Osogbo.",0,Malaysia,"('Bhayandar', 'Bukit Rahman Putra', 'General Santos', 'Osogbo', 'Sharjah')",3,1
"Exactly 2 of the following cities are in Myanmar: Mandalay, Hlaingthaya, Hebi, Nanchang, Yangon.",0,Myanmar,"('Hebi', 'Hlaingthaya', 'Mandalay', 'Nanchang', 'Yangon')",2,3
"Exactly 2 of the following cities are in Yemen: Cangzhou, Ibb, Shantou, Jhang Sadr, Sanaa.",1,Yemen,"('Cangzhou', 'Ibb', 'Jhang Sadr', 'Sanaa', 'Shantou')",2,2
"Exactly 1 of the following cities are in Ukraine: Kyiv, Odesa, Kharkiv, Sevastopol, Dnipro.",0,Ukraine,"('Dnipro', 'Kharkiv', 'Kyiv', 'Odesa', 'Sevastopol')",1,5
"Exactly 2 of the following cities are in Sudan: Madinat an Nasr, Nyala, Wanxian, Khartoum, Goiania.",1,Sudan,"('Goiania', 'Khartoum', 'Madinat an Nasr', 'Nyala', 'Wanxian')",2,2
"Exactly 1 of the following cities are in the Dominican Republic: Santo Domingo Oeste, Santiago de los Caballeros, Santo Domingo Este, Camayenne, Edogawe.",0,the Dominican Republic,"('Camayenne', 'Edogawe', 'Santiago de los Caballeros', 'Santo Domingo Este', 'Santo Domingo Oeste')",1,3
"Exactly 4 of the following cities are in Egypt: Port Said, Abu Dhabi, Pietermaritzburg, Al Fayyum, Almaty.",0,Egypt,"('Abu Dhabi', 'Al Fayyum', 'Almaty', 'Pietermaritzburg', 'Port Said')",4,2
"Exactly 0 of the following cities are in Iran: Kimhae, Oslo, Kaduna, Istanbul, Karaj.",0,Iran,"('Istanbul', 'Kaduna', 'Karaj', 'Kimhae', 'Oslo')",0,1
"Exactly 1 of the following cities are in Afghanistan: Caracas, Xuzhou, Al Fayyum, Tanggu, Likasi.",0,Afghanistan,"('Al Fayyum', 'Caracas', 'Likasi', 'Tanggu', 'Xuzhou')",1,0
"Exactly 5 of the following cities are in New Zealand: Tangshan, Malang, Isfahan, Auckland, Ouagadougou.",0,New Zealand,"('Auckland', 'Isfahan', 'Malang', 'Ouagadougou', 'Tangshan')",5,1
"Exactly 5 of the following cities are in Malaysia: Kuantan, Bukit Rahman Putra, Pasir Gudang, Kota Kinabalu, Petaling Jaya.",1,Malaysia,"('Bukit Rahman Putra', 'Kota Kinabalu', 'Kuantan', 'Pasir Gudang', 'Petaling Jaya')",5,5
"Exactly 3 of the following cities are in Iran: Qom, Tabriz, Pune, Hamadan, Kananga.",1,Iran,"('Hamadan', 'Kananga', 'Pune', 'Qom', 'Tabriz')",3,3
"Exactly 3 of the following cities are in Germany: Leipzig, Ya'an, Dortmund, Frankfurt am Main, Thu GJuc.",1,Germany,"('Dortmund', 'Frankfurt am Main', 'Leipzig', 'Thu GJuc', ""Ya'an"")",3,3
"Exactly 2 of the following cities are in Pakistan: Okara, Omsk, Rajkot, Lahore, Baotou.",1,Pakistan,"('Baotou', 'Lahore', 'Okara', 'Omsk', 'Rajkot')",2,2
"Exactly 2 of the following cities are in Bangladesh: Quezon City, Mirpur Model Thana, Aleppo, Rangpur, Sevastopol.",1,Bangladesh,"('Aleppo', 'Mirpur Model Thana', 'Quezon City', 'Rangpur', 'Sevastopol')",2,2
"Exactly 4 of the following cities are in Jordan: Makkah, Irbid, Jiangmen, Lome, Shaoxing.",0,Jordan,"('Irbid', 'Jiangmen', 'Lome', 'Makkah', 'Shaoxing')",4,1
"Exactly 4 of the following cities are in Ukraine: Odesa, Kyiv, Sevastopol, Dnipro, Kryvyy Rih.",0,Ukraine,"('Dnipro', 'Kryvyy Rih', 'Kyiv', 'Odesa', 'Sevastopol')",4,5
"Exactly 4 of the following cities are in Uruguay: Lilongwe, Kasur, Kota Bharu, Zhanjiang, Kagoshima.",0,Uruguay,"('Kagoshima', 'Kasur', 'Kota Bharu', 'Lilongwe', 'Zhanjiang')",4,0
"Exactly 4 of the following cities are in Kyrgyzstan: Adachi, Bishkek, Guangyuan, Mogadishu, Nha Trang.",0,Kyrgyzstan,"('Adachi', 'Bishkek', 'Guangyuan', 'Mogadishu', 'Nha Trang')",4,1
"Exactly 2 of the following cities are in Malaysia: Bekasi, Subang Jaya, Bukit Rahman Putra, Mukim Pulai, Daejeon.",0,Malaysia,"('Bekasi', 'Bukit Rahman Putra', 'Daejeon', 'Mukim Pulai', 'Subang Jaya')",2,3
"Exactly 0 of the following cities are in Indonesia: Pekanbaru, Denpasar, Situbondo, Serang, Bandar Lampung.",0,Indonesia,"('Bandar Lampung', 'Denpasar', 'Pekanbaru', 'Serang', 'Situbondo')",0,5
"Exactly 5 of the following cities are in the United Kingdom: Kota Kinabalu, Tolyatti, Bhayandar, Hamhung, Suez.",0,the United Kingdom,"('Bhayandar', 'Hamhung', 'Kota Kinabalu', 'Suez', 'Tolyatti')",5,0
"Exactly 3 of the following cities are in Bangladesh: Pekanbaru, Mohammadpur, Cebu City, Khulna, Rajshahi.",1,Bangladesh,"('Cebu City', 'Khulna', 'Mohammadpur', 'Pekanbaru', 'Rajshahi')",3,3
"Exactly 5 of the following cities are in Kenya: Mexico City, Mombasa, Nakuru, Nairobi, Kakamega.",0,Kenya,"('Kakamega', 'Mexico City', 'Mombasa', 'Nairobi', 'Nakuru')",5,4
"Exactly 1 of the following cities are in Uzbekistan: Sapporo, Irkutsk, Hiroshima, Puducherry, Kolkata.",0,Uzbekistan,"('Hiroshima', 'Irkutsk', 'Kolkata', 'Puducherry', 'Sapporo')",1,0
"Exactly 2 of the following cities are in Saudi Arabia: Aktobe, Maracaibo, Chennai, Al Ahmadi, Ta'if.",0,Saudi Arabia,"('Aktobe', 'Al Ahmadi', 'Chennai', 'Maracaibo', ""Ta'if"")",2,1
"Exactly 5 of the following cities are in Indonesia: Bogor, Serang, Jambi City, Tangerang, Surakarta.",1,Indonesia,"('Bogor', 'Jambi City', 'Serang', 'Surakarta', 'Tangerang')",5,5
"Exactly 1 of the following cities are in New Zealand: Ribeirao Preto, Nova Iguacu, Santo Domingo Este, Nha Trang, Auckland.",1,New Zealand,"('Auckland', 'Nha Trang', 'Nova Iguacu', 'Ribeirao Preto', 'Santo Domingo Este')",1,1
"Exactly 0 of the following cities are in Zambia: Ndola, Kitwe, Baghdad, Lusaka, Vadodara.",0,Zambia,"('Baghdad', 'Kitwe', 'Lusaka', 'Ndola', 'Vadodara')",0,3
"Exactly 1 of the following cities are in Palau: Anshan, Surat, Rasapudipalem, Port-au-Prince, Omsk.",0,Palau,"('Anshan', 'Omsk', 'Port-au-Prince', 'Rasapudipalem', 'Surat')",1,0
"Exactly 5 of the following cities are in Algeria: Manaus, Putian, Xiaogan, Nay Pyi Taw, Algiers.",0,Algeria,"('Algiers', 'Manaus', 'Nay Pyi Taw', 'Putian', 'Xiaogan')",5,1
"Exactly 2 of the following cities are in Guinea: Camayenne, Conakry, Lyon, Rangpur, Cangzhou.",1,Guinea,"('Camayenne', 'Cangzhou', 'Conakry', 'Lyon', 'Rangpur')",2,2
"Exactly 3 of the following cities are in Angola: Benguela, Hoji ya Henda, Lubango, Calumbo, Maianga.",0,Angola,"('Benguela', 'Calumbo', 'Hoji ya Henda', 'Lubango', 'Maianga')",3,5
"Exactly 0 of the following cities are in South Korea: Dalian, Taicang, Jieyang, Hermosillo, Sharjah.",1,South Korea,"('Dalian', 'Hermosillo', 'Jieyang', 'Sharjah', 'Taicang')",0,0
"Exactly 4 of the following cities are in Japan: Shubra al Khaymah, Suginami, Okara, Bayan Nur, Zagreb.",0,Japan,"('Bayan Nur', 'Okara', 'Shubra al Khaymah', 'Suginami', 'Zagreb')",4,1
"Exactly 4 of the following cities are in Austria: Coyoacan, Yichang, Puducherry, Shangyu, Zhangjiakou.",0,Austria,"('Coyoacan', 'Puducherry', 'Shangyu', 'Yichang', 'Zhangjiakou')",4,0
"Exactly 0 of the following cities are in Ghana: Siping, Cucuta, Tlalpan, Nay Pyi Taw, Ajmer.",1,Ghana,"('Ajmer', 'Cucuta', 'Nay Pyi Taw', 'Siping', 'Tlalpan')",0,0
"Exactly 3 of the following cities are in Malaysia: Kuantan, Kota Kuala Muda, Mukim Pulai, Petaling Jaya, Kuala Lumpur.",0,Malaysia,"('Kota Kuala Muda', 'Kuala Lumpur', 'Kuantan', 'Mukim Pulai', 'Petaling Jaya')",3,5
"Exactly 4 of the following cities are in Uzbekistan: Namangan, Samarkand, Andijon, Chenzhou, Tashkent.",1,Uzbekistan,"('Andijon', 'Chenzhou', 'Namangan', 'Samarkand', 'Tashkent')",4,4
"Exactly 4 of the following cities are in Laos: Addis Ababa, Zunyi, Akure, Arifwala, Vadodara.",0,Laos,"('Addis Ababa', 'Akure', 'Arifwala', 'Vadodara', 'Zunyi')",4,0
"Exactly 3 of the following cities are in Sudan: Goyang-si, Khartoum, Omdurman, Rohini, Nyala.",1,Sudan,"('Goyang-si', 'Khartoum', 'Nyala', 'Omdurman', 'Rohini')",3,3
"Exactly 0 of the following cities are in New Zealand: Perm, Zhaoqing, Kryvyy Rih, Shaoguan, Auckland.",0,New Zealand,"('Auckland', 'Kryvyy Rih', 'Perm', 'Shaoguan', 'Zhaoqing')",0,1
"Exactly 3 of the following cities are in Colombia: Bucaramanga, Tonghua, Hengyang, Cucuta, Barranquilla.",1,Colombia,"('Barranquilla', 'Bucaramanga', 'Cucuta', 'Hengyang', 'Tonghua')",3,3
"Exactly 3 of the following cities are in Colombia: Astrakhan, Cucuta, Pokhara, Bucaramanga, Kolkata.",0,Colombia,"('Astrakhan', 'Bucaramanga', 'Cucuta', 'Kolkata', 'Pokhara')",3,2
"Exactly 0 of the following cities are in Sweden: Banjarmasin, Albuquerque, Hengyang, Mexicali, Handan.",1,Sweden,"('Albuquerque', 'Banjarmasin', 'Handan', 'Hengyang', 'Mexicali')",0,0
"Exactly 0 of the following cities are in the Dominican Republic: Penza, Hefei, Erode, Lubumbashi, Jabalpur.",1,the Dominican Republic,"('Erode', 'Hefei', 'Jabalpur', 'Lubumbashi', 'Penza')",0,0
"Exactly 0 of the following cities are in Afghanistan: Wenzhou, Mazar-e Sharif, Thembisa, Arak, Bishkek.",0,Afghanistan,"('Arak', 'Bishkek', 'Mazar-e Sharif', 'Thembisa', 'Wenzhou')",0,1
"Exactly 2 of the following cities are in Brazil: Binzhou, Shizuishan, Londrina, Niteroi, Puning.",1,Brazil,"('Binzhou', 'Londrina', 'Niteroi', 'Puning', 'Shizuishan')",2,2
"Exactly 2 of the following cities are in Uzbekistan: Lubango, Bucheon-si, Namangan, Samarkand, Kharkiv.",1,Uzbekistan,"('Bucheon-si', 'Kharkiv', 'Lubango', 'Namangan', 'Samarkand')",2,2
"Exactly 2 of the following cities are in Jordan: Heze, Nanning, Rizhao, Sapporo, Bannu.",0,Jordan,"('Bannu', 'Heze', 'Nanning', 'Rizhao', 'Sapporo')",2,0
"Exactly 4 of the following cities are in Kenya: Kakamega, Nakuru, Tegucigalpa, Nairobi, Mombasa.",1,Kenya,"('Kakamega', 'Mombasa', 'Nairobi', 'Nakuru', 'Tegucigalpa')",4,4
"Exactly 0 of the following cities are in Benin: Port Said, Gaziantep, Hermosillo, Panjin, Pikine.",1,Benin,"('Gaziantep', 'Hermosillo', 'Panjin', 'Pikine', 'Port Said')",0,0
"Exactly 1 of the following cities are in Djibouti: Balbala, Kolkata, Anshun, Niluefer, Ya'an.",1,Djibouti,"('Anshun', 'Balbala', 'Kolkata', 'Niluefer', ""Ya'an"")",1,1
"Exactly 5 of the following cities are in Zimbabwe: Krakow, Shizuishan, Ra's Bayrut, Harare, Hamhung.",0,Zimbabwe,"('Hamhung', 'Harare', 'Krakow', ""Ra's Bayrut"", 'Shizuishan')",5,1
"Exactly 0 of the following cities are in Armenia: Yibin, Haiphong, Najafgarh, Yerevan, Teresina.",0,Armenia,"('Haiphong', 'Najafgarh', 'Teresina', 'Yerevan', 'Yibin')",0,1
"Exactly 5 of the following cities are in Saudi Arabia: Ha'il, Al Basrah al Qadimah, Hefei, Makkah, Buraydah.",0,Saudi Arabia,"('Al Basrah al Qadimah', 'Buraydah', ""Ha'il"", 'Hefei', 'Makkah')",5,3
"Exactly 3 of the following cities are in Colombia: Ibague, Assiut, Abeokuta, Bucaramanga, Changshu.",0,Colombia,"('Abeokuta', 'Assiut', 'Bucaramanga', 'Changshu', 'Ibague')",3,2
"Exactly 4 of the following cities are in Morocco: Marrakesh, Oujda, Tangier, Meknes, Nuremberg.",1,Morocco,"('Marrakesh', 'Meknes', 'Nuremberg', 'Oujda', 'Tangier')",4,4
"Exactly 1 of the following cities are in Paraguay: Detroit, Qui Nhon, Laiwu, Chenzhou, Putian.",0,Paraguay,"('Chenzhou', 'Detroit', 'Laiwu', 'Putian', 'Qui Nhon')",1,0
"Exactly 5 of the following cities are in Rwanda: Coimbatore, Heroica Matamoros, Jieyang, Jingmen, San Luis Potosi.",0,Rwanda,"('Coimbatore', 'Heroica Matamoros', 'Jieyang', 'Jingmen', 'San Luis Potosi')",5,0
"Exactly 4 of the following cities are in Somalia: Hegang, Bhiwandi, Agadir, Mogadishu, Chuxiong.",0,Somalia,"('Agadir', 'Bhiwandi', 'Chuxiong', 'Hegang', 'Mogadishu')",4,1
"Exactly 2 of the following cities are in Russia: Lipetsk, Barnaul, Ufa, Novosibirsk, Volgograd.",0,Russia,"('Barnaul', 'Lipetsk', 'Novosibirsk', 'Ufa', 'Volgograd')",2,5
"Exactly 2 of the following cities are in the United States: Putuo, Arifwala, Adachi, Joao Pessoa, Multan.",0,the United States,"('Adachi', 'Arifwala', 'Joao Pessoa', 'Multan', 'Putuo')",2,0
"Exactly 5 of the following cities are in Ukraine: Lviv, Dnipro, Odesa, Sevastopol, Kyiv.",1,Ukraine,"('Dnipro', 'Kyiv', 'Lviv', 'Odesa', 'Sevastopol')",5,5
"Exactly 0 of the following cities are in the United Arab Emirates: Al Ain City, Dortmund, Oujda, Ile-Ife, Dakar.",0,the United Arab Emirates,"('Al Ain City', 'Dakar', 'Dortmund', 'Ile-Ife', 'Oujda')",0,1
"Exactly 5 of the following cities are in Egypt: Al Mahallah al Kubra, Shubra al Khaymah, Al Fayyum, Suez, Giza.",1,Egypt,"('Al Fayyum', 'Al Mahallah al Kubra', 'Giza', 'Shubra al Khaymah', 'Suez')",5,5
"Exactly 4 of the following cities are in Guinea: Sagamihara, Camayenne, Sao Jose dos Campos, Shizuishan, Conakry.",0,Guinea,"('Camayenne', 'Conakry', 'Sagamihara', 'Sao Jose dos Campos', 'Shizuishan')",4,2
"Exactly 0 of the following cities are in Namibia: Ta'if, Tianshui, Cho Lon, Fort Worth, Meizhou.",1,Namibia,"('Cho Lon', 'Fort Worth', 'Meizhou', ""Ta'if"", 'Tianshui')",0,0
"Exactly 3 of the following cities are in Venezuela: Maturin, Camama, Maracaibo, Barquisimeto, San Miguel de Tucuman.",1,Venezuela,"('Barquisimeto', 'Camama', 'Maracaibo', 'Maturin', 'San Miguel de Tucuman')",3,3
"Exactly 0 of the following cities are in Croatia: Zagreb, Sulaymaniyah, Curitiba, Bahawalpur, Baise.",0,Croatia,"('Bahawalpur', 'Baise', 'Curitiba', 'Sulaymaniyah', 'Zagreb')",0,1
"Exactly 0 of the following cities are in Fiji: Linyi, Naberezhnyye Chelny, Hubballi, Bandar Lampung, Meerut.",1,Fiji,"('Bandar Lampung', 'Hubballi', 'Linyi', 'Meerut', 'Naberezhnyye Chelny')",0,0
"Exactly 1 of the following cities are in Morocco: New Kingston, Maceio, Huludao, Oujda, Konya.",1,Morocco,"('Huludao', 'Konya', 'Maceio', 'New Kingston', 'Oujda')",1,1
"Exactly 0 of the following cities are in Afghanistan: Bengaluru, Hubballi, Sokoto, Hengyang, Qionghai.",1,Afghanistan,"('Bengaluru', 'Hengyang', 'Hubballi', 'Qionghai', 'Sokoto')",0,0
"Exactly 3 of the following cities are in Poland: Bengbu, Wroclaw, Krakow, Assiut, Lodz.",1,Poland,"('Assiut', 'Bengbu', 'Krakow', 'Lodz', 'Wroclaw')",3,3
"Exactly 2 of the following cities are in Burundi: Kota Kuala Muda, Utsunomiya, Akure, Jieyang, Qinhuangdao.",0,Burundi,"('Akure', 'Jieyang', 'Kota Kuala Muda', 'Qinhuangdao', 'Utsunomiya')",2,0
"Exactly 3 of the following cities are in Germany: Balikpapan, Dortmund, Sukkur, Koeln, Nuremberg.",1,Germany,"('Balikpapan', 'Dortmund', 'Koeln', 'Nuremberg', 'Sukkur')",3,3
"Exactly 2 of the following cities are in Vietnam: Xianyang, Haiphong, Florianopolis, Vinh, Bareilly.",1,Vietnam,"('Bareilly', 'Florianopolis', 'Haiphong', 'Vinh', 'Xianyang')",2,2
"Exactly 4 of the following cities are in Brazil: Maceio, Belford Roxo, Sangli, Duque de Caxias, Londrina.",1,Brazil,"('Belford Roxo', 'Duque de Caxias', 'Londrina', 'Maceio', 'Sangli')",4,4
"Exactly 1 of the following cities are in Eritrea: Juiz de Fora, Aihara, Asmara, Hangzhou, Niluefer.",1,Eritrea,"('Aihara', 'Asmara', 'Hangzhou', 'Juiz de Fora', 'Niluefer')",1,1
"Exactly 2 of the following cities are in Hungary: Budapest, Istanbul, Zaria, Cancun, Nanded.",0,Hungary,"('Budapest', 'Cancun', 'Istanbul', 'Nanded', 'Zaria')",2,1
"Exactly 1 of the following cities are in Malaysia: Zhumadian, Khabarovsk, Jiaozuo, Cangzhou, Pasir Gudang.",1,Malaysia,"('Cangzhou', 'Jiaozuo', 'Khabarovsk', 'Pasir Gudang', 'Zhumadian')",1,1
"Exactly 4 of the following cities are in Syria: Latakia, Homs, Ar Raqqah, Aleppo, Kakamega.",1,Syria,"('Aleppo', 'Ar Raqqah', 'Homs', 'Kakamega', 'Latakia')",4,4
"Exactly 5 of the following cities are in Malaysia: Iskandar Puteri, Rajshahi, Bukit Rahman Putra, Nova Iguacu, Pelentong.",0,Malaysia,"('Bukit Rahman Putra', 'Iskandar Puteri', 'Nova Iguacu', 'Pelentong', 'Rajshahi')",5,3
"Exactly 3 of the following cities are in Venezuela: Maturin, Maracaibo, Caracas, Osogbo, Barquisimeto.",0,Venezuela,"('Barquisimeto', 'Caracas', 'Maracaibo', 'Maturin', 'Osogbo')",3,4
"Exactly 0 of the following cities are in the United States: Izmir, Kampala, Oklahoma City, Seattle, New South Memphis.",0,the United States,"('Izmir', 'Kampala', 'New South Memphis', 'Oklahoma City', 'Seattle')",0,3
"Exactly 5 of the following cities are in Malaysia: Shah Alam, Iskandar Puteri, Pelentong, Johor Bahru, Kuantan.",1,Malaysia,"('Iskandar Puteri', 'Johor Bahru', 'Kuantan', 'Pelentong', 'Shah Alam')",5,5
"Exactly 4 of the following cities are in Venezuela: Maturin, Barquisimeto, Maracaibo, Caracas, Yangquan.",1,Venezuela,"('Barquisimeto', 'Caracas', 'Maracaibo', 'Maturin', 'Yangquan')",4,4
"Exactly 2 of the following cities are in South Africa: Busan, Xuancheng, Evaton, Bareilly, Benoni.",1,South Africa,"('Bareilly', 'Benoni', 'Busan', 'Evaton', 'Xuancheng')",2,2
"Exactly 2 of the following cities are in Timor-Leste: Sialkot, Banjarmasin, Arusha, Mianzhu, Deyang, Sichuan, Puducherry.",0,Timor-Leste,"('Arusha', 'Banjarmasin', 'Mianzhu, Deyang, Sichuan', 'Puducherry', 'Sialkot')",2,0
"Exactly 1 of the following cities are in Armenia: Kuecuekcekmece, Bilimora, Shangrao, New Kingston, Vilnius.",0,Armenia,"('Bilimora', 'Kuecuekcekmece', 'New Kingston', 'Shangrao', 'Vilnius')",1,0
"Exactly 2 of the following cities are in Turkey: Cankaya, Cabinda, Bursa, Harbin, Qinzhou.",1,Turkey,"('Bursa', 'Cabinda', 'Cankaya', 'Harbin', 'Qinzhou')",2,2
"Exactly 5 of the following cities are in Malaysia: Ipoh, Soacha, Bukit Rahman Putra, Mukim Pulai, Sungai Petani.",0,Malaysia,"('Bukit Rahman Putra', 'Ipoh', 'Mukim Pulai', 'Soacha', 'Sungai Petani')",5,4
"Exactly 2 of the following cities are in Mali: Mexico City, Loni, Riga, Tokyo, Bobo-Dioulasso.",0,Mali,"('Bobo-Dioulasso', 'Loni', 'Mexico City', 'Riga', 'Tokyo')",2,0
"Exactly 5 of the following cities are in Japan: Yangquan, Rui'an, Nairobi, Kumamoto, Kagoshima.",0,Japan,"('Kagoshima', 'Kumamoto', 'Nairobi', ""Rui'an"", 'Yangquan')",5,2
"Exactly 2 of the following cities are in Brazil: Faisalabad, Sao Jose dos Campos, Barranquilla, Balbala, Florianopolis.",1,Brazil,"('Balbala', 'Barranquilla', 'Faisalabad', 'Florianopolis', 'Sao Jose dos Campos')",2,2
"Exactly 0 of the following cities are in Burkina Faso: Pontianak, Borivli, Maceio, Contagem, Saratov.",1,Burkina Faso,"('Borivli', 'Contagem', 'Maceio', 'Pontianak', 'Saratov')",0,0
"Exactly 3 of the following cities are in Pakistan: Gujranwala, Ibague, Okara, Mbuji-Mayi, Arifwala.",1,Pakistan,"('Arifwala', 'Gujranwala', 'Ibague', 'Mbuji-Mayi', 'Okara')",3,3
"Exactly 3 of the following cities are in Iran: Yangpu, Kermanshah, Zahedan, Cabinda, Ahvaz.",1,Iran,"('Ahvaz', 'Cabinda', 'Kermanshah', 'Yangpu', 'Zahedan')",3,3
"Exactly 0 of the following cities are in Bangladesh: Mohammadpur, Shymkent, Chattogram, Wroclaw, Rajshahi.",0,Bangladesh,"('Chattogram', 'Mohammadpur', 'Rajshahi', 'Shymkent', 'Wroclaw')",0,3
"Exactly 3 of the following cities are in Portugal: Mersin, Cuautitlan Izcalli, Bien Hoa, Feira de Santana, Changshu.",0,Portugal,"('Bien Hoa', 'Changshu', 'Cuautitlan Izcalli', 'Feira de Santana', 'Mersin')",3,0
"Exactly 3 of the following cities are in Kenya: Kakamega, Mombasa, Nakuru, Sadr City, Nairobi.",0,Kenya,"('Kakamega', 'Mombasa', 'Nairobi', 'Nakuru', 'Sadr City')",3,4
"Exactly 2 of the following cities are in Turkmenistan: Dushanbe, Ajmer, Hubballi, Changwon, Baotou.",0,Turkmenistan,"('Ajmer', 'Baotou', 'Changwon', 'Dushanbe', 'Hubballi')",2,0
"Exactly 0 of the following cities are in Syria: Latakia, Homs, Suginami, Stockholm, Gurugram.",0,Syria,"('Gurugram', 'Homs', 'Latakia', 'Stockholm', 'Suginami')",0,2
"Exactly 2 of the following cities are in the Philippines: Juiz de Fora, Rawalpindi, Surat, Tonghua, Marrakesh.",0,the Philippines,"('Juiz de Fora', 'Marrakesh', 'Rawalpindi', 'Surat', 'Tonghua')",2,0
"Exactly 1 of the following cities are in Mauritania: Bokaro, Nouakchott, Ecatepec de Morelos, Bujumbura, Budapest.",1,Mauritania,"('Bokaro', 'Budapest', 'Bujumbura', 'Ecatepec de Morelos', 'Nouakchott')",1,1
"Exactly 0 of the following cities are in Andorra: Nagpur, Jajmau, Nowrangapur, Asansol, Astana.",1,Andorra,"('Asansol', 'Astana', 'Jajmau', 'Nagpur', 'Nowrangapur')",0,0
"Exactly 2 of the following cities are in Brazil: Orenburg, Feira de Santana, Amman, Sao Bernardo do Campo, Islamabad.",1,Brazil,"('Amman', 'Feira de Santana', 'Islamabad', 'Orenburg', 'Sao Bernardo do Campo')",2,2
"Exactly 2 of the following cities are in Japan: Benxi, Nagoya, Edogawe, Setagaya, Matsuyama.",0,Japan,"('Benxi', 'Edogawe', 'Matsuyama', 'Nagoya', 'Setagaya')",2,4
"Exactly 2 of the following cities are in Tanzania: Sevastopol, Chattogram, Sorocaba, Dodoma, Arusha.",1,Tanzania,"('Arusha', 'Chattogram', 'Dodoma', 'Sevastopol', 'Sorocaba')",2,2
"Exactly 0 of the following cities are in Turkmenistan: Beirut, Kashgar, Ashgabat, Tegucigalpa, Bukavu.",0,Turkmenistan,"('Ashgabat', 'Beirut', 'Bukavu', 'Kashgar', 'Tegucigalpa')",0,1
"Exactly 1 of the following cities are in Morocco: Fes, Tangier, Agadir, Puning, Marrakesh.",0,Morocco,"('Agadir', 'Fes', 'Marrakesh', 'Puning', 'Tangier')",1,4
"Exactly 4 of the following cities are in Colombia: Cucuta, Ibague, Soacha, Bucaramanga, Arifwala.",1,Colombia,"('Arifwala', 'Bucaramanga', 'Cucuta', 'Ibague', 'Soacha')",4,4
"Exactly 5 of the following cities are in Uzbekistan: Andijon, Kumamoto, Yibin, Ibadan, Phnom Penh.",0,Uzbekistan,"('Andijon', 'Ibadan', 'Kumamoto', 'Phnom Penh', 'Yibin')",5,1
"Exactly 3 of the following cities are in South Korea: Kimhae, Antalya, Sultanah, Helsinki, Samarkand.",0,South Korea,"('Antalya', 'Helsinki', 'Kimhae', 'Samarkand', 'Sultanah')",3,1
"Exactly 2 of the following cities are in Saudi Arabia: Fuxin, Ta'if, Madinah, Semarang, Buraydah.",0,Saudi Arabia,"('Buraydah', 'Fuxin', 'Madinah', 'Semarang', ""Ta'if"")",2,3
"Exactly 0 of the following cities are in Japan: Okayama, Adachi, Tokyo, Sapporo, Kumamoto.",0,Japan,"('Adachi', 'Kumamoto', 'Okayama', 'Sapporo', 'Tokyo')",0,5
"Exactly 1 of the following cities are in Angola: Kikolo, Golfe, Lubango, Benguela, Handan.",0,Angola,"('Benguela', 'Golfe', 'Handan', 'Kikolo', 'Lubango')",1,4
"Exactly 3 of the following cities are in Peru: Guiyang, Jiangmen, Pune, Bucharest, Cixi.",0,Peru,"('Bucharest', 'Cixi', 'Guiyang', 'Jiangmen', 'Pune')",3,0
"Exactly 4 of the following cities are in Syria: Aleppo, Ar Raqqah, Latakia, Shubra al Khaymah, Huaibei.",0,Syria,"('Aleppo', 'Ar Raqqah', 'Huaibei', 'Latakia', 'Shubra al Khaymah')",4,3
"Exactly 4 of the following cities are in Panama: Joao Pessoa, Rangpur, Changchun, Sadr City, Karbala.",0,Panama,"('Changchun', 'Joao Pessoa', 'Karbala', 'Rangpur', 'Sadr City')",4,0
"Exactly 0 of the following cities are in Liechtenstein: Mysuru, Jiamusi, Yaroslavl, Jabalpur, Bayan Nur.",1,Liechtenstein,"('Bayan Nur', 'Jabalpur', 'Jiamusi', 'Mysuru', 'Yaroslavl')",0,0
"Exactly 2 of the following cities are in Pakistan: Arifwala, Agadir, Hue, Cotonou, Sialkot.",1,Pakistan,"('Agadir', 'Arifwala', 'Cotonou', 'Hue', 'Sialkot')",2,2
"Exactly 2 of the following cities are in South Africa: Pest, Thembisa, Soshanguve, Fes, Tangerang.",1,South Africa,"('Fes', 'Pest', 'Soshanguve', 'Tangerang', 'Thembisa')",2,2
"Exactly 0 of the following cities are in Bulgaria: Gaziantep, Cuiaba, Ndola, Suginami, Johor Bahru.",1,Bulgaria,"('Cuiaba', 'Gaziantep', 'Johor Bahru', 'Ndola', 'Suginami')",0,0
"Exactly 3 of the following cities are in the Democratic Republic of the Congo: Kinshasa, Tshikapa, Kikwit, Dhanbad, Tashkent.",1,the Democratic Republic of the Congo,"('Dhanbad', 'Kikwit', 'Kinshasa', 'Tashkent', 'Tshikapa')",3,3
"Exactly 2 of the following cities are in Ghana: Bangkok, Kumasi, Assiut, Koeln, Cucuta.",0,Ghana,"('Assiut', 'Bangkok', 'Cucuta', 'Koeln', 'Kumasi')",2,1
"Exactly 1 of the following cities are in Zimbabwe: Tasikmalaya, Bulawayo, Harare, Qinzhou, Deyang.",0,Zimbabwe,"('Bulawayo', 'Deyang', 'Harare', 'Qinzhou', 'Tasikmalaya')",1,2
"Exactly 2 of the following cities are in Germany: Munich, Frankfurt am Main, Gqeberha, Kanayannur, Koeln.",0,Germany,"('Frankfurt am Main', 'Gqeberha', 'Kanayannur', 'Koeln', 'Munich')",2,3
"Exactly 4 of the following cities are in Brazil: Londrina, Cuiaba, Porto Alegre, Sao Bernardo do Campo, Laibin.",1,Brazil,"('Cuiaba', 'Laibin', 'Londrina', 'Porto Alegre', 'Sao Bernardo do Campo')",4,4
"Exactly 3 of the following cities are in South Korea: Al Mawsil al Jadidah, Kisangani, Pudong, Ra's Bayrut, Benguela.",0,South Korea,"('Al Mawsil al Jadidah', 'Benguela', 'Kisangani', 'Pudong', ""Ra's Bayrut"")",3,0
"Exactly 4 of the following cities are in Tunisia: Jabalpur, Jakarta, Bucaramanga, Tashkent, Suwon.",0,Tunisia,"('Bucaramanga', 'Jabalpur', 'Jakarta', 'Suwon', 'Tashkent')",4,0
"Exactly 5 of the following cities are in Burundi: Cancun, Ufa, Gwalior, Tegucigalpa, Comilla.",0,Burundi,"('Cancun', 'Comilla', 'Gwalior', 'Tegucigalpa', 'Ufa')",5,0
"Exactly 5 of the following cities are in the Democratic Republic of the Congo: Kinshasa, Tshikapa, Kananga, Kisangani, Kikwit.",1,the Democratic Republic of the Congo,"('Kananga', 'Kikwit', 'Kinshasa', 'Kisangani', 'Tshikapa')",5,5
"Exactly 5 of the following cities are in Vietnam: Ho Chi Minh City, Haiphong, Thuan An, Da Nang, Thu GJuc.",1,Vietnam,"('Da Nang', 'Haiphong', 'Ho Chi Minh City', 'Thu GJuc', 'Thuan An')",5,5
"Exactly 2 of the following cities are in South Korea: Accra, Goyang-si, Seongnam-si, Almaty, Bamako.",1,South Korea,"('Accra', 'Almaty', 'Bamako', 'Goyang-si', 'Seongnam-si')",2,2
"Exactly 3 of the following cities are in Tonga: Ansan-si, Helsinki, Rahim Yar Khan, Karachi, Caracas.",0,Tonga,"('Ansan-si', 'Caracas', 'Helsinki', 'Karachi', 'Rahim Yar Khan')",3,0
"Exactly 3 of the following cities are in Saudi Arabia: Ulan Bator, Sultanah, Najran, Ha'il, Maceio.",1,Saudi Arabia,"(""Ha'il"", 'Maceio', 'Najran', 'Sultanah', 'Ulan Bator')",3,3
"Exactly 0 of the following cities are in Antigua and Barbuda: Homs, Tlalpan, Nairobi, Bhopal, Santo Domingo Este.",1,Antigua and Barbuda,"('Bhopal', 'Homs', 'Nairobi', 'Santo Domingo Este', 'Tlalpan')",0,0
"Exactly 1 of the following cities are in Timor-Leste: Ya'an, Duque de Caxias, Yibin, Latakia, Golfe.",0,Timor-Leste,"('Duque de Caxias', 'Golfe', 'Latakia', ""Ya'an"", 'Yibin')",1,0
"Exactly 5 of the following cities are in Austria: Ujjain, Saint Petersburg, Yunfu, Hanzhong, The Bronx.",0,Austria,"('Hanzhong', 'Saint Petersburg', 'The Bronx', 'Ujjain', 'Yunfu')",5,0
"Exactly 3 of the following cities are in Argentina: Caloocan, Mar del Plata, San Miguel de Tucuman, Arak, Salta.",1,Argentina,"('Arak', 'Caloocan', 'Mar del Plata', 'Salta', 'San Miguel de Tucuman')",3,3
"Exactly 2 of the following cities are in Cyprus: Reynosa, Ipoh, Peshawar, Laiwu, Santiago de los Caballeros.",0,Cyprus,"('Ipoh', 'Laiwu', 'Peshawar', 'Reynosa', 'Santiago de los Caballeros')",2,0
"Exactly 5 of the following cities are in France: Bangkok, Toulouse, Homs, Yangon, Hohhot.",0,France,"('Bangkok', 'Hohhot', 'Homs', 'Toulouse', 'Yangon')",5,1
"Exactly 1 of the following cities are in Indonesia: Sanmenxia, Assiut, Gqeberha, Camayenne, Bogor.",1,Indonesia,"('Assiut', 'Bogor', 'Camayenne', 'Gqeberha', 'Sanmenxia')",1,1
"Exactly 3 of the following cities are in Germany: Tegucigalpa, Rajkot, Matola, Tlalpan, Pasig City.",0,Germany,"('Matola', 'Pasig City', 'Rajkot', 'Tegucigalpa', 'Tlalpan')",3,0
"Exactly 1 of the following cities are in Malaysia: Incheon, Arak, Eskisehir, Johor Bahru, Irkutsk.",1,Malaysia,"('Arak', 'Eskisehir', 'Incheon', 'Irkutsk', 'Johor Bahru')",1,1
"Exactly 5 of the following cities are in South Africa: Panjin, Dodoma, Rasapudipalem, Ibb, Kobe.",0,South Africa,"('Dodoma', 'Ibb', 'Kobe', 'Panjin', 'Rasapudipalem')",5,0
"Exactly 5 of the following cities are in China: Muzaffarabad, Baise, Enugu, Suez, Chattogram.",0,China,"('Baise', 'Chattogram', 'Enugu', 'Muzaffarabad', 'Suez')",5,1
"Exactly 2 of the following cities are in the United Arab Emirates: Abu Dhabi, Al Ain City, Bijie, Lome, Iskandar Puteri.",1,the United Arab Emirates,"('Abu Dhabi', 'Al Ain City', 'Bijie', 'Iskandar Puteri', 'Lome')",2,2
"Exactly 1 of the following cities are in Nicaragua: Naberezhnyye Chelny, Korla, Managua, Teresina, Ludhiana.",1,Nicaragua,"('Korla', 'Ludhiana', 'Managua', 'Naberezhnyye Chelny', 'Teresina')",1,1
"Exactly 0 of the following cities are in India: Cimahi, Makhachkala, Tiruppur, Maiduguri, Bukavu.",0,India,"('Bukavu', 'Cimahi', 'Maiduguri', 'Makhachkala', 'Tiruppur')",0,1
"Exactly 5 of the following cities are in Lebanon: Navi Mumbai, Beirut, Bishkek, Ra's Bayrut, Assiut.",0,Lebanon,"('Assiut', 'Beirut', 'Bishkek', 'Navi Mumbai', ""Ra's Bayrut"")",5,2
"Exactly 0 of the following cities are in South Korea: Jilin, Suwon, Incheon, Budta, Seoul.",0,South Korea,"('Budta', 'Incheon', 'Jilin', 'Seoul', 'Suwon')",0,3
"Exactly 2 of the following cities are in Tajikistan: Panjin, Cankaya, Cebu City, Kolhapur, Dushanbe.",0,Tajikistan,"('Cankaya', 'Cebu City', 'Dushanbe', 'Kolhapur', 'Panjin')",2,1
"Exactly 1 of the following cities are in Bulgaria: Quebec, Sofia, Daqing, Pelentong, Hamadan.",1,Bulgaria,"('Daqing', 'Hamadan', 'Pelentong', 'Quebec', 'Sofia')",1,1
"Exactly 5 of the following cities are in Estonia: Sofia, Luohu District, Bucheon-si, Kermanshah, Al Mawsil al Jadidah.",0,Estonia,"('Al Mawsil al Jadidah', 'Bucheon-si', 'Kermanshah', 'Luohu District', 'Sofia')",5,0
"Exactly 3 of the following cities are in Japan: Shizuoka, Bhilai, Chelyabinsk, Kagoshima, Kumamoto.",1,Japan,"('Bhilai', 'Chelyabinsk', 'Kagoshima', 'Kumamoto', 'Shizuoka')",3,3
"Exactly 4 of the following cities are in Indonesia: Bekasi, Batam, Tirunelveli, Semarang, Denpasar.",1,Indonesia,"('Batam', 'Bekasi', 'Denpasar', 'Semarang', 'Tirunelveli')",4,4
"Exactly 2 of the following cities are in Germany: Muzaffarabad, Baotou, Taicang, Dortmund, Leipzig.",1,Germany,"('Baotou', 'Dortmund', 'Leipzig', 'Muzaffarabad', 'Taicang')",2,2
"Exactly 3 of the following cities are in Uzbekistan: Rostov-on-Don, Tashkent, Namangan, Qingpu, Samarkand.",1,Uzbekistan,"('Namangan', 'Qingpu', 'Rostov-on-Don', 'Samarkand', 'Tashkent')",3,3
"Exactly 2 of the following cities are in Russia: Chelyabinsk, Xianyang, Ordos, Weihai, Lipetsk.",1,Russia,"('Chelyabinsk', 'Lipetsk', 'Ordos', 'Weihai', 'Xianyang')",2,2
"Exactly 4 of the following cities are in Yemen: Mukalla, Ibb, Cebu City, Taiz, Aden.",1,Yemen,"('Aden', 'Cebu City', 'Ibb', 'Mukalla', 'Taiz')",4,4
"Exactly 5 of the following cities are in the Democratic Republic of the Congo: Tshikapa, Soweto, Mbuji-Mayi, Heroica Matamoros, Carrefour.",0,the Democratic Republic of the Congo,"('Carrefour', 'Heroica Matamoros', 'Mbuji-Mayi', 'Soweto', 'Tshikapa')",5,2
"Exactly 3 of the following cities are in Bangladesh: Contagem, Ulhasnagar, Najafgarh, Victoria de Durango, Paranaque City.",0,Bangladesh,"('Contagem', 'Najafgarh', 'Paranaque City', 'Ulhasnagar', 'Victoria de Durango')",3,0
"Exactly 3 of the following cities are in Zambia: Lusaka, Juiz de Fora, Kitwe, Ndola, Mersin.",1,Zambia,"('Juiz de Fora', 'Kitwe', 'Lusaka', 'Mersin', 'Ndola')",3,3
"Exactly 2 of the following cities are in Cameroon: Libreville, Yaounde, Bobo-Dioulasso, Xinyu, Douala.",1,Cameroon,"('Bobo-Dioulasso', 'Douala', 'Libreville', 'Xinyu', 'Yaounde')",2,2
"Exactly 1 of the following cities are in Syria: Hebi, Aleppo, Tashkent, Homs, Kermanshah.",0,Syria,"('Aleppo', 'Hebi', 'Homs', 'Kermanshah', 'Tashkent')",1,2
"Exactly 2 of the following cities are in Malaysia: Xiamen, Kota Kuala Muda, Nagoya, Tucson, Ufa.",0,Malaysia,"('Kota Kuala Muda', 'Nagoya', 'Tucson', 'Ufa', 'Xiamen')",2,1
"Exactly 3 of the following cities are in Ukraine: Kryvyy Rih, Bamako, Dnipro, Sevastopol, Lviv.",0,Ukraine,"('Bamako', 'Dnipro', 'Kryvyy Rih', 'Lviv', 'Sevastopol')",3,4
"Exactly 3 of the following cities are in Zambia: Tlalpan, Ndola, Zhanjiang, Kitwe, Lusaka.",1,Zambia,"('Kitwe', 'Lusaka', 'Ndola', 'Tlalpan', 'Zhanjiang')",3,3
"Exactly 5 of the following cities are in Brazil: Recife, Porto Alegre, Juiz de Fora, Londrina, Aracaju.",1,Brazil,"('Aracaju', 'Juiz de Fora', 'Londrina', 'Porto Alegre', 'Recife')",5,5
"Exactly 1 of the following cities are in the United States: Xianning, Visakhapatnam, Dera Ismail Khan, Iztapalapa, Benin City.",0,the United States,"('Benin City', 'Dera Ismail Khan', 'Iztapalapa', 'Visakhapatnam', 'Xianning')",1,0
"Exactly 5 of the following cities are in India: Dharavi, Tirunelveli, Bikaner, Nanded, Loni.",1,India,"('Bikaner', 'Dharavi', 'Loni', 'Nanded', 'Tirunelveli')",5,5
"Exactly 4 of the following cities are in Venezuela: Maracaibo, Kikolo, Barquisimeto, Caracas, Maturin.",1,Venezuela,"('Barquisimeto', 'Caracas', 'Kikolo', 'Maracaibo', 'Maturin')",4,4
"Exactly 3 of the following cities are in Fiji: Seattle, Qui Nhon, Dehradun, Seoul, Nakuru.",0,Fiji,"('Dehradun', 'Nakuru', 'Qui Nhon', 'Seattle', 'Seoul')",3,0
"Exactly 0 of the following cities are in Vietnam: Mbuji-Mayi, Bangkok, Rizhao, Yangquan, Hohhot.",1,Vietnam,"('Bangkok', 'Hohhot', 'Mbuji-Mayi', 'Rizhao', 'Yangquan')",0,0
"Exactly 2 of the following cities are in Zambia: Kitwe, Winnipeg, Shijiazhuang, Ndola, Prayagraj.",1,Zambia,"('Kitwe', 'Ndola', 'Prayagraj', 'Shijiazhuang', 'Winnipeg')",2,2
"Exactly 5 of the following cities are in Iran: Karaj, Arak, Tabriz, Hamadan, Isfahan.",1,Iran,"('Arak', 'Hamadan', 'Isfahan', 'Karaj', 'Tabriz')",5,5
"Exactly 4 of the following cities are in Ukraine: Odesa, Koeln, Kyiv, Dnipro, Lviv.",1,Ukraine,"('Dnipro', 'Koeln', 'Kyiv', 'Lviv', 'Odesa')",4,4
"Exactly 0 of the following cities are in Colombia: Soacha, Cucuta, Mexicali, Ibague, Aleppo.",0,Colombia,"('Aleppo', 'Cucuta', 'Ibague', 'Mexicali', 'Soacha')",0,3
"Exactly 1 of the following cities are in Nepal: Sapporo, Haiphong, Guayaquil, Pokhara, Kathmandu.",0,Nepal,"('Guayaquil', 'Haiphong', 'Kathmandu', 'Pokhara', 'Sapporo')",1,2
"Exactly 2 of the following cities are in Senegal: Cixi, Pikine, Gaziantep, Dakar, Najran.",1,Senegal,"('Cixi', 'Dakar', 'Gaziantep', 'Najran', 'Pikine')",2,2
"Exactly 2 of the following cities are in Russia: Orenburg, Tomsk, Naberezhnyye Chelny, Abobo, Krasnoyarsk.",0,Russia,"('Abobo', 'Krasnoyarsk', 'Naberezhnyye Chelny', 'Orenburg', 'Tomsk')",2,4
"Exactly 4 of the following cities are in the Philippines: Muntinlupa, Makati City, Caloocan, Shah Alam, Pasig City.",1,the Philippines,"('Caloocan', 'Makati City', 'Muntinlupa', 'Pasig City', 'Shah Alam')",4,4
"Exactly 0 of the following cities are in Poland: Fes, Lodz, Wroclaw, Bishkek, Pingdingshan.",0,Poland,"('Bishkek', 'Fes', 'Lodz', 'Pingdingshan', 'Wroclaw')",0,2
"Exactly 3 of the following cities are in the Dominican Republic: Santiago de los Caballeros, Santo Domingo Oeste, Novosibirsk, Bokaro, Santo Domingo Este.",1,the Dominican Republic,"('Bokaro', 'Novosibirsk', 'Santiago de los Caballeros', 'Santo Domingo Este', 'Santo Domingo Oeste')",3,3
"Exactly 1 of the following cities are in Laos: Tiruchirappalli, Leipzig, Latakia, Bhopal, Vientiane.",1,Laos,"('Bhopal', 'Latakia', 'Leipzig', 'Tiruchirappalli', 'Vientiane')",1,1
"Exactly 3 of the following cities are in Monaco: Ulsan, Langfang, Mar del Plata, Changchun, Zunyi.",0,Monaco,"('Changchun', 'Langfang', 'Mar del Plata', 'Ulsan', 'Zunyi')",3,0
"Exactly 4 of the following cities are in Kazakhstan: Astana, Shymkent, Aktobe, Xuhui, Almaty.",1,Kazakhstan,"('Aktobe', 'Almaty', 'Astana', 'Shymkent', 'Xuhui')",4,4
"Exactly 0 of the following cities are in Mozambique: Beira, Nampula, Maputo, Batam, Matola.",0,Mozambique,"('Batam', 'Beira', 'Maputo', 'Matola', 'Nampula')",0,4
"Exactly 1 of the following cities are in Algeria: Algiers, Chennai, Kolkata, Perm, Bareilly.",1,Algeria,"('Algiers', 'Bareilly', 'Chennai', 'Kolkata', 'Perm')",1,1
"Exactly 5 of the following cities are in Bangladesh: Rangpur, Calumbo, Mirpur Model Thana, Rajshahi, Pallabi.",0,Bangladesh,"('Calumbo', 'Mirpur Model Thana', 'Pallabi', 'Rajshahi', 'Rangpur')",5,4
"Exactly 2 of the following cities are in Sudan: Marseille, Onitsha, Jiangmen, Orumiyeh, Bangkok.",0,Sudan,"('Bangkok', 'Jiangmen', 'Marseille', 'Onitsha', 'Orumiyeh')",2,0
"Exactly 0 of the following cities are in Venezuela: Ciudad Guayana, Caracas, Maturin, Zigong, Maracaibo.",0,Venezuela,"('Caracas', 'Ciudad Guayana', 'Maracaibo', 'Maturin', 'Zigong')",0,4
"Exactly 4 of the following cities are in the United States: Kobe, Xinyu, Albuquerque, Hongkou, Cheongju-si.",0,the United States,"('Albuquerque', 'Cheongju-si', 'Hongkou', 'Kobe', 'Xinyu')",4,1
"Exactly 4 of the following cities are in Botswana: Al Basrah al Qadimah, Bengaluru, Zhaoqing, Gujrat, Nyala.",0,Botswana,"('Al Basrah al Qadimah', 'Bengaluru', 'Gujrat', 'Nyala', 'Zhaoqing')",4,0
"Exactly 1 of the following cities are in New Zealand: Qionghai, Cuautitlan Izcalli, Bengaluru, Maturin, Omdurman.",0,New Zealand,"('Bengaluru', 'Cuautitlan Izcalli', 'Maturin', 'Omdurman', 'Qionghai')",1,0
"Exactly 0 of the following cities are in Burkina Faso: Bucaramanga, Puducherry, Omdurman, Bobo-Dioulasso, Ouagadougou.",0,Burkina Faso,"('Bobo-Dioulasso', 'Bucaramanga', 'Omdurman', 'Ouagadougou', 'Puducherry')",0,2
"Exactly 1 of the following cities are in Tanzania: Narela, Mombasa, Dar es Salaam, Mosul, Wanzhou.",1,Tanzania,"('Dar es Salaam', 'Mombasa', 'Mosul', 'Narela', 'Wanzhou')",1,1
"Exactly 4 of the following cities are in Niger: Panzhihua, Kolwezi, Lueliang, Sadr City, Tshikapa.",0,Niger,"('Kolwezi', 'Lueliang', 'Panzhihua', 'Sadr City', 'Tshikapa')",4,0
"Exactly 3 of the following cities are in Turkey: Shekhupura, Antalya, Kayseri, Isfahan, Bursa.",1,Turkey,"('Antalya', 'Bursa', 'Isfahan', 'Kayseri', 'Shekhupura')",3,3
"Exactly 5 of the following cities are in Malaysia: Mukim Pulai, Iskandar Puteri, Bukit Rahman Putra, Kota Kinabalu, Shah Alam.",1,Malaysia,"('Bukit Rahman Putra', 'Iskandar Puteri', 'Kota Kinabalu', 'Mukim Pulai', 'Shah Alam')",5,5
"Exactly 1 of the following cities are in Argentina: San Miguel de Tucuman, Zahedan, Kanayannur, Mar del Plata, Salta.",0,Argentina,"('Kanayannur', 'Mar del Plata', 'Salta', 'San Miguel de Tucuman', 'Zahedan')",1,3
"Exactly 2 of the following cities are in Ecuador: Guayaquil, Voronezh, Quito, Thiruvananthapuram, Kanayannur.",1,Ecuador,"('Guayaquil', 'Kanayannur', 'Quito', 'Thiruvananthapuram', 'Voronezh')",2,2
"Exactly 4 of the following cities are in Russia: Taicang, Saratov, Lipetsk, Omsk, Voronezh.",1,Russia,"('Lipetsk', 'Omsk', 'Saratov', 'Taicang', 'Voronezh')",4,4
"Exactly 0 of the following cities are in New Zealand: Madurai, Kuecuekcekmece, Mombasa, Mazar-e Sharif, Mosul.",1,New Zealand,"('Kuecuekcekmece', 'Madurai', 'Mazar-e Sharif', 'Mombasa', 'Mosul')",0,0
"Exactly 0 of the following cities are in Afghanistan: Reynosa, Tianshui, Vilnius, Dammam, Al Hudaydah.",1,Afghanistan,"('Al Hudaydah', 'Dammam', 'Reynosa', 'Tianshui', 'Vilnius')",0,0
"Exactly 5 of the following cities are in Myanmar: Zhangzhou, Yangon, San Pedro Sula, Port-au-Prince, Hlaingthaya.",0,Myanmar,"('Hlaingthaya', 'Port-au-Prince', 'San Pedro Sula', 'Yangon', 'Zhangzhou')",5,2
"Exactly 2 of the following cities are in Algeria: Antananarivo, Kyoto, Pasir Gudang, Makassar, Sevastopol.",0,Algeria,"('Antananarivo', 'Kyoto', 'Makassar', 'Pasir Gudang', 'Sevastopol')",2,0
"Exactly 0 of the following cities are in North Korea: Kashgar, Daejeon, Daxing'anling, San Pedro Sula, Bagcilar.",1,North Korea,"('Bagcilar', 'Daejeon', ""Daxing'anling"", 'Kashgar', 'San Pedro Sula')",0,0
"Exactly 0 of the following cities are in Mongolia: Ulan Bator, Nyala, Ilorin, Macapa, Lipetsk.",0,Mongolia,"('Ilorin', 'Lipetsk', 'Macapa', 'Nyala', 'Ulan Bator')",0,1
"Exactly 2 of the following cities are in the Democratic Republic of the Congo: Surakarta, Sukkur, Likasi, Ecatepec de Morelos, Kikwit.",1,the Democratic Republic of the Congo,"('Ecatepec de Morelos', 'Kikwit', 'Likasi', 'Sukkur', 'Surakarta')",2,2
"Exactly 0 of the following cities are in Iran: Isfahan, Kermanshah, Tlaquepaque, Maceio, Qom.",0,Iran,"('Isfahan', 'Kermanshah', 'Maceio', 'Qom', 'Tlaquepaque')",0,3
"Exactly 2 of the following cities are in Pakistan: Battagram, Sialkot, Ufa, Aihara, Meizhou.",1,Pakistan,"('Aihara', 'Battagram', 'Meizhou', 'Sialkot', 'Ufa')",2,2
"Exactly 0 of the following cities are in South Africa: Karbala, Soweto, Phnom Penh, Pretoria, Can Tho.",0,South Africa,"('Can Tho', 'Karbala', 'Phnom Penh', 'Pretoria', 'Soweto')",0,2
"Exactly 2 of the following cities are in North Korea: Kryvyy Rih, Pyongyang, Shanghai, Loni, Ndola.",0,North Korea,"('Kryvyy Rih', 'Loni', 'Ndola', 'Pyongyang', 'Shanghai')",2,1
"Exactly 5 of the following cities are in Iran: Zahedan, Orumiyeh, Guilin, Bengbu, Ahvaz.",0,Iran,"('Ahvaz', 'Bengbu', 'Guilin', 'Orumiyeh', 'Zahedan')",5,3
"Exactly 1 of the following cities are in Tonga: Shihezi, Jiamusi, Davao, Bamako, Milwaukee.",0,Tonga,"('Bamako', 'Davao', 'Jiamusi', 'Milwaukee', 'Shihezi')",1,0
"Exactly 0 of the following cities are in Paraguay: Mar del Plata, Lipetsk, Lyon, Kemerovo, Siping.",1,Paraguay,"('Kemerovo', 'Lipetsk', 'Lyon', 'Mar del Plata', 'Siping')",0,0
"Exactly 5 of the following cities are in China: Hefei, Zhaoqing, Qujing, Nanning, Shangyu.",1,China,"('Hefei', 'Nanning', 'Qujing', 'Shangyu', 'Zhaoqing')",5,5
"Exactly 5 of the following cities are in Luxembourg: Mar del Plata, Rio de Janeiro, Golfe, Dehradun, Hefei.",0,Luxembourg,"('Dehradun', 'Golfe', 'Hefei', 'Mar del Plata', 'Rio de Janeiro')",5,0
"Exactly 3 of the following cities are in Brazil: Ananindeua, Jaboatao dos Guararapes, Nova Iguacu, Panshan, Hachioji.",1,Brazil,"('Ananindeua', 'Hachioji', 'Jaboatao dos Guararapes', 'Nova Iguacu', 'Panshan')",3,3
"Exactly 4 of the following cities are in Turkey: Jambi City, Niluefer, Istanbul, Mersin, Sevastopol.",0,Turkey,"('Istanbul', 'Jambi City', 'Mersin', 'Niluefer', 'Sevastopol')",4,3
"Exactly 1 of the following cities are in France: Chuzhou, Tolyatti, Putian, Lyon, Bokaro.",1,France,"('Bokaro', 'Chuzhou', 'Lyon', 'Putian', 'Tolyatti')",1,1
"Exactly 3 of the following cities are in Myanmar: Sagamihara, Huaibei, Nay Pyi Taw, Puente Alto, Hlaingthaya.",0,Myanmar,"('Hlaingthaya', 'Huaibei', 'Nay Pyi Taw', 'Puente Alto', 'Sagamihara')",3,2
"Exactly 0 of the following cities are in Guyana: Chizhou, San Pedro Sula, Irkutsk, Bucaramanga, Nanchang.",1,Guyana,"('Bucaramanga', 'Chizhou', 'Irkutsk', 'Nanchang', 'San Pedro Sula')",0,0
"Exactly 0 of the following cities are in Moldova: Ebute Ikorodu, Dharavi, Changwon, Conakry, Chisinau.",0,Moldova,"('Changwon', 'Chisinau', 'Conakry', 'Dharavi', 'Ebute Ikorodu')",0,1
"Exactly 0 of the following cities are in South Korea: Erzurum, Sevastopol, Daegu, Zhuzhou, Kimhae.",0,South Korea,"('Daegu', 'Erzurum', 'Kimhae', 'Sevastopol', 'Zhuzhou')",0,2
"Exactly 1 of the following cities are in Saudi Arabia: Nyala, Makassar, Haiphong, Calgary, Erzurum.",0,Saudi Arabia,"('Calgary', 'Erzurum', 'Haiphong', 'Makassar', 'Nyala')",1,0
"Exactly 0 of the following cities are in Kenya: Bagcilar, Kakamega, Nakuru, Mombasa, Nairobi.",0,Kenya,"('Bagcilar', 'Kakamega', 'Mombasa', 'Nairobi', 'Nakuru')",0,4
"Exactly 0 of the following cities are in Pakistan: Arifwala, Rahim Yar Khan, Anyang-si, Chunian, Sialkot.",0,Pakistan,"('Anyang-si', 'Arifwala', 'Chunian', 'Rahim Yar Khan', 'Sialkot')",0,4
"Exactly 5 of the following cities are in Tanzania: Ajegunle, Assiut, Hwaseong-si, Soacha, Shangluo.",0,Tanzania,"('Ajegunle', 'Assiut', 'Hwaseong-si', 'Shangluo', 'Soacha')",5,0
"Exactly 5 of the following cities are in Jordan: Johannesburg, Dombivali, Can Tho, Taiz, Irbid.",0,Jordan,"('Can Tho', 'Dombivali', 'Irbid', 'Johannesburg', 'Taiz')",5,1
"Exactly 2 of the following cities are in Iraq: Mosul, Nasiriyah, Iztapalapa, Meknes, Shizuishan.",1,Iraq,"('Iztapalapa', 'Meknes', 'Mosul', 'Nasiriyah', 'Shizuishan')",2,2
"Exactly 1 of the following cities are in Macedonia: Makkah, Sao Jose dos Campos, Bujumbura, Pune, Yerevan.",0,Macedonia,"('Bujumbura', 'Makkah', 'Pune', 'Sao Jose dos Campos', 'Yerevan')",1,0
"Exactly 0 of the following cities are in Yemen: Thu GJuc, Haiphong, Cucuta, Shangqiu, Zaozhuang.",1,Yemen,"('Cucuta', 'Haiphong', 'Shangqiu', 'Thu GJuc', 'Zaozhuang')",0,0
"Exactly 1 of the following cities are in the Democratic Republic of the Congo: Callao, Likasi, Kolwezi, Kinshasa, Niigata.",0,the Democratic Republic of the Congo,"('Callao', 'Kinshasa', 'Kolwezi', 'Likasi', 'Niigata')",1,3
"Exactly 3 of the following cities are in Peru: Wanzhou, Zhongwei, Piura, Callao, Arequipa.",1,Peru,"('Arequipa', 'Callao', 'Piura', 'Wanzhou', 'Zhongwei')",3,3
"Exactly 1 of the following cities are in Kenya: Aden, Kakamega, Huainan, Jilin, Ulan Bator.",1,Kenya,"('Aden', 'Huainan', 'Jilin', 'Kakamega', 'Ulan Bator')",1,1
"Exactly 2 of the following cities are in the Philippines: Bahawalpur, Guangzhou, Quezon City, Muntinlupa, Lubumbashi.",1,the Philippines,"('Bahawalpur', 'Guangzhou', 'Lubumbashi', 'Muntinlupa', 'Quezon City')",2,2
"Exactly 1 of the following cities are in the Dominican Republic: Puente Alto, The Bronx, Santiago de los Caballeros, Ta'if, Zunyi.",1,the Dominican Republic,"('Puente Alto', 'Santiago de los Caballeros', ""Ta'if"", 'The Bronx', 'Zunyi')",1,1
"Exactly 5 of the following cities are in Germany: Hannover, Koeln, Munich, Duesseldorf, Nuremberg.",1,Germany,"('Duesseldorf', 'Hannover', 'Koeln', 'Munich', 'Nuremberg')",5,5
"Exactly 3 of the following cities are in Nigeria: Jos, Bauchi, Zaria, Ile-Ife, Benin City.",0,Nigeria,"('Bauchi', 'Benin City', 'Ile-Ife', 'Jos', 'Zaria')",3,5
"Exactly 3 of the following cities are in Venezuela: Mumbai, Barquisimeto, Maturin, Maracaibo, Caracas.",0,Venezuela,"('Barquisimeto', 'Caracas', 'Maracaibo', 'Maturin', 'Mumbai')",3,4
"Exactly 0 of the following cities are in China: Indianapolis, Pimpri, Matola, Benoni, Harare.",1,China,"('Benoni', 'Harare', 'Indianapolis', 'Matola', 'Pimpri')",0,0
"Exactly 2 of the following cities are in Malawi: Mbeya, Gurugram, Jhang Sadr, Fes, Yaounde.",0,Malawi,"('Fes', 'Gurugram', 'Jhang Sadr', 'Mbeya', 'Yaounde')",2,0
"Exactly 0 of the following cities are in Nepal: Fuxin, Kathmandu, Wroclaw, Meizhou, Pokhara.",0,Nepal,"('Fuxin', 'Kathmandu', 'Meizhou', 'Pokhara', 'Wroclaw')",0,2
"Exactly 3 of the following cities are in Austria: Haiphong, Siliguri, Rui'an, Shuangyashan, Mbuji-Mayi.",0,Austria,"('Haiphong', 'Mbuji-Mayi', ""Rui'an"", 'Shuangyashan', 'Siliguri')",3,0
"Exactly 1 of the following cities are in Myanmar: Yangon, Neijiang, Huaihua, Mosul, Chennai.",1,Myanmar,"('Chennai', 'Huaihua', 'Mosul', 'Neijiang', 'Yangon')",1,1
"Exactly 5 of the following cities are in Albania: Sanaa, Joao Pessoa, Changde, Caracas, Liuzhou.",0,Albania,"('Caracas', 'Changde', 'Joao Pessoa', 'Liuzhou', 'Sanaa')",5,0
"Exactly 5 of the following cities are in Iraq: Baghdad, Sadr City, Basrah, Abu Ghurayb, Al Mawsil al Jadidah.",1,Iraq,"('Abu Ghurayb', 'Al Mawsil al Jadidah', 'Baghdad', 'Basrah', 'Sadr City')",5,5
"Exactly 0 of the following cities are in Slovenia: Nasiriyah, Tianshui, Guiyang, Tianjin, Battagram.",1,Slovenia,"('Battagram', 'Guiyang', 'Nasiriyah', 'Tianjin', 'Tianshui')",0,0
"Exactly 0 of the following cities are in the Democratic Republic of the Congo: Kolwezi, Lubumbashi, Kananga, Kikwit, Kinshasa.",0,the Democratic Republic of the Congo,"('Kananga', 'Kikwit', 'Kinshasa', 'Kolwezi', 'Lubumbashi')",0,5
"Exactly 0 of the following cities are in Finland: Mersin, Battagram, Johannesburg, Helsinki, Mumbai.",0,Finland,"('Battagram', 'Helsinki', 'Johannesburg', 'Mersin', 'Mumbai')",0,1
"Exactly 3 of the following cities are in Ethiopia: Santo Domingo Este, Addis Ababa, Iskandar Puteri, Jaboatao dos Guararapes, Xuancheng.",0,Ethiopia,"('Addis Ababa', 'Iskandar Puteri', 'Jaboatao dos Guararapes', 'Santo Domingo Este', 'Xuancheng')",3,1
"Exactly 0 of the following cities are in El Salvador: Karol Bagh, Nanning, Bukit Rahman Putra, Quito, Kumasi.",1,El Salvador,"('Bukit Rahman Putra', 'Karol Bagh', 'Kumasi', 'Nanning', 'Quito')",0,0
"Exactly 4 of the following cities are in Canada: Mississauga, Winnipeg, Calgary, Gujrat, Quebec.",1,Canada,"('Calgary', 'Gujrat', 'Mississauga', 'Quebec', 'Winnipeg')",4,4
"Exactly 2 of the following cities are in Senegal: Marseille, Pikine, Jieyang, Makati City, Dakar.",1,Senegal,"('Dakar', 'Jieyang', 'Makati City', 'Marseille', 'Pikine')",2,2
"Exactly 4 of the following cities are in China: Tianjin, Xining, Zhuzhou, Marrakesh, Bijie.",1,China,"('Bijie', 'Marrakesh', 'Tianjin', 'Xining', 'Zhuzhou')",4,4
"Exactly 2 of the following cities are in Peru: Arequipa, N'Djamena, Piura, Santiago de los Caballeros, Chiclayo.",0,Peru,"('Arequipa', 'Chiclayo', ""N'Djamena"", 'Piura', 'Santiago de los Caballeros')",2,3
"Exactly 1 of the following cities are in Canada: Changshu, Bouake, Winnipeg, Tiruppur, Najafgarh.",1,Canada,"('Bouake', 'Changshu', 'Najafgarh', 'Tiruppur', 'Winnipeg')",1,1
"Exactly 3 of the following cities are in Mozambique: Sofia, Bursa, Yangpu, Xiamen, Quebec.",0,Mozambique,"('Bursa', 'Quebec', 'Sofia', 'Xiamen', 'Yangpu')",3,0
"Exactly 2 of the following cities are in Honduras: Lodz, San Pedro Sula, Ryazan', Pingdingshan, Nanded.",0,Honduras,"('Lodz', 'Nanded', 'Pingdingshan', ""Ryazan'"", 'San Pedro Sula')",2,1
"Exactly 4 of the following cities are in Bangladesh: Comilla, Rajshahi, Antananarivo, Chattogram, Mirpur Model Thana.",1,Bangladesh,"('Antananarivo', 'Chattogram', 'Comilla', 'Mirpur Model Thana', 'Rajshahi')",4,4
"Exactly 3 of the following cities are in Germany: Frankfurt am Main, Kobe, Jammu, Navi Mumbai, Zagreb.",0,Germany,"('Frankfurt am Main', 'Jammu', 'Kobe', 'Navi Mumbai', 'Zagreb')",3,1
"Exactly 5 of the following cities are in Malaysia: Kota Bharu, Subang Jaya, Ipoh, Shah Alam, Kota Kinabalu.",1,Malaysia,"('Ipoh', 'Kota Bharu', 'Kota Kinabalu', 'Shah Alam', 'Subang Jaya')",5,5
"Exactly 4 of the following cities are in Angola: Hoji ya Henda, Camama, Benguela, Cankaya, Calumbo.",1,Angola,"('Benguela', 'Calumbo', 'Camama', 'Cankaya', 'Hoji ya Henda')",4,4
"Exactly 0 of the following cities are in Norway: Milwaukee, Hamamatsu, Bien Hoa, Bengbu, Chongqing.",1,Norway,"('Bengbu', 'Bien Hoa', 'Chongqing', 'Hamamatsu', 'Milwaukee')",0,0
"Exactly 4 of the following cities are in Iraq: Mosul, Al Mawsil al Jadidah, Karbala, Navi Mumbai, Abu Ghurayb.",1,Iraq,"('Abu Ghurayb', 'Al Mawsil al Jadidah', 'Karbala', 'Mosul', 'Navi Mumbai')",4,4
"Exactly 1 of the following cities are in China: Evaton, Kampung Baru Subang, Suwon, Addis Ababa, Xining.",1,China,"('Addis Ababa', 'Evaton', 'Kampung Baru Subang', 'Suwon', 'Xining')",1,1
"Exactly 5 of the following cities are in Saudi Arabia: Dammam, Buraydah, Pimpri, Londrina, Madinah.",0,Saudi Arabia,"('Buraydah', 'Dammam', 'Londrina', 'Madinah', 'Pimpri')",5,3
"Exactly 4 of the following cities are in Sudan: Khartoum, Omdurman, Hezhou, Khartoum North, Nyala.",1,Sudan,"('Hezhou', 'Khartoum', 'Khartoum North', 'Nyala', 'Omdurman')",4,4
"Exactly 0 of the following cities are in Ukraine: Sapporo, Odesa, Sevastopol, Mohammadpur, Kharkiv.",0,Ukraine,"('Kharkiv', 'Mohammadpur', 'Odesa', 'Sapporo', 'Sevastopol')",0,3
"Exactly 1 of the following cities are in Nauru: Puxi, Prayagraj, Putuo, Kharkiv, Pikine.",0,Nauru,"('Kharkiv', 'Pikine', 'Prayagraj', 'Putuo', 'Puxi')",1,0
"Exactly 0 of the following cities are in Ireland: Mersin, Ra's Bayrut, Xingtai, Lipetsk, Yekaterinburg.",1,Ireland,"('Lipetsk', 'Mersin', ""Ra's Bayrut"", 'Xingtai', 'Yekaterinburg')",0,0
"Exactly 2 of the following cities are in Myanmar: Nay Pyi Taw, Nouakchott, Zagreb, Yangon, Bengaluru.",1,Myanmar,"('Bengaluru', 'Nay Pyi Taw', 'Nouakchott', 'Yangon', 'Zagreb')",2,2
"Exactly 5 of the following cities are in Kyrgyzstan: Zigong, Khabarovsk, Yichang, Maputo, Kimhae.",0,Kyrgyzstan,"('Khabarovsk', 'Kimhae', 'Maputo', 'Yichang', 'Zigong')",5,0
"Exactly 0 of the following cities are in Yemen: Al Hudaydah, Ufa, Aden, Mukalla, Cuttack.",0,Yemen,"('Aden', 'Al Hudaydah', 'Cuttack', 'Mukalla', 'Ufa')",0,3
"Exactly 4 of the following cities are in Syria: Bhubaneswar, Homs, Latakia, Ar Raqqah, Aleppo.",1,Syria,"('Aleppo', 'Ar Raqqah', 'Bhubaneswar', 'Homs', 'Latakia')",4,4
"Exactly 3 of the following cities are in Morocco: Oujda, Tangier, Kampung Baru Subang, Fukuoka, Fes.",1,Morocco,"('Fes', 'Fukuoka', 'Kampung Baru Subang', 'Oujda', 'Tangier')",3,3
"Exactly 2 of the following cities are in Papua New Guinea: Panshan, Aqsu, Qujing, Nairobi, Addis Ababa.",0,Papua New Guinea,"('Addis Ababa', 'Aqsu', 'Nairobi', 'Panshan', 'Qujing')",2,0
"Exactly 3 of the following cities are in Brazil: Manaus, Macapa, Brasilia, Belford Roxo, Sao Bernardo do Campo.",0,Brazil,"('Belford Roxo', 'Brasilia', 'Macapa', 'Manaus', 'Sao Bernardo do Campo')",3,5
"Exactly 5 of the following cities are in Angola: Hoji ya Henda, Calumbo, Maianga, Mulenvos, Lubango.",1,Angola,"('Calumbo', 'Hoji ya Henda', 'Lubango', 'Maianga', 'Mulenvos')",5,5
"Exactly 5 of the following cities are in the Dominican Republic: Santo Domingo Este, Santiago de los Caballeros, Santo Domingo Oeste, Namangan, Ile-Ife.",0,the Dominican Republic,"('Ile-Ife', 'Namangan', 'Santiago de los Caballeros', 'Santo Domingo Este', 'Santo Domingo Oeste')",5,3
"Exactly 4 of the following cities are in Peru: Chiclayo, Callao, Piura, Putuo, Arequipa.",1,Peru,"('Arequipa', 'Callao', 'Chiclayo', 'Piura', 'Putuo')",4,4
"Exactly 2 of the following cities are in Singapore: Al Fayyum, Nuremberg, Battagram, Qinzhou, Katsina.",0,Singapore,"('Al Fayyum', 'Battagram', 'Katsina', 'Nuremberg', 'Qinzhou')",2,0
"Exactly 0 of the following cities are in Chile: Helsinki, Goyang-si, Tonghua, Puente Alto, Shenyang.",0,Chile,"('Goyang-si', 'Helsinki', 'Puente Alto', 'Shenyang', 'Tonghua')",0,1
"Exactly 1 of the following cities are in Germany: Aihara, Kunming, Surakarta, Duesseldorf, Benguela.",1,Germany,"('Aihara', 'Benguela', 'Duesseldorf', 'Kunming', 'Surakarta')",1,1
"Exactly 3 of the following cities are in South Africa: Makkah, Amravati, Mumbai, Karol Bagh, Virar.",0,South Africa,"('Amravati', 'Karol Bagh', 'Makkah', 'Mumbai', 'Virar')",3,0
"Exactly 1 of the following cities are in Turkey: Kayseri, Erzurum, Budta, Putuo, Dar es Salaam.",0,Turkey,"('Budta', 'Dar es Salaam', 'Erzurum', 'Kayseri', 'Putuo')",1,2
"Exactly 4 of the following cities are in Kazakhstan: Shymkent, Aktobe, Almaty, Astana, Chongqing.",1,Kazakhstan,"('Aktobe', 'Almaty', 'Astana', 'Chongqing', 'Shymkent')",4,4
"Exactly 5 of the following cities are in Italy: Penza, Subang Jaya, Baghdad, Akure, Culiacan.",0,Italy,"('Akure', 'Baghdad', 'Culiacan', 'Penza', 'Subang Jaya')",5,0
"Exactly 3 of the following cities are in Canada: Quebec, Kyoto, Winnipeg, Calgary, Amravati.",1,Canada,"('Amravati', 'Calgary', 'Kyoto', 'Quebec', 'Winnipeg')",3,3
"Exactly 2 of the following cities are in Ukraine: Kyiv, Kharkiv, Kryvyy Rih, Quebec, Odesa.",0,Ukraine,"('Kharkiv', 'Kryvyy Rih', 'Kyiv', 'Odesa', 'Quebec')",2,4
"Exactly 2 of the following cities are in Kuwait: Soacha, Owerri, Asansol, Gujranwala, Novosibirsk.",0,Kuwait,"('Asansol', 'Gujranwala', 'Novosibirsk', 'Owerri', 'Soacha')",2,0
"Exactly 0 of the following cities are in Belize: Daejeon, Tasikmalaya, Vilnius, Cucuta, Ibague.",1,Belize,"('Cucuta', 'Daejeon', 'Ibague', 'Tasikmalaya', 'Vilnius')",0,0
"Exactly 0 of the following cities are in Albania: Kayseri, Maracaibo, Quezon City, Winnipeg, Dortmund.",1,Albania,"('Dortmund', 'Kayseri', 'Maracaibo', 'Quezon City', 'Winnipeg')",0,0
"Exactly 5 of the following cities are in China: Xianning, Laiwu, Songjiang, Rizhao, Chuzhou.",1,China,"('Chuzhou', 'Laiwu', 'Rizhao', 'Songjiang', 'Xianning')",5,5
"Exactly 4 of the following cities are in Germany: Macapa, Munich, Dortmund, Duesseldorf, Hannover.",1,Germany,"('Dortmund', 'Duesseldorf', 'Hannover', 'Macapa', 'Munich')",4,4
"Exactly 0 of the following cities are in the United Kingdom: Benin City, Dortmund, Hanzhong, Zhaotong, Jaipur.",1,the United Kingdom,"('Benin City', 'Dortmund', 'Hanzhong', 'Jaipur', 'Zhaotong')",0,0
"Exactly 4 of the following cities are in Russia: Saint Petersburg, Volgograd, Makhachkala, Tyumen, Vladivostok.",0,Russia,"('Makhachkala', 'Saint Petersburg', 'Tyumen', 'Vladivostok', 'Volgograd')",4,5
"Exactly 1 of the following cities are in Saint Kitts and Nevis: Reynosa, Chongqing, Cagayan de Oro, Omsk, Kisangani.",0,Saint Kitts and Nevis,"('Cagayan de Oro', 'Chongqing', 'Kisangani', 'Omsk', 'Reynosa')",1,0
"Exactly 4 of the following cities are in Angola: Mulenvos, Jalandhar, Setagaya, Lubango, Qionghai.",0,Angola,"('Jalandhar', 'Lubango', 'Mulenvos', 'Qionghai', 'Setagaya')",4,2
"Exactly 2 of the following cities are in China: Liaocheng, Shangluo, Soweto, Bangkok, Weinan.",0,China,"('Bangkok', 'Liaocheng', 'Shangluo', 'Soweto', 'Weinan')",2,3
"Exactly 1 of the following cities are in Cuba: Changchun, Nanchang, Malang, Orumiyeh, Pietermaritzburg.",0,Cuba,"('Changchun', 'Malang', 'Nanchang', 'Orumiyeh', 'Pietermaritzburg')",1,0
"Exactly 5 of the following cities are in Japan: Himeji, Niigata, Hiroshima, Fukuoka, Utsunomiya.",1,Japan,"('Fukuoka', 'Himeji', 'Hiroshima', 'Niigata', 'Utsunomiya')",5,5
"Exactly 5 of the following cities are in Iran: Londrina, Karaj, Tehran, Hamadan, Ahvaz.",0,Iran,"('Ahvaz', 'Hamadan', 'Karaj', 'Londrina', 'Tehran')",5,4
"Exactly 4 of the following cities are in Venezuela: Conakry, Anyang-si, Maracaibo, Caracas, Bukavu.",0,Venezuela,"('Anyang-si', 'Bukavu', 'Caracas', 'Conakry', 'Maracaibo')",4,2
"Exactly 5 of the following cities are in Iran: Ahvaz, Tehran, Bekasi, Orumiyeh, Ndola.",0,Iran,"('Ahvaz', 'Bekasi', 'Ndola', 'Orumiyeh', 'Tehran')",5,3
"Exactly 1 of the following cities are in Guinea: Nanded, Jilin, Thane, Dushanbe, Camayenne.",1,Guinea,"('Camayenne', 'Dushanbe', 'Jilin', 'Nanded', 'Thane')",1,1
"Exactly 5 of the following cities are in Russia: Krasnodar, Saratov, Rostov-on-Don, Voronezh, Lipetsk.",1,Russia,"('Krasnodar', 'Lipetsk', 'Rostov-on-Don', 'Saratov', 'Voronezh')",5,5
"Exactly 5 of the following cities are in Angola: Kikolo, Hoji ya Henda, Benguela, Lubango, Cabinda.",1,Angola,"('Benguela', 'Cabinda', 'Hoji ya Henda', 'Kikolo', 'Lubango')",5,5
"Exactly 5 of the following cities are in Mozambique: Matola, Maputo, Nampula, Lanzhou, Beira.",0,Mozambique,"('Beira', 'Lanzhou', 'Maputo', 'Matola', 'Nampula')",5,4
"Exactly 1 of the following cities are in Iran: Abu Ghurayb, Arak, Yerevan, Tabriz, Kota Kinabalu.",0,Iran,"('Abu Ghurayb', 'Arak', 'Kota Kinabalu', 'Tabriz', 'Yerevan')",1,2
"Exactly 1 of the following cities are in Mauritius: Orumiyeh, Sharjah, Fes, Bien Hoa, Budapest.",0,Mauritius,"('Bien Hoa', 'Budapest', 'Fes', 'Orumiyeh', 'Sharjah')",1,0
"Exactly 1 of the following cities are in Kuwait: Ibb, Bhopal, Al Ahmadi, Shanghai, Anshan.",1,Kuwait,"('Al Ahmadi', 'Anshan', 'Bhopal', 'Ibb', 'Shanghai')",1,1
"Exactly 0 of the following cities are in Canada: Ile-Ife, Anqing, Quebec, Kyiv, Mississauga.",0,Canada,"('Anqing', 'Ile-Ife', 'Kyiv', 'Mississauga', 'Quebec')",0,2
"Exactly 5 of the following cities are in Brazil: Bareilly, Thane, Cancun, Meizhou, Ningbo.",0,Brazil,"('Bareilly', 'Cancun', 'Meizhou', 'Ningbo', 'Thane')",5,0
"Exactly 5 of the following cities are in Sudan: Huaihua, Anshan, Kanayannur, Ningbo, Santo Domingo Oeste.",0,Sudan,"('Anshan', 'Huaihua', 'Kanayannur', 'Ningbo', 'Santo Domingo Oeste')",5,0
"Exactly 5 of the following cities are in Pakistan: Makkah, Situbondo, Liuzhou, Jammu, Ulyanovsk.",0,Pakistan,"('Jammu', 'Liuzhou', 'Makkah', 'Situbondo', 'Ulyanovsk')",5,0
"Exactly 3 of the following cities are in France: Kolkata, Toulouse, Lyon, Calumbo, Marseille.",1,France,"('Calumbo', 'Kolkata', 'Lyon', 'Marseille', 'Toulouse')",3,3
"Exactly 0 of the following cities are in Liberia: Nanning, Mersin, Bahawalpur, Batam, Bhubaneswar.",1,Liberia,"('Bahawalpur', 'Batam', 'Bhubaneswar', 'Mersin', 'Nanning')",0,0
"Exactly 0 of the following cities are in Guinea-Bissau: Rajshahi, Tiruppur, Camama, Malingao, Eskisehir.",1,Guinea-Bissau,"('Camama', 'Eskisehir', 'Malingao', 'Rajshahi', 'Tiruppur')",0,0
"Exactly 5 of the following cities are in the Philippines: Malingao, Quezon City, Makati City, Cagayan de Oro, Paranaque City.",1,the Philippines,"('Cagayan de Oro', 'Makati City', 'Malingao', 'Paranaque City', 'Quezon City')",5,5
"Exactly 4 of the following cities are in South Korea: Hwaseong-si, Ansan-si, Saitama, Busan, Jeonju.",1,South Korea,"('Ansan-si', 'Busan', 'Hwaseong-si', 'Jeonju', 'Saitama')",4,4
"Exactly 3 of the following cities are in the Philippines: Bareilly, Muntinlupa, Santo Domingo Este, Pasig City, Budta.",1,the Philippines,"('Bareilly', 'Budta', 'Muntinlupa', 'Pasig City', 'Santo Domingo Este')",3,3
"Exactly 3 of the following cities are in Barbados: Selayang Baru Utara, Kota Bharu, Huainan, Golfe, E'zhou.",0,Barbados,"(""E'zhou"", 'Golfe', 'Huainan', 'Kota Bharu', 'Selayang Baru Utara')",3,0
"Exactly 2 of the following cities are in Brazil: Mbuji-Mayi, Amman, Nova Iguacu, Rio de Janeiro, Sorocaba.",0,Brazil,"('Amman', 'Mbuji-Mayi', 'Nova Iguacu', 'Rio de Janeiro', 'Sorocaba')",2,3
"Exactly 5 of the following cities are in Bangladesh: Khulna, Pallabi, Rajshahi, Comilla, Mohammadpur.",1,Bangladesh,"('Comilla', 'Khulna', 'Mohammadpur', 'Pallabi', 'Rajshahi')",5,5
"Exactly 4 of the following cities are in Kazakhstan: Aktobe, Astana, Almaty, Shymkent, Calabar.",1,Kazakhstan,"('Aktobe', 'Almaty', 'Astana', 'Calabar', 'Shymkent')",4,4
"Exactly 1 of the following cities are in the Netherlands: Nay Pyi Taw, Utsunomiya, Pietermaritzburg, Baku, Paranaque City.",0,the Netherlands,"('Baku', 'Nay Pyi Taw', 'Paranaque City', 'Pietermaritzburg', 'Utsunomiya')",1,0
"Exactly 1 of the following cities are in Bulgaria: Sofia, Palembang, Rohini, Ningbo, Pingdingshan.",1,Bulgaria,"('Ningbo', 'Palembang', 'Pingdingshan', 'Rohini', 'Sofia')",1,1
"Exactly 1 of the following cities are in Nigeria: Qingdao, Sharjah, Ajegunle, Bogor, Mississauga.",1,Nigeria,"('Ajegunle', 'Bogor', 'Mississauga', 'Qingdao', 'Sharjah')",1,1
"Exactly 3 of the following cities are in Germany: Yekaterinburg, Gustavo Adolfo Madero, Munich, Nuremberg, Hannover.",1,Germany,"('Gustavo Adolfo Madero', 'Hannover', 'Munich', 'Nuremberg', 'Yekaterinburg')",3,3
"Exactly 4 of the following cities are in Sudan: Nyala, Khartoum, Khartoum North, Omdurman, Al Ain City.",1,Sudan,"('Al Ain City', 'Khartoum', 'Khartoum North', 'Nyala', 'Omdurman')",4,4
"Exactly 4 of the following cities are in Sudan: Nyala, Kryvyy Rih, Omdurman, Khartoum North, Khartoum.",1,Sudan,"('Khartoum', 'Khartoum North', 'Kryvyy Rih', 'Nyala', 'Omdurman')",4,4
"Exactly 5 of the following cities are in Turkey: Bagcilar, Bursa, Kuecuekcekmece, Antalya, Mersin.",1,Turkey,"('Antalya', 'Bagcilar', 'Bursa', 'Kuecuekcekmece', 'Mersin')",5,5
"Exactly 2 of the following cities are in Jordan: Putuo, Irbid, Shihezi, Kananga, Zarqa.",1,Jordan,"('Irbid', 'Kananga', 'Putuo', 'Shihezi', 'Zarqa')",2,2
"Exactly 1 of the following cities are in Croatia: Changchun, Zagreb, Maputo, Guayaquil, Chicago.",1,Croatia,"('Changchun', 'Chicago', 'Guayaquil', 'Maputo', 'Zagreb')",1,1
"Exactly 2 of the following cities are in Malaysia: Hangzhou, Mukim Pulai, Arequipa, Izmir, Shah Alam.",1,Malaysia,"('Arequipa', 'Hangzhou', 'Izmir', 'Mukim Pulai', 'Shah Alam')",2,2
"Exactly 5 of the following cities are in Malaysia: Bukit Rahman Putra, Shah Alam, Kampung Baru Subang, Selayang Baru Utara, Petaling Jaya.",1,Malaysia,"('Bukit Rahman Putra', 'Kampung Baru Subang', 'Petaling Jaya', 'Selayang Baru Utara', 'Shah Alam')",5,5
"Exactly 0 of the following cities are in Armenia: Abu Dhabi, Orumiyeh, Mbuji-Mayi, Yerevan, Kolwezi.",0,Armenia,"('Abu Dhabi', 'Kolwezi', 'Mbuji-Mayi', 'Orumiyeh', 'Yerevan')",0,1
"Exactly 5 of the following cities are in Vietnam: Thu GJuc, Queens, Cho Lon, Vinh, Konya.",0,Vietnam,"('Cho Lon', 'Konya', 'Queens', 'Thu GJuc', 'Vinh')",5,3
"Exactly 3 of the following cities are in Canada: Quebec, Bucaramanga, Chengdu, Calgary, Mississauga.",1,Canada,"('Bucaramanga', 'Calgary', 'Chengdu', 'Mississauga', 'Quebec')",3,3
"Exactly 2 of the following cities are in Venezuela: Maracaibo, Arak, Ciudad Guayana, Barnaul, Cho Lon.",1,Venezuela,"('Arak', 'Barnaul', 'Cho Lon', 'Ciudad Guayana', 'Maracaibo')",2,2
"Exactly 0 of the following cities are in Lebanon: Algiers, Cuiaba, Putian, Tashkent, Zigong.",1,Lebanon,"('Algiers', 'Cuiaba', 'Putian', 'Tashkent', 'Zigong')",0,0
"Exactly 1 of the following cities are in Bosnia and Herzegovina: Bukit Rahman Putra, Novosibirsk, Jalandhar, Kakamega, Sialkot.",0,Bosnia and Herzegovina,"('Bukit Rahman Putra', 'Jalandhar', 'Kakamega', 'Novosibirsk', 'Sialkot')",1,0
"Exactly 4 of the following cities are in Canada: Calgary, Wanxian, Suizhou, Winnipeg, Peshawar.",0,Canada,"('Calgary', 'Peshawar', 'Suizhou', 'Wanxian', 'Winnipeg')",4,2
"Exactly 0 of the following cities are in Finland: Qinhuangdao, Katsina, Kakamega, UEruemqi, Gujrat.",1,Finland,"('Gujrat', 'Kakamega', 'Katsina', 'Qinhuangdao', 'UEruemqi')",0,0
"Exactly 3 of the following cities are in Nigeria: Quetta, Kaduna, Multan, Abuja, Maiduguri.",1,Nigeria,"('Abuja', 'Kaduna', 'Maiduguri', 'Multan', 'Quetta')",3,3
"Exactly 4 of the following cities are in Bangladesh: Comilla, Benguela, Mohammadpur, Rajshahi, Pallabi.",1,Bangladesh,"('Benguela', 'Comilla', 'Mohammadpur', 'Pallabi', 'Rajshahi')",4,4
"Exactly 3 of the following cities are in Peru: Selayang Baru Utara, Baoji, Callao, Ulhasnagar, Serang.",0,Peru,"('Baoji', 'Callao', 'Selayang Baru Utara', 'Serang', 'Ulhasnagar')",3,1
"Exactly 0 of the following cities are in Burundi: Quezon City, Selayang Baru Utara, Bareilly, Hanzhong, Bujumbura.",0,Burundi,"('Bareilly', 'Bujumbura', 'Hanzhong', 'Quezon City', 'Selayang Baru Utara')",0,1
"Exactly 4 of the following cities are in Liechtenstein: Beijing, Changde, Jajmau, Kikwit, Jos.",0,Liechtenstein,"('Beijing', 'Changde', 'Jajmau', 'Jos', 'Kikwit')",4,0
"Exactly 0 of the following cities are in Brazil: Rio de Janeiro, Joao Pessoa, Sao Bernardo do Campo, Fortaleza, Belford Roxo.",0,Brazil,"('Belford Roxo', 'Fortaleza', 'Joao Pessoa', 'Rio de Janeiro', 'Sao Bernardo do Campo')",0,5
"Exactly 3 of the following cities are in Mozambique: Amman, Mukim Pulai, Diyarbakir, Kharkiv, Torreon.",0,Mozambique,"('Amman', 'Diyarbakir', 'Kharkiv', 'Mukim Pulai', 'Torreon')",3,0
"Exactly 5 of the following cities are in Tanzania: Dodoma, Mbeya, Pontianak, Bursa, Bannu.",0,Tanzania,"('Bannu', 'Bursa', 'Dodoma', 'Mbeya', 'Pontianak')",5,2
"Exactly 2 of the following cities are in Ukraine: Lviv, Panshan, Hefei, Odesa, Fort Worth.",1,Ukraine,"('Fort Worth', 'Hefei', 'Lviv', 'Odesa', 'Panshan')",2,2
"Exactly 1 of the following cities are in Palau: Kampala, Enugu, Longyan, Uberlandia, Kemerovo.",0,Palau,"('Enugu', 'Kampala', 'Kemerovo', 'Longyan', 'Uberlandia')",1,0
"Exactly 5 of the following cities are in Montenegro: Rawalpindi, Qiqihar, Abu Dhabi, Denpasar, Bayan Nur.",0,Montenegro,"('Abu Dhabi', 'Bayan Nur', 'Denpasar', 'Qiqihar', 'Rawalpindi')",5,0
"Exactly 5 of the following cities are in Angola: Hoji ya Henda, Maianga, Benguela, Lubango, Golfe.",1,Angola,"('Benguela', 'Golfe', 'Hoji ya Henda', 'Lubango', 'Maianga')",5,5
"Exactly 1 of the following cities are in Sudan: Sanmenxia, Pallabi, Saratov, Yichang, Hangzhou.",0,Sudan,"('Hangzhou', 'Pallabi', 'Sanmenxia', 'Saratov', 'Yichang')",1,0
"Exactly 3 of the following cities are in the Democratic Republic of the Congo: Mbuji-Mayi, Kikwit, Gwalior, Tshikapa, Piura.",1,the Democratic Republic of the Congo,"('Gwalior', 'Kikwit', 'Mbuji-Mayi', 'Piura', 'Tshikapa')",3,3
"Exactly 5 of the following cities are in Mali: Bengbu, Naberezhnyye Chelny, Bamako, Hue, Tiruchirappalli.",0,Mali,"('Bamako', 'Bengbu', 'Hue', 'Naberezhnyye Chelny', 'Tiruchirappalli')",5,1
"Exactly 2 of the following cities are in Venezuela: Ciudad Guayana, Muscat, Caracas, Bilimora, Zhangzhou.",1,Venezuela,"('Bilimora', 'Caracas', 'Ciudad Guayana', 'Muscat', 'Zhangzhou')",2,2
"Exactly 5 of the following cities are in Ukraine: Odesa, Kryvyy Rih, Sevastopol, Kyiv, Kharkiv.",1,Ukraine,"('Kharkiv', 'Kryvyy Rih', 'Kyiv', 'Odesa', 'Sevastopol')",5,5
"Exactly 3 of the following cities are in Morocco: Agadir, Meknes, Sangli, Tomsk, Tangier.",1,Morocco,"('Agadir', 'Meknes', 'Sangli', 'Tangier', 'Tomsk')",3,3
"Exactly 1 of the following cities are in Uzbekistan: Arak, Zhuzhou, Tashkent, Kitakyushu, Anyang-si.",1,Uzbekistan,"('Anyang-si', 'Arak', 'Kitakyushu', 'Tashkent', 'Zhuzhou')",1,1
"Exactly 4 of the following cities are in Mongolia: Coimbatore, Rio de Janeiro, Paranaque City, Camayenne, Bhopal.",0,Mongolia,"('Bhopal', 'Camayenne', 'Coimbatore', 'Paranaque City', 'Rio de Janeiro')",4,0
"Exactly 3 of the following cities are in Venezuela: Bayan Nur, Maturin, Maracaibo, Dammam, Barquisimeto.",1,Venezuela,"('Barquisimeto', 'Bayan Nur', 'Dammam', 'Maracaibo', 'Maturin')",3,3
"Exactly 2 of the following cities are in Iran: Hamadan, Ahvaz, Karaj, Tabriz, Minsk.",0,Iran,"('Ahvaz', 'Hamadan', 'Karaj', 'Minsk', 'Tabriz')",2,4
"Exactly 3 of the following cities are in the Philippines: Al Ahmadi, Zamboanga, Al Mawsil al Jadidah, Las Pinas, Rajshahi.",0,the Philippines,"('Al Ahmadi', 'Al Mawsil al Jadidah', 'Las Pinas', 'Rajshahi', 'Zamboanga')",3,2
"Exactly 1 of the following cities are in India: Ordos, Port Said, Puning, Luohu District, Bokaro.",1,India,"('Bokaro', 'Luohu District', 'Ordos', 'Port Said', 'Puning')",1,1
"Exactly 0 of the following cities are in Mozambique: Nampula, Matola, Beira, Qujing, Pimpri-Chinchwad.",0,Mozambique,"('Beira', 'Matola', 'Nampula', 'Pimpri-Chinchwad', 'Qujing')",0,3
"Exactly 0 of the following cities are in Azerbaijan: Libreville, Hermosillo, Palembang, Zhu Cheng City, Dammam.",1,Azerbaijan,"('Dammam', 'Hermosillo', 'Libreville', 'Palembang', 'Zhu Cheng City')",0,0
"Exactly 3 of the following cities are in Chile: Puente Alto, Guarulhos, Arusha, Izmir, Beijing.",0,Chile,"('Arusha', 'Beijing', 'Guarulhos', 'Izmir', 'Puente Alto')",3,1
"Exactly 4 of the following cities are in China: Jieyang, Shaoguan, Chisinau, Chengdu, Wuzhong.",1,China,"('Chengdu', 'Chisinau', 'Jieyang', 'Shaoguan', 'Wuzhong')",4,4
"Exactly 1 of the following cities are in Malaysia: Johor Bahru, Mukim Pulai, Selayang Baru Utara, Iskandar Puteri, Kota Kuala Muda.",0,Malaysia,"('Iskandar Puteri', 'Johor Bahru', 'Kota Kuala Muda', 'Mukim Pulai', 'Selayang Baru Utara')",1,5
"Exactly 2 of the following cities are in Japan: Tokyo, Visakhapatnam, Adachi, Fukuoka, Caracas.",0,Japan,"('Adachi', 'Caracas', 'Fukuoka', 'Tokyo', 'Visakhapatnam')",2,3
"Exactly 1 of the following cities are in the Democratic Republic of the Congo: Yangon, Karol Bagh, Samarinda, Shymkent, Hangzhou.",0,the Democratic Republic of the Congo,"('Hangzhou', 'Karol Bagh', 'Samarinda', 'Shymkent', 'Yangon')",1,0
"Exactly 5 of the following cities are in Belarus: Homyel', Nagoya, Santiago de Cuba, Bukavu, Baoji.",0,Belarus,"('Baoji', 'Bukavu', ""Homyel'"", 'Nagoya', 'Santiago de Cuba')",5,1
"Exactly 4 of the following cities are in Iraq: Al Mawsil al Jadidah, Erbil, Mosul, Nasiriyah, Karol Bagh.",1,Iraq,"('Al Mawsil al Jadidah', 'Erbil', 'Karol Bagh', 'Mosul', 'Nasiriyah')",4,4
"Exactly 4 of the following cities are in Gabon: Yangquan, Belford Roxo, Iztapalapa, Linfen, Lu'an.",0,Gabon,"('Belford Roxo', 'Iztapalapa', 'Linfen', ""Lu'an"", 'Yangquan')",4,0
"Exactly 2 of the following cities are in South Africa: Hamadan, Malacca, Bhiwandi, Soshanguve, Bloemfontein.",1,South Africa,"('Bhiwandi', 'Bloemfontein', 'Hamadan', 'Malacca', 'Soshanguve')",2,2
"Exactly 4 of the following cities are in Madagascar: Goyang-si, Visakhapatnam, Chisinau, Wroclaw, Zhenjiang.",0,Madagascar,"('Chisinau', 'Goyang-si', 'Visakhapatnam', 'Wroclaw', 'Zhenjiang')",4,0
"Exactly 4 of the following cities are in Morocco: Puning, Xiamen, Minhang, Dar es Salaam, Daqing.",0,Morocco,"('Daqing', 'Dar es Salaam', 'Minhang', 'Puning', 'Xiamen')",4,0
"Exactly 4 of the following cities are in Myanmar: Mandalay, Nay Pyi Taw, Yangon, Golfe, Hlaingthaya.",1,Myanmar,"('Golfe', 'Hlaingthaya', 'Mandalay', 'Nay Pyi Taw', 'Yangon')",4,4
"Exactly 4 of the following cities are in Kenya: Nairobi, Mombasa, South Tangerang, Kakamega, Nakuru.",1,Kenya,"('Kakamega', 'Mombasa', 'Nairobi', 'Nakuru', 'South Tangerang')",4,4
"Exactly 3 of the following cities are in Peru: Arak, Kikwit, Tiruppur, Soshanguve, Addis Ababa.",0,Peru,"('Addis Ababa', 'Arak', 'Kikwit', 'Soshanguve', 'Tiruppur')",3,0
"Exactly 4 of the following cities are in South Korea: Seoul, Cheongju-si, Hwaseong-si, Ulyanovsk, Daegu.",1,South Korea,"('Cheongju-si', 'Daegu', 'Hwaseong-si', 'Seoul', 'Ulyanovsk')",4,4
"Exactly 5 of the following cities are in India: Bhubaneswar, Dhanbad, Kolhapur, Kolkata, Tiruchirappalli.",1,India,"('Bhubaneswar', 'Dhanbad', 'Kolhapur', 'Kolkata', 'Tiruchirappalli')",5,5
"Exactly 2 of the following cities are in Honduras: Tegucigalpa, Zhu Cheng City, Minsk, San Pedro Sula, Budta.",1,Honduras,"('Budta', 'Minsk', 'San Pedro Sula', 'Tegucigalpa', 'Zhu Cheng City')",2,2
"Exactly 4 of the following cities are in Uzbekistan: Andijon, Samarkand, Thu GJuc, Namangan, Tashkent.",1,Uzbekistan,"('Andijon', 'Namangan', 'Samarkand', 'Tashkent', 'Thu GJuc')",4,4
"Exactly 2 of the following cities are in Belarus: Minsk, Homyel', Puning, Qom, Lianyungang.",1,Belarus,"(""Homyel'"", 'Lianyungang', 'Minsk', 'Puning', 'Qom')",2,2
"Exactly 1 of the following cities are in the Philippines: Kanayannur, Xianning, Makassar, Ebute Ikorodu, Makati City.",1,the Philippines,"('Ebute Ikorodu', 'Kanayannur', 'Makassar', 'Makati City', 'Xianning')",1,1
"Exactly 5 of the following cities are in Brazil: Contagem, Brasilia, Niteroi, Sorocaba, Guarulhos.",1,Brazil,"('Brasilia', 'Contagem', 'Guarulhos', 'Niteroi', 'Sorocaba')",5,5
"Exactly 4 of the following cities are in the Philippines: Pasig City, Paranaque City, Malingao, Agadir, Makati City.",1,the Philippines,"('Agadir', 'Makati City', 'Malingao', 'Paranaque City', 'Pasig City')",4,4
"Exactly 3 of the following cities are in Syria: Recife, Homs, Chuzhou, Latakia, Aleppo.",1,Syria,"('Aleppo', 'Chuzhou', 'Homs', 'Latakia', 'Recife')",3,3
"Exactly 5 of the following cities are in Nepal: Liupanshui, Jhang Sadr, Kigali, Chenzhou, Kathmandu.",0,Nepal,"('Chenzhou', 'Jhang Sadr', 'Kathmandu', 'Kigali', 'Liupanshui')",5,1
"Exactly 2 of the following cities are in China: Niamey, Meerut, Xuancheng, Johor Bahru, Yibin.",1,China,"('Johor Bahru', 'Meerut', 'Niamey', 'Xuancheng', 'Yibin')",2,2
"Exactly 5 of the following cities are in India: Kanpur, Jammu, Rajkot, Tiruchirappalli, Pimpri-Chinchwad.",1,India,"('Jammu', 'Kanpur', 'Pimpri-Chinchwad', 'Rajkot', 'Tiruchirappalli')",5,5
"Exactly 0 of the following cities are in Ukraine: Lviv, Okayama, Kharkiv, Warri, Kryvyy Rih.",0,Ukraine,"('Kharkiv', 'Kryvyy Rih', 'Lviv', 'Okayama', 'Warri')",0,3
"Exactly 2 of the following cities are in Guinea-Bissau: Marrakesh, Multan, Jeonju, Serang, Yinchuan.",0,Guinea-Bissau,"('Jeonju', 'Marrakesh', 'Multan', 'Serang', 'Yinchuan')",2,0
"Exactly 2 of the following cities are in Uganda: Kampala, Longyan, Wanzhou, Nansana, Adana.",1,Uganda,"('Adana', 'Kampala', 'Longyan', 'Nansana', 'Wanzhou')",2,2
"Exactly 5 of the following cities are in Iran: Tabriz, Kermanshah, Ahvaz, Zahedan, Adana.",0,Iran,"('Adana', 'Ahvaz', 'Kermanshah', 'Tabriz', 'Zahedan')",5,4
"Exactly 5 of the following cities are in Finland: Owerri, Tangshan, Jingmen, Helsinki, Lubango.",0,Finland,"('Helsinki', 'Jingmen', 'Lubango', 'Owerri', 'Tangshan')",5,1
"Exactly 5 of the following cities are in Russia: Penza, Lipetsk, Tolyatti, Izhevsk, Chelyabinsk.",1,Russia,"('Chelyabinsk', 'Izhevsk', 'Lipetsk', 'Penza', 'Tolyatti')",5,5
"Exactly 2 of the following cities are in Mali: Thane, Visakhapatnam, Bamako, Kumasi, Gujrat.",0,Mali,"('Bamako', 'Gujrat', 'Kumasi', 'Thane', 'Visakhapatnam')",2,1
"Exactly 5 of the following cities are in Saudi Arabia: Buraydah, Winnipeg, Osogbo, Sultanah, Dammam.",0,Saudi Arabia,"('Buraydah', 'Dammam', 'Osogbo', 'Sultanah', 'Winnipeg')",5,3
"Exactly 4 of the following cities are in India: Thuan An, Indore, Ranchi, Dhanbad, Hannover.",0,India,"('Dhanbad', 'Hannover', 'Indore', 'Ranchi', 'Thuan An')",4,3
"Exactly 4 of the following cities are in Nigeria: Akure, Harbin, Hiroshima, Maceio, Jaboatao dos Guararapes.",0,Nigeria,"('Akure', 'Harbin', 'Hiroshima', 'Jaboatao dos Guararapes', 'Maceio')",4,1
"Exactly 0 of the following cities are in Timor-Leste: Sialkot, Madurai, Mbeya, Ciudad Guayana, Ipoh.",1,Timor-Leste,"('Ciudad Guayana', 'Ipoh', 'Madurai', 'Mbeya', 'Sialkot')",0,0
"Exactly 5 of the following cities are in Peru: Taiz, Callao, Chiclayo, Arequipa, Piura.",0,Peru,"('Arequipa', 'Callao', 'Chiclayo', 'Piura', 'Taiz')",5,4
"Exactly 5 of the following cities are in Mauritania: Shangqiu, Nouakchott, Siliguri, Lu'an, Makkah.",0,Mauritania,"(""Lu'an"", 'Makkah', 'Nouakchott', 'Shangqiu', 'Siliguri')",5,1
"Exactly 1 of the following cities are in Cuba: Setagaya, Rangpur, Santiago de Cuba, Lilongwe, Santiago de Queretaro.",1,Cuba,"('Lilongwe', 'Rangpur', 'Santiago de Cuba', 'Santiago de Queretaro', 'Setagaya')",1,1
"Exactly 0 of the following cities are in Russia: Linfen, Novosibirsk, Voronezh, Krasnoyarsk, Tomsk.",0,Russia,"('Krasnoyarsk', 'Linfen', 'Novosibirsk', 'Tomsk', 'Voronezh')",0,4
"Exactly 2 of the following cities are in Peru: Zanzibar, Kolkata, Pietermaritzburg, Piura, Arequipa.",1,Peru,"('Arequipa', 'Kolkata', 'Pietermaritzburg', 'Piura', 'Zanzibar')",2,2
"Exactly 2 of the following cities are in Finland: Thembisa, Helsinki, Liupanshui, Hiroshima, Pontianak.",0,Finland,"('Helsinki', 'Hiroshima', 'Liupanshui', 'Pontianak', 'Thembisa')",2,1
"Exactly 1 of the following cities are in the United Arab Emirates: Lipetsk, Sharjah, Orenburg, Matsuyama, Winnipeg.",1,the United Arab Emirates,"('Lipetsk', 'Matsuyama', 'Orenburg', 'Sharjah', 'Winnipeg')",1,1
"Exactly 3 of the following cities are in Poland: Krakow, Queens, Lodz, Wroclaw, Soshanguve.",1,Poland,"('Krakow', 'Lodz', 'Queens', 'Soshanguve', 'Wroclaw')",3,3
"Exactly 1 of the following cities are in Myanmar: Yangon, Nay Pyi Taw, Hlaingthaya, Mandalay, Niigata.",0,Myanmar,"('Hlaingthaya', 'Mandalay', 'Nay Pyi Taw', 'Niigata', 'Yangon')",1,4
"Exactly 1 of the following cities are in France: Indianapolis, Zhongwei, Lyon, Toulouse, Serang.",0,France,"('Indianapolis', 'Lyon', 'Serang', 'Toulouse', 'Zhongwei')",1,2
"Exactly 1 of the following cities are in Samoa: Nouakchott, Kikwit, Zhuzhou, Uberlandia, Maracaibo.",0,Samoa,"('Kikwit', 'Maracaibo', 'Nouakchott', 'Uberlandia', 'Zhuzhou')",1,0
"Exactly 0 of the following cities are in the United States: Indianapolis, Jieyang, Qiqihar, Tucson, Hue.",0,the United States,"('Hue', 'Indianapolis', 'Jieyang', 'Qiqihar', 'Tucson')",0,2
"Exactly 2 of the following cities are in Morocco: Soshanguve, Fes, Meknes, Serang, Bobo-Dioulasso.",1,Morocco,"('Bobo-Dioulasso', 'Fes', 'Meknes', 'Serang', 'Soshanguve')",2,2
"Exactly 2 of the following cities are in Ethiopia: Niigata, Novosibirsk, Serang, Nuremberg, Ajmer.",0,Ethiopia,"('Ajmer', 'Niigata', 'Novosibirsk', 'Nuremberg', 'Serang')",2,0
"Exactly 2 of the following cities are in Poland: Oklahoma City, Krakow, Huaihua, Lodz, Semarang.",1,Poland,"('Huaihua', 'Krakow', 'Lodz', 'Oklahoma City', 'Semarang')",2,2
"Exactly 0 of the following cities are in Mongolia: Foshan, Aleppo, Jiamusi, Lueliang, Thu GJuc.",1,Mongolia,"('Aleppo', 'Foshan', 'Jiamusi', 'Lueliang', 'Thu GJuc')",0,0
"Exactly 0 of the following cities are in Romania: Chuzhou, Dushanbe, Itabashi, Ha'il, Siliguri.",1,Romania,"('Chuzhou', 'Dushanbe', ""Ha'il"", 'Itabashi', 'Siliguri')",0,0
"Exactly 2 of the following cities are in France: Cheongju-si, Uberlandia, Marseille, Shenyang, Toulouse.",1,France,"('Cheongju-si', 'Marseille', 'Shenyang', 'Toulouse', 'Uberlandia')",2,2
"Exactly 0 of the following cities are in Zambia: Erbil, Mianzhu, Deyang, Sichuan, Kitakyushu, Ar Raqqah, Abobo.",1,Zambia,"('Abobo', 'Ar Raqqah', 'Erbil', 'Kitakyushu', 'Mianzhu, Deyang, Sichuan')",0,0
"Exactly 5 of the following cities are in Russia: Yaroslavl, Ufa, Khabarovsk, Rostov-on-Don, Penza.",1,Russia,"('Khabarovsk', 'Penza', 'Rostov-on-Don', 'Ufa', 'Yaroslavl')",5,5
"Exactly 0 of the following cities are in Malta: Dammam, Hamhung, Yingkou, Thiruvananthapuram, Nellore.",1,Malta,"('Dammam', 'Hamhung', 'Nellore', 'Thiruvananthapuram', 'Yingkou')",0,0
"Exactly 4 of the following cities are in Syria: Latakia, Aleppo, Ar Raqqah, Homs, Acapulco de Juarez.",1,Syria,"('Acapulco de Juarez', 'Aleppo', 'Ar Raqqah', 'Homs', 'Latakia')",4,4
"Exactly 0 of the following cities are in Tonga: Malingao, Shanghai, Multan, Pokhara, Managua.",1,Tonga,"('Malingao', 'Managua', 'Multan', 'Pokhara', 'Shanghai')",0,0
"Exactly 0 of the following cities are in Sudan: Kolhapur, Jilin, Dombivali, Nyala, Ahmedabad.",0,Sudan,"('Ahmedabad', 'Dombivali', 'Jilin', 'Kolhapur', 'Nyala')",0,1
"Exactly 4 of the following cities are in Bangladesh: Mirpur Model Thana, Mohammadpur, Jos, Rajshahi, Pallabi.",1,Bangladesh,"('Jos', 'Mirpur Model Thana', 'Mohammadpur', 'Pallabi', 'Rajshahi')",4,4
"Exactly 3 of the following cities are in Mozambique: Erbil, Beira, Maputo, Suqian, Nampula.",1,Mozambique,"('Beira', 'Erbil', 'Maputo', 'Nampula', 'Suqian')",3,3
"Exactly 4 of the following cities are in Iraq: Mosul, Erbil, Langfang, Al Basrah al Qadimah, Basrah.",1,Iraq,"('Al Basrah al Qadimah', 'Basrah', 'Erbil', 'Langfang', 'Mosul')",4,4
"Exactly 1 of the following cities are in Pakistan: Mirpur Model Thana, Hefei, Cebu City, Huangshi, Sukkur.",1,Pakistan,"('Cebu City', 'Hefei', 'Huangshi', 'Mirpur Model Thana', 'Sukkur')",1,1
"Exactly 1 of the following cities are in Hungary: Taguig, South Tangerang, Yichang, Bilimora, Pest.",1,Hungary,"('Bilimora', 'Pest', 'South Tangerang', 'Taguig', 'Yichang')",1,1
"Exactly 5 of the following cities are in Guinea: Sharjah, Phnom Penh, Algiers, Guangzhou, Wanning.",0,Guinea,"('Algiers', 'Guangzhou', 'Phnom Penh', 'Sharjah', 'Wanning')",5,0
"Exactly 1 of the following cities are in India: Semarang, Zhabei, Borivli, Bucharest, Makassar.",1,India,"('Borivli', 'Bucharest', 'Makassar', 'Semarang', 'Zhabei')",1,1
"Exactly 4 of the following cities are in Myanmar: Port Harcourt, Ansan-si, Mandalay, Erbil, Shaoxing.",0,Myanmar,"('Ansan-si', 'Erbil', 'Mandalay', 'Port Harcourt', 'Shaoxing')",4,1
"Exactly 2 of the following cities are in Madagascar: Adana, Istanbul, Ta'if, Daqing, Astrakhan.",0,Madagascar,"('Adana', 'Astrakhan', 'Daqing', 'Istanbul', ""Ta'if"")",2,0
"Exactly 1 of the following cities are in Mali: Ile-Ife, Bandar Lampung, Mohammadpur, Mersin, Bamako.",1,Mali,"('Bamako', 'Bandar Lampung', 'Ile-Ife', 'Mersin', 'Mohammadpur')",1,1
"Exactly 0 of the following cities are in Malaysia: Kuala Lumpur, Bukit Rahman Putra, Petaling Jaya, Kuantan, Iskandar Puteri.",0,Malaysia,"('Bukit Rahman Putra', 'Iskandar Puteri', 'Kuala Lumpur', 'Kuantan', 'Petaling Jaya')",0,5
"Exactly 5 of the following cities are in Brazil: Sanaa, Banjarmasin, Ordos, Hue, Recife.",0,Brazil,"('Banjarmasin', 'Hue', 'Ordos', 'Recife', 'Sanaa')",5,1
"Exactly 3 of the following cities are in Tanzania: Mbeya, Bhayandar, Arusha, Zanzibar, Enugu.",1,Tanzania,"('Arusha', 'Bhayandar', 'Enugu', 'Mbeya', 'Zanzibar')",3,3
"Exactly 1 of the following cities are in Turkmenistan: Marrakesh, Ashgabat, Malang, Serang, Ouagadougou.",1,Turkmenistan,"('Ashgabat', 'Malang', 'Marrakesh', 'Ouagadougou', 'Serang')",1,1
"Exactly 3 of the following cities are in Côte d'Ivoire: Tehran, Minsk, Omsk, Harare, Ranchi.",0,Côte d'Ivoire,"('Harare', 'Minsk', 'Omsk', 'Ranchi', 'Tehran')",3,0
"Exactly 3 of the following cities are in Malaysia: Ipoh, Bukit Rahman Putra, Weifang, Shah Alam, Shihezi.",1,Malaysia,"('Bukit Rahman Putra', 'Ipoh', 'Shah Alam', 'Shihezi', 'Weifang')",3,3
"Exactly 4 of the following cities are in Rwanda: Sulaymaniyah, Weihai, Sarajevo, Khabarovsk, Naberezhnyye Chelny.",0,Rwanda,"('Khabarovsk', 'Naberezhnyye Chelny', 'Sarajevo', 'Sulaymaniyah', 'Weihai')",4,0
"Exactly 2 of the following cities are in Slovakia: Tangier, Munich, Mexicali, Weifang, Zaria.",0,Slovakia,"('Mexicali', 'Munich', 'Tangier', 'Weifang', 'Zaria')",2,0
"Exactly 1 of the following cities are in Nigeria: Porto Velho, Owerri, Frankfurt am Main, Borama, Volgograd.",1,Nigeria,"('Borama', 'Frankfurt am Main', 'Owerri', 'Porto Velho', 'Volgograd')",1,1
"Exactly 0 of the following cities are in Sri Lanka: Hengyang, Yichang, Oujda, Shangqiu, Jinan.",1,Sri Lanka,"('Hengyang', 'Jinan', 'Oujda', 'Shangqiu', 'Yichang')",0,0
"Exactly 3 of the following cities are in Bangladesh: Rangpur, Orenburg, Chattogram, Bhayandar, Pallabi.",1,Bangladesh,"('Bhayandar', 'Chattogram', 'Orenburg', 'Pallabi', 'Rangpur')",3,3
"Exactly 3 of the following cities are in Turkey: Navi Mumbai, Ordos, Antalya, Wuzhong, Durban.",0,Turkey,"('Antalya', 'Durban', 'Navi Mumbai', 'Ordos', 'Wuzhong')",3,1
"Exactly 1 of the following cities are in Turkey: Izmir, Guayaquil, Navi Mumbai, Mumbai, Maianga.",1,Turkey,"('Guayaquil', 'Izmir', 'Maianga', 'Mumbai', 'Navi Mumbai')",1,1
"Exactly 1 of the following cities are in Tanzania: Chengdu, Tehran, Warri, Faisalabad, Arusha.",1,Tanzania,"('Arusha', 'Chengdu', 'Faisalabad', 'Tehran', 'Warri')",1,1
"Exactly 4 of the following cities are in Guinea: Multan, Linfen, Frankfurt am Main, Laibin, Huizhou.",0,Guinea,"('Frankfurt am Main', 'Huizhou', 'Laibin', 'Linfen', 'Multan')",4,0
"Exactly 2 of the following cities are in Papua New Guinea: Cagayan de Oro, Astrakhan, Chengdu, Erbil, Hamadan.",0,Papua New Guinea,"('Astrakhan', 'Cagayan de Oro', 'Chengdu', 'Erbil', 'Hamadan')",2,0
"Exactly 1 of the following cities are in Botswana: Winnipeg, Arak, Cebu City, Puxi, Onitsha.",0,Botswana,"('Arak', 'Cebu City', 'Onitsha', 'Puxi', 'Winnipeg')",1,0
"Exactly 4 of the following cities are in Angola: Maianga, Camama, Benguela, Kikolo, Calumbo.",0,Angola,"('Benguela', 'Calumbo', 'Camama', 'Kikolo', 'Maianga')",4,5
"Exactly 3 of the following cities are in Gabon: Marseille, Libreville, Kota Kuala Muda, Volgograd, Zarqa.",0,Gabon,"('Kota Kuala Muda', 'Libreville', 'Marseille', 'Volgograd', 'Zarqa')",3,1
"Exactly 0 of the following cities are in Benin: Hamadan, Zhangjiagang, Bokaro, Suining, Tehran.",1,Benin,"('Bokaro', 'Hamadan', 'Suining', 'Tehran', 'Zhangjiagang')",0,0
"Exactly 5 of the following cities are in Brazil: Goiania, Ananindeua, Sao Bernardo do Campo, Contagem, Jaboatao dos Guararapes.",1,Brazil,"('Ananindeua', 'Contagem', 'Goiania', 'Jaboatao dos Guararapes', 'Sao Bernardo do Campo')",5,5
"Exactly 4 of the following cities are in Somalia: Gujranwala, Stockholm, Yongzhou, Mogadishu, Borama.",0,Somalia,"('Borama', 'Gujranwala', 'Mogadishu', 'Stockholm', 'Yongzhou')",4,2
"Exactly 4 of the following cities are in Malaysia: Pelentong, Wroclaw, Iskandar Puteri, Bukit Rahman Putra, Petaling Jaya.",1,Malaysia,"('Bukit Rahman Putra', 'Iskandar Puteri', 'Pelentong', 'Petaling Jaya', 'Wroclaw')",4,4
"Exactly 1 of the following cities are in Denmark: Nouakchott, Wanning, Port-au-Prince, Copenhagen, Daqing.",1,Denmark,"('Copenhagen', 'Daqing', 'Nouakchott', 'Port-au-Prince', 'Wanning')",1,1
"Exactly 0 of the following cities are in Ghana: Hegang, Budta, Taicang, Maracaibo, Omsk.",1,Ghana,"('Budta', 'Hegang', 'Maracaibo', 'Omsk', 'Taicang')",0,0
"Exactly 4 of the following cities are in India: Bayan Nur, Bilimora, Meerut, Surat, Ulhasnagar.",1,India,"('Bayan Nur', 'Bilimora', 'Meerut', 'Surat', 'Ulhasnagar')",4,4
"Exactly 0 of the following cities are in Kyrgyzstan: Ningbo, Jamnagar, Assiut, Ciudad Guayana, Varanasi.",1,Kyrgyzstan,"('Assiut', 'Ciudad Guayana', 'Jamnagar', 'Ningbo', 'Varanasi')",0,0
"Exactly 2 of the following cities are in Germany: Hannover, Dortmund, Yerevan, Baku, Koeln.",0,Germany,"('Baku', 'Dortmund', 'Hannover', 'Koeln', 'Yerevan')",2,3
"Exactly 4 of the following cities are in Germany: Lubango, Matsuyama, Victoria de Durango, Munich, Kanpur.",0,Germany,"('Kanpur', 'Lubango', 'Matsuyama', 'Munich', 'Victoria de Durango')",4,1
"Exactly 1 of the following cities are in Tajikistan: Changwon, Dushanbe, Tlalpan, Osaka, Rizhao.",1,Tajikistan,"('Changwon', 'Dushanbe', 'Osaka', 'Rizhao', 'Tlalpan')",1,1
"Exactly 4 of the following cities are in Saudi Arabia: Jeddah, Dammam, Ta'if, Ha'il, Guilin.",1,Saudi Arabia,"('Dammam', 'Guilin', ""Ha'il"", 'Jeddah', ""Ta'if"")",4,4
"Exactly 2 of the following cities are in the United States: Seattle, Chicago, Indianapolis, Albuquerque, Queens.",0,the United States,"('Albuquerque', 'Chicago', 'Indianapolis', 'Queens', 'Seattle')",2,5
"Exactly 5 of the following cities are in Burkina Faso: Varanasi, Xinyang, Linyi, Jiangyin, Bobo-Dioulasso.",0,Burkina Faso,"('Bobo-Dioulasso', 'Jiangyin', 'Linyi', 'Varanasi', 'Xinyang')",5,1
"Exactly 1 of the following cities are in Zimbabwe: Baku, Florianopolis, Bulawayo, Mar del Plata, Quetta.",1,Zimbabwe,"('Baku', 'Bulawayo', 'Florianopolis', 'Mar del Plata', 'Quetta')",1,1
"Exactly 4 of the following cities are in Rwanda: Guwahati, Kigali, Manaus, Reynosa, Anshun.",0,Rwanda,"('Anshun', 'Guwahati', 'Kigali', 'Manaus', 'Reynosa')",4,1
"Exactly 1 of the following cities are in Togo: Tijuana, Qinzhou, Shah Alam, Linyi, Niluefer.",0,Togo,"('Linyi', 'Niluefer', 'Qinzhou', 'Shah Alam', 'Tijuana')",1,0
"Exactly 0 of the following cities are in Trinidad and Tobago: Calumbo, Izhevsk, Rajshahi, Saitama, Kakamega.",1,Trinidad and Tobago,"('Calumbo', 'Izhevsk', 'Kakamega', 'Rajshahi', 'Saitama')",0,0
"Exactly 0 of the following cities are in Saudi Arabia: Santiago de Cuba, Contagem, Kolhapur, Ranchi, Tehran.",1,Saudi Arabia,"('Contagem', 'Kolhapur', 'Ranchi', 'Santiago de Cuba', 'Tehran')",0,0
"Exactly 2 of the following cities are in Myanmar: Tangerang, Hlaingthaya, Nay Pyi Taw, Yangon, Mandalay.",0,Myanmar,"('Hlaingthaya', 'Mandalay', 'Nay Pyi Taw', 'Tangerang', 'Yangon')",2,4
"Exactly 3 of the following cities are in Nigeria: Enugu, Rio de Janeiro, Calabar, Xuhui, Jos.",1,Nigeria,"('Calabar', 'Enugu', 'Jos', 'Rio de Janeiro', 'Xuhui')",3,3
"Exactly 2 of the following cities are in Venezuela: Barquisimeto, Maracaibo, Caracas, Panjin, Ciudad Guayana.",0,Venezuela,"('Barquisimeto', 'Caracas', 'Ciudad Guayana', 'Maracaibo', 'Panjin')",2,4
"Exactly 5 of the following cities are in Russia: Saint Petersburg, Krasnoyarsk, Nizhniy Novgorod, Kalininskiy, Novosibirsk.",1,Russia,"('Kalininskiy', 'Krasnoyarsk', 'Nizhniy Novgorod', 'Novosibirsk', 'Saint Petersburg')",5,5
"Exactly 1 of the following cities are in Egypt: Sultanah, San Pedro Sula, Al Mahallah al Kubra, Tianshui, Karbala.",1,Egypt,"('Al Mahallah al Kubra', 'Karbala', 'San Pedro Sula', 'Sultanah', 'Tianshui')",1,1
"Exactly 2 of the following cities are in Yemen: Aracaju, Ibb, Buraydah, Zhangjiagang, Aden.",1,Yemen,"('Aden', 'Aracaju', 'Buraydah', 'Ibb', 'Zhangjiagang')",2,2
"Exactly 5 of the following cities are in Morocco: Contagem, Dehradun, Ajmer, Muzaffarabad, Oujda.",0,Morocco,"('Ajmer', 'Contagem', 'Dehradun', 'Muzaffarabad', 'Oujda')",5,1
"Exactly 0 of the following cities are in Benin: Baoji, Cotonou, Guayaquil, Gold Coast, Ibague.",0,Benin,"('Baoji', 'Cotonou', 'Gold Coast', 'Guayaquil', 'Ibague')",0,1
"Exactly 5 of the following cities are in Iran: Tehran, Karaj, Arak, Zahedan, Hamadan.",1,Iran,"('Arak', 'Hamadan', 'Karaj', 'Tehran', 'Zahedan')",5,5
"Exactly 1 of the following cities are in Iran: Laiwu, Camama, Dar es Salaam, Taicang, Kermanshah.",1,Iran,"('Camama', 'Dar es Salaam', 'Kermanshah', 'Laiwu', 'Taicang')",1,1
"Exactly 3 of the following cities are in Iran: Gujrat, Arak, Hamadan, Ahvaz, Maianga.",1,Iran,"('Ahvaz', 'Arak', 'Gujrat', 'Hamadan', 'Maianga')",3,3
"Exactly 0 of the following cities are in Japan: Setagaya, Daejeon, Suginami, Saitama, Matsuyama.",0,Japan,"('Daejeon', 'Matsuyama', 'Saitama', 'Setagaya', 'Suginami')",0,4
"Exactly 4 of the following cities are in Guinea: Nagpur, Arak, Irbid, Makati City, Ahmedabad.",0,Guinea,"('Ahmedabad', 'Arak', 'Irbid', 'Makati City', 'Nagpur')",4,0
"Exactly 1 of the following cities are in Benin: Shizuoka, Tasikmalaya, Cotonou, Handan, Contagem.",1,Benin,"('Contagem', 'Cotonou', 'Handan', 'Shizuoka', 'Tasikmalaya')",1,1
"Exactly 5 of the following cities are in Mexico: Mexico City, Naucalpan de Juarez, Santiago de Queretaro, Zapopan, San Luis Potosi.",1,Mexico,"('Mexico City', 'Naucalpan de Juarez', 'San Luis Potosi', 'Santiago de Queretaro', 'Zapopan')",5,5
"Exactly 4 of the following cities are in Morocco: Agadir, Tangier, Teresina, Oujda, Fes.",1,Morocco,"('Agadir', 'Fes', 'Oujda', 'Tangier', 'Teresina')",4,4
"Exactly 2 of the following cities are in Nigeria: Abeokuta, Chuzhou, Niluefer, Ha'il, Ilorin.",1,Nigeria,"('Abeokuta', 'Chuzhou', ""Ha'il"", 'Ilorin', 'Niluefer')",2,2
"Exactly 0 of the following cities are in Venezuela: Da Nang, Nouakchott, Bouake, Jiamusi, Davao.",1,Venezuela,"('Bouake', 'Da Nang', 'Davao', 'Jiamusi', 'Nouakchott')",0,0
"Exactly 3 of the following cities are in Bangladesh: Rangpur, Comilla, Gazipur, Mirpur Model Thana, Rajshahi.",0,Bangladesh,"('Comilla', 'Gazipur', 'Mirpur Model Thana', 'Rajshahi', 'Rangpur')",3,5
"Exactly 4 of the following cities are in Tanzania: Dar es Salaam, Budapest, Mbeya, Dodoma, Zanzibar.",1,Tanzania,"('Budapest', 'Dar es Salaam', 'Dodoma', 'Mbeya', 'Zanzibar')",4,4
"Exactly 3 of the following cities are in Ukraine: Madinah, Kyiv, Kryvyy Rih, Warri, Sao Jose dos Campos.",0,Ukraine,"('Kryvyy Rih', 'Kyiv', 'Madinah', 'Sao Jose dos Campos', 'Warri')",3,2
"Exactly 2 of the following cities are in Lesotho: Sangli, Ecatepec de Morelos, Sialkot, Jamshedpur, N'Djamena.",0,Lesotho,"('Ecatepec de Morelos', 'Jamshedpur', ""N'Djamena"", 'Sangli', 'Sialkot')",2,0
"Exactly 4 of the following cities are in Timor-Leste: Tyumen, Maputo, Calumbo, Kuala Lumpur, Rangpur.",0,Timor-Leste,"('Calumbo', 'Kuala Lumpur', 'Maputo', 'Rangpur', 'Tyumen')",4,0
"Exactly 2 of the following cities are in Japan: Shekhupura, Zahedan, Salta, Penza, Nagoya.",0,Japan,"('Nagoya', 'Penza', 'Salta', 'Shekhupura', 'Zahedan')",2,1
"Exactly 0 of the following cities are in Poland: Niamey, Salta, Hachioji, Arusha, Wroclaw.",0,Poland,"('Arusha', 'Hachioji', 'Niamey', 'Salta', 'Wroclaw')",0,1
"Exactly 3 of the following cities are in Sweden: Chenzhou, Al Mahallah al Kubra, Bareilly, Ghaziabad, Zhabei.",0,Sweden,"('Al Mahallah al Kubra', 'Bareilly', 'Chenzhou', 'Ghaziabad', 'Zhabei')",3,0
"Exactly 1 of the following cities are in the Democratic Republic of the Congo: Likasi, Kolwezi, Lubumbashi, Kananga, Tshikapa.",0,the Democratic Republic of the Congo,"('Kananga', 'Kolwezi', 'Likasi', 'Lubumbashi', 'Tshikapa')",1,5
"Exactly 2 of the following cities are in Sao Tome and Principe: Bikaner, Baise, Zhu Cheng City, Bilimora, Tianjin.",0,Sao Tome and Principe,"('Baise', 'Bikaner', 'Bilimora', 'Tianjin', 'Zhu Cheng City')",2,0
"Exactly 1 of the following cities are in Japan: Wroclaw, Quebec, Isfahan, Ibadan, Sapporo.",1,Japan,"('Ibadan', 'Isfahan', 'Quebec', 'Sapporo', 'Wroclaw')",1,1
"Exactly 3 of the following cities are in Iraq: Chengdu, Sulaymaniyah, Baghdad, Al Basrah al Qadimah, Tashkent.",1,Iraq,"('Al Basrah al Qadimah', 'Baghdad', 'Chengdu', 'Sulaymaniyah', 'Tashkent')",3,3
"Exactly 0 of the following cities are in Venezuela: Pekanbaru, Ciudad Guayana, Wroclaw, Suqian, Kaifeng.",0,Venezuela,"('Ciudad Guayana', 'Kaifeng', 'Pekanbaru', 'Suqian', 'Wroclaw')",0,1
"Exactly 2 of the following cities are in Zimbabwe: Harare, Bulawayo, Lyon, Tonghua, Asmara.",1,Zimbabwe,"('Asmara', 'Bulawayo', 'Harare', 'Lyon', 'Tonghua')",2,2
"Exactly 1 of the following cities are in Ecuador: Quito, Zhengzhou, Amravati, Lviv, Chenzhou.",1,Ecuador,"('Amravati', 'Chenzhou', 'Lviv', 'Quito', 'Zhengzhou')",1,1
"Exactly 5 of the following cities are in India: Kalyan, Gwalior, Mysuru, Bhopal, Visakhapatnam.",1,India,"('Bhopal', 'Gwalior', 'Kalyan', 'Mysuru', 'Visakhapatnam')",5,5
"Exactly 4 of the following cities are in Oman: Muscat, Guayaquil, Lanzhou, Callao, Caloocan.",0,Oman,"('Callao', 'Caloocan', 'Guayaquil', 'Lanzhou', 'Muscat')",4,1
"Exactly 5 of the following cities are in Côte d'Ivoire: Enugu, Ibb, Londrina, Bouake, Abobo.",0,Côte d'Ivoire,"('Abobo', 'Bouake', 'Enugu', 'Ibb', 'Londrina')",5,2
"Exactly 0 of the following cities are in Bolivia: Thiruvananthapuram, Shaoguan, Jingmen, Serang, Wenzhou.",1,Bolivia,"('Jingmen', 'Serang', 'Shaoguan', 'Thiruvananthapuram', 'Wenzhou')",0,0
"Exactly 3 of the following cities are in Morocco: Tangier, Fes, Indianapolis, Agadir, Kigali.",1,Morocco,"('Agadir', 'Fes', 'Indianapolis', 'Kigali', 'Tangier')",3,3
"Exactly 4 of the following cities are in Angola: Kirkuk, Lubango, Hoji ya Henda, Golfe, Calumbo.",1,Angola,"('Calumbo', 'Golfe', 'Hoji ya Henda', 'Kirkuk', 'Lubango')",4,4
"Exactly 5 of the following cities are in Nigeria: Ilorin, Owerri, Agege, Kaduna, Katsina.",1,Nigeria,"('Agege', 'Ilorin', 'Kaduna', 'Katsina', 'Owerri')",5,5
"Exactly 4 of the following cities are in Venezuela: Moradabad, Ciudad Guayana, Maturin, Barquisimeto, Maracaibo.",1,Venezuela,"('Barquisimeto', 'Ciudad Guayana', 'Maracaibo', 'Maturin', 'Moradabad')",4,4
"Exactly 3 of the following cities are in Nigeria: Maiduguri, Port Harcourt, Albuquerque, Akure, Nha Trang.",1,Nigeria,"('Akure', 'Albuquerque', 'Maiduguri', 'Nha Trang', 'Port Harcourt')",3,3
"Exactly 3 of the following cities are in Guinea: New South Memphis, Namangan, Camayenne, Conakry, Koeln.",0,Guinea,"('Camayenne', 'Conakry', 'Koeln', 'Namangan', 'New South Memphis')",3,2
"Exactly 3 of the following cities are in Tanzania: Mbeya, Taicang, Zanzibar, Kuantan, Dar es Salaam.",1,Tanzania,"('Dar es Salaam', 'Kuantan', 'Mbeya', 'Taicang', 'Zanzibar')",3,3
"Exactly 4 of the following cities are in Vietnam: Nha Trang, Chuzhou, Binh Thanh, Haiphong, Thu GJuc.",1,Vietnam,"('Binh Thanh', 'Chuzhou', 'Haiphong', 'Nha Trang', 'Thu GJuc')",4,4
"Exactly 0 of the following cities are in Egypt: Port Said, Al Mahallah al Kubra, Giza, Aihara, Shubra al Khaymah.",0,Egypt,"('Aihara', 'Al Mahallah al Kubra', 'Giza', 'Port Said', 'Shubra al Khaymah')",0,4
"Exactly 4 of the following cities are in the Czech Republic: South Tangerang, Nampula, Jeonju, Pimpri-Chinchwad, Ibadan.",0,the Czech Republic,"('Ibadan', 'Jeonju', 'Nampula', 'Pimpri-Chinchwad', 'South Tangerang')",4,0
"Exactly 2 of the following cities are in Zimbabwe: Bulawayo, Niluefer, Changshu, Kuantan, Harare.",1,Zimbabwe,"('Bulawayo', 'Changshu', 'Harare', 'Kuantan', 'Niluefer')",2,2
"Exactly 1 of the following cities are in Bulgaria: Ile-Ife, Jiaxing, Faisalabad, Xuzhou, Islamabad.",0,Bulgaria,"('Faisalabad', 'Ile-Ife', 'Islamabad', 'Jiaxing', 'Xuzhou')",1,0
"Exactly 5 of the following cities are in Ukraine: Odesa, Kharkiv, Kyiv, Sevastopol, Lviv.",1,Ukraine,"('Kharkiv', 'Kyiv', 'Lviv', 'Odesa', 'Sevastopol')",5,5
"Exactly 2 of the following cities are in Ukraine: Virar, Jabalpur, Lviv, Sanming, Kyiv.",1,Ukraine,"('Jabalpur', 'Kyiv', 'Lviv', 'Sanming', 'Virar')",2,2
"Exactly 3 of the following cities are in Yemen: Dortmund, Daqing, Sanaa, Maoming, Makkah.",0,Yemen,"('Daqing', 'Dortmund', 'Makkah', 'Maoming', 'Sanaa')",3,1
"Exactly 5 of the following cities are in Syria: Hue, Chuxiong, Latakia, Aleppo, Zaria.",0,Syria,"('Aleppo', 'Chuxiong', 'Hue', 'Latakia', 'Zaria')",5,2
"Exactly 1 of the following cities are in Morocco: Siping, UEskuedar, Bekasi, Gqeberha, Madinah.",0,Morocco,"('Bekasi', 'Gqeberha', 'Madinah', 'Siping', 'UEskuedar')",1,0
"Exactly 0 of the following cities are in Cyprus: Hamhung, Conakry, Mombasa, Gwalior, Caloocan.",1,Cyprus,"('Caloocan', 'Conakry', 'Gwalior', 'Hamhung', 'Mombasa')",0,0
"Exactly 2 of the following cities are in Côte d'Ivoire: Davao, Abobo, Bouake, Qingdao, Bannu.",1,Côte d'Ivoire,"('Abobo', 'Bannu', 'Bouake', 'Davao', 'Qingdao')",2,2
"Exactly 0 of the following cities are in Turkey: Gaziantep, Ankara, Malatya, Istanbul, Bagcilar.",0,Turkey,"('Ankara', 'Bagcilar', 'Gaziantep', 'Istanbul', 'Malatya')",0,5
"Exactly 5 of the following cities are in Yemen: Taiz, Al Hudaydah, Aden, Ibb, Sanaa.",1,Yemen,"('Aden', 'Al Hudaydah', 'Ibb', 'Sanaa', 'Taiz')",5,5
"Exactly 5 of the following cities are in Germany: Dortmund, Koeln, Duesseldorf, Leipzig, Hannover.",1,Germany,"('Dortmund', 'Duesseldorf', 'Hannover', 'Koeln', 'Leipzig')",5,5
"Exactly 1 of the following cities are in Benin: Cho Lon, Kota Kuala Muda, Qui Nhon, Cotonou, Kota Bharu.",1,Benin,"('Cho Lon', 'Cotonou', 'Kota Bharu', 'Kota Kuala Muda', 'Qui Nhon')",1,1
"Exactly 0 of the following cities are in Pakistan: Puxi, Bouake, Himeji, Rahim Yar Khan, Hohhot.",0,Pakistan,"('Bouake', 'Himeji', 'Hohhot', 'Puxi', 'Rahim Yar Khan')",0,1
"Exactly 0 of the following cities are in Paraguay: Arifwala, Mulenvos, Sagamihara, Nha Trang, Vilnius.",1,Paraguay,"('Arifwala', 'Mulenvos', 'Nha Trang', 'Sagamihara', 'Vilnius')",0,0
"Exactly 0 of the following cities are in Russia: Madinah, Budta, Kinshasa, Nuremberg, Suqian.",1,Russia,"('Budta', 'Kinshasa', 'Madinah', 'Nuremberg', 'Suqian')",0,0
"Exactly 4 of the following cities are in Peru: Chiclayo, Queens, Arequipa, Piura, Callao.",1,Peru,"('Arequipa', 'Callao', 'Chiclayo', 'Piura', 'Queens')",4,4
"Exactly 3 of the following cities are in the United Arab Emirates: Ankara, Al Ain City, Sharjah, Abu Dhabi, Yangjiang.",1,the United Arab Emirates,"('Abu Dhabi', 'Al Ain City', 'Ankara', 'Sharjah', 'Yangjiang')",3,3
"Exactly 3 of the following cities are in Germany: Hegang, Munich, Dhanbad, Dortmund, Koeln.",1,Germany,"('Dhanbad', 'Dortmund', 'Hegang', 'Koeln', 'Munich')",3,3
"Exactly 3 of the following cities are in South Africa: Benoni, Johannesburg, Shangrao, Torreon, Bloemfontein.",1,South Africa,"('Benoni', 'Bloemfontein', 'Johannesburg', 'Shangrao', 'Torreon')",3,3
"Exactly 0 of the following cities are in Venezuela: Ciudad Guayana, Caracas, Maracaibo, Maturin, Barquisimeto.",0,Venezuela,"('Barquisimeto', 'Caracas', 'Ciudad Guayana', 'Maracaibo', 'Maturin')",0,5
"Exactly 2 of the following cities are in Angola: Erode, Maianga, Krasnodar, Accra, Calumbo.",1,Angola,"('Accra', 'Calumbo', 'Erode', 'Krasnodar', 'Maianga')",2,2
"Exactly 2 of the following cities are in Myanmar: Hlaingthaya, Mandalay, Yangon, Jiangyin, Nay Pyi Taw.",0,Myanmar,"('Hlaingthaya', 'Jiangyin', 'Mandalay', 'Nay Pyi Taw', 'Yangon')",2,4
"Exactly 5 of the following cities are in the Philippines: Cebu City, Makassar, Baghdad, General Santos, Davao.",0,the Philippines,"('Baghdad', 'Cebu City', 'Davao', 'General Santos', 'Makassar')",5,3
"Exactly 4 of the following cities are in South Korea: Changchun, Ulsan, Seoul, Incheon, Hwaseong-si.",1,South Korea,"('Changchun', 'Hwaseong-si', 'Incheon', 'Seoul', 'Ulsan')",4,4
"Exactly 2 of the following cities are in India: Nowrangapur, Adachi, Ranchi, Ulhasnagar, Duque de Caxias.",0,India,"('Adachi', 'Duque de Caxias', 'Nowrangapur', 'Ranchi', 'Ulhasnagar')",2,3
"Exactly 1 of the following cities are in Bosnia and Herzegovina: Saitama, Omsk, Arequipa, Sarajevo, Chunian.",1,Bosnia and Herzegovina,"('Arequipa', 'Chunian', 'Omsk', 'Saitama', 'Sarajevo')",1,1
"Exactly 3 of the following cities are in Uzbekistan: Mombasa, Loni, Wanxian, Xinyang, Dortmund.",0,Uzbekistan,"('Dortmund', 'Loni', 'Mombasa', 'Wanxian', 'Xinyang')",3,0
"Exactly 4 of the following cities are in Ecuador: Laibin, Maoming, Ar Raqqah, Ahmedabad, Karaj.",0,Ecuador,"('Ahmedabad', 'Ar Raqqah', 'Karaj', 'Laibin', 'Maoming')",4,0
"Exactly 1 of the following cities are in Sudan: Khartoum North, Karachi, Benoni, Panzhihua, Caracas.",1,Sudan,"('Benoni', 'Caracas', 'Karachi', 'Khartoum North', 'Panzhihua')",1,1
"Exactly 3 of the following cities are in Equatorial Guinea: Sangli, Warri, Ouagadougou, Zhangye, Ningbo.",0,Equatorial Guinea,"('Ningbo', 'Ouagadougou', 'Sangli', 'Warri', 'Zhangye')",3,0
"Exactly 2 of the following cities are in Seychelles: Gold Coast, Kalininskiy, Izmir, Mogadishu, Rio de Janeiro.",0,Seychelles,"('Gold Coast', 'Izmir', 'Kalininskiy', 'Mogadishu', 'Rio de Janeiro')",2,0
"Exactly 0 of the following cities are in the Democratic Republic of the Congo: Jiangmen, Guwahati, Callao, Ansan-si, Voronezh.",1,the Democratic Republic of the Congo,"('Ansan-si', 'Callao', 'Guwahati', 'Jiangmen', 'Voronezh')",0,0
"Exactly 1 of the following cities are in India: Sangli, Siliguri, Dharavi, Winnipeg, Kinshasa.",0,India,"('Dharavi', 'Kinshasa', 'Sangli', 'Siliguri', 'Winnipeg')",1,3
"Exactly 4 of the following cities are in Chile: Seoul, Dalian, Yunfu, Ulanqab, Puente Alto.",0,Chile,"('Dalian', 'Puente Alto', 'Seoul', 'Ulanqab', 'Yunfu')",4,1
"Exactly 5 of the following cities are in Egypt: Xianning, Shubra al Khaymah, Weinan, Malingao, Khartoum North.",0,Egypt,"('Khartoum North', 'Malingao', 'Shubra al Khaymah', 'Weinan', 'Xianning')",5,1
"Exactly 1 of the following cities are in Bangladesh: Esenyurt, Xianyang, Zaozhuang, Lodz, Mohammadpur.",1,Bangladesh,"('Esenyurt', 'Lodz', 'Mohammadpur', 'Xianyang', 'Zaozhuang')",1,1
"Exactly 2 of the following cities are in Lebanon: Jhang Sadr, Muzaffarabad, Ra's Bayrut, Beirut, Bucaramanga.",1,Lebanon,"('Beirut', 'Bucaramanga', 'Jhang Sadr', 'Muzaffarabad', ""Ra's Bayrut"")",2,2
"Exactly 0 of the following cities are in Japan: Libreville, Naucalpan de Juarez, Kyoto, Luohe, Kitakyushu.",0,Japan,"('Kitakyushu', 'Kyoto', 'Libreville', 'Luohe', 'Naucalpan de Juarez')",0,2
"Exactly 5 of the following cities are in Chad: Oklahoma City, Bilimora, Katsina, Kemerovo, Sanmenxia.",0,Chad,"('Bilimora', 'Katsina', 'Kemerovo', 'Oklahoma City', 'Sanmenxia')",5,0
"Exactly 2 of the following cities are in Pakistan: Xuhui, Yangquan, Kagoshima, Shekhupura, Bouake.",0,Pakistan,"('Bouake', 'Kagoshima', 'Shekhupura', 'Xuhui', 'Yangquan')",2,1
"Exactly 4 of the following cities are in Germany: Hannover, Yichang, Duesseldorf, Munich, Koeln.",1,Germany,"('Duesseldorf', 'Hannover', 'Koeln', 'Munich', 'Yichang')",4,4
"Exactly 4 of the following cities are in the Democratic Republic of the Congo: Tshikapa, Mbuji-Mayi, Bukavu, Benoni, Kolwezi.",1,the Democratic Republic of the Congo,"('Benoni', 'Bukavu', 'Kolwezi', 'Mbuji-Mayi', 'Tshikapa')",4,4
"Exactly 5 of the following cities are in South Africa: Evaton, Soweto, Gqeberha, Pietermaritzburg, Soshanguve.",1,South Africa,"('Evaton', 'Gqeberha', 'Pietermaritzburg', 'Soshanguve', 'Soweto')",5,5
"Exactly 0 of the following cities are in Ecuador: Guayaquil, Oklahoma City, Cheongju-si, Sultanah, Santiago de Cuba.",0,Ecuador,"('Cheongju-si', 'Guayaquil', 'Oklahoma City', 'Santiago de Cuba', 'Sultanah')",0,1
"Exactly 2 of the following cities are in Tanzania: Antalya, Chiclayo, Kampala, Dodoma, Lu'an.",0,Tanzania,"('Antalya', 'Chiclayo', 'Dodoma', 'Kampala', ""Lu'an"")",2,1
"Exactly 3 of the following cities are in Myanmar: Suez, Nay Pyi Taw, Yangon, Mandalay, Tangier.",1,Myanmar,"('Mandalay', 'Nay Pyi Taw', 'Suez', 'Tangier', 'Yangon')",3,3
"Exactly 5 of the following cities are in China: Chizhou, Sanming, Xining, Bayan Nur, Taicang.",1,China,"('Bayan Nur', 'Chizhou', 'Sanming', 'Taicang', 'Xining')",5,5
"Exactly 1 of the following cities are in Uzbekistan: Namangan, Andijon, Tashkent, Sofia, Samarkand.",0,Uzbekistan,"('Andijon', 'Namangan', 'Samarkand', 'Sofia', 'Tashkent')",1,4
"Exactly 2 of the following cities are in South Africa: Pretoria, Evaton, Durban, Cape Town, Soshanguve.",0,South Africa,"('Cape Town', 'Durban', 'Evaton', 'Pretoria', 'Soshanguve')",2,5
"Exactly 5 of the following cities are in China: Suizhou, Zhongwei, Weihai, Tianjin, Qionghai.",1,China,"('Qionghai', 'Suizhou', 'Tianjin', 'Weihai', 'Zhongwei')",5,5
"Exactly 4 of the following cities are in Seychelles: Cheonan, Yingkou, Omdurman, Langfang, Toulouse.",0,Seychelles,"('Cheonan', 'Langfang', 'Omdurman', 'Toulouse', 'Yingkou')",4,0
"Exactly 3 of the following cities are in Turkey: Indianapolis, Cankaya, Ankara, Yangpu, Eskisehir.",1,Turkey,"('Ankara', 'Cankaya', 'Eskisehir', 'Indianapolis', 'Yangpu')",3,3
"Exactly 0 of the following cities are in Vietnam: Qui Nhon, Tangier, Hiroshima, Tiruppur, Shangrao.",0,Vietnam,"('Hiroshima', 'Qui Nhon', 'Shangrao', 'Tangier', 'Tiruppur')",0,1
"Exactly 1 of the following cities are in the Bahamas: Mumbai, Sialkot, Zhenjiang, Niteroi, Pontianak.",0,the Bahamas,"('Mumbai', 'Niteroi', 'Pontianak', 'Sialkot', 'Zhenjiang')",1,0
"Exactly 1 of the following cities are in Ethiopia: Basrah, New South Memphis, Bhopal, Cheongju-si, Hachioji.",0,Ethiopia,"('Basrah', 'Bhopal', 'Cheongju-si', 'Hachioji', 'New South Memphis')",1,0
"Exactly 3 of the following cities are in India: Tshikapa, Lianyungang, Xianyang, Caloocan, Gaziantep.",0,India,"('Caloocan', 'Gaziantep', 'Lianyungang', 'Tshikapa', 'Xianyang')",3,0
"Exactly 4 of the following cities are in Tanzania: Dodoma, Zanzibar, Porto Velho, Arusha, Mbeya.",1,Tanzania,"('Arusha', 'Dodoma', 'Mbeya', 'Porto Velho', 'Zanzibar')",4,4
"Exactly 0 of the following cities are in Bangladesh: Khulna, Douala, Chattogram, Diyarbakir, Pallabi.",0,Bangladesh,"('Chattogram', 'Diyarbakir', 'Douala', 'Khulna', 'Pallabi')",0,3
"Exactly 5 of the following cities are in Iceland: Feira de Santana, Port-au-Prince, Xingtai, Eskisehir, Banjarmasin.",0,Iceland,"('Banjarmasin', 'Eskisehir', 'Feira de Santana', 'Port-au-Prince', 'Xingtai')",5,0
"Exactly 5 of the following cities are in Germany: Nuremberg, Hannover, Frankfurt am Main, Koeln, Duesseldorf.",1,Germany,"('Duesseldorf', 'Frankfurt am Main', 'Hannover', 'Koeln', 'Nuremberg')",5,5
"Exactly 0 of the following cities are in Angola: Maianga, Mulenvos, Benguela, Gujranwala, Cabinda.",0,Angola,"('Benguela', 'Cabinda', 'Gujranwala', 'Maianga', 'Mulenvos')",0,4
"Exactly 2 of the following cities are in Djibouti: Tegucigalpa, Maoming, Korla, Guang'an, Oslo.",0,Djibouti,"(""Guang'an"", 'Korla', 'Maoming', 'Oslo', 'Tegucigalpa')",2,0
"Exactly 4 of the following cities are in Mozambique: Zhaoqing, Maputo, Multan, Aqsu, Eskisehir.",0,Mozambique,"('Aqsu', 'Eskisehir', 'Maputo', 'Multan', 'Zhaoqing')",4,1
"Exactly 1 of the following cities are in Russia: Cangzhou, Wroclaw, Irkutsk, Lusaka, Qujing.",1,Russia,"('Cangzhou', 'Irkutsk', 'Lusaka', 'Qujing', 'Wroclaw')",1,1
"Exactly 4 of the following cities are in Saudi Arabia: Budapest, Sultanah, Buraydah, Makkah, Jeddah.",1,Saudi Arabia,"('Budapest', 'Buraydah', 'Jeddah', 'Makkah', 'Sultanah')",4,4
"Exactly 2 of the following cities are in Guinea: Cuttack, Bekasi, Conakry, Rizhao, Abuja.",0,Guinea,"('Abuja', 'Bekasi', 'Conakry', 'Cuttack', 'Rizhao')",2,1
"Exactly 0 of the following cities are in Finland: Huizhou, Milwaukee, Sevastopol, Huangshi, Indianapolis.",1,Finland,"('Huangshi', 'Huizhou', 'Indianapolis', 'Milwaukee', 'Sevastopol')",0,0
"Exactly 1 of the following cities are in Eritrea: Abu Ghurayb, Asmara, Nanded, Leipzig, Kunshan.",1,Eritrea,"('Abu Ghurayb', 'Asmara', 'Kunshan', 'Leipzig', 'Nanded')",1,1
"Exactly 5 of the following cities are in Egypt: Assiut, Suez, Madinat an Nasr, Port Said, Giza.",1,Egypt,"('Assiut', 'Giza', 'Madinat an Nasr', 'Port Said', 'Suez')",5,5
"Exactly 0 of the following cities are in Japan: Mianzhu, Deyang, Sichuan, Lueliang, Bhavnagar, Himeji, Sapporo.",0,Japan,"('Bhavnagar', 'Himeji', 'Lueliang', 'Mianzhu, Deyang, Sichuan', 'Sapporo')",0,2
"Exactly 4 of the following cities are in Ghana: Surakarta, Xuzhou, Qiqihar, Bandar Lampung, Pasir Gudang.",0,Ghana,"('Bandar Lampung', 'Pasir Gudang', 'Qiqihar', 'Surakarta', 'Xuzhou')",4,0
"Exactly 2 of the following cities are in Ecuador: Okayama, Quito, Guayaquil, Jabalpur, Qingpu.",1,Ecuador,"('Guayaquil', 'Jabalpur', 'Okayama', 'Qingpu', 'Quito')",2,2
"Exactly 2 of the following cities are in Honduras: Pudong, San Pedro Sula, Qionghai, Tegucigalpa, Kimhae.",1,Honduras,"('Kimhae', 'Pudong', 'Qionghai', 'San Pedro Sula', 'Tegucigalpa')",2,2
"Exactly 3 of the following cities are in Ecuador: Bandar Lampung, Matola, Wanxian, Quito, Guayaquil.",0,Ecuador,"('Bandar Lampung', 'Guayaquil', 'Matola', 'Quito', 'Wanxian')",3,2
"Exactly 3 of the following cities are in Zambia: Al Ahmadi, Moradabad, Ndola, Kitwe, Lusaka.",1,Zambia,"('Al Ahmadi', 'Kitwe', 'Lusaka', 'Moradabad', 'Ndola')",3,3
"Exactly 1 of the following cities are in South Korea: Bucheon-si, Kirkuk, Gwalior, Cheongju-si, Barnaul.",0,South Korea,"('Barnaul', 'Bucheon-si', 'Cheongju-si', 'Gwalior', 'Kirkuk')",1,2
"Exactly 5 of the following cities are in Germany: Leipzig, Munich, Nuremberg, Dortmund, Frankfurt am Main.",1,Germany,"('Dortmund', 'Frankfurt am Main', 'Leipzig', 'Munich', 'Nuremberg')",5,5
"Exactly 5 of the following cities are in Bangladesh: Zhumadian, Rangpur, Shihezi, Khulna, Mexicali.",0,Bangladesh,"('Khulna', 'Mexicali', 'Rangpur', 'Shihezi', 'Zhumadian')",5,2
"Exactly 5 of the following cities are in Egypt: Homyel', Jhang Sadr, Al Basrah al Qadimah, Mianzhu, Deyang, Sichuan, Pasig City.",0,Egypt,"('Al Basrah al Qadimah', ""Homyel'"", 'Jhang Sadr', 'Mianzhu, Deyang, Sichuan', 'Pasig City')",5,0
"Exactly 2 of the following cities are in Guinea: Camayenne, Santiago de los Caballeros, Conakry, Izmir, Loni.",1,Guinea,"('Camayenne', 'Conakry', 'Izmir', 'Loni', 'Santiago de los Caballeros')",2,2
"Exactly 2 of the following cities are in Bulgaria: Zhabei, Vijayawada, Sofia, Carrefour, Karol Bagh.",0,Bulgaria,"('Carrefour', 'Karol Bagh', 'Sofia', 'Vijayawada', 'Zhabei')",2,1
"Exactly 0 of the following cities are in the Dominican Republic: Kagoshima, Cimahi, Santo Domingo Este, Rajshahi, Ar Raqqah.",0,the Dominican Republic,"('Ar Raqqah', 'Cimahi', 'Kagoshima', 'Rajshahi', 'Santo Domingo Este')",0,1
"Exactly 5 of the following cities are in India: Sangli, Karol Bagh, Gurugram, Visakhapatnam, Bareilly.",1,India,"('Bareilly', 'Gurugram', 'Karol Bagh', 'Sangli', 'Visakhapatnam')",5,5
"Exactly 3 of the following cities are in Uzbekistan: Nellore, Batam, Serang, Changshu, Sao Jose dos Campos.",0,Uzbekistan,"('Batam', 'Changshu', 'Nellore', 'Sao Jose dos Campos', 'Serang')",3,0
"Exactly 5 of the following cities are in Iraq: Al Mawsil al Jadidah, Semarang, Tanggu, Dushanbe, Sadr City.",0,Iraq,"('Al Mawsil al Jadidah', 'Dushanbe', 'Sadr City', 'Semarang', 'Tanggu')",5,2
"Exactly 1 of the following cities are in Afghanistan: Johannesburg, Mazar-e Sharif, Sangli, Ibadan, Cotonou.",1,Afghanistan,"('Cotonou', 'Ibadan', 'Johannesburg', 'Mazar-e Sharif', 'Sangli')",1,1
"Exactly 1 of the following cities are in Pakistan: Faisalabad, Dera Ismail Khan, Okara, Rahim Yar Khan, Gujrat.",0,Pakistan,"('Dera Ismail Khan', 'Faisalabad', 'Gujrat', 'Okara', 'Rahim Yar Khan')",1,5
"Exactly 5 of the following cities are in Indonesia: Malang, Palembang, Batam, Balikpapan, Serang.",1,Indonesia,"('Balikpapan', 'Batam', 'Malang', 'Palembang', 'Serang')",5,5
"Exactly 1 of the following cities are in Djibouti: Balbala, Aqsu, Dar es Salaam, Nha Trang, Mohammadpur.",1,Djibouti,"('Aqsu', 'Balbala', 'Dar es Salaam', 'Mohammadpur', 'Nha Trang')",1,1
"Exactly 4 of the following cities are in Uzbekistan: Tyumen, Andijon, Samarkand, Tashkent, Namangan.",1,Uzbekistan,"('Andijon', 'Namangan', 'Samarkand', 'Tashkent', 'Tyumen')",4,4
"Exactly 5 of the following cities are in Turkey: Malatya, UEskuedar, Esenyurt, Kuecuekcekmece, Bursa.",1,Turkey,"('Bursa', 'Esenyurt', 'Kuecuekcekmece', 'Malatya', 'UEskuedar')",5,5
"Exactly 2 of the following cities are in North Korea: Siping, Pyongyang, Hamhung, Baotou, Rahim Yar Khan.",1,North Korea,"('Baotou', 'Hamhung', 'Pyongyang', 'Rahim Yar Khan', 'Siping')",2,2
"Exactly 3 of the following cities are in Indonesia: Malang, South Tangerang, Mudanjiang, Bucaramanga, Pekanbaru.",1,Indonesia,"('Bucaramanga', 'Malang', 'Mudanjiang', 'Pekanbaru', 'South Tangerang')",3,3
"Exactly 0 of the following cities are in Panama: Ajegunle, Omdurman, Faridabad, Ulsan, Wuzhou.",1,Panama,"('Ajegunle', 'Faridabad', 'Omdurman', 'Ulsan', 'Wuzhou')",0,0
"Exactly 4 of the following cities are in Japan: Saitama, Hiroshima, Florianopolis, Hamamatsu, Himeji.",1,Japan,"('Florianopolis', 'Hamamatsu', 'Himeji', 'Hiroshima', 'Saitama')",4,4
"Exactly 2 of the following cities are in Senegal: Santo Domingo Oeste, Pikine, UEskuedar, Dakar, Kota Kuala Muda.",1,Senegal,"('Dakar', 'Kota Kuala Muda', 'Pikine', 'Santo Domingo Oeste', 'UEskuedar')",2,2
"Exactly 0 of the following cities are in China: Chongming, Huaibei, Pingdingshan, Zhabei, Yichang.",0,China,"('Chongming', 'Huaibei', 'Pingdingshan', 'Yichang', 'Zhabei')",0,5
"Exactly 3 of the following cities are in the Dominican Republic: Santo Domingo Este, Xianning, Santiago de los Caballeros, Salta, Recife.",0,the Dominican Republic,"('Recife', 'Salta', 'Santiago de los Caballeros', 'Santo Domingo Este', 'Xianning')",3,2
"Exactly 5 of the following cities are in Malaysia: Kuantan, Malacca, Mukim Pulai, Kuala Lumpur, Kota Kinabalu.",1,Malaysia,"('Kota Kinabalu', 'Kuala Lumpur', 'Kuantan', 'Malacca', 'Mukim Pulai')",5,5
"Exactly 2 of the following cities are in Armenia: Selayang Baru Utara, Yerevan, Suginami, Kermanshah, Nanded.",0,Armenia,"('Kermanshah', 'Nanded', 'Selayang Baru Utara', 'Suginami', 'Yerevan')",2,1
"Exactly 4 of the following cities are in Russia: Mbuji-Mayi, Omsk, Tyumen, Astrakhan, Orenburg.",1,Russia,"('Astrakhan', 'Mbuji-Mayi', 'Omsk', 'Orenburg', 'Tyumen')",4,4
"Exactly 2 of the following cities are in Estonia: Arequipa, Ibb, Al Ain City, Hlaingthaya, Evaton.",0,Estonia,"('Al Ain City', 'Arequipa', 'Evaton', 'Hlaingthaya', 'Ibb')",2,0
"Exactly 0 of the following cities are in Senegal: New South Memphis, Pikine, Zhongwei, Tiruppur, Malingao.",0,Senegal,"('Malingao', 'New South Memphis', 'Pikine', 'Tiruppur', 'Zhongwei')",0,1
"Exactly 1 of the following cities are in Nigeria: Kashgar, Bamako, Erode, Homs, South Tangerang.",0,Nigeria,"('Bamako', 'Erode', 'Homs', 'Kashgar', 'South Tangerang')",1,0
"Exactly 3 of the following cities are in the United Arab Emirates: Mexico City, Muntinlupa, Dnipro, Nanning, Antananarivo.",0,the United Arab Emirates,"('Antananarivo', 'Dnipro', 'Mexico City', 'Muntinlupa', 'Nanning')",3,0
"Exactly 1 of the following cities are in Tajikistan: Shaoxing, Dushanbe, Setagaya, Krasnoyarsk, Jakarta.",1,Tajikistan,"('Dushanbe', 'Jakarta', 'Krasnoyarsk', 'Setagaya', 'Shaoxing')",1,1
"Exactly 0 of the following cities are in the United Arab Emirates: Hefei, Muntinlupa, Bulawayo, Kryvyy Rih, Nyala.",1,the United Arab Emirates,"('Bulawayo', 'Hefei', 'Kryvyy Rih', 'Muntinlupa', 'Nyala')",0,0
"Exactly 3 of the following cities are in Moldova: Mombasa, Chisinau, Porto Alegre, Jiamusi, Maturin.",0,Moldova,"('Chisinau', 'Jiamusi', 'Maturin', 'Mombasa', 'Porto Alegre')",3,1
"Exactly 4 of the following cities are in Bosnia and Herzegovina: Hoji ya Henda, Sanming, Iskandar Puteri, Zhongwei, Mukalla.",0,Bosnia and Herzegovina,"('Hoji ya Henda', 'Iskandar Puteri', 'Mukalla', 'Sanming', 'Zhongwei')",4,0
"Exactly 5 of the following cities are in Botswana: Dnipro, Qingdao, Korla, Teni, Homs.",0,Botswana,"('Dnipro', 'Homs', 'Korla', 'Qingdao', 'Teni')",5,0
"Exactly 5 of the following cities are in Saudi Arabia: Ta'if, Dammam, Ha'il, Najran, Makkah.",1,Saudi Arabia,"('Dammam', ""Ha'il"", 'Makkah', 'Najran', ""Ta'if"")",5,5
"Exactly 4 of the following cities are in Canada: Minhang, Benguela, Lilongwe, Zhaotong, Mississauga.",0,Canada,"('Benguela', 'Lilongwe', 'Minhang', 'Mississauga', 'Zhaotong')",4,1
"Exactly 3 of the following cities are in Japan: Edogawe, Utsunomiya, Jieyang, Okayama, Osaka.",0,Japan,"('Edogawe', 'Jieyang', 'Okayama', 'Osaka', 'Utsunomiya')",3,4
"Exactly 4 of the following cities are in Japan: Conakry, Shuangyashan, Sapporo, Kyoto, Itabashi.",0,Japan,"('Conakry', 'Itabashi', 'Kyoto', 'Sapporo', 'Shuangyashan')",4,3
"Exactly 0 of the following cities are in Germany: Oklahoma City, Kigali, Ra's Bayrut, Chengdu, Bulawayo.",1,Germany,"('Bulawayo', 'Chengdu', 'Kigali', 'Oklahoma City', ""Ra's Bayrut"")",0,0
"Exactly 4 of the following cities are in Sudan: Khartoum North, Khartoum, Omdurman, Kanpur, Nyala.",1,Sudan,"('Kanpur', 'Khartoum', 'Khartoum North', 'Nyala', 'Omdurman')",4,4
"Exactly 2 of the following cities are in Egypt: Suez, Al Mahallah al Kubra, Kobe, Moradabad, Nagpur.",1,Egypt,"('Al Mahallah al Kubra', 'Kobe', 'Moradabad', 'Nagpur', 'Suez')",2,2
"Exactly 2 of the following cities are in Thailand: Bhayandar, Kampala, Jajmau, Tangerang, Nanchang.",0,Thailand,"('Bhayandar', 'Jajmau', 'Kampala', 'Nanchang', 'Tangerang')",2,0
"Exactly 0 of the following cities are in Ukraine: Kharkiv, Guiyang, Kemerovo, Kumasi, Xinyang.",0,Ukraine,"('Guiyang', 'Kemerovo', 'Kharkiv', 'Kumasi', 'Xinyang')",0,1
"Exactly 0 of the following cities are in Ecuador: Yangpu, Guayaquil, Vinh, Taiz, Quito.",0,Ecuador,"('Guayaquil', 'Quito', 'Taiz', 'Vinh', 'Yangpu')",0,2
"Exactly 4 of the following cities are in Peru: Chiclayo, Riga, Yangpu, Huaibei, Piura.",0,Peru,"('Chiclayo', 'Huaibei', 'Piura', 'Riga', 'Yangpu')",4,2
"Exactly 1 of the following cities are in Mozambique: Warri, Xinyu, UEskuedar, Maputo, Porto Velho.",1,Mozambique,"('Maputo', 'Porto Velho', 'UEskuedar', 'Warri', 'Xinyu')",1,1
"Exactly 2 of the following cities are in Côte d'Ivoire: Mukalla, Santo Domingo Este, Kryvyy Rih, Abobo, Bouake.",1,Côte d'Ivoire,"('Abobo', 'Bouake', 'Kryvyy Rih', 'Mukalla', 'Santo Domingo Este')",2,2
"Exactly 0 of the following cities are in Venezuela: Pekanbaru, Kobe, Yingkou, Hannover, Pikine.",1,Venezuela,"('Hannover', 'Kobe', 'Pekanbaru', 'Pikine', 'Yingkou')",0,0
"Exactly 0 of the following cities are in Hungary: Guwahati, Zhanjiang, Arequipa, Gustavo Adolfo Madero, Goyang-si.",1,Hungary,"('Arequipa', 'Goyang-si', 'Gustavo Adolfo Madero', 'Guwahati', 'Zhanjiang')",0,0
"Exactly 4 of the following cities are in Morocco: Agadir, Tangier, Barnaul, Fes, Oujda.",1,Morocco,"('Agadir', 'Barnaul', 'Fes', 'Oujda', 'Tangier')",4,4
"Exactly 3 of the following cities are in Zambia: Ndola, Jamnagar, Kitwe, Tyumen, Lusaka.",1,Zambia,"('Jamnagar', 'Kitwe', 'Lusaka', 'Ndola', 'Tyumen')",3,3
"Exactly 4 of the following cities are in Panama: Sao Jose dos Campos, Benxi, Mbuji-Mayi, Ndola, Chongqing.",0,Panama,"('Benxi', 'Chongqing', 'Mbuji-Mayi', 'Ndola', 'Sao Jose dos Campos')",4,0
"Exactly 3 of the following cities are in Iraq: Sulaymaniyah, Al Basrah al Qadimah, Foshan, Maoming, Erbil.",1,Iraq,"('Al Basrah al Qadimah', 'Erbil', 'Foshan', 'Maoming', 'Sulaymaniyah')",3,3
"Exactly 5 of the following cities are in Germany: Koeln, Nuremberg, Hannover, Dortmund, Frankfurt am Main.",1,Germany,"('Dortmund', 'Frankfurt am Main', 'Hannover', 'Koeln', 'Nuremberg')",5,5
"Exactly 4 of the following cities are in Kazakhstan: Managua, Khartoum, Sungai Petani, Okayama, Shihezi.",0,Kazakhstan,"('Khartoum', 'Managua', 'Okayama', 'Shihezi', 'Sungai Petani')",4,0
"Exactly 0 of the following cities are in Kyrgyzstan: Makassar, Winnipeg, Peshawar, Kuantan, San Luis Potosi.",1,Kyrgyzstan,"('Kuantan', 'Makassar', 'Peshawar', 'San Luis Potosi', 'Winnipeg')",0,0
"Exactly 2 of the following cities are in Chad: Callao, Ajegunle, N'Djamena, Faridabad, Nouakchott.",0,Chad,"('Ajegunle', 'Callao', 'Faridabad', ""N'Djamena"", 'Nouakchott')",2,1
"Exactly 0 of the following cities are in Papua New Guinea: Kyiv, Qinzhou, Golfe, Mianzhu, Deyang, Sichuan, Quetta.",1,Papua New Guinea,"('Golfe', 'Kyiv', 'Mianzhu, Deyang, Sichuan', 'Qinzhou', 'Quetta')",0,0
"Exactly 0 of the following cities are in the Czech Republic: Kaifeng, Mogadishu, Wanzhou, Qingpu, Kolwezi.",1,the Czech Republic,"('Kaifeng', 'Kolwezi', 'Mogadishu', 'Qingpu', 'Wanzhou')",0,0
"Exactly 3 of the following cities are in Egypt: Jamnagar, Assiut, Madinat an Nasr, Shubra al Khaymah, Suez.",0,Egypt,"('Assiut', 'Jamnagar', 'Madinat an Nasr', 'Shubra al Khaymah', 'Suez')",3,4
"Exactly 2 of the following cities are in North Korea: Pyongyang, Mysuru, Ha'il, Hamhung, Lanzhou.",1,North Korea,"(""Ha'il"", 'Hamhung', 'Lanzhou', 'Mysuru', 'Pyongyang')",2,2
"Exactly 1 of the following cities are in Japan: South Tangerang, Iskandar Puteri, Sapporo, Teresina, Camayenne.",1,Japan,"('Camayenne', 'Iskandar Puteri', 'Sapporo', 'South Tangerang', 'Teresina')",1,1
"Exactly 5 of the following cities are in Cambodia: Pimpri-Chinchwad, Taicang, Tiruppur, Nakuru, Wuzhou.",0,Cambodia,"('Nakuru', 'Pimpri-Chinchwad', 'Taicang', 'Tiruppur', 'Wuzhou')",5,0
"Exactly 2 of the following cities are in Russia: Yaroslavl, Penza, Saint Petersburg, Krasnodar, Volgograd.",0,Russia,"('Krasnodar', 'Penza', 'Saint Petersburg', 'Volgograd', 'Yaroslavl')",2,5
"Exactly 0 of the following cities are in South Africa: Durban, Pietermaritzburg, Santo Domingo Este, Karachi, Evaton.",0,South Africa,"('Durban', 'Evaton', 'Karachi', 'Pietermaritzburg', 'Santo Domingo Este')",0,3
"Exactly 3 of the following cities are in Zambia: Shenyang, Zhongwei, Lusaka, Kitwe, Belford Roxo.",0,Zambia,"('Belford Roxo', 'Kitwe', 'Lusaka', 'Shenyang', 'Zhongwei')",3,2
"Exactly 4 of the following cities are in Italy: Ananindeua, Chongming, Rostov-on-Don, Koeln, Yangquan.",0,Italy,"('Ananindeua', 'Chongming', 'Koeln', 'Rostov-on-Don', 'Yangquan')",4,0
"Exactly 3 of the following cities are in Haiti: Port-au-Prince, Lyon, Situbondo, Kallakurichi, Carrefour.",0,Haiti,"('Carrefour', 'Kallakurichi', 'Lyon', 'Port-au-Prince', 'Situbondo')",3,2
"Exactly 0 of the following cities are in Guatemala: Rajkot, Borivli, Guatemala City, Tangerang, Balikpapan.",0,Guatemala,"('Balikpapan', 'Borivli', 'Guatemala City', 'Rajkot', 'Tangerang')",0,1
"Exactly 5 of the following cities are in Malawi: Kolwezi, Kananga, Hannover, Quezon City, Ulan Bator.",0,Malawi,"('Hannover', 'Kananga', 'Kolwezi', 'Quezon City', 'Ulan Bator')",5,0
"Exactly 1 of the following cities are in Cameroon: Kumasi, Osaka, Douala, Shenyang, Beijing.",1,Cameroon,"('Beijing', 'Douala', 'Kumasi', 'Osaka', 'Shenyang')",1,1
"Exactly 3 of the following cities are in Canada: Calgary, Quebec, Mbeya, Mississauga, Huzhou.",1,Canada,"('Calgary', 'Huzhou', 'Mbeya', 'Mississauga', 'Quebec')",3,3
"Exactly 2 of the following cities are in Mozambique: Beira, N'Djamena, Nampula, Matola, Maputo.",0,Mozambique,"('Beira', 'Maputo', 'Matola', ""N'Djamena"", 'Nampula')",2,4
"Exactly 1 of the following cities are in Myanmar: Hlaingthaya, Stockholm, Katsina, Huangshi, Bien Hoa.",1,Myanmar,"('Bien Hoa', 'Hlaingthaya', 'Huangshi', 'Katsina', 'Stockholm')",1,1
"Exactly 1 of the following cities are in Lithuania: Nagoya, Vilnius, Pune, Erzurum, Hefei.",1,Lithuania,"('Erzurum', 'Hefei', 'Nagoya', 'Pune', 'Vilnius')",1,1
"Exactly 2 of the following cities are in South Africa: Lipetsk, Kemerovo, Pekanbaru, Thembisa, Cuiaba.",0,South Africa,"('Cuiaba', 'Kemerovo', 'Lipetsk', 'Pekanbaru', 'Thembisa')",2,1
"Exactly 3 of the following cities are in Japan: Matsuyama, Utsunomiya, Guiyang, Aihara, Johor Bahru.",1,Japan,"('Aihara', 'Guiyang', 'Johor Bahru', 'Matsuyama', 'Utsunomiya')",3,3
"Exactly 2 of the following cities are in France: Bareilly, Lyon, Puxi, Xiamen, Toulouse.",1,France,"('Bareilly', 'Lyon', 'Puxi', 'Toulouse', 'Xiamen')",2,2
"Exactly 4 of the following cities are in Austria: Bijie, Niamey, Huainan, Shaoxing, Tabriz.",0,Austria,"('Bijie', 'Huainan', 'Niamey', 'Shaoxing', 'Tabriz')",4,0
"Exactly 2 of the following cities are in Vietnam: Nanjing, Zhanjiang, Almaty, Abu Dhabi, Luohe.",0,Vietnam,"('Abu Dhabi', 'Almaty', 'Luohe', 'Nanjing', 'Zhanjiang')",2,0
"Exactly 3 of the following cities are in Ukraine: Kryvyy Rih, Yaroslavl, Odesa, Dnipro, Mexico City.",1,Ukraine,"('Dnipro', 'Kryvyy Rih', 'Mexico City', 'Odesa', 'Yaroslavl')",3,3
"Exactly 4 of the following cities are in Kenya: Mombasa, Nairobi, Nakuru, Suizhou, Kakamega.",1,Kenya,"('Kakamega', 'Mombasa', 'Nairobi', 'Nakuru', 'Suizhou')",4,4
"Exactly 1 of the following cities are in Mexico: Zapopan, Ha'il, Cebu City, Cuautitlan Izcalli, Jinzhong.",0,Mexico,"('Cebu City', 'Cuautitlan Izcalli', ""Ha'il"", 'Jinzhong', 'Zapopan')",1,2
"Exactly 2 of the following cities are in Colombia: Cucuta, Barranquilla, Ibague, Soacha, Bucaramanga.",0,Colombia,"('Barranquilla', 'Bucaramanga', 'Cucuta', 'Ibague', 'Soacha')",2,5
"Exactly 1 of the following cities are in Guatemala: Dakar, Guatemala City, Jieyang, Kitwe, Kunshan.",1,Guatemala,"('Dakar', 'Guatemala City', 'Jieyang', 'Kitwe', 'Kunshan')",1,1
"Exactly 4 of the following cities are in Syria: Aleppo, Ar Raqqah, Homs, Shaoxing, Latakia.",1,Syria,"('Aleppo', 'Ar Raqqah', 'Homs', 'Latakia', 'Shaoxing')",4,4
"Exactly 2 of the following cities are in Haiti: Cuiaba, Rui'an, Jaboatao dos Guararapes, Carrefour, Port-au-Prince.",1,Haiti,"('Carrefour', 'Cuiaba', 'Jaboatao dos Guararapes', 'Port-au-Prince', ""Rui'an"")",2,2
"Exactly 0 of the following cities are in Angola: Saint Petersburg, Nanded, Maianga, Hoji ya Henda, Benguela.",0,Angola,"('Benguela', 'Hoji ya Henda', 'Maianga', 'Nanded', 'Saint Petersburg')",0,3
"Exactly 5 of the following cities are in Venezuela: Barquisimeto, Contagem, Maracaibo, Benoni, Caracas.",0,Venezuela,"('Barquisimeto', 'Benoni', 'Caracas', 'Contagem', 'Maracaibo')",5,3
"Exactly 5 of the following cities are in Iran: Karaj, Hamadan, Kermanshah, Tehran, Qom.",1,Iran,"('Hamadan', 'Karaj', 'Kermanshah', 'Qom', 'Tehran')",5,5
"Exactly 0 of the following cities are in South Africa: Bloemfontein, Soweto, Hermosillo, Gqeberha, Cape Town.",0,South Africa,"('Bloemfontein', 'Cape Town', 'Gqeberha', 'Hermosillo', 'Soweto')",0,4
"Exactly 1 of the following cities are in Algeria: Macapa, Laibin, Lueliang, Bannu, Guangzhou.",0,Algeria,"('Bannu', 'Guangzhou', 'Laibin', 'Lueliang', 'Macapa')",1,0
"Exactly 3 of the following cities are in Nigeria: Nanchong, Bauchi, Ile-Ife, Sulaymaniyah, Agege.",1,Nigeria,"('Agege', 'Bauchi', 'Ile-Ife', 'Nanchong', 'Sulaymaniyah')",3,3
"Exactly 0 of the following cities are in Nepal: Lipetsk, Xining, Aparecida de Goiania, Kathmandu, Pokhara.",0,Nepal,"('Aparecida de Goiania', 'Kathmandu', 'Lipetsk', 'Pokhara', 'Xining')",0,2
"Exactly 2 of the following cities are in North Korea: Astana, Pyongyang, Jammu, Hamhung, Quebec.",1,North Korea,"('Astana', 'Hamhung', 'Jammu', 'Pyongyang', 'Quebec')",2,2
"Exactly 0 of the following cities are in Bosnia and Herzegovina: Nowrangapur, Bilimora, Sarajevo, Ar Raqqah, Dhanbad.",0,Bosnia and Herzegovina,"('Ar Raqqah', 'Bilimora', 'Dhanbad', 'Nowrangapur', 'Sarajevo')",0,1
"Exactly 4 of the following cities are in Egypt: Paranaque City, Shubra al Khaymah, Madinat an Nasr, Giza, Assiut.",1,Egypt,"('Assiut', 'Giza', 'Madinat an Nasr', 'Paranaque City', 'Shubra al Khaymah')",4,4
"Exactly 1 of the following cities are in Kyrgyzstan: Meizhou, Bishkek, Paranaque City, Queens, Xuchang.",1,Kyrgyzstan,"('Bishkek', 'Meizhou', 'Paranaque City', 'Queens', 'Xuchang')",1,1
"Exactly 4 of the following cities are in the Philippines: Lubumbashi, Cagayan de Oro, Malingao, Quezon City, Muntinlupa.",1,the Philippines,"('Cagayan de Oro', 'Lubumbashi', 'Malingao', 'Muntinlupa', 'Quezon City')",4,4
"Exactly 2 of the following cities are in Jordan: South Tangerang, Lusaka, Zarqa, Ibb, Irbid.",1,Jordan,"('Ibb', 'Irbid', 'Lusaka', 'South Tangerang', 'Zarqa')",2,2
"Exactly 2 of the following cities are in Nepal: Nha Trang, Asansol, Astrakhan, Penza, N'Djamena.",0,Nepal,"('Asansol', 'Astrakhan', ""N'Djamena"", 'Nha Trang', 'Penza')",2,0
"Exactly 2 of the following cities are in Canada: Torreon, Rajshahi, Quebec, Bekasi, Mississauga.",1,Canada,"('Bekasi', 'Mississauga', 'Quebec', 'Rajshahi', 'Torreon')",2,2
"Exactly 3 of the following cities are in India: Indore, Makhachkala, Bilimora, Ghaziabad, Nagpur.",0,India,"('Bilimora', 'Ghaziabad', 'Indore', 'Makhachkala', 'Nagpur')",3,4
"Exactly 5 of the following cities are in Saudi Arabia: Jeddah, Sultanah, Najran, Madinah, Ta'if.",1,Saudi Arabia,"('Jeddah', 'Madinah', 'Najran', 'Sultanah', ""Ta'if"")",5,5
"Exactly 5 of the following cities are in Uganda: Sanming, Kampala, Nansana, Tangerang, Rizhao.",0,Uganda,"('Kampala', 'Nansana', 'Rizhao', 'Sanming', 'Tangerang')",5,2
"Exactly 2 of the following cities are in Canada: Al Mawsil al Jadidah, Calgary, Likasi, Quebec, Porto Alegre.",1,Canada,"('Al Mawsil al Jadidah', 'Calgary', 'Likasi', 'Porto Alegre', 'Quebec')",2,2
"Exactly 4 of the following cities are in Saint Kitts and Nevis: Kikolo, Langfang, Kaifeng, Cangzhou, Tashkent.",0,Saint Kitts and Nevis,"('Cangzhou', 'Kaifeng', 'Kikolo', 'Langfang', 'Tashkent')",4,0
"Exactly 0 of the following cities are in China: Astana, Dombivali, Himeji, Tashkent, Suqian.",0,China,"('Astana', 'Dombivali', 'Himeji', 'Suqian', 'Tashkent')",0,1
"Exactly 1 of the following cities are in Finland: Florianopolis, Daxing'anling, Can Tho, Rajshahi, Helsinki.",1,Finland,"('Can Tho', ""Daxing'anling"", 'Florianopolis', 'Helsinki', 'Rajshahi')",1,1
"Exactly 0 of the following cities are in Zambia: Diyarbakir, Albuquerque, Lusaka, Fuxin, Douala.",0,Zambia,"('Albuquerque', 'Diyarbakir', 'Douala', 'Fuxin', 'Lusaka')",0,1
"Exactly 3 of the following cities are in the United States: Albuquerque, New York City, Milwaukee, Daegu, Tijuana.",1,the United States,"('Albuquerque', 'Daegu', 'Milwaukee', 'New York City', 'Tijuana')",3,3
"Exactly 1 of the following cities are in South Korea: Chengdu, Johannesburg, Kimhae, Bhayandar, Bekasi.",1,South Korea,"('Bekasi', 'Bhayandar', 'Chengdu', 'Johannesburg', 'Kimhae')",1,1
"Exactly 0 of the following cities are in Iran: South Tangerang, Hamadan, Shanghai, Kermanshah, Tolyatti.",0,Iran,"('Hamadan', 'Kermanshah', 'Shanghai', 'South Tangerang', 'Tolyatti')",0,2
"Exactly 4 of the following cities are in Brazil: Cape Town, Ananindeua, Feira de Santana, Contagem, Sorocaba.",1,Brazil,"('Ananindeua', 'Cape Town', 'Contagem', 'Feira de Santana', 'Sorocaba')",4,4
"Exactly 5 of the following cities are in Russia: Novokuznetsk, Khabarovsk, Penza, Mogadishu, Rostov-on-Don.",0,Russia,"('Khabarovsk', 'Mogadishu', 'Novokuznetsk', 'Penza', 'Rostov-on-Don')",5,4
"Exactly 1 of the following cities are in Burundi: Calumbo, Iztapalapa, Bujumbura, Wuzhou, Utsunomiya.",1,Burundi,"('Bujumbura', 'Calumbo', 'Iztapalapa', 'Utsunomiya', 'Wuzhou')",1,1
"Exactly 5 of the following cities are in Burundi: Beijing, Bujumbura, Busan, Cotonou, Ciudad Nezahualcoyotl.",0,Burundi,"('Beijing', 'Bujumbura', 'Busan', 'Ciudad Nezahualcoyotl', 'Cotonou')",5,1
"Exactly 4 of the following cities are in Russia: Barnaul, Ryazan', Perm, Nyala, Omsk.",1,Russia,"('Barnaul', 'Nyala', 'Omsk', 'Perm', ""Ryazan'"")",4,4
"Exactly 3 of the following cities are in Mozambique: Yibin, Beira, Matola, Nampula, Maputo.",0,Mozambique,"('Beira', 'Maputo', 'Matola', 'Nampula', 'Yibin')",3,4
"Exactly 4 of the following cities are in Russia: Pikine, Bareilly, Iztapalapa, Kallakurichi, Omsk.",0,Russia,"('Bareilly', 'Iztapalapa', 'Kallakurichi', 'Omsk', 'Pikine')",4,1
"Exactly 1 of the following cities are in Iraq: Lilongwe, Baoji, Al Basrah al Qadimah, Bhiwandi, Copenhagen.",1,Iraq,"('Al Basrah al Qadimah', 'Baoji', 'Bhiwandi', 'Copenhagen', 'Lilongwe')",1,1
"Exactly 3 of the following cities are in Malaysia: Bahawalpur, Kalininskiy, Kota Kinabalu, Petaling Jaya, Ulsan.",0,Malaysia,"('Bahawalpur', 'Kalininskiy', 'Kota Kinabalu', 'Petaling Jaya', 'Ulsan')",3,2
"Exactly 4 of the following cities are in the United States: Seattle, Detroit, New South Memphis, Oklahoma City, Heze.",1,the United States,"('Detroit', 'Heze', 'New South Memphis', 'Oklahoma City', 'Seattle')",4,4
"Exactly 5 of the following cities are in Mexico: Mexico City, Tlalpan, Ciudad Nezahualcoyotl, Reynosa, Santiago de Queretaro.",1,Mexico,"('Ciudad Nezahualcoyotl', 'Mexico City', 'Reynosa', 'Santiago de Queretaro', 'Tlalpan')",5,5
"Exactly 3 of the following cities are in Tanzania: Tolyatti, Ranchi, Camayenne, Izhevsk, Kinshasa.",0,Tanzania,"('Camayenne', 'Izhevsk', 'Kinshasa', 'Ranchi', 'Tolyatti')",3,0
"Exactly 3 of the following cities are in Ecuador: Iztapalapa, Petaling Jaya, Queens, Nizhniy Novgorod, Recife.",0,Ecuador,"('Iztapalapa', 'Nizhniy Novgorod', 'Petaling Jaya', 'Queens', 'Recife')",3,0
"Exactly 2 of the following cities are in Azerbaijan: Dortmund, Chongming, Goiania, Asmara, Kunming.",0,Azerbaijan,"('Asmara', 'Chongming', 'Dortmund', 'Goiania', 'Kunming')",2,0
"Exactly 3 of the following cities are in New Zealand: Wenzhou, Handan, Tijuana, Lubumbashi, Thiruvananthapuram.",0,New Zealand,"('Handan', 'Lubumbashi', 'Thiruvananthapuram', 'Tijuana', 'Wenzhou')",3,0
"Exactly 4 of the following cities are in Mexico: Tlalpan, Naucalpan de Juarez, Likasi, San Luis Potosi, Cuautitlan Izcalli.",1,Mexico,"('Cuautitlan Izcalli', 'Likasi', 'Naucalpan de Juarez', 'San Luis Potosi', 'Tlalpan')",4,4
"Exactly 3 of the following cities are in the Philippines: Pasig City, Nagpur, Bucaramanga, Cebu City, Quezon City.",1,the Philippines,"('Bucaramanga', 'Cebu City', 'Nagpur', 'Pasig City', 'Quezon City')",3,3
"Exactly 4 of the following cities are in Kenya: Kakamega, Nairobi, Nakuru, Eskisehir, Mombasa.",1,Kenya,"('Eskisehir', 'Kakamega', 'Mombasa', 'Nairobi', 'Nakuru')",4,4
"Exactly 1 of the following cities are in Kenya: Dhanbad, Kakamega, Mombasa, Nairobi, Nakuru.",0,Kenya,"('Dhanbad', 'Kakamega', 'Mombasa', 'Nairobi', 'Nakuru')",1,4
"Exactly 3 of the following cities are in Poland: Jinzhong, Batam, Laiwu, Lu'an, Lodz.",0,Poland,"('Batam', 'Jinzhong', 'Laiwu', 'Lodz', ""Lu'an"")",3,1
"Exactly 3 of the following cities are in Tanzania: Arusha, Qingpu, Gustavo Adolfo Madero, Zanzibar, Dar es Salaam.",1,Tanzania,"('Arusha', 'Dar es Salaam', 'Gustavo Adolfo Madero', 'Qingpu', 'Zanzibar')",3,3
"Exactly 0 of the following cities are in Eritrea: Shah Alam, Ankara, Rawalpindi, Kolkata, Korla.",1,Eritrea,"('Ankara', 'Kolkata', 'Korla', 'Rawalpindi', 'Shah Alam')",0,0
"Exactly 1 of the following cities are in the Czech Republic: Zhengzhou, Zhuzhou, Haiphong, Mandalay, Luzhou.",0,the Czech Republic,"('Haiphong', 'Luzhou', 'Mandalay', 'Zhengzhou', 'Zhuzhou')",1,0
"Exactly 5 of the following cities are in Uruguay: Mianzhu, Deyang, Sichuan, Tijuana, Ulsan, Recife, Santo Domingo Este.",0,Uruguay,"('Mianzhu, Deyang, Sichuan', 'Recife', 'Santo Domingo Este', 'Tijuana', 'Ulsan')",5,0
"Exactly 3 of the following cities are in Saudi Arabia: Jeddah, Neijiang, Ha'il, Dombivali, Najran.",1,Saudi Arabia,"('Dombivali', ""Ha'il"", 'Jeddah', 'Najran', 'Neijiang')",3,3
"Exactly 2 of the following cities are in Myanmar: Hlaingthaya, Hwaseong-si, Moradabad, Ryazan', Bagcilar.",0,Myanmar,"('Bagcilar', 'Hlaingthaya', 'Hwaseong-si', 'Moradabad', ""Ryazan'"")",2,1
"Exactly 2 of the following cities are in Cameroon: Mexico City, Lahore, Shubra al Khaymah, Yaounde, Douala.",1,Cameroon,"('Douala', 'Lahore', 'Mexico City', 'Shubra al Khaymah', 'Yaounde')",2,2
"Exactly 4 of the following cities are in Myanmar: Nay Pyi Taw, Mandalay, Hlaingthaya, Ashgabat, Yangon.",1,Myanmar,"('Ashgabat', 'Hlaingthaya', 'Mandalay', 'Nay Pyi Taw', 'Yangon')",4,4
"Exactly 3 of the following cities are in Iran: Deyang, Qom, Tehran, Osaka, Zahedan.",1,Iran,"('Deyang', 'Osaka', 'Qom', 'Tehran', 'Zahedan')",3,3
"Exactly 4 of the following cities are in Vietnam: Can Tho, Binh Thanh, Bien Hoa, Harare, Cho Lon.",1,Vietnam,"('Bien Hoa', 'Binh Thanh', 'Can Tho', 'Cho Lon', 'Harare')",4,4
"Exactly 4 of the following cities are in the Central African Republic: Yekaterinburg, UEskuedar, Makati City, Kampala, Wenzhou.",0,the Central African Republic,"('Kampala', 'Makati City', 'UEskuedar', 'Wenzhou', 'Yekaterinburg')",4,0
"Exactly 2 of the following cities are in Turkey: UEskuedar, Navi Mumbai, Cheonan, Gazipur, Esenyurt.",1,Turkey,"('Cheonan', 'Esenyurt', 'Gazipur', 'Navi Mumbai', 'UEskuedar')",2,2
"Exactly 1 of the following cities are in Ghana: Kumasi, Bukavu, Ciudad Nezahualcoyotl, Kayseri, Cancun.",1,Ghana,"('Bukavu', 'Cancun', 'Ciudad Nezahualcoyotl', 'Kayseri', 'Kumasi')",1,1
"Exactly 1 of the following cities are in Guinea: Mumbai, Paranaque City, Bamako, Conakry, Odesa.",1,Guinea,"('Bamako', 'Conakry', 'Mumbai', 'Odesa', 'Paranaque City')",1,1
"Exactly 0 of the following cities are in Myanmar: Guang'an, Shanghai, Fes, Rohini, Sukkur.",1,Myanmar,"('Fes', ""Guang'an"", 'Rohini', 'Shanghai', 'Sukkur')",0,0
"Exactly 2 of the following cities are in South Korea: Oklahoma City, Hebi, Bayan Nur, Haiphong, Durban.",0,South Korea,"('Bayan Nur', 'Durban', 'Haiphong', 'Hebi', 'Oklahoma City')",2,0
"Exactly 3 of the following cities are in the United Arab Emirates: Volgograd, Abu Dhabi, Sharjah, Jajmau, Al Ain City.",1,the United Arab Emirates,"('Abu Dhabi', 'Al Ain City', 'Jajmau', 'Sharjah', 'Volgograd')",3,3
"Exactly 2 of the following cities are in Syria: Nellore, Ar Raqqah, Latakia, Taicang, Jos.",1,Syria,"('Ar Raqqah', 'Jos', 'Latakia', 'Nellore', 'Taicang')",2,2
"Exactly 4 of the following cities are in Bangladesh: Asmara, Comilla, Huludao, Kalyan, Rangpur.",0,Bangladesh,"('Asmara', 'Comilla', 'Huludao', 'Kalyan', 'Rangpur')",4,2
"Exactly 4 of the following cities are in South Africa: Pretoria, Soshanguve, Durban, Petaling Jaya, Gqeberha.",1,South Africa,"('Durban', 'Gqeberha', 'Petaling Jaya', 'Pretoria', 'Soshanguve')",4,4
"Exactly 4 of the following cities are in Colombia: Da Nang, Cucuta, Suez, Ibague, Bucaramanga.",0,Colombia,"('Bucaramanga', 'Cucuta', 'Da Nang', 'Ibague', 'Suez')",4,3
"Exactly 3 of the following cities are in the United States: Queens, Albuquerque, Fort Worth, New York City, Milwaukee.",0,the United States,"('Albuquerque', 'Fort Worth', 'Milwaukee', 'New York City', 'Queens')",3,5
"Exactly 5 of the following cities are in Ukraine: Kryvyy Rih, Lviv, Odesa, Kharkiv, Sevastopol.",1,Ukraine,"('Kharkiv', 'Kryvyy Rih', 'Lviv', 'Odesa', 'Sevastopol')",5,5
"Exactly 1 of the following cities are in Turkmenistan: Konya, Ashgabat, Bhubaneswar, Benxi, Kagoshima.",1,Turkmenistan,"('Ashgabat', 'Benxi', 'Bhubaneswar', 'Kagoshima', 'Konya')",1,1
"Exactly 4 of the following cities are in Malta: Bujumbura, Dnipro, Perm, Shuangyashan, Port Harcourt.",0,Malta,"('Bujumbura', 'Dnipro', 'Perm', 'Port Harcourt', 'Shuangyashan')",4,0
"Exactly 1 of the following cities are in Poland: Amman, Lodz, Wroclaw, Banjarmasin, Krakow.",0,Poland,"('Amman', 'Banjarmasin', 'Krakow', 'Lodz', 'Wroclaw')",1,3
"Exactly 2 of the following cities are in Colombia: Cucuta, Ibague, Jiangmen, Fuxin, Barranquilla.",0,Colombia,"('Barranquilla', 'Cucuta', 'Fuxin', 'Ibague', 'Jiangmen')",2,3
"Exactly 4 of the following cities are in Croatia: Faridabad, Harbin, Dortmund, Zagreb, Bhopal.",0,Croatia,"('Bhopal', 'Dortmund', 'Faridabad', 'Harbin', 'Zagreb')",4,1
"Exactly 5 of the following cities are in the United Kingdom: Caracas, Sukkur, Barnaul, Koeln, Kinshasa.",0,the United Kingdom,"('Barnaul', 'Caracas', 'Kinshasa', 'Koeln', 'Sukkur')",5,0
"Exactly 5 of the following cities are in Pakistan: Rawalpindi, Okara, Arifwala, Chunian, Shekhupura.",1,Pakistan,"('Arifwala', 'Chunian', 'Okara', 'Rawalpindi', 'Shekhupura')",5,5
"Exactly 0 of the following cities are in South Africa: Soshanguve, Bokaro, Gqeberha, Okayama, Pekanbaru.",0,South Africa,"('Bokaro', 'Gqeberha', 'Okayama', 'Pekanbaru', 'Soshanguve')",0,2
"Exactly 4 of the following cities are in Lebanon: Kyoto, Santiago de Cuba, Irkutsk, Odesa, Ra's Bayrut.",0,Lebanon,"('Irkutsk', 'Kyoto', 'Odesa', ""Ra's Bayrut"", 'Santiago de Cuba')",4,1
"Exactly 1 of the following cities are in France: Luohu District, Marseille, Ghaziabad, Ahvaz, Kanpur.",1,France,"('Ahvaz', 'Ghaziabad', 'Kanpur', 'Luohu District', 'Marseille')",1,1
"Exactly 4 of the following cities are in Brazil: Sorocaba, Jiujiang, Porto Alegre, Guarulhos, Florianopolis.",1,Brazil,"('Florianopolis', 'Guarulhos', 'Jiujiang', 'Porto Alegre', 'Sorocaba')",4,4
"Exactly 2 of the following cities are in Saudi Arabia: Sorocaba, Surat, Haiphong, Duque de Caxias, Oujda.",0,Saudi Arabia,"('Duque de Caxias', 'Haiphong', 'Oujda', 'Sorocaba', 'Surat')",2,0
"Exactly 5 of the following cities are in South Korea: Ansan-si, Jeonju, Hwaseong-si, Kimhae, Daejeon.",1,South Korea,"('Ansan-si', 'Daejeon', 'Hwaseong-si', 'Jeonju', 'Kimhae')",5,5
"Exactly 4 of the following cities are in Kazakhstan: Shijiazhuang, Aktobe, Coyoacan, Mandalay, Accra.",0,Kazakhstan,"('Accra', 'Aktobe', 'Coyoacan', 'Mandalay', 'Shijiazhuang')",4,1
"Exactly 5 of the following cities are in Djibouti: Kolwezi, Anqing, Panzhihua, Barnaul, Andijon.",0,Djibouti,"('Andijon', 'Anqing', 'Barnaul', 'Kolwezi', 'Panzhihua')",5,0
"Exactly 2 of the following cities are in Venezuela: Irbid, Barquisimeto, Ryazan', Acapulco de Juarez, Ciudad Guayana.",1,Venezuela,"('Acapulco de Juarez', 'Barquisimeto', 'Ciudad Guayana', 'Irbid', ""Ryazan'"")",2,2
"Exactly 1 of the following cities are in Tanzania: Suining, Rangpur, Xiamen, Port-au-Prince, Nellore.",0,Tanzania,"('Nellore', 'Port-au-Prince', 'Rangpur', 'Suining', 'Xiamen')",1,0
"Exactly 0 of the following cities are in Honduras: Muscat, Cuiaba, Nagoya, Putian, Dalian.",1,Honduras,"('Cuiaba', 'Dalian', 'Muscat', 'Nagoya', 'Putian')",0,0
"Exactly 2 of the following cities are in New Zealand: Osaka, Kanayannur, Ryazan', Jeonju, Auckland.",0,New Zealand,"('Auckland', 'Jeonju', 'Kanayannur', 'Osaka', ""Ryazan'"")",2,1
"Exactly 4 of the following cities are in North Korea: Izhevsk, Torreon, Saitama, Bukavu, Haiphong.",0,North Korea,"('Bukavu', 'Haiphong', 'Izhevsk', 'Saitama', 'Torreon')",4,0
"Exactly 4 of the following cities are in Morocco: Fes, Tangier, Meknes, Oujda, Marrakesh.",0,Morocco,"('Fes', 'Marrakesh', 'Meknes', 'Oujda', 'Tangier')",4,5
"Exactly 3 of the following cities are in Uzbekistan: Andijon, Malang, Namangan, Tashkent, Chattogram.",1,Uzbekistan,"('Andijon', 'Chattogram', 'Malang', 'Namangan', 'Tashkent')",3,3
"Exactly 0 of the following cities are in Russia: Orenburg, Izhevsk, Volgograd, Benxi, Omsk.",0,Russia,"('Benxi', 'Izhevsk', 'Omsk', 'Orenburg', 'Volgograd')",0,4
"Exactly 5 of the following cities are in Mexico: Naucalpan de Juarez, Aguascalientes, Iztapalapa, Tlaquepaque, Tijuana.",1,Mexico,"('Aguascalientes', 'Iztapalapa', 'Naucalpan de Juarez', 'Tijuana', 'Tlaquepaque')",5,5
"Exactly 4 of the following cities are in Kazakhstan: Dakar, Almaty, Aktobe, Izhevsk, Astana.",0,Kazakhstan,"('Aktobe', 'Almaty', 'Astana', 'Dakar', 'Izhevsk')",4,3
"Exactly 1 of the following cities are in Ecuador: Kumasi, Quito, Battagram, Sargodha, Guayaquil.",0,Ecuador,"('Battagram', 'Guayaquil', 'Kumasi', 'Quito', 'Sargodha')",1,2
"Exactly 2 of the following cities are in Côte d'Ivoire: Abobo, Niigata, Abidjan, Kumamoto, Aracaju.",1,Côte d'Ivoire,"('Abidjan', 'Abobo', 'Aracaju', 'Kumamoto', 'Niigata')",2,2
"Exactly 3 of the following cities are in Mali: Yangjiang, Wuzhong, Warri, Saitama, Kunshan.",0,Mali,"('Kunshan', 'Saitama', 'Warri', 'Wuzhong', 'Yangjiang')",3,0
"Exactly 3 of the following cities are in Iceland: Jiaozhou, Kikwit, Bien Hoa, Dammam, Tianshui.",0,Iceland,"('Bien Hoa', 'Dammam', 'Jiaozhou', 'Kikwit', 'Tianshui')",3,0
"Exactly 2 of the following cities are in Sierra Leone: Konya, Bhopal, Nagpur, Aleppo, Kemerovo.",0,Sierra Leone,"('Aleppo', 'Bhopal', 'Kemerovo', 'Konya', 'Nagpur')",2,0
"Exactly 2 of the following cities are in Vietnam: Duesseldorf, Khabarovsk, Nha Trang, Huizhou, Thu GJuc.",1,Vietnam,"('Duesseldorf', 'Huizhou', 'Khabarovsk', 'Nha Trang', 'Thu GJuc')",2,2
"Exactly 3 of the following cities are in Poland: Ludhiana, Samarkand, Wroclaw, Lodz, Krakow.",1,Poland,"('Krakow', 'Lodz', 'Ludhiana', 'Samarkand', 'Wroclaw')",3,3
"Exactly 3 of the following cities are in Germany: Quetta, Nuremberg, Hannover, Wuzhong, Duesseldorf.",1,Germany,"('Duesseldorf', 'Hannover', 'Nuremberg', 'Quetta', 'Wuzhong')",3,3
"Exactly 0 of the following cities are in Cuba: Jamnagar, Chongming, Harbin, Kathmandu, Santiago de Cuba.",0,Cuba,"('Chongming', 'Harbin', 'Jamnagar', 'Kathmandu', 'Santiago de Cuba')",0,1
"Exactly 4 of the following cities are in Kenya: Tucson, Nairobi, Mombasa, Nakuru, Kakamega.",1,Kenya,"('Kakamega', 'Mombasa', 'Nairobi', 'Nakuru', 'Tucson')",4,4
"Exactly 0 of the following cities are in Saudi Arabia: Makkah, Buraydah, Ha'il, Jeddah, Dammam.",0,Saudi Arabia,"('Buraydah', 'Dammam', ""Ha'il"", 'Jeddah', 'Makkah')",0,5
"Exactly 2 of the following cities are in India: Rio de Janeiro, Coimbatore, Mersin, Ahmedabad, Deyang.",1,India,"('Ahmedabad', 'Coimbatore', 'Deyang', 'Mersin', 'Rio de Janeiro')",2,2
"Exactly 0 of the following cities are in Iraq: Likasi, Yibin, Wanzhou, Cuttack, Caloocan.",1,Iraq,"('Caloocan', 'Cuttack', 'Likasi', 'Wanzhou', 'Yibin')",0,0
"Exactly 5 of the following cities are in Belarus: Xinyu, Visakhapatnam, Ahmedabad, Lilongwe, Chizhou.",0,Belarus,"('Ahmedabad', 'Chizhou', 'Lilongwe', 'Visakhapatnam', 'Xinyu')",5,0
"Exactly 1 of the following cities are in the Dominican Republic: Enugu, Santo Domingo Oeste, Carrefour, Santiago de los Caballeros, Rangpur.",0,the Dominican Republic,"('Carrefour', 'Enugu', 'Rangpur', 'Santiago de los Caballeros', 'Santo Domingo Oeste')",1,2
"Exactly 1 of the following cities are in Cameroon: Erbil, Yaounde, San Pedro Sula, Pokhara, Itabashi.",1,Cameroon,"('Erbil', 'Itabashi', 'Pokhara', 'San Pedro Sula', 'Yaounde')",1,1
"Exactly 4 of the following cities are in Niger: Chunian, Niamey, Can Tho, Arusha, Bokaro.",0,Niger,"('Arusha', 'Bokaro', 'Can Tho', 'Chunian', 'Niamey')",4,1
"Exactly 0 of the following cities are in Nepal: Xiamen, Daejeon, Kitakyushu, Guwahati, Cangzhou.",1,Nepal,"('Cangzhou', 'Daejeon', 'Guwahati', 'Kitakyushu', 'Xiamen')",0,0
"Exactly 4 of the following cities are in Thailand: Mexico City, The Bronx, Bahawalpur, Bangkok, Guiyang.",0,Thailand,"('Bahawalpur', 'Bangkok', 'Guiyang', 'Mexico City', 'The Bronx')",4,1
"Exactly 2 of the following cities are in Somalia: Riga, Mogadishu, Indore, Matola, Borama.",1,Somalia,"('Borama', 'Indore', 'Matola', 'Mogadishu', 'Riga')",2,2
"Exactly 1 of the following cities are in North Korea: Luohu District, Pyongyang, Ibague, Arifwala, Karbala.",1,North Korea,"('Arifwala', 'Ibague', 'Karbala', 'Luohu District', 'Pyongyang')",1,1
"Exactly 4 of the following cities are in Colombia: Ibague, Dakar, Sukkur, Soacha, Bucaramanga.",0,Colombia,"('Bucaramanga', 'Dakar', 'Ibague', 'Soacha', 'Sukkur')",4,3
"Exactly 2 of the following cities are in Russia: Yekaterinburg, Izhevsk, Penza, Bengaluru, Binh Thanh.",0,Russia,"('Bengaluru', 'Binh Thanh', 'Izhevsk', 'Penza', 'Yekaterinburg')",2,3
"Exactly 0 of the following cities are in Pakistan: Ha'il, Mianzhu, Deyang, Sichuan, Bloemfontein, Linfen, Bhiwandi.",1,Pakistan,"('Bhiwandi', 'Bloemfontein', ""Ha'il"", 'Linfen', 'Mianzhu, Deyang, Sichuan')",0,0
"Exactly 0 of the following cities are in Peru: Utsunomiya, Arequipa, Callao, Chiclayo, Piura.",0,Peru,"('Arequipa', 'Callao', 'Chiclayo', 'Piura', 'Utsunomiya')",0,4
"Exactly 1 of the following cities are in Jordan: Sagamihara, Beijing, Bagcilar, Gqeberha, Panjin.",0,Jordan,"('Bagcilar', 'Beijing', 'Gqeberha', 'Panjin', 'Sagamihara')",1,0
"Exactly 0 of the following cities are in Eritrea: Asmara, Pudong, Changchun, Amravati, Guarulhos.",0,Eritrea,"('Amravati', 'Asmara', 'Changchun', 'Guarulhos', 'Pudong')",0,1
"Exactly 2 of the following cities are in Peru: Marseille, Baotou, Arequipa, Callao, Recife.",1,Peru,"('Arequipa', 'Baotou', 'Callao', 'Marseille', 'Recife')",2,2
"Exactly 4 of the following cities are in Kenya: Nairobi, Yangquan, Nakuru, Mombasa, Kakamega.",1,Kenya,"('Kakamega', 'Mombasa', 'Nairobi', 'Nakuru', 'Yangquan')",4,4
"Exactly 2 of the following cities are in Tuvalu: Rahim Yar Khan, Nanded, Foshan, Bengaluru, Santiago de Queretaro.",0,Tuvalu,"('Bengaluru', 'Foshan', 'Nanded', 'Rahim Yar Khan', 'Santiago de Queretaro')",2,0
"Exactly 0 of the following cities are in the Philippines: General Santos, Heze, Malingao, Las Pinas, Taguig.",0,the Philippines,"('General Santos', 'Heze', 'Las Pinas', 'Malingao', 'Taguig')",0,4
"Exactly 5 of the following cities are in Croatia: Kolhapur, Carrefour, Toulouse, Nanning, Wuhan.",0,Croatia,"('Carrefour', 'Kolhapur', 'Nanning', 'Toulouse', 'Wuhan')",5,0
"Exactly 5 of the following cities are in Germany: Frankfurt am Main, Madinah, Tabriz, Daegu, Munich.",0,Germany,"('Daegu', 'Frankfurt am Main', 'Madinah', 'Munich', 'Tabriz')",5,2
"Exactly 2 of the following cities are in Malaysia: Kota Kuala Muda, Selayang Baru Utara, Ipoh, Adana, Kuala Lumpur.",0,Malaysia,"('Adana', 'Ipoh', 'Kota Kuala Muda', 'Kuala Lumpur', 'Selayang Baru Utara')",2,4
"Exactly 1 of the following cities are in South Korea: Khabarovsk, Agadir, Changwon, Putuo, Longyan.",1,South Korea,"('Agadir', 'Changwon', 'Khabarovsk', 'Longyan', 'Putuo')",1,1
"Exactly 2 of the following cities are in Malaysia: Kuantan, Londrina, Khartoum North, Xuchang, Kuala Lumpur.",1,Malaysia,"('Khartoum North', 'Kuala Lumpur', 'Kuantan', 'Londrina', 'Xuchang')",2,2
"Exactly 3 of the following cities are in Iran: Tabriz, Chattogram, Arak, Hamadan, Xinyu.",1,Iran,"('Arak', 'Chattogram', 'Hamadan', 'Tabriz', 'Xinyu')",3,3
"Exactly 1 of the following cities are in Bosnia and Herzegovina: Indianapolis, Puducherry, Sarajevo, Fukuoka, Agadir.",1,Bosnia and Herzegovina,"('Agadir', 'Fukuoka', 'Indianapolis', 'Puducherry', 'Sarajevo')",1,1
"Exactly 0 of the following cities are in Burundi: Chizhou, Vinh, Suginami, Perm, Bujumbura.",0,Burundi,"('Bujumbura', 'Chizhou', 'Perm', 'Suginami', 'Vinh')",0,1
"Exactly 5 of the following cities are in Burundi: Chisinau, Bujumbura, Meerut, Lanzhou, Meizhou.",0,Burundi,"('Bujumbura', 'Chisinau', 'Lanzhou', 'Meerut', 'Meizhou')",5,1
"Exactly 3 of the following cities are in India: Coimbatore, Borivli, Jamnagar, Asansol, Bhopal.",0,India,"('Asansol', 'Bhopal', 'Borivli', 'Coimbatore', 'Jamnagar')",3,5
"Exactly 1 of the following cities are in Croatia: Ipoh, Irbid, Zagreb, Kozhikode, Florianopolis.",1,Croatia,"('Florianopolis', 'Ipoh', 'Irbid', 'Kozhikode', 'Zagreb')",1,1
"Exactly 0 of the following cities are in Venezuela: Maturin, Barquisimeto, Caracas, Kisangani, Anshun.",0,Venezuela,"('Anshun', 'Barquisimeto', 'Caracas', 'Kisangani', 'Maturin')",0,3
"Exactly 0 of the following cities are in Somalia: Makassar, Pune, Ranchi, Yinchuan, Vladivostok.",1,Somalia,"('Makassar', 'Pune', 'Ranchi', 'Vladivostok', 'Yinchuan')",0,0
"Exactly 1 of the following cities are in Ecuador: Guayaquil, Sanming, Daegu, Neijiang, Visakhapatnam.",1,Ecuador,"('Daegu', 'Guayaquil', 'Neijiang', 'Sanming', 'Visakhapatnam')",1,1
"Exactly 2 of the following cities are in Niger: Siping, Belford Roxo, Niamey, Golfe, Sao Jose dos Campos.",0,Niger,"('Belford Roxo', 'Golfe', 'Niamey', 'Sao Jose dos Campos', 'Siping')",2,1
"Exactly 4 of the following cities are in Russia: Recife, Kalininskiy, Omsk, Penza, Makhachkala.",1,Russia,"('Kalininskiy', 'Makhachkala', 'Omsk', 'Penza', 'Recife')",4,4
"Exactly 1 of the following cities are in Turkmenistan: Ashgabat, Huainan, Chizhou, Sungai Petani, Himeji.",1,Turkmenistan,"('Ashgabat', 'Chizhou', 'Himeji', 'Huainan', 'Sungai Petani')",1,1
"Exactly 0 of the following cities are in Nigeria: Kirkuk, Malang, Ibadan, Jos, Ludhiana.",0,Nigeria,"('Ibadan', 'Jos', 'Kirkuk', 'Ludhiana', 'Malang')",0,2
"Exactly 5 of the following cities are in Guinea: Qiqihar, Guli, Hamamatsu, Cheongju-si, Agadir.",0,Guinea,"('Agadir', 'Cheongju-si', 'Guli', 'Hamamatsu', 'Qiqihar')",5,0
"Exactly 2 of the following cities are in Venezuela: Chicago, Maracaibo, Santiago de Queretaro, Rui'an, Omsk.",0,Venezuela,"('Chicago', 'Maracaibo', 'Omsk', ""Rui'an"", 'Santiago de Queretaro')",2,1
"Exactly 1 of the following cities are in Cambodia: Wuzhou, Pimpri, Phnom Penh, Jiujiang, Tashkent.",1,Cambodia,"('Jiujiang', 'Phnom Penh', 'Pimpri', 'Tashkent', 'Wuzhou')",1,1
"Exactly 4 of the following cities are in Jordan: Guayaquil, Shaoguan, Barranquilla, Xianyang, Jeonju.",0,Jordan,"('Barranquilla', 'Guayaquil', 'Jeonju', 'Shaoguan', 'Xianyang')",4,0
"Exactly 0 of the following cities are in Cambodia: Bikaner, Bahawalpur, Chelyabinsk, Katsina, Phnom Penh.",0,Cambodia,"('Bahawalpur', 'Bikaner', 'Chelyabinsk', 'Katsina', 'Phnom Penh')",0,1
"Exactly 0 of the following cities are in Germany: Ar Raqqah, Huaibei, Krakow, Bandar Lampung, Mogadishu.",1,Germany,"('Ar Raqqah', 'Bandar Lampung', 'Huaibei', 'Krakow', 'Mogadishu')",0,0
"Exactly 1 of the following cities are in Argentina: Las Pinas, Luohu District, Joao Pessoa, Dombivali, Phnom Penh.",0,Argentina,"('Dombivali', 'Joao Pessoa', 'Las Pinas', 'Luohu District', 'Phnom Penh')",1,0
"Exactly 2 of the following cities are in Mexico: Coyoacan, Astana, Naucalpan de Juarez, Zhabei, Pimpri-Chinchwad.",1,Mexico,"('Astana', 'Coyoacan', 'Naucalpan de Juarez', 'Pimpri-Chinchwad', 'Zhabei')",2,2
"Exactly 3 of the following cities are in Iraq: Bilimora, Baghdad, Xiamen, Sulaymaniyah, Aguascalientes.",0,Iraq,"('Aguascalientes', 'Baghdad', 'Bilimora', 'Sulaymaniyah', 'Xiamen')",3,2
"Exactly 1 of the following cities are in Myanmar: Jinan, Yangon, Mandalay, Hlaingthaya, Nay Pyi Taw.",0,Myanmar,"('Hlaingthaya', 'Jinan', 'Mandalay', 'Nay Pyi Taw', 'Yangon')",1,4
"Exactly 3 of the following cities are in Brazil: Borivli, Maiduguri, Joao Pessoa, Sao Bernardo do Campo, Ribeirao Preto.",1,Brazil,"('Borivli', 'Joao Pessoa', 'Maiduguri', 'Ribeirao Preto', 'Sao Bernardo do Campo')",3,3
"Exactly 2 of the following cities are in Bangladesh: Chattogram, Pallabi, Islamabad, Jabalpur, Juiz de Fora.",1,Bangladesh,"('Chattogram', 'Islamabad', 'Jabalpur', 'Juiz de Fora', 'Pallabi')",2,2
"Exactly 1 of the following cities are in the Dominican Republic: Bucharest, Durban, Santo Domingo Este, Jiangyin, Vientiane.",1,the Dominican Republic,"('Bucharest', 'Durban', 'Jiangyin', 'Santo Domingo Este', 'Vientiane')",1,1
"Exactly 2 of the following cities are in Peru: Calgary, Jinan, Wanning, Chiclayo, Arequipa.",1,Peru,"('Arequipa', 'Calgary', 'Chiclayo', 'Jinan', 'Wanning')",2,2
"Exactly 5 of the following cities are in Iraq: Chattogram, Kirkuk, Mosul, Binh Thanh, Ansan-si.",0,Iraq,"('Ansan-si', 'Binh Thanh', 'Chattogram', 'Kirkuk', 'Mosul')",5,2
"Exactly 4 of the following cities are in Turkey: Mazar-e Sharif, Aleppo, Cankaya, Indore, Esenyurt.",0,Turkey,"('Aleppo', 'Cankaya', 'Esenyurt', 'Indore', 'Mazar-e Sharif')",4,2
"Exactly 2 of the following cities are in North Korea: Pyongyang, Hamhung, Yingkou, Lodz, Rahim Yar Khan.",1,North Korea,"('Hamhung', 'Lodz', 'Pyongyang', 'Rahim Yar Khan', 'Yingkou')",2,2
"Exactly 4 of the following cities are in Peru: Piura, Tshikapa, Agege, Al Mawsil al Jadidah, Ra's Bayrut.",0,Peru,"('Agege', 'Al Mawsil al Jadidah', 'Piura', ""Ra's Bayrut"", 'Tshikapa')",4,1
"Exactly 0 of the following cities are in Mexico: Pimpri, Prayagraj, Coyoacan, Virar, Pekanbaru.",0,Mexico,"('Coyoacan', 'Pekanbaru', 'Pimpri', 'Prayagraj', 'Virar')",0,1
"Exactly 3 of the following cities are in India: Thane, Izhevsk, Gwalior, Bhubaneswar, Tangshan.",1,India,"('Bhubaneswar', 'Gwalior', 'Izhevsk', 'Tangshan', 'Thane')",3,3
