train_task,test_task,train_condition,test_condition,layer,model,auroc
A1,A2,ablation-filler-token,ablation-filler-token,0,deepseek-r1-distill-8b,0.5
A1,A2,ablation-filler-token,ablation-filler-token,1,deepseek-r1-distill-8b,0.5615555555555556
A1,A2,ablation-filler-token,ablation-filler-token,2,deepseek-r1-distill-8b,0.5477342047930283
A1,A2,ablation-filler-token,ablation-filler-token,3,deepseek-r1-distill-8b,0.5457167755991286
A1,A2,ablation-filler-token,ablation-filler-token,4,deepseek-r1-distill-8b,0.5444575163398693
A1,A2,ablation-filler-token,ablation-filler-token,5,deepseek-r1-distill-8b,0.5433202614379086
A1,A2,ablation-filler-token,ablation-filler-token,6,deepseek-r1-distill-8b,0.5411198257080609
A1,A2,ablation-filler-token,ablation-filler-token,7,deepseek-r1-distill-8b,0.5393420479302833
A1,A2,ablation-filler-token,ablation-filler-token,8,deepseek-r1-distill-8b,0.5385185185185185
A1,A2,ablation-filler-token,ablation-filler-token,9,deepseek-r1-distill-8b,0.538078431372549
A1,A2,ablation-filler-token,ablation-filler-token,10,deepseek-r1-distill-8b,0.5385141612200436
A1,A2,ablation-filler-token,ablation-filler-token,11,deepseek-r1-distill-8b,0.5381263616557734
A1,A2,ablation-filler-token,ablation-filler-token,12,deepseek-r1-distill-8b,0.5377342047930284
A1,A2,ablation-filler-token,ablation-filler-token,13,deepseek-r1-distill-8b,0.5378954248366014
A1,A2,ablation-filler-token,ablation-filler-token,14,deepseek-r1-distill-8b,0.5379433551198257
A1,A2,ablation-filler-token,ablation-filler-token,15,deepseek-r1-distill-8b,0.5378649237472766
A1,A2,ablation-filler-token,ablation-filler-token,16,deepseek-r1-distill-8b,0.5374814814814814
A1,A2,ablation-filler-token,ablation-filler-token,17,deepseek-r1-distill-8b,0.5385577342047931
A1,A2,ablation-filler-token,ablation-filler-token,18,deepseek-r1-distill-8b,0.5402962962962963
A1,A2,ablation-filler-token,ablation-filler-token,19,deepseek-r1-distill-8b,0.5421873638344227
A1,A2,ablation-filler-token,ablation-filler-token,20,deepseek-r1-distill-8b,0.5453507625272331
A1,A2,ablation-filler-token,ablation-filler-token,21,deepseek-r1-distill-8b,0.5473115468409586
A1,A2,ablation-filler-token,ablation-filler-token,22,deepseek-r1-distill-8b,0.5506884531590414
A1,A2,ablation-filler-token,ablation-filler-token,23,deepseek-r1-distill-8b,0.5526361655773421
A1,A2,ablation-filler-token,ablation-filler-token,24,deepseek-r1-distill-8b,0.5532636165577342
A1,A2,ablation-filler-token,ablation-filler-token,25,deepseek-r1-distill-8b,0.5667821350762527
A1,A2,ablation-filler-token,ablation-filler-token,26,deepseek-r1-distill-8b,0.5802222222222222
A1,A2,ablation-filler-token,ablation-filler-token,27,deepseek-r1-distill-8b,0.5971503267973857
A1,A2,ablation-filler-token,ablation-filler-token,28,deepseek-r1-distill-8b,0.6171089324618737
A1,A2,ablation-filler-token,ablation-filler-token,29,deepseek-r1-distill-8b,0.6239389978213508
A1,A2,ablation-filler-token,ablation-filler-token,30,deepseek-r1-distill-8b,0.6301873638344226
A1,A2,ablation-filler-token,ablation-filler-token,31,deepseek-r1-distill-8b,0.6298997821350764
A1,A2,ablation-filler-token,ablation-filler-token,32,deepseek-r1-distill-8b,0.6019433551198257
A1,A3,ablation-filler-token,ablation-filler-token,0,deepseek-r1-distill-8b,0.5
A1,A3,ablation-filler-token,ablation-filler-token,1,deepseek-r1-distill-8b,0.5358048780487805
A1,A3,ablation-filler-token,ablation-filler-token,2,deepseek-r1-distill-8b,0.5293170731707317
A1,A3,ablation-filler-token,ablation-filler-token,3,deepseek-r1-distill-8b,0.5233414634146341
A1,A3,ablation-filler-token,ablation-filler-token,4,deepseek-r1-distill-8b,0.5228048780487805
A1,A3,ablation-filler-token,ablation-filler-token,5,deepseek-r1-distill-8b,0.5215325203252033
A1,A3,ablation-filler-token,ablation-filler-token,6,deepseek-r1-distill-8b,0.5172886178861789
A1,A3,ablation-filler-token,ablation-filler-token,7,deepseek-r1-distill-8b,0.5139512195121951
A1,A3,ablation-filler-token,ablation-filler-token,8,deepseek-r1-distill-8b,0.5101910569105691
A1,A3,ablation-filler-token,ablation-filler-token,9,deepseek-r1-distill-8b,0.5087886178861788
A1,A3,ablation-filler-token,ablation-filler-token,10,deepseek-r1-distill-8b,0.5087967479674798
A1,A3,ablation-filler-token,ablation-filler-token,11,deepseek-r1-distill-8b,0.5086138211382114
A1,A3,ablation-filler-token,ablation-filler-token,12,deepseek-r1-distill-8b,0.509260162601626
A1,A3,ablation-filler-token,ablation-filler-token,13,deepseek-r1-distill-8b,0.5098008130081302
A1,A3,ablation-filler-token,ablation-filler-token,14,deepseek-r1-distill-8b,0.5099634146341463
A1,A3,ablation-filler-token,ablation-filler-token,15,deepseek-r1-distill-8b,0.5098658536585365
A1,A3,ablation-filler-token,ablation-filler-token,16,deepseek-r1-distill-8b,0.5101747967479674
A1,A3,ablation-filler-token,ablation-filler-token,17,deepseek-r1-distill-8b,0.5095447154471544
A1,A3,ablation-filler-token,ablation-filler-token,18,deepseek-r1-distill-8b,0.5102682926829268
A1,A3,ablation-filler-token,ablation-filler-token,19,deepseek-r1-distill-8b,0.5098373983739838
A1,A3,ablation-filler-token,ablation-filler-token,20,deepseek-r1-distill-8b,0.5094349593495935
A1,A3,ablation-filler-token,ablation-filler-token,21,deepseek-r1-distill-8b,0.5089065040650407
A1,A3,ablation-filler-token,ablation-filler-token,22,deepseek-r1-distill-8b,0.5056178861788618
A1,A3,ablation-filler-token,ablation-filler-token,23,deepseek-r1-distill-8b,0.5067073170731707
A1,A3,ablation-filler-token,ablation-filler-token,24,deepseek-r1-distill-8b,0.5052560975609757
A1,A3,ablation-filler-token,ablation-filler-token,25,deepseek-r1-distill-8b,0.5077439024390243
A1,A3,ablation-filler-token,ablation-filler-token,26,deepseek-r1-distill-8b,0.5126747967479675
A1,A3,ablation-filler-token,ablation-filler-token,27,deepseek-r1-distill-8b,0.5159552845528456
A1,A3,ablation-filler-token,ablation-filler-token,28,deepseek-r1-distill-8b,0.5191666666666667
A1,A3,ablation-filler-token,ablation-filler-token,29,deepseek-r1-distill-8b,0.51869918699187
A1,A3,ablation-filler-token,ablation-filler-token,30,deepseek-r1-distill-8b,0.5213617886178862
A1,A3,ablation-filler-token,ablation-filler-token,31,deepseek-r1-distill-8b,0.5213292682926829
A1,A3,ablation-filler-token,ablation-filler-token,32,deepseek-r1-distill-8b,0.503040650406504
A1,F0,ablation-filler-token,ablation-filler-token,0,deepseek-r1-distill-8b,0.5
A1,F0,ablation-filler-token,ablation-filler-token,1,deepseek-r1-distill-8b,0.4896612547152426
A1,F0,ablation-filler-token,ablation-filler-token,2,deepseek-r1-distill-8b,0.4885987972605521
A1,F0,ablation-filler-token,ablation-filler-token,3,deepseek-r1-distill-8b,0.4816298285400519
A1,F0,ablation-filler-token,ablation-filler-token,4,deepseek-r1-distill-8b,0.4809801311053694
A1,F0,ablation-filler-token,ablation-filler-token,5,deepseek-r1-distill-8b,0.4811653559890633
A1,F0,ablation-filler-token,ablation-filler-token,6,deepseek-r1-distill-8b,0.4845163279966001
A1,F0,ablation-filler-token,ablation-filler-token,7,deepseek-r1-distill-8b,0.4873106851252194
A1,F0,ablation-filler-token,ablation-filler-token,8,deepseek-r1-distill-8b,0.487765755397848
A1,F0,ablation-filler-token,ablation-filler-token,9,deepseek-r1-distill-8b,0.489294565859199
A1,F0,ablation-filler-token,ablation-filler-token,10,deepseek-r1-distill-8b,0.4933431869210547
A1,F0,ablation-filler-token,ablation-filler-token,11,deepseek-r1-distill-8b,0.4991312294795275
A1,F0,ablation-filler-token,ablation-filler-token,12,deepseek-r1-distill-8b,0.5047387482934865
A1,F0,ablation-filler-token,ablation-filler-token,13,deepseek-r1-distill-8b,0.5049700443411447
A1,F0,ablation-filler-token,ablation-filler-token,14,deepseek-r1-distill-8b,0.506724509483138
A1,F0,ablation-filler-token,ablation-filler-token,15,deepseek-r1-distill-8b,0.5019707175442752
A1,F0,ablation-filler-token,ablation-filler-token,16,deepseek-r1-distill-8b,0.5000206850123922
A1,F0,ablation-filler-token,ablation-filler-token,17,deepseek-r1-distill-8b,0.5105437149530074
A1,F0,ablation-filler-token,ablation-filler-token,18,deepseek-r1-distill-8b,0.5118901212141727
A1,F0,ablation-filler-token,ablation-filler-token,19,deepseek-r1-distill-8b,0.5166721199881155
A1,F0,ablation-filler-token,ablation-filler-token,20,deepseek-r1-distill-8b,0.5224169120661318
A1,F0,ablation-filler-token,ablation-filler-token,21,deepseek-r1-distill-8b,0.5289853437284924
A1,F0,ablation-filler-token,ablation-filler-token,22,deepseek-r1-distill-8b,0.5291508238276299
A1,F0,ablation-filler-token,ablation-filler-token,23,deepseek-r1-distill-8b,0.537014889448011
A1,F0,ablation-filler-token,ablation-filler-token,24,deepseek-r1-distill-8b,0.5397340283497497
A1,F0,ablation-filler-token,ablation-filler-token,25,deepseek-r1-distill-8b,0.5524665937049865
A1,F0,ablation-filler-token,ablation-filler-token,26,deepseek-r1-distill-8b,0.5626624243586706
A1,F0,ablation-filler-token,ablation-filler-token,27,deepseek-r1-distill-8b,0.5803781972447563
A1,F0,ablation-filler-token,ablation-filler-token,28,deepseek-r1-distill-8b,0.5981033724092022
A1,F0,ablation-filler-token,ablation-filler-token,29,deepseek-r1-distill-8b,0.5931652958144817
A1,F0,ablation-filler-token,ablation-filler-token,30,deepseek-r1-distill-8b,0.5884378302550274
A1,F0,ablation-filler-token,ablation-filler-token,31,deepseek-r1-distill-8b,0.5337917884261714
A1,F0,ablation-filler-token,ablation-filler-token,32,deepseek-r1-distill-8b,0.5164577480415053
A1,F1,ablation-filler-token,ablation-filler-token,0,deepseek-r1-distill-8b,0.5
A1,F1,ablation-filler-token,ablation-filler-token,1,deepseek-r1-distill-8b,0.4225035161744023
A1,F1,ablation-filler-token,ablation-filler-token,2,deepseek-r1-distill-8b,0.4004930545678661
A1,F1,ablation-filler-token,ablation-filler-token,3,deepseek-r1-distill-8b,0.4052134199339434
A1,F1,ablation-filler-token,ablation-filler-token,4,deepseek-r1-distill-8b,0.4001264242481708
A1,F1,ablation-filler-token,ablation-filler-token,5,deepseek-r1-distill-8b,0.3983185574993284
A1,F1,ablation-filler-token,ablation-filler-token,6,deepseek-r1-distill-8b,0.394555855813145
A1,F1,ablation-filler-token,ablation-filler-token,7,deepseek-r1-distill-8b,0.3903759541079979
A1,F1,ablation-filler-token,ablation-filler-token,8,deepseek-r1-distill-8b,0.3869071887988116
A1,F1,ablation-filler-token,ablation-filler-token,9,deepseek-r1-distill-8b,0.3854469887324389
A1,F1,ablation-filler-token,ablation-filler-token,10,deepseek-r1-distill-8b,0.390295358649789
A1,F1,ablation-filler-token,ablation-filler-token,11,deepseek-r1-distill-8b,0.3931430648398363
A1,F1,ablation-filler-token,ablation-filler-token,12,deepseek-r1-distill-8b,0.4030207493797311
A1,F1,ablation-filler-token,ablation-filler-token,13,deepseek-r1-distill-8b,0.4119913399390003
A1,F1,ablation-filler-token,ablation-filler-token,14,deepseek-r1-distill-8b,0.4240948813982522
A1,F1,ablation-filler-token,ablation-filler-token,15,deepseek-r1-distill-8b,0.4356152910128162
A1,F1,ablation-filler-token,ablation-filler-token,16,deepseek-r1-distill-8b,0.4469587066799412
A1,F1,ablation-filler-token,ablation-filler-token,17,deepseek-r1-distill-8b,0.4584253859890326
A1,F1,ablation-filler-token,ablation-filler-token,18,deepseek-r1-distill-8b,0.4642029741304382
A1,F1,ablation-filler-token,ablation-filler-token,19,deepseek-r1-distill-8b,0.4795587793738839
A1,F1,ablation-filler-token,ablation-filler-token,20,deepseek-r1-distill-8b,0.4884859115978445
A1,F1,ablation-filler-token,ablation-filler-token,21,deepseek-r1-distill-8b,0.4946427724837623
A1,F1,ablation-filler-token,ablation-filler-token,22,deepseek-r1-distill-8b,0.5141721582199466
A1,F1,ablation-filler-token,ablation-filler-token,23,deepseek-r1-distill-8b,0.5217734161412159
A1,F1,ablation-filler-token,ablation-filler-token,24,deepseek-r1-distill-8b,0.5242134041309123
A1,F1,ablation-filler-token,ablation-filler-token,25,deepseek-r1-distill-8b,0.530602569572844
A1,F1,ablation-filler-token,ablation-filler-token,26,deepseek-r1-distill-8b,0.5495346007364212
A1,F1,ablation-filler-token,ablation-filler-token,27,deepseek-r1-distill-8b,0.5463961187755811
A1,F1,ablation-filler-token,ablation-filler-token,28,deepseek-r1-distill-8b,0.5877479100491474
A1,F1,ablation-filler-token,ablation-filler-token,29,deepseek-r1-distill-8b,0.6016545773479354
A1,F1,ablation-filler-token,ablation-filler-token,30,deepseek-r1-distill-8b,0.5833357037879865
A1,F1,ablation-filler-token,ablation-filler-token,31,deepseek-r1-distill-8b,0.5553785616081165
A1,F1,ablation-filler-token,ablation-filler-token,32,deepseek-r1-distill-8b,0.5783182414387079
A1,F2,ablation-filler-token,ablation-filler-token,0,deepseek-r1-distill-8b,0.5
A1,F2,ablation-filler-token,ablation-filler-token,1,deepseek-r1-distill-8b,0.6021122098037741
A1,F2,ablation-filler-token,ablation-filler-token,2,deepseek-r1-distill-8b,0.5347009730766615
A1,F2,ablation-filler-token,ablation-filler-token,3,deepseek-r1-distill-8b,0.4118791223342388
A1,F2,ablation-filler-token,ablation-filler-token,4,deepseek-r1-distill-8b,0.417428057103388
A1,F2,ablation-filler-token,ablation-filler-token,5,deepseek-r1-distill-8b,0.4227264756301378
A1,F2,ablation-filler-token,ablation-filler-token,6,deepseek-r1-distill-8b,0.4954844447307487
A1,F2,ablation-filler-token,ablation-filler-token,7,deepseek-r1-distill-8b,0.5566506694151877
A1,F2,ablation-filler-token,ablation-filler-token,8,deepseek-r1-distill-8b,0.5583649162738931
A1,F2,ablation-filler-token,ablation-filler-token,9,deepseek-r1-distill-8b,0.5611939604112761
A1,F2,ablation-filler-token,ablation-filler-token,10,deepseek-r1-distill-8b,0.5609076561342481
A1,F2,ablation-filler-token,ablation-filler-token,11,deepseek-r1-distill-8b,0.5924064948125244
A1,F2,ablation-filler-token,ablation-filler-token,12,deepseek-r1-distill-8b,0.5291654588204979
A1,F2,ablation-filler-token,ablation-filler-token,13,deepseek-r1-distill-8b,0.5208053739312799
A1,F2,ablation-filler-token,ablation-filler-token,14,deepseek-r1-distill-8b,0.5251196215057458
A1,F2,ablation-filler-token,ablation-filler-token,15,deepseek-r1-distill-8b,0.5104590531201798
A1,F2,ablation-filler-token,ablation-filler-token,16,deepseek-r1-distill-8b,0.4833728791115977
A1,F2,ablation-filler-token,ablation-filler-token,17,deepseek-r1-distill-8b,0.4851050199876173
A1,F2,ablation-filler-token,ablation-filler-token,18,deepseek-r1-distill-8b,0.4868980005225053
A1,F2,ablation-filler-token,ablation-filler-token,19,deepseek-r1-distill-8b,0.4887965557595473
A1,F2,ablation-filler-token,ablation-filler-token,20,deepseek-r1-distill-8b,0.4916059164778847
A1,F2,ablation-filler-token,ablation-filler-token,21,deepseek-r1-distill-8b,0.4918975889601071
A1,F2,ablation-filler-token,ablation-filler-token,22,deepseek-r1-distill-8b,0.4563690175826614
A1,F2,ablation-filler-token,ablation-filler-token,23,deepseek-r1-distill-8b,0.4635964111758874
A1,F2,ablation-filler-token,ablation-filler-token,24,deepseek-r1-distill-8b,0.4751040537106823
A1,F2,ablation-filler-token,ablation-filler-token,25,deepseek-r1-distill-8b,0.4594503673641754
A1,F2,ablation-filler-token,ablation-filler-token,26,deepseek-r1-distill-8b,0.4558017772337996
A1,F2,ablation-filler-token,ablation-filler-token,27,deepseek-r1-distill-8b,0.4544149908919452
A1,F2,ablation-filler-token,ablation-filler-token,28,deepseek-r1-distill-8b,0.4490360492872813
A1,F2,ablation-filler-token,ablation-filler-token,29,deepseek-r1-distill-8b,0.4565390107471467
A1,F2,ablation-filler-token,ablation-filler-token,30,deepseek-r1-distill-8b,0.4416547671451526
A1,F2,ablation-filler-token,ablation-filler-token,31,deepseek-r1-distill-8b,0.4436338454601088
A1,F2,ablation-filler-token,ablation-filler-token,32,deepseek-r1-distill-8b,0.4642262805853491
A1,F3,ablation-filler-token,ablation-filler-token,0,deepseek-r1-distill-8b,0.5
A1,F3,ablation-filler-token,ablation-filler-token,1,deepseek-r1-distill-8b,0.4853767158035106
A1,F3,ablation-filler-token,ablation-filler-token,2,deepseek-r1-distill-8b,0.4878389934919048
A1,F3,ablation-filler-token,ablation-filler-token,3,deepseek-r1-distill-8b,0.5155817425461292
A1,F3,ablation-filler-token,ablation-filler-token,4,deepseek-r1-distill-8b,0.5156288501398734
A1,F3,ablation-filler-token,ablation-filler-token,5,deepseek-r1-distill-8b,0.5157303126494761
A1,F3,ablation-filler-token,ablation-filler-token,6,deepseek-r1-distill-8b,0.5119979417605195
A1,F3,ablation-filler-token,ablation-filler-token,7,deepseek-r1-distill-8b,0.5113656129060312
A1,F3,ablation-filler-token,ablation-filler-token,8,deepseek-r1-distill-8b,0.5135533982693394
A1,F3,ablation-filler-token,ablation-filler-token,9,deepseek-r1-distill-8b,0.5129527764491022
A1,F3,ablation-filler-token,ablation-filler-token,10,deepseek-r1-distill-8b,0.5179932889797221
A1,F3,ablation-filler-token,ablation-filler-token,11,deepseek-r1-distill-8b,0.5144257946688698
A1,F3,ablation-filler-token,ablation-filler-token,12,deepseek-r1-distill-8b,0.5109334913249555
A1,F3,ablation-filler-token,ablation-filler-token,13,deepseek-r1-distill-8b,0.5143261439897957
A1,F3,ablation-filler-token,ablation-filler-token,14,deepseek-r1-distill-8b,0.5107785798147585
A1,F3,ablation-filler-token,ablation-filler-token,15,deepseek-r1-distill-8b,0.506926628110913
A1,F3,ablation-filler-token,ablation-filler-token,16,deepseek-r1-distill-8b,0.5031924453914278
A1,F3,ablation-filler-token,ablation-filler-token,17,deepseek-r1-distill-8b,0.5028934933542055
A1,F3,ablation-filler-token,ablation-filler-token,18,deepseek-r1-distill-8b,0.5036435911930541
A1,F3,ablation-filler-token,ablation-filler-token,19,deepseek-r1-distill-8b,0.5041690220463538
A1,F3,ablation-filler-token,ablation-filler-token,20,deepseek-r1-distill-8b,0.5057797393862968
A1,F3,ablation-filler-token,ablation-filler-token,21,deepseek-r1-distill-8b,0.5082012508877969
A1,F3,ablation-filler-token,ablation-filler-token,22,deepseek-r1-distill-8b,0.506131234508849
A1,F3,ablation-filler-token,ablation-filler-token,23,deepseek-r1-distill-8b,0.5076042527286168
A1,F3,ablation-filler-token,ablation-filler-token,24,deepseek-r1-distill-8b,0.5047451841544549
A1,F3,ablation-filler-token,ablation-filler-token,25,deepseek-r1-distill-8b,0.5032594831209869
A1,F3,ablation-filler-token,ablation-filler-token,26,deepseek-r1-distill-8b,0.5069954776710005
A1,F3,ablation-filler-token,ablation-filler-token,27,deepseek-r1-distill-8b,0.5059101911843573
A1,F3,ablation-filler-token,ablation-filler-token,28,deepseek-r1-distill-8b,0.5049046252409735
A1,F3,ablation-filler-token,ablation-filler-token,29,deepseek-r1-distill-8b,0.4989509501239292
A1,F3,ablation-filler-token,ablation-filler-token,30,deepseek-r1-distill-8b,0.4978692872983432
A1,F3,ablation-filler-token,ablation-filler-token,31,deepseek-r1-distill-8b,0.5012737168616197
A1,F3,ablation-filler-token,ablation-filler-token,32,deepseek-r1-distill-8b,0.5003370004783232
A1,F4,ablation-filler-token,ablation-filler-token,0,deepseek-r1-distill-8b,0.5
A1,F4,ablation-filler-token,ablation-filler-token,1,deepseek-r1-distill-8b,0.4934332353631108
A1,F4,ablation-filler-token,ablation-filler-token,2,deepseek-r1-distill-8b,0.478612134508976
A1,F4,ablation-filler-token,ablation-filler-token,3,deepseek-r1-distill-8b,0.5264050447765314
A1,F4,ablation-filler-token,ablation-filler-token,4,deepseek-r1-distill-8b,0.5267099943425646
A1,F4,ablation-filler-token,ablation-filler-token,5,deepseek-r1-distill-8b,0.5265223330711595
A1,F4,ablation-filler-token,ablation-filler-token,6,deepseek-r1-distill-8b,0.5323412123470077
A1,F4,ablation-filler-token,ablation-filler-token,7,deepseek-r1-distill-8b,0.5260324819583005
A1,F4,ablation-filler-token,ablation-filler-token,8,deepseek-r1-distill-8b,0.5285272729781568
A1,F4,ablation-filler-token,ablation-filler-token,9,deepseek-r1-distill-8b,0.5245781071049109
A1,F4,ablation-filler-token,ablation-filler-token,10,deepseek-r1-distill-8b,0.5120241199928247
A1,F4,ablation-filler-token,ablation-filler-token,11,deepseek-r1-distill-8b,0.5057326378827393
A1,F4,ablation-filler-token,ablation-filler-token,12,deepseek-r1-distill-8b,0.4835465220570987
A1,F4,ablation-filler-token,ablation-filler-token,13,deepseek-r1-distill-8b,0.4847380331442922
A1,F4,ablation-filler-token,ablation-filler-token,14,deepseek-r1-distill-8b,0.480543251783472
A1,F4,ablation-filler-token,ablation-filler-token,15,deepseek-r1-distill-8b,0.4829276538201487
A1,F4,ablation-filler-token,ablation-filler-token,16,deepseek-r1-distill-8b,0.4868209352706599
A1,F4,ablation-filler-token,ablation-filler-token,17,deepseek-r1-distill-8b,0.4899097570062507
A1,F4,ablation-filler-token,ablation-filler-token,18,deepseek-r1-distill-8b,0.4888838293938265
A1,F4,ablation-filler-token,ablation-filler-token,19,deepseek-r1-distill-8b,0.4951539236384208
A1,F4,ablation-filler-token,ablation-filler-token,20,deepseek-r1-distill-8b,0.4968539139793848
A1,F4,ablation-filler-token,ablation-filler-token,21,deepseek-r1-distill-8b,0.4995073891625616
A1,F4,ablation-filler-token,ablation-filler-token,22,deepseek-r1-distill-8b,0.4994025196285411
A1,F4,ablation-filler-token,ablation-filler-token,23,deepseek-r1-distill-8b,0.4989375060368975
A1,F4,ablation-filler-token,ablation-filler-token,24,deepseek-r1-distill-8b,0.5008223979246871
A1,F4,ablation-filler-token,ablation-filler-token,25,deepseek-r1-distill-8b,0.5017800223537691
A1,F4,ablation-filler-token,ablation-filler-token,26,deepseek-r1-distill-8b,0.5037007906610921
A1,F4,ablation-filler-token,ablation-filler-token,27,deepseek-r1-distill-8b,0.5013426060079205
A1,F4,ablation-filler-token,ablation-filler-token,28,deepseek-r1-distill-8b,0.4996439955292462
A1,F4,ablation-filler-token,ablation-filler-token,29,deepseek-r1-distill-8b,0.4892287949662623
A1,F4,ablation-filler-token,ablation-filler-token,30,deepseek-r1-distill-8b,0.4938651322598005
A1,F4,ablation-filler-token,ablation-filler-token,31,deepseek-r1-distill-8b,0.4938044183190517
A1,F4,ablation-filler-token,ablation-filler-token,32,deepseek-r1-distill-8b,0.4699231416704613
A1,F5,ablation-filler-token,ablation-filler-token,0,deepseek-r1-distill-8b,0.5
A1,F5,ablation-filler-token,ablation-filler-token,1,deepseek-r1-distill-8b,0.5139846336056364
A1,F5,ablation-filler-token,ablation-filler-token,2,deepseek-r1-distill-8b,0.4899233957909442
A1,F5,ablation-filler-token,ablation-filler-token,3,deepseek-r1-distill-8b,0.4648524097300252
A1,F5,ablation-filler-token,ablation-filler-token,4,deepseek-r1-distill-8b,0.4591659327644325
A1,F5,ablation-filler-token,ablation-filler-token,5,deepseek-r1-distill-8b,0.4551193476874487
A1,F5,ablation-filler-token,ablation-filler-token,6,deepseek-r1-distill-8b,0.4619433731158958
A1,F5,ablation-filler-token,ablation-filler-token,7,deepseek-r1-distill-8b,0.4604458329537287
A1,F5,ablation-filler-token,ablation-filler-token,8,deepseek-r1-distill-8b,0.4627177665077389
A1,F5,ablation-filler-token,ablation-filler-token,9,deepseek-r1-distill-8b,0.4658684847196493
A1,F5,ablation-filler-token,ablation-filler-token,10,deepseek-r1-distill-8b,0.4807211475194105
A1,F5,ablation-filler-token,ablation-filler-token,11,deepseek-r1-distill-8b,0.4803200319880145
A1,F5,ablation-filler-token,ablation-filler-token,12,deepseek-r1-distill-8b,0.4818055513377267
A1,F5,ablation-filler-token,ablation-filler-token,13,deepseek-r1-distill-8b,0.4806022047435391
A1,F5,ablation-filler-token,ablation-filler-token,14,deepseek-r1-distill-8b,0.4785586666261754
A1,F5,ablation-filler-token,ablation-filler-token,15,deepseek-r1-distill-8b,0.4744513448125765
A1,F5,ablation-filler-token,ablation-filler-token,16,deepseek-r1-distill-8b,0.4767416259224392
A1,F5,ablation-filler-token,ablation-filler-token,17,deepseek-r1-distill-8b,0.4756268537358154
A1,F5,ablation-filler-token,ablation-filler-token,18,deepseek-r1-distill-8b,0.4760304999645702
A1,F5,ablation-filler-token,ablation-filler-token,19,deepseek-r1-distill-8b,0.4738009555913227
A1,F5,ablation-filler-token,ablation-filler-token,20,deepseek-r1-distill-8b,0.4705350906495794
A1,F5,ablation-filler-token,ablation-filler-token,21,deepseek-r1-distill-8b,0.4690293257209956
A1,F5,ablation-filler-token,ablation-filler-token,22,deepseek-r1-distill-8b,0.4675248261410914
A1,F5,ablation-filler-token,ablation-filler-token,23,deepseek-r1-distill-8b,0.467374249648233
A1,F5,ablation-filler-token,ablation-filler-token,24,deepseek-r1-distill-8b,0.4615587071173332
A1,F5,ablation-filler-token,ablation-filler-token,25,deepseek-r1-distill-8b,0.4540159636389402
A1,F5,ablation-filler-token,ablation-filler-token,26,deepseek-r1-distill-8b,0.4618750442872038
A1,F5,ablation-filler-token,ablation-filler-token,27,deepseek-r1-distill-8b,0.4607805176794518
A1,F5,ablation-filler-token,ablation-filler-token,28,deepseek-r1-distill-8b,0.4608437851134259
A1,F5,ablation-filler-token,ablation-filler-token,29,deepseek-r1-distill-8b,0.4578550315324891
A1,F5,ablation-filler-token,ablation-filler-token,30,deepseek-r1-distill-8b,0.4582599431099233
A1,F5,ablation-filler-token,ablation-filler-token,31,deepseek-r1-distill-8b,0.4748056424428315
A1,F5,ablation-filler-token,ablation-filler-token,32,deepseek-r1-distill-8b,0.4774818548999362
A2,A1,ablation-filler-token,ablation-filler-token,0,deepseek-r1-distill-8b,0.5
A2,A1,ablation-filler-token,ablation-filler-token,1,deepseek-r1-distill-8b,0.5693315351877759
A2,A1,ablation-filler-token,ablation-filler-token,2,deepseek-r1-distill-8b,0.5801960314759499
A2,A1,ablation-filler-token,ablation-filler-token,3,deepseek-r1-distill-8b,0.5746083361691937
A2,A1,ablation-filler-token,ablation-filler-token,4,deepseek-r1-distill-8b,0.5625296715023338
A2,A1,ablation-filler-token,ablation-filler-token,5,deepseek-r1-distill-8b,0.5535851577368573
A2,A1,ablation-filler-token,ablation-filler-token,6,deepseek-r1-distill-8b,0.5439768425740369
A2,A1,ablation-filler-token,ablation-filler-token,7,deepseek-r1-distill-8b,0.5345953962432202
A2,A1,ablation-filler-token,ablation-filler-token,8,deepseek-r1-distill-8b,0.5302974922591515
A2,A1,ablation-filler-token,ablation-filler-token,9,deepseek-r1-distill-8b,0.5272431655764359
A2,A1,ablation-filler-token,ablation-filler-token,10,deepseek-r1-distill-8b,0.5244745255710582
A2,A1,ablation-filler-token,ablation-filler-token,11,deepseek-r1-distill-8b,0.5218613327283498
A2,A1,ablation-filler-token,ablation-filler-token,12,deepseek-r1-distill-8b,0.5203530751229923
A2,A1,ablation-filler-token,ablation-filler-token,13,deepseek-r1-distill-8b,0.5234116030803745
A2,A1,ablation-filler-token,ablation-filler-token,14,deepseek-r1-distill-8b,0.521352978493675
A2,A1,ablation-filler-token,ablation-filler-token,15,deepseek-r1-distill-8b,0.5203908865949929
A2,A1,ablation-filler-token,ablation-filler-token,16,deepseek-r1-distill-8b,0.5199959667763199
A2,A1,ablation-filler-token,ablation-filler-token,17,deepseek-r1-distill-8b,0.5222604538216895
A2,A1,ablation-filler-token,ablation-filler-token,18,deepseek-r1-distill-8b,0.5228108208030317
A2,A1,ablation-filler-token,ablation-filler-token,19,deepseek-r1-distill-8b,0.5221722270536882
A2,A1,ablation-filler-token,ablation-filler-token,20,deepseek-r1-distill-8b,0.5217142881150141
A2,A1,ablation-filler-token,ablation-filler-token,21,deepseek-r1-distill-8b,0.5213193682963411
A2,A1,ablation-filler-token,ablation-filler-token,22,deepseek-r1-distill-8b,0.5195674367603131
A2,A1,ablation-filler-token,ablation-filler-token,23,deepseek-r1-distill-8b,0.5183616709309604
A2,A1,ablation-filler-token,ablation-filler-token,24,deepseek-r1-distill-8b,0.5167945954802686
A2,A1,ablation-filler-token,ablation-filler-token,25,deepseek-r1-distill-8b,0.5227015876616966
A2,A1,ablation-filler-token,ablation-filler-token,26,deepseek-r1-distill-8b,0.5278859606004461
A2,A1,ablation-filler-token,ablation-filler-token,27,deepseek-r1-distill-8b,0.5372926145792634
A2,A1,ablation-filler-token,ablation-filler-token,28,deepseek-r1-distill-8b,0.5484469988194418
A2,A1,ablation-filler-token,ablation-filler-token,29,deepseek-r1-distill-8b,0.5535515475395235
A2,A1,ablation-filler-token,ablation-filler-token,30,deepseek-r1-distill-8b,0.5663024161530609
A2,A1,ablation-filler-token,ablation-filler-token,31,deepseek-r1-distill-8b,0.602025854644299
A2,A1,ablation-filler-token,ablation-filler-token,32,deepseek-r1-distill-8b,0.5686635325157654
A2,A3,ablation-filler-token,ablation-filler-token,0,deepseek-r1-distill-8b,0.5
A2,A3,ablation-filler-token,ablation-filler-token,1,deepseek-r1-distill-8b,0.5361666666666667
A2,A3,ablation-filler-token,ablation-filler-token,2,deepseek-r1-distill-8b,0.5298617886178861
A2,A3,ablation-filler-token,ablation-filler-token,3,deepseek-r1-distill-8b,0.5380365853658536
A2,A3,ablation-filler-token,ablation-filler-token,4,deepseek-r1-distill-8b,0.5475609756097561
A2,A3,ablation-filler-token,ablation-filler-token,5,deepseek-r1-distill-8b,0.5496707317073171
A2,A3,ablation-filler-token,ablation-filler-token,6,deepseek-r1-distill-8b,0.5500731707317073
A2,A3,ablation-filler-token,ablation-filler-token,7,deepseek-r1-distill-8b,0.5494268292682927
A2,A3,ablation-filler-token,ablation-filler-token,8,deepseek-r1-distill-8b,0.5499634146341463
A2,A3,ablation-filler-token,ablation-filler-token,9,deepseek-r1-distill-8b,0.547630081300813
A2,A3,ablation-filler-token,ablation-filler-token,10,deepseek-r1-distill-8b,0.5437073170731708
A2,A3,ablation-filler-token,ablation-filler-token,11,deepseek-r1-distill-8b,0.5396341463414633
A2,A3,ablation-filler-token,ablation-filler-token,12,deepseek-r1-distill-8b,0.5325243902439025
A2,A3,ablation-filler-token,ablation-filler-token,13,deepseek-r1-distill-8b,0.5280894308943089
A2,A3,ablation-filler-token,ablation-filler-token,14,deepseek-r1-distill-8b,0.5248211382113821
A2,A3,ablation-filler-token,ablation-filler-token,15,deepseek-r1-distill-8b,0.5242682926829269
A2,A3,ablation-filler-token,ablation-filler-token,16,deepseek-r1-distill-8b,0.5239471544715447
A2,A3,ablation-filler-token,ablation-filler-token,17,deepseek-r1-distill-8b,0.5229878048780489
A2,A3,ablation-filler-token,ablation-filler-token,18,deepseek-r1-distill-8b,0.5216138211382114
A2,A3,ablation-filler-token,ablation-filler-token,19,deepseek-r1-distill-8b,0.521910569105691
A2,A3,ablation-filler-token,ablation-filler-token,20,deepseek-r1-distill-8b,0.5224552845528455
A2,A3,ablation-filler-token,ablation-filler-token,21,deepseek-r1-distill-8b,0.5207439024390244
A2,A3,ablation-filler-token,ablation-filler-token,22,deepseek-r1-distill-8b,0.5210325203252033
A2,A3,ablation-filler-token,ablation-filler-token,23,deepseek-r1-distill-8b,0.5227398373983739
A2,A3,ablation-filler-token,ablation-filler-token,24,deepseek-r1-distill-8b,0.5248536585365853
A2,A3,ablation-filler-token,ablation-filler-token,25,deepseek-r1-distill-8b,0.529760162601626
A2,A3,ablation-filler-token,ablation-filler-token,26,deepseek-r1-distill-8b,0.534130081300813
A2,A3,ablation-filler-token,ablation-filler-token,27,deepseek-r1-distill-8b,0.5380487804878049
A2,A3,ablation-filler-token,ablation-filler-token,28,deepseek-r1-distill-8b,0.5425
A2,A3,ablation-filler-token,ablation-filler-token,29,deepseek-r1-distill-8b,0.5434105691056911
A2,A3,ablation-filler-token,ablation-filler-token,30,deepseek-r1-distill-8b,0.5488983739837398
A2,A3,ablation-filler-token,ablation-filler-token,31,deepseek-r1-distill-8b,0.5488739837398373
A2,A3,ablation-filler-token,ablation-filler-token,32,deepseek-r1-distill-8b,0.5222073170731707
A2,F0,ablation-filler-token,ablation-filler-token,0,deepseek-r1-distill-8b,0.5
A2,F0,ablation-filler-token,ablation-filler-token,1,deepseek-r1-distill-8b,0.4896969833730109
A2,F0,ablation-filler-token,ablation-filler-token,2,deepseek-r1-distill-8b,0.4903043705550729
A2,F0,ablation-filler-token,ablation-filler-token,3,deepseek-r1-distill-8b,0.4921020861775225
A2,F0,ablation-filler-token,ablation-filler-token,4,deepseek-r1-distill-8b,0.491440165780972
A2,F0,ablation-filler-token,ablation-filler-token,5,deepseek-r1-distill-8b,0.490210347771472
A2,F0,ablation-filler-token,ablation-filler-token,6,deepseek-r1-distill-8b,0.48612787850752
A2,F0,ablation-filler-token,ablation-filler-token,7,deepseek-r1-distill-8b,0.484608470324529
A2,F0,ablation-filler-token,ablation-filler-token,8,deepseek-r1-distill-8b,0.4839540717506666
A2,F0,ablation-filler-token,ablation-filler-token,9,deepseek-r1-distill-8b,0.4834162614284693
A2,F0,ablation-filler-token,ablation-filler-token,10,deepseek-r1-distill-8b,0.4822353352664418
A2,F0,ablation-filler-token,ablation-filler-token,11,deepseek-r1-distill-8b,0.4828352006258156
A2,F0,ablation-filler-token,ablation-filler-token,12,deepseek-r1-distill-8b,0.4814699898079302
A2,F0,ablation-filler-token,ablation-filler-token,13,deepseek-r1-distill-8b,0.4838111571195932
A2,F0,ablation-filler-token,ablation-filler-token,14,deepseek-r1-distill-8b,0.4843846960995588
A2,F0,ablation-filler-token,ablation-filler-token,15,deepseek-r1-distill-8b,0.48389201671349
A2,F0,ablation-filler-token,ablation-filler-token,16,deepseek-r1-distill-8b,0.4884652849078388
A2,F0,ablation-filler-token,ablation-filler-token,17,deepseek-r1-distill-8b,0.4902047064044559
A2,F0,ablation-filler-token,ablation-filler-token,18,deepseek-r1-distill-8b,0.4930253899124835
A2,F0,ablation-filler-token,ablation-filler-token,19,deepseek-r1-distill-8b,0.5017732696987134
A2,F0,ablation-filler-token,ablation-filler-token,20,deepseek-r1-distill-8b,0.5069294791513881
A2,F0,ablation-filler-token,ablation-filler-token,21,deepseek-r1-distill-8b,0.5103133591331852
A2,F0,ablation-filler-token,ablation-filler-token,22,deepseek-r1-distill-8b,0.517226854411361
A2,F0,ablation-filler-token,ablation-filler-token,23,deepseek-r1-distill-8b,0.5279981045006826
A2,F0,ablation-filler-token,ablation-filler-token,24,deepseek-r1-distill-8b,0.5413737856957498
A2,F0,ablation-filler-token,ablation-filler-token,25,deepseek-r1-distill-8b,0.551484995844193
A2,F0,ablation-filler-token,ablation-filler-token,26,deepseek-r1-distill-8b,0.5540950683169545
A2,F0,ablation-filler-token,ablation-filler-token,27,deepseek-r1-distill-8b,0.5630046672909779
A2,F0,ablation-filler-token,ablation-filler-token,28,deepseek-r1-distill-8b,0.5727755149627858
A2,F0,ablation-filler-token,ablation-filler-token,29,deepseek-r1-distill-8b,0.5665023148409323
A2,F0,ablation-filler-token,ablation-filler-token,30,deepseek-r1-distill-8b,0.5533767342502435
A2,F0,ablation-filler-token,ablation-filler-token,31,deepseek-r1-distill-8b,0.4822710639242101
A2,F0,ablation-filler-token,ablation-filler-token,32,deepseek-r1-distill-8b,0.490225391416848
A2,F1,ablation-filler-token,ablation-filler-token,0,deepseek-r1-distill-8b,0.5
A2,F1,ablation-filler-token,ablation-filler-token,1,deepseek-r1-distill-8b,0.4238420329019106
A2,F1,ablation-filler-token,ablation-filler-token,2,deepseek-r1-distill-8b,0.4012278955103588
A2,F1,ablation-filler-token,ablation-filler-token,3,deepseek-r1-distill-8b,0.4056116563156813
A2,F1,ablation-filler-token,ablation-filler-token,4,deepseek-r1-distill-8b,0.4188877826767174
A2,F1,ablation-filler-token,ablation-filler-token,5,deepseek-r1-distill-8b,0.4284391346260212
A2,F1,ablation-filler-token,ablation-filler-token,6,deepseek-r1-distill-8b,0.4346244409677776
A2,F1,ablation-filler-token,ablation-filler-token,7,deepseek-r1-distill-8b,0.4348346212803615
A2,F1,ablation-filler-token,ablation-filler-token,8,deepseek-r1-distill-8b,0.4335134878869767
A2,F1,ablation-filler-token,ablation-filler-token,9,deepseek-r1-distill-8b,0.431340571121541
A2,F1,ablation-filler-token,ablation-filler-token,10,deepseek-r1-distill-8b,0.4306389165441932
A2,F1,ablation-filler-token,ablation-filler-token,11,deepseek-r1-distill-8b,0.428518149781128
A2,F1,ablation-filler-token,ablation-filler-token,12,deepseek-r1-distill-8b,0.4268817459188672
A2,F1,ablation-filler-token,ablation-filler-token,13,deepseek-r1-distill-8b,0.424199181402993
A2,F1,ablation-filler-token,ablation-filler-token,14,deepseek-r1-distill-8b,0.4232905071192654
A2,F1,ablation-filler-token,ablation-filler-token,15,deepseek-r1-distill-8b,0.4243635329256151
A2,F1,ablation-filler-token,ablation-filler-token,16,deepseek-r1-distill-8b,0.424842364765562
A2,F1,ablation-filler-token,ablation-filler-token,17,deepseek-r1-distill-8b,0.4232794449975505
A2,F1,ablation-filler-token,ablation-filler-token,18,deepseek-r1-distill-8b,0.4222459267687543
A2,F1,ablation-filler-token,ablation-filler-token,19,deepseek-r1-distill-8b,0.4186538978176014
A2,F1,ablation-filler-token,ablation-filler-token,20,deepseek-r1-distill-8b,0.4208283948861391
A2,F1,ablation-filler-token,ablation-filler-token,21,deepseek-r1-distill-8b,0.4218026517486054
A2,F1,ablation-filler-token,ablation-filler-token,22,deepseek-r1-distill-8b,0.4191216675358334
A2,F1,ablation-filler-token,ablation-filler-token,23,deepseek-r1-distill-8b,0.4178795492975553
A2,F1,ablation-filler-token,ablation-filler-token,24,deepseek-r1-distill-8b,0.4212408539957964
A2,F1,ablation-filler-token,ablation-filler-token,25,deepseek-r1-distill-8b,0.4250888920494951
A2,F1,ablation-filler-token,ablation-filler-token,26,deepseek-r1-distill-8b,0.4374942714012547
A2,F1,ablation-filler-token,ablation-filler-token,27,deepseek-r1-distill-8b,0.4288500134325763
A2,F1,ablation-filler-token,ablation-filler-token,28,deepseek-r1-distill-8b,0.4334281515194614
A2,F1,ablation-filler-token,ablation-filler-token,29,deepseek-r1-distill-8b,0.4470724885032949
A2,F1,ablation-filler-token,ablation-filler-token,30,deepseek-r1-distill-8b,0.4737985745666019
A2,F1,ablation-filler-token,ablation-filler-token,31,deepseek-r1-distill-8b,0.4421861913114935
A2,F1,ablation-filler-token,ablation-filler-token,32,deepseek-r1-distill-8b,0.4175176598871663
A2,F2,ablation-filler-token,ablation-filler-token,0,deepseek-r1-distill-8b,0.5
A2,F2,ablation-filler-token,ablation-filler-token,1,deepseek-r1-distill-8b,0.601618334925901
A2,F2,ablation-filler-token,ablation-filler-token,2,deepseek-r1-distill-8b,0.6046281086381579
A2,F2,ablation-filler-token,ablation-filler-token,3,deepseek-r1-distill-8b,0.6039875028183076
A2,F2,ablation-filler-token,ablation-filler-token,4,deepseek-r1-distill-8b,0.5615885234930553
A2,F2,ablation-filler-token,ablation-filler-token,5,deepseek-r1-distill-8b,0.5147983523188857
A2,F2,ablation-filler-token,ablation-filler-token,6,deepseek-r1-distill-8b,0.4860372982896898
A2,F2,ablation-filler-token,ablation-filler-token,7,deepseek-r1-distill-8b,0.4779885693017396
A2,F2,ablation-filler-token,ablation-filler-token,8,deepseek-r1-distill-8b,0.4775680598948548
A2,F2,ablation-filler-token,ablation-filler-token,9,deepseek-r1-distill-8b,0.4717811346954259
A2,F2,ablation-filler-token,ablation-filler-token,10,deepseek-r1-distill-8b,0.457705700676036
A2,F2,ablation-filler-token,ablation-filler-token,11,deepseek-r1-distill-8b,0.4619796867115449
A2,F2,ablation-filler-token,ablation-filler-token,12,deepseek-r1-distill-8b,0.4815584257559328
A2,F2,ablation-filler-token,ablation-filler-token,13,deepseek-r1-distill-8b,0.4679133428529505
A2,F2,ablation-filler-token,ablation-filler-token,14,deepseek-r1-distill-8b,0.4883706781474681
A2,F2,ablation-filler-token,ablation-filler-token,15,deepseek-r1-distill-8b,0.4906790063810066
A2,F2,ablation-filler-token,ablation-filler-token,16,deepseek-r1-distill-8b,0.546938691517878
A2,F2,ablation-filler-token,ablation-filler-token,17,deepseek-r1-distill-8b,0.5100555430297435
A2,F2,ablation-filler-token,ablation-filler-token,18,deepseek-r1-distill-8b,0.4829049505588301
A2,F2,ablation-filler-token,ablation-filler-token,19,deepseek-r1-distill-8b,0.4672181602802918
A2,F2,ablation-filler-token,ablation-filler-token,20,deepseek-r1-distill-8b,0.4865633823987288
A2,F2,ablation-filler-token,ablation-filler-token,21,deepseek-r1-distill-8b,0.4779760434896197
A2,F2,ablation-filler-token,ablation-filler-token,22,deepseek-r1-distill-8b,0.4893548490997519
A2,F2,ablation-filler-token,ablation-filler-token,23,deepseek-r1-distill-8b,0.4878517516453549
A2,F2,ablation-filler-token,ablation-filler-token,24,deepseek-r1-distill-8b,0.5079449436875275
A2,F2,ablation-filler-token,ablation-filler-token,25,deepseek-r1-distill-8b,0.5152743331794447
A2,F2,ablation-filler-token,ablation-filler-token,26,deepseek-r1-distill-8b,0.492187472040598
A2,F2,ablation-filler-token,ablation-filler-token,27,deepseek-r1-distill-8b,0.481731997723881
A2,F2,ablation-filler-token,ablation-filler-token,28,deepseek-r1-distill-8b,0.5510981558425756
A2,F2,ablation-filler-token,ablation-filler-token,29,deepseek-r1-distill-8b,0.4711432129781729
A2,F2,ablation-filler-token,ablation-filler-token,30,deepseek-r1-distill-8b,0.4405059712335778
A2,F2,ablation-filler-token,ablation-filler-token,31,deepseek-r1-distill-8b,0.4383551103524048
A2,F2,ablation-filler-token,ablation-filler-token,32,deepseek-r1-distill-8b,0.5565057278749423
A2,F3,ablation-filler-token,ablation-filler-token,0,deepseek-r1-distill-8b,0.5
A2,F3,ablation-filler-token,ablation-filler-token,1,deepseek-r1-distill-8b,0.4853767158035106
A2,F3,ablation-filler-token,ablation-filler-token,2,deepseek-r1-distill-8b,0.4870236697540259
A2,F3,ablation-filler-token,ablation-filler-token,3,deepseek-r1-distill-8b,0.4858758751141453
A2,F3,ablation-filler-token,ablation-filler-token,4,deepseek-r1-distill-8b,0.491053180849676
A2,F3,ablation-filler-token,ablation-filler-token,5,deepseek-r1-distill-8b,0.4875617834210259
A2,F3,ablation-filler-token,ablation-filler-token,6,deepseek-r1-distill-8b,0.5081478018872027
A2,F3,ablation-filler-token,ablation-filler-token,7,deepseek-r1-distill-8b,0.509034692930962
A2,F3,ablation-filler-token,ablation-filler-token,8,deepseek-r1-distill-8b,0.5057652447420679
A2,F3,ablation-filler-token,ablation-filler-token,9,deepseek-r1-distill-8b,0.5022593526691888
A2,F3,ablation-filler-token,ablation-filler-token,10,deepseek-r1-distill-8b,0.4968347320665014
A2,F3,ablation-filler-token,ablation-filler-token,11,deepseek-r1-distill-8b,0.4933705120957806
A2,F3,ablation-filler-token,ablation-filler-token,12,deepseek-r1-distill-8b,0.5009983186212694
A2,F3,ablation-filler-token,ablation-filler-token,13,deepseek-r1-distill-8b,0.4883762012436404
A2,F3,ablation-filler-token,ablation-filler-token,14,deepseek-r1-distill-8b,0.4897232972416692
A2,F3,ablation-filler-token,ablation-filler-token,15,deepseek-r1-distill-8b,0.4954486817121074
A2,F3,ablation-filler-token,ablation-filler-token,16,deepseek-r1-distill-8b,0.492468220492528
A2,F3,ablation-filler-token,ablation-filler-token,17,deepseek-r1-distill-8b,0.4857472351466133
A2,F3,ablation-filler-token,ablation-filler-token,18,deepseek-r1-distill-8b,0.493678523285646
A2,F3,ablation-filler-token,ablation-filler-token,19,deepseek-r1-distill-8b,0.4999094084735691
A2,F3,ablation-filler-token,ablation-filler-token,20,deepseek-r1-distill-8b,0.5012320447594614
A2,F3,ablation-filler-token,ablation-filler-token,21,deepseek-r1-distill-8b,0.5014929483555826
A2,F3,ablation-filler-token,ablation-filler-token,22,deepseek-r1-distill-8b,0.4973529155976867
A2,F3,ablation-filler-token,ablation-filler-token,23,deepseek-r1-distill-8b,0.4966028177588381
A2,F3,ablation-filler-token,ablation-filler-token,24,deepseek-r1-distill-8b,0.4912624472757316
A2,F3,ablation-filler-token,ablation-filler-token,25,deepseek-r1-distill-8b,0.4927073821223058
A2,F3,ablation-filler-token,ablation-filler-token,26,deepseek-r1-distill-8b,0.4959704889043498
A2,F3,ablation-filler-token,ablation-filler-token,27,deepseek-r1-distill-8b,0.4953363482193329
A2,F3,ablation-filler-token,ablation-filler-token,28,deepseek-r1-distill-8b,0.5062435680016234
A2,F3,ablation-filler-token,ablation-filler-token,29,deepseek-r1-distill-8b,0.506631299734748
A2,F3,ablation-filler-token,ablation-filler-token,30,deepseek-r1-distill-8b,0.5106227623892972
A2,F3,ablation-filler-token,ablation-filler-token,31,deepseek-r1-distill-8b,0.505669217724051
A2,F3,ablation-filler-token,ablation-filler-token,32,deepseek-r1-distill-8b,0.4919228595034134
A2,F4,ablation-filler-token,ablation-filler-token,0,deepseek-r1-distill-8b,0.5
A2,F4,ablation-filler-token,ablation-filler-token,1,deepseek-r1-distill-8b,0.4936084778739082
A2,F4,ablation-filler-token,ablation-filler-token,2,deepseek-r1-distill-8b,0.4913413641318596
A2,F4,ablation-filler-token,ablation-filler-token,3,deepseek-r1-distill-8b,0.4915973285866071
A2,F4,ablation-filler-token,ablation-filler-token,4,deepseek-r1-distill-8b,0.4920092174800955
A2,F4,ablation-filler-token,ablation-filler-token,5,deepseek-r1-distill-8b,0.4853410329649101
A2,F4,ablation-filler-token,ablation-filler-token,6,deepseek-r1-distill-8b,0.49370644809648
A2,F4,ablation-filler-token,ablation-filler-token,7,deepseek-r1-distill-8b,0.5047094699948945
A2,F4,ablation-filler-token,ablation-filler-token,8,deepseek-r1-distill-8b,0.5089042513557147
A2,F4,ablation-filler-token,ablation-filler-token,9,deepseek-r1-distill-8b,0.518741289619296
A2,F4,ablation-filler-token,ablation-filler-token,10,deepseek-r1-distill-8b,0.5152336796787681
A2,F4,ablation-filler-token,ablation-filler-token,11,deepseek-r1-distill-8b,0.5182065929820203
A2,F4,ablation-filler-token,ablation-filler-token,12,deepseek-r1-distill-8b,0.5297263733079438
A2,F4,ablation-filler-token,ablation-filler-token,13,deepseek-r1-distill-8b,0.5186171020132191
A2,F4,ablation-filler-token,ablation-filler-token,14,deepseek-r1-distill-8b,0.5304563204592181
A2,F4,ablation-filler-token,ablation-filler-token,15,deepseek-r1-distill-8b,0.5341343433925294
A2,F4,ablation-filler-token,ablation-filler-token,16,deepseek-r1-distill-8b,0.5297236135833644
A2,F4,ablation-filler-token,ablation-filler-token,17,deepseek-r1-distill-8b,0.5171406493631936
A2,F4,ablation-filler-token,ablation-filler-token,18,deepseek-r1-distill-8b,0.5110506271474107
A2,F4,ablation-filler-token,ablation-filler-token,19,deepseek-r1-distill-8b,0.5126671358198451
A2,F4,ablation-filler-token,ablation-filler-token,20,deepseek-r1-distill-8b,0.5126878337541914
A2,F4,ablation-filler-token,ablation-filler-token,21,deepseek-r1-distill-8b,0.5165183314705193
A2,F4,ablation-filler-token,ablation-filler-token,22,deepseek-r1-distill-8b,0.5055801630997226
A2,F4,ablation-filler-token,ablation-filler-token,23,deepseek-r1-distill-8b,0.5023706034137793
A2,F4,ablation-filler-token,ablation-filler-token,24,deepseek-r1-distill-8b,0.4944929696016337
A2,F4,ablation-filler-token,ablation-filler-token,25,deepseek-r1-distill-8b,0.4990016696333706
A2,F4,ablation-filler-token,ablation-filler-token,26,deepseek-r1-distill-8b,0.5037283879068869
A2,F4,ablation-filler-token,ablation-filler-token,27,deepseek-r1-distill-8b,0.4895365042568751
A2,F4,ablation-filler-token,ablation-filler-token,28,deepseek-r1-distill-8b,0.5251859364435429
A2,F4,ablation-filler-token,ablation-filler-token,29,deepseek-r1-distill-8b,0.5247367912682315
A2,F4,ablation-filler-token,ablation-filler-token,30,deepseek-r1-distill-8b,0.5122186805756785
A2,F4,ablation-filler-token,ablation-filler-token,31,deepseek-r1-distill-8b,0.5139945633425784
A2,F4,ablation-filler-token,ablation-filler-token,32,deepseek-r1-distill-8b,0.4887830994466752
A2,F5,ablation-filler-token,ablation-filler-token,0,deepseek-r1-distill-8b,0.5
A2,F5,ablation-filler-token,ablation-filler-token,1,deepseek-r1-distill-8b,0.5140681466184822
A2,F5,ablation-filler-token,ablation-filler-token,2,deepseek-r1-distill-8b,0.5120397926852723
A2,F5,ablation-filler-token,ablation-filler-token,3,deepseek-r1-distill-8b,0.509729265996538
A2,F5,ablation-filler-token,ablation-filler-token,4,deepseek-r1-distill-8b,0.5046046038446355
A2,F5,ablation-filler-token,ablation-filler-token,5,deepseek-r1-distill-8b,0.4889490773077429
A2,F5,ablation-filler-token,ablation-filler-token,6,deepseek-r1-distill-8b,0.4841540384868454
A2,F5,ablation-filler-token,ablation-filler-token,7,deepseek-r1-distill-8b,0.4754149078320022
A2,F5,ablation-filler-token,ablation-filler-token,8,deepseek-r1-distill-8b,0.4660393067913794
A2,F5,ablation-filler-token,ablation-filler-token,9,deepseek-r1-distill-8b,0.4633048882950186
A2,F5,ablation-filler-token,ablation-filler-token,10,deepseek-r1-distill-8b,0.4551509814044358
A2,F5,ablation-filler-token,ablation-filler-token,11,deepseek-r1-distill-8b,0.4595037808618543
A2,F5,ablation-filler-token,ablation-filler-token,12,deepseek-r1-distill-8b,0.4567605049247371
A2,F5,ablation-filler-token,ablation-filler-token,13,deepseek-r1-distill-8b,0.4588331460617287
A2,F5,ablation-filler-token,ablation-filler-token,14,deepseek-r1-distill-8b,0.4685978418212922
A2,F5,ablation-filler-token,ablation-filler-token,15,deepseek-r1-distill-8b,0.4701149948879913
A2,F5,ablation-filler-token,ablation-filler-token,16,deepseek-r1-distill-8b,0.481139977932319
A2,F5,ablation-filler-token,ablation-filler-token,17,deepseek-r1-distill-8b,0.4838781924747184
A2,F5,ablation-filler-token,ablation-filler-token,18,deepseek-r1-distill-8b,0.478664955915252
A2,F5,ablation-filler-token,ablation-filler-token,19,deepseek-r1-distill-8b,0.4819845981758733
A2,F5,ablation-filler-token,ablation-filler-token,20,deepseek-r1-distill-8b,0.4824698593944547
A2,F5,ablation-filler-token,ablation-filler-token,21,deepseek-r1-distill-8b,0.4844729063540749
A2,F5,ablation-filler-token,ablation-filler-token,22,deepseek-r1-distill-8b,0.4915107757093544
A2,F5,ablation-filler-token,ablation-filler-token,23,deepseek-r1-distill-8b,0.5052233593489023
A2,F5,ablation-filler-token,ablation-filler-token,24,deepseek-r1-distill-8b,0.5076275218399182
A2,F5,ablation-filler-token,ablation-filler-token,25,deepseek-r1-distill-8b,0.5180299533339408
A2,F5,ablation-filler-token,ablation-filler-token,26,deepseek-r1-distill-8b,0.5138429145535344
A2,F5,ablation-filler-token,ablation-filler-token,27,deepseek-r1-distill-8b,0.5128255742152308
A2,F5,ablation-filler-token,ablation-filler-token,28,deepseek-r1-distill-8b,0.515280350653426
A2,F5,ablation-filler-token,ablation-filler-token,29,deepseek-r1-distill-8b,0.506713940093332
A2,F5,ablation-filler-token,ablation-filler-token,30,deepseek-r1-distill-8b,0.4970504722281272
A2,F5,ablation-filler-token,ablation-filler-token,31,deepseek-r1-distill-8b,0.5079438590097888
A2,F5,ablation-filler-token,ablation-filler-token,32,deepseek-r1-distill-8b,0.5054106309534655
A3,A1,ablation-filler-token,ablation-filler-token,0,deepseek-r1-distill-8b,0.5
A3,A1,ablation-filler-token,ablation-filler-token,1,deepseek-r1-distill-8b,0.5685585006490969
A3,A1,ablation-filler-token,ablation-filler-token,2,deepseek-r1-distill-8b,0.5798053129319436
A3,A1,ablation-filler-token,ablation-filler-token,3,deepseek-r1-distill-8b,0.5649622095343728
A3,A1,ablation-filler-token,ablation-filler-token,4,deepseek-r1-distill-8b,0.5475857375127614
A3,A1,ablation-filler-token,ablation-filler-token,5,deepseek-r1-distill-8b,0.5397965742806368
A3,A1,ablation-filler-token,ablation-filler-token,6,deepseek-r1-distill-8b,0.531267986707167
A3,A1,ablation-filler-token,ablation-filler-token,7,deepseek-r1-distill-8b,0.5295160551711389
A3,A1,ablation-filler-token,ablation-filler-token,8,deepseek-r1-distill-8b,0.5274742356831063
A3,A1,ablation-filler-token,ablation-filler-token,9,deepseek-r1-distill-8b,0.5257139015977448
A3,A1,ablation-filler-token,ablation-filler-token,10,deepseek-r1-distill-8b,0.5225251341256938
A3,A1,ablation-filler-token,ablation-filler-token,11,deepseek-r1-distill-8b,0.5246971931283951
A3,A1,ablation-filler-token,ablation-filler-token,12,deepseek-r1-distill-8b,0.5238275292723813
A3,A1,ablation-filler-token,ablation-filler-token,13,deepseek-r1-distill-8b,0.5240754044777185
A3,A1,ablation-filler-token,ablation-filler-token,14,deepseek-r1-distill-8b,0.5252139499124034
A3,A1,ablation-filler-token,ablation-filler-token,15,deepseek-r1-distill-8b,0.5240628006537184
A3,A1,ablation-filler-token,ablation-filler-token,16,deepseek-r1-distill-8b,0.5208740331816673
A3,A1,ablation-filler-token,ablation-filler-token,17,deepseek-r1-distill-8b,0.517769291202951
A3,A1,ablation-filler-token,ablation-filler-token,18,deepseek-r1-distill-8b,0.5138957159602223
A3,A1,ablation-filler-token,ablation-filler-token,19,deepseek-r1-distill-8b,0.5145763224562332
A3,A1,ablation-filler-token,ablation-filler-token,20,deepseek-r1-distill-8b,0.5120177461841923
A3,A1,ablation-filler-token,ablation-filler-token,21,deepseek-r1-distill-8b,0.5067787566747751
A3,A1,ablation-filler-token,ablation-filler-token,22,deepseek-r1-distill-8b,0.4927254929145503
A3,A1,ablation-filler-token,ablation-filler-token,23,deepseek-r1-distill-8b,0.4945824563172467
A3,A1,ablation-filler-token,ablation-filler-token,24,deepseek-r1-distill-8b,0.4929019464505531
A3,A1,ablation-filler-token,ablation-filler-token,25,deepseek-r1-distill-8b,0.4984098175386411
A3,A1,ablation-filler-token,ablation-filler-token,26,deepseek-r1-distill-8b,0.507173676493448
A3,A1,ablation-filler-token,ablation-filler-token,27,deepseek-r1-distill-8b,0.5129420266108737
A3,A1,ablation-filler-token,ablation-filler-token,28,deepseek-r1-distill-8b,0.5129966431815413
A3,A1,ablation-filler-token,ablation-filler-token,29,deepseek-r1-distill-8b,0.5031572579120506
A3,A1,ablation-filler-token,ablation-filler-token,30,deepseek-r1-distill-8b,0.4971368313146208
A3,A1,ablation-filler-token,ablation-filler-token,31,deepseek-r1-distill-8b,0.527621280296442
A3,A1,ablation-filler-token,ablation-filler-token,32,deepseek-r1-distill-8b,0.4985946736239774
A3,A2,ablation-filler-token,ablation-filler-token,0,deepseek-r1-distill-8b,0.5
A3,A2,ablation-filler-token,ablation-filler-token,1,deepseek-r1-distill-8b,0.5620610021786492
A3,A2,ablation-filler-token,ablation-filler-token,2,deepseek-r1-distill-8b,0.5483877995642702
A3,A2,ablation-filler-token,ablation-filler-token,3,deepseek-r1-distill-8b,0.557115468409586
A3,A2,ablation-filler-token,ablation-filler-token,4,deepseek-r1-distill-8b,0.565350762527233
A3,A2,ablation-filler-token,ablation-filler-token,5,deepseek-r1-distill-8b,0.5665446623093683
A3,A2,ablation-filler-token,ablation-filler-token,6,deepseek-r1-distill-8b,0.5690893246187363
A3,A2,ablation-filler-token,ablation-filler-token,7,deepseek-r1-distill-8b,0.5683790849673203
A3,A2,ablation-filler-token,ablation-filler-token,8,deepseek-r1-distill-8b,0.5670980392156862
A3,A2,ablation-filler-token,ablation-filler-token,9,deepseek-r1-distill-8b,0.5647320261437908
A3,A2,ablation-filler-token,ablation-filler-token,10,deepseek-r1-distill-8b,0.5614858387799565
A3,A2,ablation-filler-token,ablation-filler-token,11,deepseek-r1-distill-8b,0.5569106753812637
A3,A2,ablation-filler-token,ablation-filler-token,12,deepseek-r1-distill-8b,0.5544836601307189
A3,A2,ablation-filler-token,ablation-filler-token,13,deepseek-r1-distill-8b,0.5527363834422657
A3,A2,ablation-filler-token,ablation-filler-token,14,deepseek-r1-distill-8b,0.5515076252723312
A3,A2,ablation-filler-token,ablation-filler-token,15,deepseek-r1-distill-8b,0.5504662309368191
A3,A2,ablation-filler-token,ablation-filler-token,16,deepseek-r1-distill-8b,0.5503790849673202
A3,A2,ablation-filler-token,ablation-filler-token,17,deepseek-r1-distill-8b,0.5459477124183006
A3,A2,ablation-filler-token,ablation-filler-token,18,deepseek-r1-distill-8b,0.539516339869281
A3,A2,ablation-filler-token,ablation-filler-token,19,deepseek-r1-distill-8b,0.5377516339869282
A3,A2,ablation-filler-token,ablation-filler-token,20,deepseek-r1-distill-8b,0.5410588235294118
A3,A2,ablation-filler-token,ablation-filler-token,21,deepseek-r1-distill-8b,0.5361917211328976
A3,A2,ablation-filler-token,ablation-filler-token,22,deepseek-r1-distill-8b,0.5336209150326798
A3,A2,ablation-filler-token,ablation-filler-token,23,deepseek-r1-distill-8b,0.5390021786492374
A3,A2,ablation-filler-token,ablation-filler-token,24,deepseek-r1-distill-8b,0.5415904139433552
A3,A2,ablation-filler-token,ablation-filler-token,25,deepseek-r1-distill-8b,0.5470675381263617
A3,A2,ablation-filler-token,ablation-filler-token,26,deepseek-r1-distill-8b,0.5525838779956427
A3,A2,ablation-filler-token,ablation-filler-token,27,deepseek-r1-distill-8b,0.5569019607843138
A3,A2,ablation-filler-token,ablation-filler-token,28,deepseek-r1-distill-8b,0.5577472766884531
A3,A2,ablation-filler-token,ablation-filler-token,29,deepseek-r1-distill-8b,0.5500610021786492
A3,A2,ablation-filler-token,ablation-filler-token,30,deepseek-r1-distill-8b,0.556479302832244
A3,A2,ablation-filler-token,ablation-filler-token,31,deepseek-r1-distill-8b,0.57518954248366
A3,A2,ablation-filler-token,ablation-filler-token,32,deepseek-r1-distill-8b,0.5330631808278867
A3,F0,ablation-filler-token,ablation-filler-token,0,deepseek-r1-distill-8b,0.5
A3,F0,ablation-filler-token,ablation-filler-token,1,deepseek-r1-distill-8b,0.4897759625112358
A3,F0,ablation-filler-token,ablation-filler-token,2,deepseek-r1-distill-8b,0.4901840213920637
A3,F0,ablation-filler-token,ablation-filler-token,3,deepseek-r1-distill-8b,0.4916300918038458
A3,F0,ablation-filler-token,ablation-filler-token,4,deepseek-r1-distill-8b,0.4898624634721485
A3,F0,ablation-filler-token,ablation-filler-token,5,deepseek-r1-distill-8b,0.4892061844426141
A3,F0,ablation-filler-token,ablation-filler-token,6,deepseek-r1-distill-8b,0.4876491671461829
A3,F0,ablation-filler-token,ablation-filler-token,7,deepseek-r1-distill-8b,0.4873765010737401
A3,F0,ablation-filler-token,ablation-filler-token,8,deepseek-r1-distill-8b,0.4854697190223135
A3,F0,ablation-filler-token,ablation-filler-token,9,deepseek-r1-distill-8b,0.4852290206962951
A3,F0,ablation-filler-token,ablation-filler-token,10,deepseek-r1-distill-8b,0.4855656222615864
A3,F0,ablation-filler-token,ablation-filler-token,11,deepseek-r1-distill-8b,0.4874761652243572
A3,F0,ablation-filler-token,ablation-filler-token,12,deepseek-r1-distill-8b,0.4861316394188639
A3,F0,ablation-filler-token,ablation-filler-token,13,deepseek-r1-distill-8b,0.4835178060347583
A3,F0,ablation-filler-token,ablation-filler-token,14,deepseek-r1-distill-8b,0.4831191494322904
A3,F0,ablation-filler-token,ablation-filler-token,15,deepseek-r1-distill-8b,0.4819795932950472
A3,F0,ablation-filler-token,ablation-filler-token,16,deepseek-r1-distill-8b,0.4827186123741505
A3,F0,ablation-filler-token,ablation-filler-token,17,deepseek-r1-distill-8b,0.4819231796248867
A3,F0,ablation-filler-token,ablation-filler-token,18,deepseek-r1-distill-8b,0.4816881226658844
A3,F0,ablation-filler-token,ablation-filler-token,19,deepseek-r1-distill-8b,0.4883129679984054
A3,F0,ablation-filler-token,ablation-filler-token,20,deepseek-r1-distill-8b,0.4905845584502036
A3,F0,ablation-filler-token,ablation-filler-token,21,deepseek-r1-distill-8b,0.4972037624157085
A3,F0,ablation-filler-token,ablation-filler-token,22,deepseek-r1-distill-8b,0.5030839473021103
A3,F0,ablation-filler-token,ablation-filler-token,23,deepseek-r1-distill-8b,0.5106114113572
A3,F0,ablation-filler-token,ablation-filler-token,24,deepseek-r1-distill-8b,0.5175032813951477
A3,F0,ablation-filler-token,ablation-filler-token,25,deepseek-r1-distill-8b,0.5211852136009598
A3,F0,ablation-filler-token,ablation-filler-token,26,deepseek-r1-distill-8b,0.5238366560985058
A3,F0,ablation-filler-token,ablation-filler-token,27,deepseek-r1-distill-8b,0.5317007217188869
A3,F0,ablation-filler-token,ablation-filler-token,28,deepseek-r1-distill-8b,0.5459244884220344
A3,F0,ablation-filler-token,ablation-filler-token,29,deepseek-r1-distill-8b,0.5677246110277443
A3,F0,ablation-filler-token,ablation-filler-token,30,deepseek-r1-distill-8b,0.5763126520818525
A3,F0,ablation-filler-token,ablation-filler-token,31,deepseek-r1-distill-8b,0.5787534835441325
A3,F0,ablation-filler-token,ablation-filler-token,32,deepseek-r1-distill-8b,0.5384948080618895
A3,F1,ablation-filler-token,ablation-filler-token,0,deepseek-r1-distill-8b,0.5
A3,F1,ablation-filler-token,ablation-filler-token,1,deepseek-r1-distill-8b,0.424526304145135
A3,F1,ablation-filler-token,ablation-filler-token,2,deepseek-r1-distill-8b,0.4017936440209232
A3,F1,ablation-filler-token,ablation-filler-token,3,deepseek-r1-distill-8b,0.4162423552837434
A3,F1,ablation-filler-token,ablation-filler-token,4,deepseek-r1-distill-8b,0.4398773684792744
A3,F1,ablation-filler-token,ablation-filler-token,5,deepseek-r1-distill-8b,0.4463423884701085
A3,F1,ablation-filler-token,ablation-filler-token,6,deepseek-r1-distill-8b,0.4487728946411922
A3,F1,ablation-filler-token,ablation-filler-token,7,deepseek-r1-distill-8b,0.45609917982269
A3,F1,ablation-filler-token,ablation-filler-token,8,deepseek-r1-distill-8b,0.4626874634554908
A3,F1,ablation-filler-token,ablation-filler-token,9,deepseek-r1-distill-8b,0.474479685203622
A3,F1,ablation-filler-token,ablation-filler-token,10,deepseek-r1-distill-8b,0.4772942050285245
A3,F1,ablation-filler-token,ablation-filler-token,11,deepseek-r1-distill-8b,0.4881903949177452
A3,F1,ablation-filler-token,ablation-filler-token,12,deepseek-r1-distill-8b,0.4895036267956194
A3,F1,ablation-filler-token,ablation-filler-token,13,deepseek-r1-distill-8b,0.4895020464925173
A3,F1,ablation-filler-token,ablation-filler-token,14,deepseek-r1-distill-8b,0.4923718769259944
A3,F1,ablation-filler-token,ablation-filler-token,15,deepseek-r1-distill-8b,0.4929739724079078
A3,F1,ablation-filler-token,ablation-filler-token,16,deepseek-r1-distill-8b,0.4872896221495283
A3,F1,ablation-filler-token,ablation-filler-token,17,deepseek-r1-distill-8b,0.4962831271037785
A3,F1,ablation-filler-token,ablation-filler-token,18,deepseek-r1-distill-8b,0.5046571532419918
A3,F1,ablation-filler-token,ablation-filler-token,19,deepseek-r1-distill-8b,0.5168776371308017
A3,F1,ablation-filler-token,ablation-filler-token,20,deepseek-r1-distill-8b,0.5030389228654056
A3,F1,ablation-filler-token,ablation-filler-token,21,deepseek-r1-distill-8b,0.5047740956715497
A3,F1,ablation-filler-token,ablation-filler-token,22,deepseek-r1-distill-8b,0.4977717726259896
A3,F1,ablation-filler-token,ablation-filler-token,23,deepseek-r1-distill-8b,0.4936598239542344
A3,F1,ablation-filler-token,ablation-filler-token,24,deepseek-r1-distill-8b,0.4891907267813966
A3,F1,ablation-filler-token,ablation-filler-token,25,deepseek-r1-distill-8b,0.4888422699473759
A3,F1,ablation-filler-token,ablation-filler-token,26,deepseek-r1-distill-8b,0.4890840563220026
A3,F1,ablation-filler-token,ablation-filler-token,27,deepseek-r1-distill-8b,0.4806239036647228
A3,F1,ablation-filler-token,ablation-filler-token,28,deepseek-r1-distill-8b,0.4785141990233726
A3,F1,ablation-filler-token,ablation-filler-token,29,deepseek-r1-distill-8b,0.5017035667441014
A3,F1,ablation-filler-token,ablation-filler-token,30,deepseek-r1-distill-8b,0.5320927953981573
A3,F1,ablation-filler-token,ablation-filler-token,31,deepseek-r1-distill-8b,0.5572211950252057
A3,F1,ablation-filler-token,ablation-filler-token,32,deepseek-r1-distill-8b,0.5711136395960745
A3,F2,ablation-filler-token,ablation-filler-token,0,deepseek-r1-distill-8b,0.5
A3,F2,ablation-filler-token,ablation-filler-token,1,deepseek-r1-distill-8b,0.6012049831259416
A3,F2,ablation-filler-token,ablation-filler-token,2,deepseek-r1-distill-8b,0.5914429019801519
A3,F2,ablation-filler-token,ablation-filler-token,3,deepseek-r1-distill-8b,0.605720538395193
A3,F2,ablation-filler-token,ablation-filler-token,4,deepseek-r1-distill-8b,0.5980824771046049
A3,F2,ablation-filler-token,ablation-filler-token,5,deepseek-r1-distill-8b,0.5794064912337209
A3,F2,ablation-filler-token,ablation-filler-token,6,deepseek-r1-distill-8b,0.5447413061916879
A3,F2,ablation-filler-token,ablation-filler-token,7,deepseek-r1-distill-8b,0.5462059315088594
A3,F2,ablation-filler-token,ablation-filler-token,8,deepseek-r1-distill-8b,0.5169008993533102
A3,F2,ablation-filler-token,ablation-filler-token,9,deepseek-r1-distill-8b,0.5191698607487573
A3,F2,ablation-filler-token,ablation-filler-token,10,deepseek-r1-distill-8b,0.5189193445063578
A3,F2,ablation-filler-token,ablation-filler-token,11,deepseek-r1-distill-8b,0.5128461150299009
A3,F2,ablation-filler-token,ablation-filler-token,12,deepseek-r1-distill-8b,0.5069178270936895
A3,F2,ablation-filler-token,ablation-filler-token,13,deepseek-r1-distill-8b,0.5073401259023058
A3,F2,ablation-filler-token,ablation-filler-token,14,deepseek-r1-distill-8b,0.514458365989915
A3,F2,ablation-filler-token,ablation-filler-token,15,deepseek-r1-distill-8b,0.4984110112624945
A3,F2,ablation-filler-token,ablation-filler-token,16,deepseek-r1-distill-8b,0.5168275338823218
A3,F2,ablation-filler-token,ablation-filler-token,17,deepseek-r1-distill-8b,0.4959210587532164
A3,F2,ablation-filler-token,ablation-filler-token,18,deepseek-r1-distill-8b,0.490525117832104
A3,F2,ablation-filler-token,ablation-filler-token,19,deepseek-r1-distill-8b,0.5295877576291143
A3,F2,ablation-filler-token,ablation-filler-token,20,deepseek-r1-distill-8b,0.541839791284182
A3,F2,ablation-filler-token,ablation-filler-token,21,deepseek-r1-distill-8b,0.5515616108910147
A3,F2,ablation-filler-token,ablation-filler-token,22,deepseek-r1-distill-8b,0.5684213540045022
A3,F2,ablation-filler-token,ablation-filler-token,23,deepseek-r1-distill-8b,0.5564341518056852
A3,F2,ablation-filler-token,ablation-filler-token,24,deepseek-r1-distill-8b,0.5503018720720915
A3,F2,ablation-filler-token,ablation-filler-token,25,deepseek-r1-distill-8b,0.5674980227110867
A3,F2,ablation-filler-token,ablation-filler-token,26,deepseek-r1-distill-8b,0.5479774392229702
A3,F2,ablation-filler-token,ablation-filler-token,27,deepseek-r1-distill-8b,0.5377760599521156
A3,F2,ablation-filler-token,ablation-filler-token,28,deepseek-r1-distill-8b,0.5309101255086375
A3,F2,ablation-filler-token,ablation-filler-token,29,deepseek-r1-distill-8b,0.522283419761437
A3,F2,ablation-filler-token,ablation-filler-token,30,deepseek-r1-distill-8b,0.4527275850592113
A3,F2,ablation-filler-token,ablation-filler-token,31,deepseek-r1-distill-8b,0.4338350815788249
A3,F2,ablation-filler-token,ablation-filler-token,32,deepseek-r1-distill-8b,0.4634416279261192
A3,F3,ablation-filler-token,ablation-filler-token,0,deepseek-r1-distill-8b,0.5
A3,F3,ablation-filler-token,ablation-filler-token,1,deepseek-r1-distill-8b,0.4851620138858692
A3,F3,ablation-filler-token,ablation-filler-token,2,deepseek-r1-distill-8b,0.4780406139931295
A3,F3,ablation-filler-token,ablation-filler-token,3,deepseek-r1-distill-8b,0.4876415039642852
A3,F3,ablation-filler-token,ablation-filler-token,4,deepseek-r1-distill-8b,0.4885510428896523
A3,F3,ablation-filler-token,ablation-filler-token,5,deepseek-r1-distill-8b,0.4882729269035091
A3,F3,ablation-filler-token,ablation-filler-token,6,deepseek-r1-distill-8b,0.4887322259425142
A3,F3,ablation-filler-token,ablation-filler-token,7,deepseek-r1-distill-8b,0.4918857169775767
A3,F3,ablation-filler-token,ablation-filler-token,8,deepseek-r1-distill-8b,0.4853622211592816
A3,F3,ablation-filler-token,ablation-filler-token,9,deepseek-r1-distill-8b,0.4876578104390427
A3,F3,ablation-filler-token,ablation-filler-token,10,deepseek-r1-distill-8b,0.491143772376107
A3,F3,ablation-filler-token,ablation-filler-token,11,deepseek-r1-distill-8b,0.4913720630227131
A3,F3,ablation-filler-token,ablation-filler-token,12,deepseek-r1-distill-8b,0.491515197634474
A3,F3,ablation-filler-token,ablation-filler-token,13,deepseek-r1-distill-8b,0.4908122073893696
A3,F3,ablation-filler-token,ablation-filler-token,14,deepseek-r1-distill-8b,0.4934882810801408
A3,F3,ablation-filler-token,ablation-filler-token,15,deepseek-r1-distill-8b,0.496012161006508
A3,F3,ablation-filler-token,ablation-filler-token,16,deepseek-r1-distill-8b,0.4989763157513298
A3,F3,ablation-filler-token,ablation-filler-token,17,deepseek-r1-distill-8b,0.4976573031264947
A3,F3,ablation-filler-token,ablation-filler-token,18,deepseek-r1-distill-8b,0.497836674348828
A3,F3,ablation-filler-token,ablation-filler-token,19,deepseek-r1-distill-8b,0.4985269817802322
A3,F3,ablation-filler-token,ablation-filler-token,20,deepseek-r1-distill-8b,0.4930697482280297
A3,F3,ablation-filler-token,ablation-filler-token,21,deepseek-r1-distill-8b,0.493792668608949
A3,F3,ablation-filler-token,ablation-filler-token,22,deepseek-r1-distill-8b,0.4964361293502051
A3,F3,ablation-filler-token,ablation-filler-token,23,deepseek-r1-distill-8b,0.4912361757330666
A3,F3,ablation-filler-token,ablation-filler-token,24,deepseek-r1-distill-8b,0.4915260686176457
A3,F3,ablation-filler-token,ablation-filler-token,25,deepseek-r1-distill-8b,0.4969724311866765
A3,F3,ablation-filler-token,ablation-filler-token,26,deepseek-r1-distill-8b,0.4979091475699728
A3,F3,ablation-filler-token,ablation-filler-token,27,deepseek-r1-distill-8b,0.5121138989143511
A3,F3,ablation-filler-token,ablation-filler-token,28,deepseek-r1-distill-8b,0.5156741459030888
A3,F3,ablation-filler-token,ablation-filler-token,29,deepseek-r1-distill-8b,0.5153172152889507
A3,F3,ablation-filler-token,ablation-filler-token,30,deepseek-r1-distill-8b,0.5258693162876317
A3,F3,ablation-filler-token,ablation-filler-token,31,deepseek-r1-distill-8b,0.51582996332855
A3,F3,ablation-filler-token,ablation-filler-token,32,deepseek-r1-distill-8b,0.5235356785667695
A3,F4,ablation-filler-token,ablation-filler-token,0,deepseek-r1-distill-8b,0.5
A3,F4,ablation-filler-token,ablation-filler-token,1,deepseek-r1-distill-8b,0.4937947592830235
A3,F4,ablation-filler-token,ablation-filler-token,2,deepseek-r1-distill-8b,0.4910978184377199
A3,F4,ablation-filler-token,ablation-filler-token,3,deepseek-r1-distill-8b,0.4908087372880186
A3,F4,ablation-filler-token,ablation-filler-token,4,deepseek-r1-distill-8b,0.4892536324874778
A3,F4,ablation-filler-token,ablation-filler-token,5,deepseek-r1-distill-8b,0.4847449324557409
A3,F4,ablation-filler-token,ablation-filler-token,6,deepseek-r1-distill-8b,0.4821797684591078
A3,F4,ablation-filler-token,ablation-filler-token,7,deepseek-r1-distill-8b,0.4850064163596473
A3,F4,ablation-filler-token,ablation-filler-token,8,deepseek-r1-distill-8b,0.4834388927984987
A3,F4,ablation-filler-token,ablation-filler-token,9,deepseek-r1-distill-8b,0.4839156352196051
A3,F4,ablation-filler-token,ablation-filler-token,10,deepseek-r1-distill-8b,0.4850174552579652
A3,F4,ablation-filler-token,ablation-filler-token,11,deepseek-r1-distill-8b,0.4854838487118985
A3,F4,ablation-filler-token,ablation-filler-token,12,deepseek-r1-distill-8b,0.4861517020601344
A3,F4,ablation-filler-token,ablation-filler-token,13,deepseek-r1-distill-8b,0.4880517724331111
A3,F4,ablation-filler-token,ablation-filler-token,14,deepseek-r1-distill-8b,0.4860344137655061
A3,F4,ablation-filler-token,ablation-filler-token,15,deepseek-r1-distill-8b,0.4858219149728857
A3,F4,ablation-filler-token,ablation-filler-token,16,deepseek-r1-distill-8b,0.4884160560776034
A3,F4,ablation-filler-token,ablation-filler-token,17,deepseek-r1-distill-8b,0.4923017482855211
A3,F4,ablation-filler-token,ablation-filler-token,18,deepseek-r1-distill-8b,0.4922368947579032
A3,F4,ablation-filler-token,ablation-filler-token,19,deepseek-r1-distill-8b,0.4949690220915953
A3,F4,ablation-filler-token,ablation-filler-token,20,deepseek-r1-distill-8b,0.499801299830277
A3,F4,ablation-filler-token,ablation-filler-token,21,deepseek-r1-distill-8b,0.4998696030136192
A3,F4,ablation-filler-token,ablation-filler-token,22,deepseek-r1-distill-8b,0.5001034896717307
A3,F4,ablation-filler-token,ablation-filler-token,23,deepseek-r1-distill-8b,0.4937354252045646
A3,F4,ablation-filler-token,ablation-filler-token,24,deepseek-r1-distill-8b,0.495529246181231
A3,F4,ablation-filler-token,ablation-filler-token,25,deepseek-r1-distill-8b,0.4962536738833464
A3,F4,ablation-filler-token,ablation-filler-token,26,deepseek-r1-distill-8b,0.4899207959045687
A3,F4,ablation-filler-token,ablation-filler-token,27,deepseek-r1-distill-8b,0.4822908473734321
A3,F4,ablation-filler-token,ablation-filler-token,28,deepseek-r1-distill-8b,0.4957776213933849
A3,F4,ablation-filler-token,ablation-filler-token,29,deepseek-r1-distill-8b,0.5035338273240331
A3,F4,ablation-filler-token,ablation-filler-token,30,deepseek-r1-distill-8b,0.5069213892453533
A3,F4,ablation-filler-token,ablation-filler-token,31,deepseek-r1-distill-8b,0.507418139669661
A3,F4,ablation-filler-token,ablation-filler-token,32,deepseek-r1-distill-8b,0.5046929116474176
A3,F5,ablation-filler-token,ablation-filler-token,0,deepseek-r1-distill-8b,0.5
A3,F5,ablation-filler-token,ablation-filler-token,1,deepseek-r1-distill-8b,0.5142275805520969
A3,F5,ablation-filler-token,ablation-filler-token,2,deepseek-r1-distill-8b,0.5121600008098232
A3,F5,ablation-filler-token,ablation-filler-token,3,deepseek-r1-distill-8b,0.5099114762063834
A3,F5,ablation-filler-token,ablation-filler-token,4,deepseek-r1-distill-8b,0.5046805247654044
A3,F5,ablation-filler-token,ablation-filler-token,5,deepseek-r1-distill-8b,0.5049411865933777
A3,F5,ablation-filler-token,ablation-filler-token,6,deepseek-r1-distill-8b,0.5013210240213793
A3,F5,ablation-filler-token,ablation-filler-token,7,deepseek-r1-distill-8b,0.4997905847935456
A3,F5,ablation-filler-token,ablation-filler-token,8,deepseek-r1-distill-8b,0.499317977061759
A3,F5,ablation-filler-token,ablation-filler-token,9,deepseek-r1-distill-8b,0.4992755878809964
A3,F5,ablation-filler-token,ablation-filler-token,10,deepseek-r1-distill-8b,0.4960546428173747
A3,F5,ablation-filler-token,ablation-filler-token,11,deepseek-r1-distill-8b,0.4999468553554618
A3,F5,ablation-filler-token,ablation-filler-token,12,deepseek-r1-distill-8b,0.5005542227216132
A3,F5,ablation-filler-token,ablation-filler-token,13,deepseek-r1-distill-8b,0.4966620101835262
A3,F5,ablation-filler-token,ablation-filler-token,14,deepseek-r1-distill-8b,0.4967505845910899
A3,F5,ablation-filler-token,ablation-filler-token,15,deepseek-r1-distill-8b,0.4949677083016996
A3,F5,ablation-filler-token,ablation-filler-token,16,deepseek-r1-distill-8b,0.4980602204743539
A3,F5,ablation-filler-token,ablation-filler-token,17,deepseek-r1-distill-8b,0.4953852733659287
A3,F5,ablation-filler-token,ablation-filler-token,18,deepseek-r1-distill-8b,0.4950790589854941
A3,F5,ablation-filler-token,ablation-filler-token,19,deepseek-r1-distill-8b,0.4905763157095569
A3,F5,ablation-filler-token,ablation-filler-token,20,deepseek-r1-distill-8b,0.4893786631844271
A3,F5,ablation-filler-token,ablation-filler-token,21,deepseek-r1-distill-8b,0.4894893811938818
A3,F5,ablation-filler-token,ablation-filler-token,22,deepseek-r1-distill-8b,0.491614534301072
A3,F5,ablation-filler-token,ablation-filler-token,23,deepseek-r1-distill-8b,0.4948044783220464
A3,F5,ablation-filler-token,ablation-filler-token,24,deepseek-r1-distill-8b,0.4955902598520048
A3,F5,ablation-filler-token,ablation-filler-token,25,deepseek-r1-distill-8b,0.4985954629657748
A3,F5,ablation-filler-token,ablation-filler-token,26,deepseek-r1-distill-8b,0.4986593630740887
A3,F5,ablation-filler-token,ablation-filler-token,27,deepseek-r1-distill-8b,0.5001189427758713
A3,F5,ablation-filler-token,ablation-filler-token,28,deepseek-r1-distill-8b,0.5064621357061152
A3,F5,ablation-filler-token,ablation-filler-token,29,deepseek-r1-distill-8b,0.4940098393513316
A3,F5,ablation-filler-token,ablation-filler-token,30,deepseek-r1-distill-8b,0.5066721835869092
A3,F5,ablation-filler-token,ablation-filler-token,31,deepseek-r1-distill-8b,0.4950657728243595
A3,F5,ablation-filler-token,ablation-filler-token,32,deepseek-r1-distill-8b,0.5088333991314646
F0,A1,ablation-filler-token,ablation-filler-token,0,deepseek-r1-distill-8b,0.5
F0,A1,ablation-filler-token,ablation-filler-token,1,deepseek-r1-distill-8b,0.4278031954895115
F0,A1,ablation-filler-token,ablation-filler-token,2,deepseek-r1-distill-8b,0.4184721644546955
F0,A1,ablation-filler-token,ablation-filler-token,3,deepseek-r1-distill-8b,0.4190393365347046
F0,A1,ablation-filler-token,ablation-filler-token,4,deepseek-r1-distill-8b,0.4374829323216664
F0,A1,ablation-filler-token,ablation-filler-token,5,deepseek-r1-distill-8b,0.5350785428298945
F0,A1,ablation-filler-token,ablation-filler-token,6,deepseek-r1-distill-8b,0.5502367418274705
F0,A1,ablation-filler-token,ablation-filler-token,7,deepseek-r1-distill-8b,0.5470521756300861
F0,A1,ablation-filler-token,ablation-filler-token,8,deepseek-r1-distill-8b,0.5449347331980523
F0,A1,ablation-filler-token,ablation-filler-token,9,deepseek-r1-distill-8b,0.5434012679446945
F0,A1,ablation-filler-token,ablation-filler-token,10,deepseek-r1-distill-8b,0.5340492305365447
F0,A1,ablation-filler-token,ablation-filler-token,11,deepseek-r1-distill-8b,0.5306756069791575
F0,A1,ablation-filler-token,ablation-filler-token,12,deepseek-r1-distill-8b,0.5175844351176148
F0,A1,ablation-filler-token,ablation-filler-token,13,deepseek-r1-distill-8b,0.4929607642958874
F0,A1,ablation-filler-token,ablation-filler-token,14,deepseek-r1-distill-8b,0.4719880011595518
F0,A1,ablation-filler-token,ablation-filler-token,15,deepseek-r1-distill-8b,0.4544854908979384
F0,A1,ablation-filler-token,ablation-filler-token,16,deepseek-r1-distill-8b,0.4539309226419296
F0,A1,ablation-filler-token,ablation-filler-token,17,deepseek-r1-distill-8b,0.4662742676127937
F0,A1,ablation-filler-token,ablation-filler-token,18,deepseek-r1-distill-8b,0.4757691483596122
F0,A1,ablation-filler-token,ablation-filler-token,19,deepseek-r1-distill-8b,0.4780588430529823
F0,A1,ablation-filler-token,ablation-filler-token,20,deepseek-r1-distill-8b,0.4858732139331073
F0,A1,ablation-filler-token,ablation-filler-token,21,deepseek-r1-distill-8b,0.4972838759279565
F0,A1,ablation-filler-token,ablation-filler-token,22,deepseek-r1-distill-8b,0.5195968456829803
F0,A1,ablation-filler-token,ablation-filler-token,23,deepseek-r1-distill-8b,0.5234032005310412
F0,A1,ablation-filler-token,ablation-filler-token,24,deepseek-r1-distill-8b,0.5215798473256785
F0,A1,ablation-filler-token,ablation-filler-token,25,deepseek-r1-distill-8b,0.527965784819114
F0,A1,ablation-filler-token,ablation-filler-token,26,deepseek-r1-distill-8b,0.5316965167231739
F0,A1,ablation-filler-token,ablation-filler-token,27,deepseek-r1-distill-8b,0.5420400549526727
F0,A1,ablation-filler-token,ablation-filler-token,28,deepseek-r1-distill-8b,0.5562865773475673
F0,A1,ablation-filler-token,ablation-filler-token,29,deepseek-r1-distill-8b,0.5707431634757987
F0,A1,ablation-filler-token,ablation-filler-token,30,deepseek-r1-distill-8b,0.5755326165958752
F0,A1,ablation-filler-token,ablation-filler-token,31,deepseek-r1-distill-8b,0.5668611856837364
F0,A1,ablation-filler-token,ablation-filler-token,32,deepseek-r1-distill-8b,0.5182608403389589
F0,A2,ablation-filler-token,ablation-filler-token,0,deepseek-r1-distill-8b,0.5
F0,A2,ablation-filler-token,ablation-filler-token,1,deepseek-r1-distill-8b,0.440074074074074
F0,A2,ablation-filler-token,ablation-filler-token,2,deepseek-r1-distill-8b,0.4535860566448801
F0,A2,ablation-filler-token,ablation-filler-token,3,deepseek-r1-distill-8b,0.4568366013071895
F0,A2,ablation-filler-token,ablation-filler-token,4,deepseek-r1-distill-8b,0.440718954248366
F0,A2,ablation-filler-token,ablation-filler-token,5,deepseek-r1-distill-8b,0.4845228758169935
F0,A2,ablation-filler-token,ablation-filler-token,6,deepseek-r1-distill-8b,0.5060305010893246
F0,A2,ablation-filler-token,ablation-filler-token,7,deepseek-r1-distill-8b,0.5236993464052287
F0,A2,ablation-filler-token,ablation-filler-token,8,deepseek-r1-distill-8b,0.5258692810457516
F0,A2,ablation-filler-token,ablation-filler-token,9,deepseek-r1-distill-8b,0.5334161220043573
F0,A2,ablation-filler-token,ablation-filler-token,10,deepseek-r1-distill-8b,0.5315010893246188
F0,A2,ablation-filler-token,ablation-filler-token,11,deepseek-r1-distill-8b,0.5434989106753813
F0,A2,ablation-filler-token,ablation-filler-token,12,deepseek-r1-distill-8b,0.5426710239651416
F0,A2,ablation-filler-token,ablation-filler-token,13,deepseek-r1-distill-8b,0.5333638344226579
F0,A2,ablation-filler-token,ablation-filler-token,14,deepseek-r1-distill-8b,0.5113289760348585
F0,A2,ablation-filler-token,ablation-filler-token,15,deepseek-r1-distill-8b,0.5047320261437909
F0,A2,ablation-filler-token,ablation-filler-token,16,deepseek-r1-distill-8b,0.509599128540305
F0,A2,ablation-filler-token,ablation-filler-token,17,deepseek-r1-distill-8b,0.5125403050108932
F0,A2,ablation-filler-token,ablation-filler-token,18,deepseek-r1-distill-8b,0.5097298474945534
F0,A2,ablation-filler-token,ablation-filler-token,19,deepseek-r1-distill-8b,0.5232069716775599
F0,A2,ablation-filler-token,ablation-filler-token,20,deepseek-r1-distill-8b,0.5218736383442266
F0,A2,ablation-filler-token,ablation-filler-token,21,deepseek-r1-distill-8b,0.5304357298474947
F0,A2,ablation-filler-token,ablation-filler-token,22,deepseek-r1-distill-8b,0.5507755991285403
F0,A2,ablation-filler-token,ablation-filler-token,23,deepseek-r1-distill-8b,0.5634030501089324
F0,A2,ablation-filler-token,ablation-filler-token,24,deepseek-r1-distill-8b,0.5668714596949891
F0,A2,ablation-filler-token,ablation-filler-token,25,deepseek-r1-distill-8b,0.5741960784313725
F0,A2,ablation-filler-token,ablation-filler-token,26,deepseek-r1-distill-8b,0.5661002178649237
F0,A2,ablation-filler-token,ablation-filler-token,27,deepseek-r1-distill-8b,0.5762178649237473
F0,A2,ablation-filler-token,ablation-filler-token,28,deepseek-r1-distill-8b,0.5791938997821351
F0,A2,ablation-filler-token,ablation-filler-token,29,deepseek-r1-distill-8b,0.5707538126361655
F0,A2,ablation-filler-token,ablation-filler-token,30,deepseek-r1-distill-8b,0.5687102396514162
F0,A2,ablation-filler-token,ablation-filler-token,31,deepseek-r1-distill-8b,0.5209411764705882
F0,A2,ablation-filler-token,ablation-filler-token,32,deepseek-r1-distill-8b,0.4682875816993463
F0,A3,ablation-filler-token,ablation-filler-token,0,deepseek-r1-distill-8b,0.5
F0,A3,ablation-filler-token,ablation-filler-token,1,deepseek-r1-distill-8b,0.4670243902439024
F0,A3,ablation-filler-token,ablation-filler-token,2,deepseek-r1-distill-8b,0.4723861788617886
F0,A3,ablation-filler-token,ablation-filler-token,3,deepseek-r1-distill-8b,0.4823861788617886
F0,A3,ablation-filler-token,ablation-filler-token,4,deepseek-r1-distill-8b,0.4574918699186991
F0,A3,ablation-filler-token,ablation-filler-token,5,deepseek-r1-distill-8b,0.5220975609756098
F0,A3,ablation-filler-token,ablation-filler-token,6,deepseek-r1-distill-8b,0.527020325203252
F0,A3,ablation-filler-token,ablation-filler-token,7,deepseek-r1-distill-8b,0.5351747967479674
F0,A3,ablation-filler-token,ablation-filler-token,8,deepseek-r1-distill-8b,0.5348658536585366
F0,A3,ablation-filler-token,ablation-filler-token,9,deepseek-r1-distill-8b,0.5424227642276422
F0,A3,ablation-filler-token,ablation-filler-token,10,deepseek-r1-distill-8b,0.5456219512195122
F0,A3,ablation-filler-token,ablation-filler-token,11,deepseek-r1-distill-8b,0.5508373983739837
F0,A3,ablation-filler-token,ablation-filler-token,12,deepseek-r1-distill-8b,0.5490243902439025
F0,A3,ablation-filler-token,ablation-filler-token,13,deepseek-r1-distill-8b,0.5307317073170732
F0,A3,ablation-filler-token,ablation-filler-token,14,deepseek-r1-distill-8b,0.5135365853658537
F0,A3,ablation-filler-token,ablation-filler-token,15,deepseek-r1-distill-8b,0.5053983739837398
F0,A3,ablation-filler-token,ablation-filler-token,16,deepseek-r1-distill-8b,0.5039024390243902
F0,A3,ablation-filler-token,ablation-filler-token,17,deepseek-r1-distill-8b,0.497520325203252
F0,A3,ablation-filler-token,ablation-filler-token,18,deepseek-r1-distill-8b,0.4886788617886178
F0,A3,ablation-filler-token,ablation-filler-token,19,deepseek-r1-distill-8b,0.4941138211382113
F0,A3,ablation-filler-token,ablation-filler-token,20,deepseek-r1-distill-8b,0.4928861788617886
F0,A3,ablation-filler-token,ablation-filler-token,21,deepseek-r1-distill-8b,0.5073414634146342
F0,A3,ablation-filler-token,ablation-filler-token,22,deepseek-r1-distill-8b,0.5201056910569106
F0,A3,ablation-filler-token,ablation-filler-token,23,deepseek-r1-distill-8b,0.5382073170731707
F0,A3,ablation-filler-token,ablation-filler-token,24,deepseek-r1-distill-8b,0.5348008130081301
F0,A3,ablation-filler-token,ablation-filler-token,25,deepseek-r1-distill-8b,0.544369918699187
F0,A3,ablation-filler-token,ablation-filler-token,26,deepseek-r1-distill-8b,0.5391341463414634
F0,A3,ablation-filler-token,ablation-filler-token,27,deepseek-r1-distill-8b,0.5321463414634147
F0,A3,ablation-filler-token,ablation-filler-token,28,deepseek-r1-distill-8b,0.5375406504065041
F0,A3,ablation-filler-token,ablation-filler-token,29,deepseek-r1-distill-8b,0.541869918699187
F0,A3,ablation-filler-token,ablation-filler-token,30,deepseek-r1-distill-8b,0.5425325203252033
F0,A3,ablation-filler-token,ablation-filler-token,31,deepseek-r1-distill-8b,0.5325
F0,A3,ablation-filler-token,ablation-filler-token,32,deepseek-r1-distill-8b,0.5293821138211382
F0,F1,ablation-filler-token,ablation-filler-token,0,deepseek-r1-distill-8b,0.5
F0,F1,ablation-filler-token,ablation-filler-token,1,deepseek-r1-distill-8b,0.5802414703140062
F0,F1,ablation-filler-token,ablation-filler-token,2,deepseek-r1-distill-8b,0.5976216438312869
F0,F1,ablation-filler-token,ablation-filler-token,3,deepseek-r1-distill-8b,0.5662352439197837
F0,F1,ablation-filler-token,ablation-filler-token,4,deepseek-r1-distill-8b,0.5221432070671155
F0,F1,ablation-filler-token,ablation-filler-token,5,deepseek-r1-distill-8b,0.500045828789962
F0,F1,ablation-filler-token,ablation-filler-token,6,deepseek-r1-distill-8b,0.5019074258442769
F0,F1,ablation-filler-token,ablation-filler-token,7,deepseek-r1-distill-8b,0.5111458777793582
F0,F1,ablation-filler-token,ablation-filler-token,8,deepseek-r1-distill-8b,0.5094280883073373
F0,F1,ablation-filler-token,ablation-filler-token,9,deepseek-r1-distill-8b,0.5054409835806507
F0,F1,ablation-filler-token,ablation-filler-token,10,deepseek-r1-distill-8b,0.499683939379573
F0,F1,ablation-filler-token,ablation-filler-token,11,deepseek-r1-distill-8b,0.4976500892871253
F0,F1,ablation-filler-token,ablation-filler-token,12,deepseek-r1-distill-8b,0.4957489846552569
F0,F1,ablation-filler-token,ablation-filler-token,13,deepseek-r1-distill-8b,0.4882599282542391
F0,F1,ablation-filler-token,ablation-filler-token,14,deepseek-r1-distill-8b,0.4928854754341883
F0,F1,ablation-filler-token,ablation-filler-token,15,deepseek-r1-distill-8b,0.5080563852146842
F0,F1,ablation-filler-token,ablation-filler-token,16,deepseek-r1-distill-8b,0.518789803884385
F0,F1,ablation-filler-token,ablation-filler-token,17,deepseek-r1-distill-8b,0.5294979377044517
F0,F1,ablation-filler-token,ablation-filler-token,18,deepseek-r1-distill-8b,0.5304066119881794
F0,F1,ablation-filler-token,ablation-filler-token,19,deepseek-r1-distill-8b,0.5583684950773558
F0,F1,ablation-filler-token,ablation-filler-token,20,deepseek-r1-distill-8b,0.580894135495188
F0,F1,ablation-filler-token,ablation-filler-token,21,deepseek-r1-distill-8b,0.6072480601779421
F0,F1,ablation-filler-token,ablation-filler-token,22,deepseek-r1-distill-8b,0.6244346465652113
F0,F1,ablation-filler-token,ablation-filler-token,23,deepseek-r1-distill-8b,0.6513551099100807
F0,F1,ablation-filler-token,ablation-filler-token,24,deepseek-r1-distill-8b,0.6928507087659412
F0,F1,ablation-filler-token,ablation-filler-token,25,deepseek-r1-distill-8b,0.7172869356342547
F0,F1,ablation-filler-token,ablation-filler-token,26,deepseek-r1-distill-8b,0.7503658401681443
F0,F1,ablation-filler-token,ablation-filler-token,27,deepseek-r1-distill-8b,0.7709872153479037
F0,F1,ablation-filler-token,ablation-filler-token,28,deepseek-r1-distill-8b,0.7764629655968015
F0,F1,ablation-filler-token,ablation-filler-token,29,deepseek-r1-distill-8b,0.7760299625468166
F0,F1,ablation-filler-token,ablation-filler-token,30,deepseek-r1-distill-8b,0.7598113118096049
F0,F1,ablation-filler-token,ablation-filler-token,31,deepseek-r1-distill-8b,0.6961266770966672
F0,F1,ablation-filler-token,ablation-filler-token,32,deepseek-r1-distill-8b,0.5297855528690403
F0,F2,ablation-filler-token,ablation-filler-token,0,deepseek-r1-distill-8b,0.5
F0,F2,ablation-filler-token,ablation-filler-token,1,deepseek-r1-distill-8b,0.393650486896211
F0,F2,ablation-filler-token,ablation-filler-token,2,deepseek-r1-distill-8b,0.5363391703617812
F0,F2,ablation-filler-token,ablation-filler-token,3,deepseek-r1-distill-8b,0.5983830965954844
F0,F2,ablation-filler-token,ablation-filler-token,4,deepseek-r1-distill-8b,0.5964254911013053
F0,F2,ablation-filler-token,ablation-filler-token,5,deepseek-r1-distill-8b,0.5952677481810731
F0,F2,ablation-filler-token,ablation-filler-token,6,deepseek-r1-distill-8b,0.5928180572107521
F0,F2,ablation-filler-token,ablation-filler-token,7,deepseek-r1-distill-8b,0.5925281741302613
F0,F2,ablation-filler-token,ablation-filler-token,8,deepseek-r1-distill-8b,0.5917488896762256
F0,F2,ablation-filler-token,ablation-filler-token,9,deepseek-r1-distill-8b,0.593288669866117
F0,F2,ablation-filler-token,ablation-filler-token,10,deepseek-r1-distill-8b,0.5961839218675627
F0,F2,ablation-filler-token,ablation-filler-token,11,deepseek-r1-distill-8b,0.6004140675606517
F0,F2,ablation-filler-token,ablation-filler-token,12,deepseek-r1-distill-8b,0.6071744273019759
F0,F2,ablation-filler-token,ablation-filler-token,13,deepseek-r1-distill-8b,0.6084681647537963
F0,F2,ablation-filler-token,ablation-filler-token,14,deepseek-r1-distill-8b,0.6308160029775645
F0,F2,ablation-filler-token,ablation-filler-token,15,deepseek-r1-distill-8b,0.6267236412177952
F0,F2,ablation-filler-token,ablation-filler-token,16,deepseek-r1-distill-8b,0.6391921924823656
F0,F2,ablation-filler-token,ablation-filler-token,17,deepseek-r1-distill-8b,0.6482411970381823
F0,F2,ablation-filler-token,ablation-filler-token,18,deepseek-r1-distill-8b,0.663048496365725
F0,F2,ablation-filler-token,ablation-filler-token,19,deepseek-r1-distill-8b,0.6821736220711967
F0,F2,ablation-filler-token,ablation-filler-token,20,deepseek-r1-distill-8b,0.6969719743900824
F0,F2,ablation-filler-token,ablation-filler-token,21,deepseek-r1-distill-8b,0.720364823225003
F0,F2,ablation-filler-token,ablation-filler-token,22,deepseek-r1-distill-8b,0.7245341292592236
F0,F2,ablation-filler-token,ablation-filler-token,23,deepseek-r1-distill-8b,0.7248025395189372
F0,F2,ablation-filler-token,ablation-filler-token,24,deepseek-r1-distill-8b,0.7339964856149994
F0,F2,ablation-filler-token,ablation-filler-token,25,deepseek-r1-distill-8b,0.7486999996421196
F0,F2,ablation-filler-token,ablation-filler-token,26,deepseek-r1-distill-8b,0.77364962798338
F0,F2,ablation-filler-token,ablation-filler-token,27,deepseek-r1-distill-8b,0.8321666434044442
F0,F2,ablation-filler-token,ablation-filler-token,28,deepseek-r1-distill-8b,0.845096860315722
F0,F2,ablation-filler-token,ablation-filler-token,29,deepseek-r1-distill-8b,0.8565293479777971
F0,F2,ablation-filler-token,ablation-filler-token,30,deepseek-r1-distill-8b,0.8672532325542278
F0,F2,ablation-filler-token,ablation-filler-token,31,deepseek-r1-distill-8b,0.8679725720502607
F0,F2,ablation-filler-token,ablation-filler-token,32,deepseek-r1-distill-8b,0.804894371615794
F0,F3,ablation-filler-token,ablation-filler-token,0,deepseek-r1-distill-8b,0.5
F0,F3,ablation-filler-token,ablation-filler-token,1,deepseek-r1-distill-8b,0.5117352263338696
F0,F3,ablation-filler-token,ablation-filler-token,2,deepseek-r1-distill-8b,0.4985931135945268
F0,F3,ablation-filler-token,ablation-filler-token,3,deepseek-r1-distill-8b,0.4815193286080793
F0,F3,ablation-filler-token,ablation-filler-token,4,deepseek-r1-distill-8b,0.4848893333913119
F0,F3,ablation-filler-token,ablation-filler-token,5,deepseek-r1-distill-8b,0.4866413735124871
F0,F3,ablation-filler-token,ablation-filler-token,6,deepseek-r1-distill-8b,0.4904353466394167
F0,F3,ablation-filler-token,ablation-filler-token,7,deepseek-r1-distill-8b,0.4965122262324071
F0,F3,ablation-filler-token,ablation-filler-token,8,deepseek-r1-distill-8b,0.4964560594860199
F0,F3,ablation-filler-token,ablation-filler-token,9,deepseek-r1-distill-8b,0.4971282486121378
F0,F3,ablation-filler-token,ablation-filler-token,10,deepseek-r1-distill-8b,0.5000507312548014
F0,F3,ablation-filler-token,ablation-filler-token,11,deepseek-r1-distill-8b,0.501195808148889
F0,F3,ablation-filler-token,ablation-filler-token,12,deepseek-r1-distill-8b,0.4989600092765723
F0,F3,ablation-filler-token,ablation-filler-token,13,deepseek-r1-distill-8b,0.4931530924323463
F0,F3,ablation-filler-token,ablation-filler-token,14,deepseek-r1-distill-8b,0.4920043918772013
F0,F3,ablation-filler-token,ablation-filler-token,15,deepseek-r1-distill-8b,0.4970630227131074
F0,F3,ablation-filler-token,ablation-filler-token,16,deepseek-r1-distill-8b,0.4972659477323129
F0,F3,ablation-filler-token,ablation-filler-token,17,deepseek-r1-distill-8b,0.5046346624922091
F0,F3,ablation-filler-token,ablation-filler-token,18,deepseek-r1-distill-8b,0.5041980113348118
F0,F3,ablation-filler-token,ablation-filler-token,19,deepseek-r1-distill-8b,0.5056275456218927
F0,F3,ablation-filler-token,ablation-filler-token,20,deepseek-r1-distill-8b,0.5097766375324317
F0,F3,ablation-filler-token,ablation-filler-token,21,deepseek-r1-distill-8b,0.5081188125987447
F0,F3,ablation-filler-token,ablation-filler-token,22,deepseek-r1-distill-8b,0.5083344204316506
F0,F3,ablation-filler-token,ablation-filler-token,23,deepseek-r1-distill-8b,0.5090682117957415
F0,F3,ablation-filler-token,ablation-filler-token,24,deepseek-r1-distill-8b,0.5083489150758794
F0,F3,ablation-filler-token,ablation-filler-token,25,deepseek-r1-distill-8b,0.5180875041672102
F0,F3,ablation-filler-token,ablation-filler-token,26,deepseek-r1-distill-8b,0.5205588410082475
F0,F3,ablation-filler-token,ablation-filler-token,27,deepseek-r1-distill-8b,0.5275380122044905
F0,F3,ablation-filler-token,ablation-filler-token,28,deepseek-r1-distill-8b,0.5244325346784364
F0,F3,ablation-filler-token,ablation-filler-token,29,deepseek-r1-distill-8b,0.5217274716992072
F0,F3,ablation-filler-token,ablation-filler-token,30,deepseek-r1-distill-8b,0.529083503645403
F0,F3,ablation-filler-token,ablation-filler-token,31,deepseek-r1-distill-8b,0.5448210636169936
F0,F3,ablation-filler-token,ablation-filler-token,32,deepseek-r1-distill-8b,0.5416086880897508
F0,F4,ablation-filler-token,ablation-filler-token,0,deepseek-r1-distill-8b,0.5
F0,F4,ablation-filler-token,ablation-filler-token,1,deepseek-r1-distill-8b,0.5078721143629865
F0,F4,ablation-filler-token,ablation-filler-token,2,deepseek-r1-distill-8b,0.5202011839218446
F0,F4,ablation-filler-token,ablation-filler-token,3,deepseek-r1-distill-8b,0.4766665286804377
F0,F4,ablation-filler-token,ablation-filler-token,4,deepseek-r1-distill-8b,0.4779794676491286
F0,F4,ablation-filler-token,ablation-filler-token,5,deepseek-r1-distill-8b,0.4806764084944322
F0,F4,ablation-filler-token,ablation-filler-token,6,deepseek-r1-distill-8b,0.4859129858840088
F0,F4,ablation-filler-token,ablation-filler-token,7,deepseek-r1-distill-8b,0.4903202660374495
F0,F4,ablation-filler-token,ablation-filler-token,8,deepseek-r1-distill-8b,0.4891860192352803
F0,F4,ablation-filler-token,ablation-filler-token,9,deepseek-r1-distill-8b,0.4888741703577983
F0,F4,ablation-filler-token,ablation-filler-token,10,deepseek-r1-distill-8b,0.4923141670461287
F0,F4,ablation-filler-token,ablation-filler-token,11,deepseek-r1-distill-8b,0.4933794207338107
F0,F4,ablation-filler-token,ablation-filler-token,12,deepseek-r1-distill-8b,0.496217797463813
F0,F4,ablation-filler-token,ablation-filler-token,13,deepseek-r1-distill-8b,0.4946019787225234
F0,F4,ablation-filler-token,ablation-filler-token,14,deepseek-r1-distill-8b,0.5004318968966897
F0,F4,ablation-filler-token,ablation-filler-token,15,deepseek-r1-distill-8b,0.4971602434077079
F0,F4,ablation-filler-token,ablation-filler-token,16,deepseek-r1-distill-8b,0.5004898511128589
F0,F4,ablation-filler-token,ablation-filler-token,17,deepseek-r1-distill-8b,0.4955637427384747
F0,F4,ablation-filler-token,ablation-filler-token,18,deepseek-r1-distill-8b,0.498138565771136
F0,F4,ablation-filler-token,ablation-filler-token,19,deepseek-r1-distill-8b,0.5006678533482358
F0,F4,ablation-filler-token,ablation-filler-token,20,deepseek-r1-distill-8b,0.5037670240509997
F0,F4,ablation-filler-token,ablation-filler-token,21,deepseek-r1-distill-8b,0.5033185688068331
F0,F4,ablation-filler-token,ablation-filler-token,22,deepseek-r1-distill-8b,0.492463192173421
F0,F4,ablation-filler-token,ablation-filler-token,23,deepseek-r1-distill-8b,0.4958507540947413
F0,F4,ablation-filler-token,ablation-filler-token,24,deepseek-r1-distill-8b,0.4942418346649004
F0,F4,ablation-filler-token,ablation-filler-token,25,deepseek-r1-distill-8b,0.4883981178678368
F0,F4,ablation-filler-token,ablation-filler-token,26,deepseek-r1-distill-8b,0.4910253756675082
F0,F4,ablation-filler-token,ablation-filler-token,27,deepseek-r1-distill-8b,0.4891404837797188
F0,F4,ablation-filler-token,ablation-filler-token,28,deepseek-r1-distill-8b,0.4950518138289799
F0,F4,ablation-filler-token,ablation-filler-token,29,deepseek-r1-distill-8b,0.4977687626774847
F0,F4,ablation-filler-token,ablation-filler-token,30,deepseek-r1-distill-8b,0.5111520470257067
F0,F4,ablation-filler-token,ablation-filler-token,31,deepseek-r1-distill-8b,0.5176429192366602
F0,F4,ablation-filler-token,ablation-filler-token,32,deepseek-r1-distill-8b,0.5064439568931021
F0,F5,ablation-filler-token,ablation-filler-token,0,deepseek-r1-distill-8b,0.5
F0,F5,ablation-filler-token,ablation-filler-token,1,deepseek-r1-distill-8b,0.48446025286728
F0,F5,ablation-filler-token,ablation-filler-token,2,deepseek-r1-distill-8b,0.5220493334143157
F0,F5,ablation-filler-token,ablation-filler-token,3,deepseek-r1-distill-8b,0.5266899996963164
F0,F5,ablation-filler-token,ablation-filler-token,4,deepseek-r1-distill-8b,0.5429763025499306
F0,F5,ablation-filler-token,ablation-filler-token,5,deepseek-r1-distill-8b,0.5484502009373703
F0,F5,ablation-filler-token,ablation-filler-token,6,deepseek-r1-distill-8b,0.5516996163462804
F0,F5,ablation-filler-token,ablation-filler-token,7,deepseek-r1-distill-8b,0.5508568941257452
F0,F5,ablation-filler-token,ablation-filler-token,8,deepseek-r1-distill-8b,0.5418767145474607
F0,F5,ablation-filler-token,ablation-filler-token,9,deepseek-r1-distill-8b,0.5392979339386761
F0,F5,ablation-filler-token,ablation-filler-token,10,deepseek-r1-distill-8b,0.534463036634375
F0,F5,ablation-filler-token,ablation-filler-token,11,deepseek-r1-distill-8b,0.538210999423001
F0,F5,ablation-filler-token,ablation-filler-token,12,deepseek-r1-distill-8b,0.5406227540060939
F0,F5,ablation-filler-token,ablation-filler-token,13,deepseek-r1-distill-8b,0.529151102877909
F0,F5,ablation-filler-token,ablation-filler-token,14,deepseek-r1-distill-8b,0.5342542541022605
F0,F5,ablation-filler-token,ablation-filler-token,15,deepseek-r1-distill-8b,0.5406632451638373
F0,F5,ablation-filler-token,ablation-filler-token,16,deepseek-r1-distill-8b,0.5319133590452185
F0,F5,ablation-filler-token,ablation-filler-token,17,deepseek-r1-distill-8b,0.5217171793859516
F0,F5,ablation-filler-token,ablation-filler-token,18,deepseek-r1-distill-8b,0.5163242633139988
F0,F5,ablation-filler-token,ablation-filler-token,19,deepseek-r1-distill-8b,0.5152664318179517
F0,F5,ablation-filler-token,ablation-filler-token,20,deepseek-r1-distill-8b,0.5150234848714912
F0,F5,ablation-filler-token,ablation-filler-token,21,deepseek-r1-distill-8b,0.515634648283681
F0,F5,ablation-filler-token,ablation-filler-token,22,deepseek-r1-distill-8b,0.5174757306123275
F0,F5,ablation-filler-token,ablation-filler-token,23,deepseek-r1-distill-8b,0.5203151730490854
F0,F5,ablation-filler-token,ablation-filler-token,24,deepseek-r1-distill-8b,0.5136973994553939
F0,F5,ablation-filler-token,ablation-filler-token,25,deepseek-r1-distill-8b,0.5122346563819127
F0,F5,ablation-filler-token,ablation-filler-token,26,deepseek-r1-distill-8b,0.5074263313998806
F0,F5,ablation-filler-token,ablation-filler-token,27,deepseek-r1-distill-8b,0.4981196918622896
F0,F5,ablation-filler-token,ablation-filler-token,28,deepseek-r1-distill-8b,0.499220545213439
F0,F5,ablation-filler-token,ablation-filler-token,29,deepseek-r1-distill-8b,0.4893002115662991
F0,F5,ablation-filler-token,ablation-filler-token,30,deepseek-r1-distill-8b,0.4657786449634061
F0,F5,ablation-filler-token,ablation-filler-token,31,deepseek-r1-distill-8b,0.4770440442568354
F0,F5,ablation-filler-token,ablation-filler-token,32,deepseek-r1-distill-8b,0.4763721441080304
F1,A1,ablation-filler-token,ablation-filler-token,0,deepseek-r1-distill-8b,0.5
F1,A1,ablation-filler-token,ablation-filler-token,1,deepseek-r1-distill-8b,0.4305298227482217
F1,A1,ablation-filler-token,ablation-filler-token,2,deepseek-r1-distill-8b,0.418938505942703
F1,A1,ablation-filler-token,ablation-filler-token,3,deepseek-r1-distill-8b,0.417816765606685
F1,A1,ablation-filler-token,ablation-filler-token,4,deepseek-r1-distill-8b,0.4208920986627343
F1,A1,ablation-filler-token,ablation-filler-token,5,deepseek-r1-distill-8b,0.4211399738680716
F1,A1,ablation-filler-token,ablation-filler-token,6,deepseek-r1-distill-8b,0.420375341878726
F1,A1,ablation-filler-token,ablation-filler-token,7,deepseek-r1-distill-8b,0.4196191124387139
F1,A1,ablation-filler-token,ablation-filler-token,8,deepseek-r1-distill-8b,0.4189595123160367
F1,A1,ablation-filler-token,ablation-filler-token,9,deepseek-r1-distill-8b,0.4191191607533725
F1,A1,ablation-filler-token,ablation-filler-token,10,deepseek-r1-distill-8b,0.4197661570520496
F1,A1,ablation-filler-token,ablation-filler-token,11,deepseek-r1-distill-8b,0.4192199913453742
F1,A1,ablation-filler-token,ablation-filler-token,12,deepseek-r1-distill-8b,0.4193712372333766
F1,A1,ablation-filler-token,ablation-filler-token,13,deepseek-r1-distill-8b,0.4199762207853863
F1,A1,ablation-filler-token,ablation-filler-token,14,deepseek-r1-distill-8b,0.4205223864920617
F1,A1,ablation-filler-token,ablation-filler-token,15,deepseek-r1-distill-8b,0.4215853089827454
F1,A1,ablation-filler-token,ablation-filler-token,16,deepseek-r1-distill-8b,0.4207324502253984
F1,A1,ablation-filler-token,ablation-filler-token,17,deepseek-r1-distill-8b,0.4216609319267466
F1,A1,ablation-filler-token,ablation-filler-token,18,deepseek-r1-distill-8b,0.4226188225507619
F1,A1,ablation-filler-token,ablation-filler-token,19,deepseek-r1-distill-8b,0.4245640127214597
F1,A1,ablation-filler-token,ablation-filler-token,20,deepseek-r1-distill-8b,0.4257613760014788
F1,A1,ablation-filler-token,ablation-filler-token,21,deepseek-r1-distill-8b,0.4280678757935158
F1,A1,ablation-filler-token,ablation-filler-token,22,deepseek-r1-distill-8b,0.4313784802309021
F1,A1,ablation-filler-token,ablation-filler-token,23,deepseek-r1-distill-8b,0.4303869794095528
F1,A1,ablation-filler-token,ablation-filler-token,24,deepseek-r1-distill-8b,0.4240724635854518
F1,A1,ablation-filler-token,ablation-filler-token,25,deepseek-r1-distill-8b,0.4269461354574978
F1,A1,ablation-filler-token,ablation-filler-token,26,deepseek-r1-distill-8b,0.4347773114362898
F1,A1,ablation-filler-token,ablation-filler-token,27,deepseek-r1-distill-8b,0.4354705217563008
F1,A1,ablation-filler-token,ablation-filler-token,28,deepseek-r1-distill-8b,0.4564684925406367
F1,A1,ablation-filler-token,ablation-filler-token,29,deepseek-r1-distill-8b,0.4732021695382379
F1,A1,ablation-filler-token,ablation-filler-token,30,deepseek-r1-distill-8b,0.490503018615848
F1,A1,ablation-filler-token,ablation-filler-token,31,deepseek-r1-distill-8b,0.4569432365779777
F1,A1,ablation-filler-token,ablation-filler-token,32,deepseek-r1-distill-8b,0.4600269721833604
F1,A2,ablation-filler-token,ablation-filler-token,0,deepseek-r1-distill-8b,0.5
F1,A2,ablation-filler-token,ablation-filler-token,1,deepseek-r1-distill-8b,0.4385490196078431
F1,A2,ablation-filler-token,ablation-filler-token,2,deepseek-r1-distill-8b,0.452479302832244
F1,A2,ablation-filler-token,ablation-filler-token,3,deepseek-r1-distill-8b,0.4534596949891068
F1,A2,ablation-filler-token,ablation-filler-token,4,deepseek-r1-distill-8b,0.4564967320261437
F1,A2,ablation-filler-token,ablation-filler-token,5,deepseek-r1-distill-8b,0.4577516339869281
F1,A2,ablation-filler-token,ablation-filler-token,6,deepseek-r1-distill-8b,0.4589019607843137
F1,A2,ablation-filler-token,ablation-filler-token,7,deepseek-r1-distill-8b,0.4598257080610022
F1,A2,ablation-filler-token,ablation-filler-token,8,deepseek-r1-distill-8b,0.4602701525054467
F1,A2,ablation-filler-token,ablation-filler-token,9,deepseek-r1-distill-8b,0.4606143790849673
F1,A2,ablation-filler-token,ablation-filler-token,10,deepseek-r1-distill-8b,0.4611808278867102
F1,A2,ablation-filler-token,ablation-filler-token,11,deepseek-r1-distill-8b,0.462161220043573
F1,A2,ablation-filler-token,ablation-filler-token,12,deepseek-r1-distill-8b,0.4625882352941176
F1,A2,ablation-filler-token,ablation-filler-token,13,deepseek-r1-distill-8b,0.4629368191721132
F1,A2,ablation-filler-token,ablation-filler-token,14,deepseek-r1-distill-8b,0.463359477124183
F1,A2,ablation-filler-token,ablation-filler-token,15,deepseek-r1-distill-8b,0.4642135076252723
F1,A2,ablation-filler-token,ablation-filler-token,16,deepseek-r1-distill-8b,0.4674771241830064
F1,A2,ablation-filler-token,ablation-filler-token,17,deepseek-r1-distill-8b,0.4683747276688453
F1,A2,ablation-filler-token,ablation-filler-token,18,deepseek-r1-distill-8b,0.4710849673202614
F1,A2,ablation-filler-token,ablation-filler-token,19,deepseek-r1-distill-8b,0.4739694989106754
F1,A2,ablation-filler-token,ablation-filler-token,20,deepseek-r1-distill-8b,0.4778779956427015
F1,A2,ablation-filler-token,ablation-filler-token,21,deepseek-r1-distill-8b,0.4788191721132897
F1,A2,ablation-filler-token,ablation-filler-token,22,deepseek-r1-distill-8b,0.4852287581699346
F1,A2,ablation-filler-token,ablation-filler-token,23,deepseek-r1-distill-8b,0.4875032679738562
F1,A2,ablation-filler-token,ablation-filler-token,24,deepseek-r1-distill-8b,0.489599128540305
F1,A2,ablation-filler-token,ablation-filler-token,25,deepseek-r1-distill-8b,0.4940217864923747
F1,A2,ablation-filler-token,ablation-filler-token,26,deepseek-r1-distill-8b,0.5036078431372549
F1,A2,ablation-filler-token,ablation-filler-token,27,deepseek-r1-distill-8b,0.5008453159041395
F1,A2,ablation-filler-token,ablation-filler-token,28,deepseek-r1-distill-8b,0.5132984749455338
F1,A2,ablation-filler-token,ablation-filler-token,29,deepseek-r1-distill-8b,0.5080610021786492
F1,A2,ablation-filler-token,ablation-filler-token,30,deepseek-r1-distill-8b,0.5098518518518518
F1,A2,ablation-filler-token,ablation-filler-token,31,deepseek-r1-distill-8b,0.4732374727668845
F1,A2,ablation-filler-token,ablation-filler-token,32,deepseek-r1-distill-8b,0.5043485838779957
F1,A3,ablation-filler-token,ablation-filler-token,0,deepseek-r1-distill-8b,0.5
F1,A3,ablation-filler-token,ablation-filler-token,1,deepseek-r1-distill-8b,0.464130081300813
F1,A3,ablation-filler-token,ablation-filler-token,2,deepseek-r1-distill-8b,0.4709024390243902
F1,A3,ablation-filler-token,ablation-filler-token,3,deepseek-r1-distill-8b,0.4728333333333334
F1,A3,ablation-filler-token,ablation-filler-token,4,deepseek-r1-distill-8b,0.4780589430894308
F1,A3,ablation-filler-token,ablation-filler-token,5,deepseek-r1-distill-8b,0.480390243902439
F1,A3,ablation-filler-token,ablation-filler-token,6,deepseek-r1-distill-8b,0.484280487804878
F1,A3,ablation-filler-token,ablation-filler-token,7,deepseek-r1-distill-8b,0.4874878048780487
F1,A3,ablation-filler-token,ablation-filler-token,8,deepseek-r1-distill-8b,0.4889308943089431
F1,A3,ablation-filler-token,ablation-filler-token,9,deepseek-r1-distill-8b,0.4906747967479674
F1,A3,ablation-filler-token,ablation-filler-token,10,deepseek-r1-distill-8b,0.4905121951219512
F1,A3,ablation-filler-token,ablation-filler-token,11,deepseek-r1-distill-8b,0.4914999999999999
F1,A3,ablation-filler-token,ablation-filler-token,12,deepseek-r1-distill-8b,0.4916626016260162
F1,A3,ablation-filler-token,ablation-filler-token,13,deepseek-r1-distill-8b,0.491780487804878
F1,A3,ablation-filler-token,ablation-filler-token,14,deepseek-r1-distill-8b,0.4917276422764228
F1,A3,ablation-filler-token,ablation-filler-token,15,deepseek-r1-distill-8b,0.4922886178861789
F1,A3,ablation-filler-token,ablation-filler-token,16,deepseek-r1-distill-8b,0.493150406504065
F1,A3,ablation-filler-token,ablation-filler-token,17,deepseek-r1-distill-8b,0.4942073170731708
F1,A3,ablation-filler-token,ablation-filler-token,18,deepseek-r1-distill-8b,0.494869918699187
F1,A3,ablation-filler-token,ablation-filler-token,19,deepseek-r1-distill-8b,0.497329268292683
F1,A3,ablation-filler-token,ablation-filler-token,20,deepseek-r1-distill-8b,0.4994512195121951
F1,A3,ablation-filler-token,ablation-filler-token,21,deepseek-r1-distill-8b,0.500979674796748
F1,A3,ablation-filler-token,ablation-filler-token,22,deepseek-r1-distill-8b,0.5023048780487804
F1,A3,ablation-filler-token,ablation-filler-token,23,deepseek-r1-distill-8b,0.5050284552845528
F1,A3,ablation-filler-token,ablation-filler-token,24,deepseek-r1-distill-8b,0.5100040650406504
F1,A3,ablation-filler-token,ablation-filler-token,25,deepseek-r1-distill-8b,0.5147317073170732
F1,A3,ablation-filler-token,ablation-filler-token,26,deepseek-r1-distill-8b,0.5187317073170732
F1,A3,ablation-filler-token,ablation-filler-token,27,deepseek-r1-distill-8b,0.5166422764227643
F1,A3,ablation-filler-token,ablation-filler-token,28,deepseek-r1-distill-8b,0.5141747967479675
F1,A3,ablation-filler-token,ablation-filler-token,29,deepseek-r1-distill-8b,0.5229186991869919
F1,A3,ablation-filler-token,ablation-filler-token,30,deepseek-r1-distill-8b,0.5227032520325203
F1,A3,ablation-filler-token,ablation-filler-token,31,deepseek-r1-distill-8b,0.5332886178861788
F1,A3,ablation-filler-token,ablation-filler-token,32,deepseek-r1-distill-8b,0.5245528455284553
F1,F0,ablation-filler-token,ablation-filler-token,0,deepseek-r1-distill-8b,0.5
F1,F0,ablation-filler-token,ablation-filler-token,1,deepseek-r1-distill-8b,0.510295494804301
F1,F0,ablation-filler-token,ablation-filler-token,2,deepseek-r1-distill-8b,0.5114538554982644
F1,F0,ablation-filler-token,ablation-filler-token,3,deepseek-r1-distill-8b,0.512546400243707
F1,F0,ablation-filler-token,ablation-filler-token,4,deepseek-r1-distill-8b,0.5066586935346173
F1,F0,ablation-filler-token,ablation-filler-token,5,deepseek-r1-distill-8b,0.5053574182095806
F1,F0,ablation-filler-token,ablation-filler-token,6,deepseek-r1-distill-8b,0.5047030196357181
F1,F0,ablation-filler-token,ablation-filler-token,7,deepseek-r1-distill-8b,0.5065684316623604
F1,F0,ablation-filler-token,ablation-filler-token,8,deepseek-r1-distill-8b,0.5052840804383718
F1,F0,ablation-filler-token,ablation-filler-token,9,deepseek-r1-distill-8b,0.5045488222706126
F1,F0,ablation-filler-token,ablation-filler-token,10,deepseek-r1-distill-8b,0.5024953646767685
F1,F0,ablation-filler-token,ablation-filler-token,11,deepseek-r1-distill-8b,0.5022997972868786
F1,F0,ablation-filler-token,ablation-filler-token,12,deepseek-r1-distill-8b,0.5016397573460001
F1,F0,ablation-filler-token,ablation-filler-token,13,deepseek-r1-distill-8b,0.4999905977216399
F1,F0,ablation-filler-token,ablation-filler-token,14,deepseek-r1-distill-8b,0.502348689134351
F1,F0,ablation-filler-token,ablation-filler-token,15,deepseek-r1-distill-8b,0.5065101375365278
F1,F0,ablation-filler-token,ablation-filler-token,16,deepseek-r1-distill-8b,0.5100021437194662
F1,F0,ablation-filler-token,ablation-filler-token,17,deepseek-r1-distill-8b,0.5143347135877966
F1,F0,ablation-filler-token,ablation-filler-token,18,deepseek-r1-distill-8b,0.517031287021471
F1,F0,ablation-filler-token,ablation-filler-token,19,deepseek-r1-distill-8b,0.5294046853433525
F1,F0,ablation-filler-token,ablation-filler-token,20,deepseek-r1-distill-8b,0.5383481325194721
F1,F0,ablation-filler-token,ablation-filler-token,21,deepseek-r1-distill-8b,0.5506895630949292
F1,F0,ablation-filler-token,ablation-filler-token,22,deepseek-r1-distill-8b,0.5610753197714871
F1,F0,ablation-filler-token,ablation-filler-token,23,deepseek-r1-distill-8b,0.5791333355898801
F1,F0,ablation-filler-token,ablation-filler-token,24,deepseek-r1-distill-8b,0.6097640780313887
F1,F0,ablation-filler-token,ablation-filler-token,25,deepseek-r1-distill-8b,0.6529280575269
F1,F0,ablation-filler-token,ablation-filler-token,26,deepseek-r1-distill-8b,0.6988863941510306
F1,F0,ablation-filler-token,ablation-filler-token,27,deepseek-r1-distill-8b,0.7476184028913886
F1,F0,ablation-filler-token,ablation-filler-token,28,deepseek-r1-distill-8b,0.7790069689687206
F1,F0,ablation-filler-token,ablation-filler-token,29,deepseek-r1-distill-8b,0.7961473224191686
F1,F0,ablation-filler-token,ablation-filler-token,30,deepseek-r1-distill-8b,0.8180132609733992
F1,F0,ablation-filler-token,ablation-filler-token,31,deepseek-r1-distill-8b,0.7913389972658175
F1,F0,ablation-filler-token,ablation-filler-token,32,deepseek-r1-distill-8b,0.668212401229066
F1,F2,ablation-filler-token,ablation-filler-token,0,deepseek-r1-distill-8b,0.5
F1,F2,ablation-filler-token,ablation-filler-token,1,deepseek-r1-distill-8b,0.3979468404533628
F1,F2,ablation-filler-token,ablation-filler-token,2,deepseek-r1-distill-8b,0.4627249725326834
F1,F2,ablation-filler-token,ablation-filler-token,3,deepseek-r1-distill-8b,0.3992835235467373
F1,F2,ablation-filler-token,ablation-filler-token,4,deepseek-r1-distill-8b,0.411897016351553
F1,F2,ablation-filler-token,ablation-filler-token,5,deepseek-r1-distill-8b,0.4129223435436596
F1,F2,ablation-filler-token,ablation-filler-token,6,deepseek-r1-distill-8b,0.4067685909892886
F1,F2,ablation-filler-token,ablation-filler-token,7,deepseek-r1-distill-8b,0.4101559284668764
F1,F2,ablation-filler-token,ablation-filler-token,8,deepseek-r1-distill-8b,0.4037820794995401
F1,F2,ablation-filler-token,ablation-filler-token,9,deepseek-r1-distill-8b,0.40085640766866
F1,F2,ablation-filler-token,ablation-filler-token,10,deepseek-r1-distill-8b,0.4007293601457288
F1,F2,ablation-filler-token,ablation-filler-token,11,deepseek-r1-distill-8b,0.3982725115684822
F1,F2,ablation-filler-token,ablation-filler-token,12,deepseek-r1-distill-8b,0.3982063037044194
F1,F2,ablation-filler-token,ablation-filler-token,13,deepseek-r1-distill-8b,0.3981347276351624
F1,F2,ablation-filler-token,ablation-filler-token,14,deepseek-r1-distill-8b,0.4025867591429481
F1,F2,ablation-filler-token,ablation-filler-token,15,deepseek-r1-distill-8b,0.4066263335516403
F1,F2,ablation-filler-token,ablation-filler-token,16,deepseek-r1-distill-8b,0.4144844912551937
F1,F2,ablation-filler-token,ablation-filler-token,17,deepseek-r1-distill-8b,0.4206955046649703
F1,F2,ablation-filler-token,ablation-filler-token,18,deepseek-r1-distill-8b,0.4247252373641396
F1,F2,ablation-filler-token,ablation-filler-token,19,deepseek-r1-distill-8b,0.4540767939647059
F1,F2,ablation-filler-token,ablation-filler-token,20,deepseek-r1-distill-8b,0.4812399122477391
F1,F2,ablation-filler-token,ablation-filler-token,21,deepseek-r1-distill-8b,0.5053198913475269
F1,F2,ablation-filler-token,ablation-filler-token,22,deepseek-r1-distill-8b,0.5298311162645881
F1,F2,ablation-filler-token,ablation-filler-token,23,deepseek-r1-distill-8b,0.5548594782820312
F1,F2,ablation-filler-token,ablation-filler-token,24,deepseek-r1-distill-8b,0.5616323638354752
F1,F2,ablation-filler-token,ablation-filler-token,25,deepseek-r1-distill-8b,0.6014769721891183
F1,F2,ablation-filler-token,ablation-filler-token,26,deepseek-r1-distill-8b,0.6397111189844786
F1,F2,ablation-filler-token,ablation-filler-token,27,deepseek-r1-distill-8b,0.7131123780075369
F1,F2,ablation-filler-token,ablation-filler-token,28,deepseek-r1-distill-8b,0.7563192722145278
F1,F2,ablation-filler-token,ablation-filler-token,29,deepseek-r1-distill-8b,0.7810953285878399
F1,F2,ablation-filler-token,ablation-filler-token,30,deepseek-r1-distill-8b,0.8038153623717446
F1,F2,ablation-filler-token,ablation-filler-token,31,deepseek-r1-distill-8b,0.8046581705872458
F1,F2,ablation-filler-token,ablation-filler-token,32,deepseek-r1-distill-8b,0.7861146004444874
F1,F3,ablation-filler-token,ablation-filler-token,0,deepseek-r1-distill-8b,0.5
F1,F3,ablation-filler-token,ablation-filler-token,1,deepseek-r1-distill-8b,0.5147011929092201
F1,F3,ablation-filler-token,ablation-filler-token,2,deepseek-r1-distill-8b,0.5118828905219521
F1,F3,ablation-filler-token,ablation-filler-token,3,deepseek-r1-distill-8b,0.5088779695902363
F1,F3,ablation-filler-token,ablation-filler-token,4,deepseek-r1-distill-8b,0.5135506805235466
F1,F3,ablation-filler-token,ablation-filler-token,5,deepseek-r1-distill-8b,0.5089287008450378
F1,F3,ablation-filler-token,ablation-filler-token,6,deepseek-r1-distill-8b,0.5104560739806642
F1,F3,ablation-filler-token,ablation-filler-token,7,deepseek-r1-distill-8b,0.5105249235407516
F1,F3,ablation-filler-token,ablation-filler-token,8,deepseek-r1-distill-8b,0.508646055282573
F1,F3,ablation-filler-token,ablation-filler-token,9,deepseek-r1-distill-8b,0.5085427809424418
F1,F3,ablation-filler-token,ablation-filler-token,10,deepseek-r1-distill-8b,0.5090537171515126
F1,F3,ablation-filler-token,ablation-filler-token,11,deepseek-r1-distill-8b,0.5084721195518256
F1,F3,ablation-filler-token,ablation-filler-token,12,deepseek-r1-distill-8b,0.507929476308504
F1,F3,ablation-filler-token,ablation-filler-token,13,deepseek-r1-distill-8b,0.5078361670362801
F1,F3,ablation-filler-token,ablation-filler-token,14,deepseek-r1-distill-8b,0.5071549187575191
F1,F3,ablation-filler-token,ablation-filler-token,15,deepseek-r1-distill-8b,0.5075245321853575
F1,F3,ablation-filler-token,ablation-filler-token,16,deepseek-r1-distill-8b,0.5051981417866098
F1,F3,ablation-filler-token,ablation-filler-token,17,deepseek-r1-distill-8b,0.5050622544969634
F1,F3,ablation-filler-token,ablation-filler-token,18,deepseek-r1-distill-8b,0.5034932092591787
F1,F3,ablation-filler-token,ablation-filler-token,19,deepseek-r1-distill-8b,0.503853763534374
F1,F3,ablation-filler-token,ablation-filler-token,20,deepseek-r1-distill-8b,0.5019893899204244
F1,F3,ablation-filler-token,ablation-filler-token,21,deepseek-r1-distill-8b,0.5022249278891449
F1,F3,ablation-filler-token,ablation-filler-token,22,deepseek-r1-distill-8b,0.5014567117450102
F1,F3,ablation-filler-token,ablation-filler-token,23,deepseek-r1-distill-8b,0.5016016581872997
F1,F3,ablation-filler-token,ablation-filler-token,24,deepseek-r1-distill-8b,0.5054046904668725
F1,F3,ablation-filler-token,ablation-filler-token,25,deepseek-r1-distill-8b,0.5142808482265803
F1,F3,ablation-filler-token,ablation-filler-token,26,deepseek-r1-distill-8b,0.5133839921149135
F1,F3,ablation-filler-token,ablation-filler-token,27,deepseek-r1-distill-8b,0.516531141743126
F1,F3,ablation-filler-token,ablation-filler-token,28,deepseek-r1-distill-8b,0.5148751286399675
F1,F3,ablation-filler-token,ablation-filler-token,29,deepseek-r1-distill-8b,0.5127570987520111
F1,F3,ablation-filler-token,ablation-filler-token,30,deepseek-r1-distill-8b,0.5118837964372165
F1,F3,ablation-filler-token,ablation-filler-token,31,deepseek-r1-distill-8b,0.5077908712730645
F1,F3,ablation-filler-token,ablation-filler-token,32,deepseek-r1-distill-8b,0.4960538331086663
F1,F4,ablation-filler-token,ablation-filler-token,0,deepseek-r1-distill-8b,0.5
F1,F4,ablation-filler-token,ablation-filler-token,1,deepseek-r1-distill-8b,0.5064480964799714
F1,F4,ablation-filler-token,ablation-filler-token,2,deepseek-r1-distill-8b,0.5218190724565689
F1,F4,ablation-filler-token,ablation-filler-token,3,deepseek-r1-distill-8b,0.4952270563397772
F1,F4,ablation-filler-token,ablation-filler-token,4,deepseek-r1-distill-8b,0.5006450856204551
F1,F4,ablation-filler-token,ablation-filler-token,5,deepseek-r1-distill-8b,0.4997750824467718
F1,F4,ablation-filler-token,ablation-filler-token,6,deepseek-r1-distill-8b,0.4976473347959873
F1,F4,ablation-filler-token,ablation-filler-token,7,deepseek-r1-distill-8b,0.4961722620082516
F1,F4,ablation-filler-token,ablation-filler-token,8,deepseek-r1-distill-8b,0.4930868899283852
F1,F4,ablation-filler-token,ablation-filler-token,9,deepseek-r1-distill-8b,0.4908404741206827
F1,F4,ablation-filler-token,ablation-filler-token,10,deepseek-r1-distill-8b,0.4922479336562211
F1,F4,ablation-filler-token,ablation-filler-token,11,deepseek-r1-distill-8b,0.4932717914752107
F1,F4,ablation-filler-token,ablation-filler-token,12,deepseek-r1-distill-8b,0.4920368147258903
F1,F4,ablation-filler-token,ablation-filler-token,13,deepseek-r1-distill-8b,0.4915152267803672
F1,F4,ablation-filler-token,ablation-filler-token,14,deepseek-r1-distill-8b,0.4923486636033723
F1,F4,ablation-filler-token,ablation-filler-token,15,deepseek-r1-distill-8b,0.4907480233472699
F1,F4,ablation-filler-token,ablation-filler-token,16,deepseek-r1-distill-8b,0.4920036980309365
F1,F4,ablation-filler-token,ablation-filler-token,17,deepseek-r1-distill-8b,0.4916711512191083
F1,F4,ablation-filler-token,ablation-filler-token,18,deepseek-r1-distill-8b,0.4924866498323467
F1,F4,ablation-filler-token,ablation-filler-token,19,deepseek-r1-distill-8b,0.4975383256750976
F1,F4,ablation-filler-token,ablation-filler-token,20,deepseek-r1-distill-8b,0.4999310068855128
F1,F4,ablation-filler-token,ablation-filler-token,21,deepseek-r1-distill-8b,0.5026645140814947
F1,F4,ablation-filler-token,ablation-filler-token,22,deepseek-r1-distill-8b,0.5057057305680893
F1,F4,ablation-filler-token,ablation-filler-token,23,deepseek-r1-distill-8b,0.5070773136840943
F1,F4,ablation-filler-token,ablation-filler-token,24,deepseek-r1-distill-8b,0.505293151743456
F1,F4,ablation-filler-token,ablation-filler-token,25,deepseek-r1-distill-8b,0.5039836624304894
F1,F4,ablation-filler-token,ablation-filler-token,26,deepseek-r1-distill-8b,0.5025085896427537
F1,F4,ablation-filler-token,ablation-filler-token,27,deepseek-r1-distill-8b,0.5123539070800733
F1,F4,ablation-filler-token,ablation-filler-token,28,deepseek-r1-distill-8b,0.5141739454402451
F1,F4,ablation-filler-token,ablation-filler-token,29,deepseek-r1-distill-8b,0.5136992728125733
F1,F4,ablation-filler-token,ablation-filler-token,30,deepseek-r1-distill-8b,0.5218846159153316
F1,F4,ablation-filler-token,ablation-filler-token,31,deepseek-r1-distill-8b,0.5215796663492984
F1,F4,ablation-filler-token,ablation-filler-token,32,deepseek-r1-distill-8b,0.523588745843165
F1,F5,ablation-filler-token,ablation-filler-token,0,deepseek-r1-distill-8b,0.5
F1,F5,ablation-filler-token,ablation-filler-token,1,deepseek-r1-distill-8b,0.4861785963740168
F1,F5,ablation-filler-token,ablation-filler-token,2,deepseek-r1-distill-8b,0.5086031056717989
F1,F5,ablation-filler-token,ablation-filler-token,3,deepseek-r1-distill-8b,0.5172074766922774
F1,F5,ablation-filler-token,ablation-filler-token,4,deepseek-r1-distill-8b,0.5001695567230505
F1,F5,ablation-filler-token,ablation-filler-token,5,deepseek-r1-distill-8b,0.4975502849565226
F1,F5,ablation-filler-token,ablation-filler-token,6,deepseek-r1-distill-8b,0.498409456709891
F1,F5,ablation-filler-token,ablation-filler-token,7,deepseek-r1-distill-8b,0.4986233006367234
F1,F5,ablation-filler-token,ablation-filler-token,8,deepseek-r1-distill-8b,0.5020308846305688
F1,F5,ablation-filler-token,ablation-filler-token,9,deepseek-r1-distill-8b,0.5049576361262109
F1,F5,ablation-filler-token,ablation-filler-token,10,deepseek-r1-distill-8b,0.502550942937836
F1,F5,ablation-filler-token,ablation-filler-token,11,deepseek-r1-distill-8b,0.5092914553534372
F1,F5,ablation-filler-token,ablation-filler-token,12,deepseek-r1-distill-8b,0.5093661109255266
F1,F5,ablation-filler-token,ablation-filler-token,13,deepseek-r1-distill-8b,0.5052170326055048
F1,F5,ablation-filler-token,ablation-filler-token,14,deepseek-r1-distill-8b,0.5036163665259599
F1,F5,ablation-filler-token,ablation-filler-token,15,deepseek-r1-distill-8b,0.5080488829501857
F1,F5,ablation-filler-token,ablation-filler-token,16,deepseek-r1-distill-8b,0.5107288914533288
F1,F5,ablation-filler-token,ablation-filler-token,17,deepseek-r1-distill-8b,0.5092370453602195
F1,F5,ablation-filler-token,ablation-filler-token,18,deepseek-r1-distill-8b,0.5117690080678632
F1,F5,ablation-filler-token,ablation-filler-token,19,deepseek-r1-distill-8b,0.5105555386842398
F1,F5,ablation-filler-token,ablation-filler-token,20,deepseek-r1-distill-8b,0.5106150100721755
F1,F5,ablation-filler-token,ablation-filler-token,21,deepseek-r1-distill-8b,0.5120296698958364
F1,F5,ablation-filler-token,ablation-filler-token,22,deepseek-r1-distill-8b,0.5104543107898813
F1,F5,ablation-filler-token,ablation-filler-token,23,deepseek-r1-distill-8b,0.5102860194155101
F1,F5,ablation-filler-token,ablation-filler-token,24,deepseek-r1-distill-8b,0.5156776701387835
F1,F5,ablation-filler-token,ablation-filler-token,25,deepseek-r1-distill-8b,0.514852662799761
F1,F5,ablation-filler-token,ablation-filler-token,26,deepseek-r1-distill-8b,0.511036371182443
F1,F5,ablation-filler-token,ablation-filler-token,27,deepseek-r1-distill-8b,0.5130027230303582
F1,F5,ablation-filler-token,ablation-filler-token,28,deepseek-r1-distill-8b,0.5157991436120137
F1,F5,ablation-filler-token,ablation-filler-token,29,deepseek-r1-distill-8b,0.5055434925648111
F1,F5,ablation-filler-token,ablation-filler-token,30,deepseek-r1-distill-8b,0.4983183516049683
F1,F5,ablation-filler-token,ablation-filler-token,31,deepseek-r1-distill-8b,0.4881613977547653
F1,F5,ablation-filler-token,ablation-filler-token,32,deepseek-r1-distill-8b,0.4868353123386681
F2,A1,ablation-filler-token,ablation-filler-token,0,deepseek-r1-distill-8b,0.5
F2,A1,ablation-filler-token,ablation-filler-token,1,deepseek-r1-distill-8b,0.5694701772517782
F2,A1,ablation-filler-token,ablation-filler-token,2,deepseek-r1-distill-8b,0.5795028211559388
F2,A1,ablation-filler-token,ablation-filler-token,3,deepseek-r1-distill-8b,0.5667855627397352
F2,A1,ablation-filler-token,ablation-filler-token,4,deepseek-r1-distill-8b,0.5614667490116502
F2,A1,ablation-filler-token,ablation-filler-token,5,deepseek-r1-distill-8b,0.5672729106010763
F2,A1,ablation-filler-token,ablation-filler-token,6,deepseek-r1-distill-8b,0.5717304630224811
F2,A1,ablation-filler-token,ablation-filler-token,7,deepseek-r1-distill-8b,0.5296126844884738
F2,A1,ablation-filler-token,ablation-filler-token,8,deepseek-r1-distill-8b,0.5081903849627977
F2,A1,ablation-filler-token,ablation-filler-token,9,deepseek-r1-distill-8b,0.5022203736613688
F2,A1,ablation-filler-token,ablation-filler-token,10,deepseek-r1-distill-8b,0.4503472353512056
F2,A1,ablation-filler-token,ablation-filler-token,11,deepseek-r1-distill-8b,0.4530906677085828
F2,A1,ablation-filler-token,ablation-filler-token,12,deepseek-r1-distill-8b,0.4487423484285132
F2,A1,ablation-filler-token,ablation-filler-token,13,deepseek-r1-distill-8b,0.4437638379484335
F2,A1,ablation-filler-token,ablation-filler-token,14,deepseek-r1-distill-8b,0.4388399440390214
F2,A1,ablation-filler-token,ablation-filler-token,15,deepseek-r1-distill-8b,0.4386592892283519
F2,A1,ablation-filler-token,ablation-filler-token,16,deepseek-r1-distill-8b,0.4342311457296144
F2,A1,ablation-filler-token,ablation-filler-token,17,deepseek-r1-distill-8b,0.4442133743377741
F2,A1,ablation-filler-token,ablation-filler-token,18,deepseek-r1-distill-8b,0.4447385336711158
F2,A1,ablation-filler-token,ablation-filler-token,19,deepseek-r1-distill-8b,0.4433016977350928
F2,A1,ablation-filler-token,ablation-filler-token,20,deepseek-r1-distill-8b,0.4441587577671065
F2,A1,ablation-filler-token,ablation-filler-token,21,deepseek-r1-distill-8b,0.4473769341618246
F2,A1,ablation-filler-token,ablation-filler-token,22,deepseek-r1-distill-8b,0.4456880217457977
F2,A1,ablation-filler-token,ablation-filler-token,23,deepseek-r1-distill-8b,0.4499229066098654
F2,A1,ablation-filler-token,ablation-filler-token,24,deepseek-r1-distill-8b,0.4473937392604916
F2,A1,ablation-filler-token,ablation-filler-token,25,deepseek-r1-distill-8b,0.4374787310469996
F2,A1,ablation-filler-token,ablation-filler-token,26,deepseek-r1-distill-8b,0.4484944732231759
F2,A1,ablation-filler-token,ablation-filler-token,27,deepseek-r1-distill-8b,0.4558046911432929
F2,A1,ablation-filler-token,ablation-filler-token,28,deepseek-r1-distill-8b,0.4786134113089911
F2,A1,ablation-filler-token,ablation-filler-token,29,deepseek-r1-distill-8b,0.4873814715384648
F2,A1,ablation-filler-token,ablation-filler-token,30,deepseek-r1-distill-8b,0.4834700848237354
F2,A1,ablation-filler-token,ablation-filler-token,31,deepseek-r1-distill-8b,0.4762691000449536
F2,A1,ablation-filler-token,ablation-filler-token,32,deepseek-r1-distill-8b,0.4475701927964944
F2,A2,ablation-filler-token,ablation-filler-token,0,deepseek-r1-distill-8b,0.5
F2,A2,ablation-filler-token,ablation-filler-token,1,deepseek-r1-distill-8b,0.5615599128540305
F2,A2,ablation-filler-token,ablation-filler-token,2,deepseek-r1-distill-8b,0.5478649237472767
F2,A2,ablation-filler-token,ablation-filler-token,3,deepseek-r1-distill-8b,0.5585010893246187
F2,A2,ablation-filler-token,ablation-filler-token,4,deepseek-r1-distill-8b,0.5588366013071896
F2,A2,ablation-filler-token,ablation-filler-token,5,deepseek-r1-distill-8b,0.5442396514161221
F2,A2,ablation-filler-token,ablation-filler-token,6,deepseek-r1-distill-8b,0.5168104575163398
F2,A2,ablation-filler-token,ablation-filler-token,7,deepseek-r1-distill-8b,0.486553376906318
F2,A2,ablation-filler-token,ablation-filler-token,8,deepseek-r1-distill-8b,0.469673202614379
F2,A2,ablation-filler-token,ablation-filler-token,9,deepseek-r1-distill-8b,0.4664270152505446
F2,A2,ablation-filler-token,ablation-filler-token,10,deepseek-r1-distill-8b,0.4536514161220044
F2,A2,ablation-filler-token,ablation-filler-token,11,deepseek-r1-distill-8b,0.4554422657952069
F2,A2,ablation-filler-token,ablation-filler-token,12,deepseek-r1-distill-8b,0.4526056644880174
F2,A2,ablation-filler-token,ablation-filler-token,13,deepseek-r1-distill-8b,0.4471895424836601
F2,A2,ablation-filler-token,ablation-filler-token,14,deepseek-r1-distill-8b,0.4468714596949891
F2,A2,ablation-filler-token,ablation-filler-token,15,deepseek-r1-distill-8b,0.4474814814814815
F2,A2,ablation-filler-token,ablation-filler-token,16,deepseek-r1-distill-8b,0.4589281045751633
F2,A2,ablation-filler-token,ablation-filler-token,17,deepseek-r1-distill-8b,0.4610588235294117
F2,A2,ablation-filler-token,ablation-filler-token,18,deepseek-r1-distill-8b,0.4567363834422658
F2,A2,ablation-filler-token,ablation-filler-token,19,deepseek-r1-distill-8b,0.4660566448801743
F2,A2,ablation-filler-token,ablation-filler-token,20,deepseek-r1-distill-8b,0.4621350762527233
F2,A2,ablation-filler-token,ablation-filler-token,21,deepseek-r1-distill-8b,0.4618910675381263
F2,A2,ablation-filler-token,ablation-filler-token,22,deepseek-r1-distill-8b,0.4723006535947712
F2,A2,ablation-filler-token,ablation-filler-token,23,deepseek-r1-distill-8b,0.485446623093682
F2,A2,ablation-filler-token,ablation-filler-token,24,deepseek-r1-distill-8b,0.5005359477124183
F2,A2,ablation-filler-token,ablation-filler-token,25,deepseek-r1-distill-8b,0.5005098039215686
F2,A2,ablation-filler-token,ablation-filler-token,26,deepseek-r1-distill-8b,0.516078431372549
F2,A2,ablation-filler-token,ablation-filler-token,27,deepseek-r1-distill-8b,0.5187494553376906
F2,A2,ablation-filler-token,ablation-filler-token,28,deepseek-r1-distill-8b,0.5409237472766885
F2,A2,ablation-filler-token,ablation-filler-token,29,deepseek-r1-distill-8b,0.5488845315904141
F2,A2,ablation-filler-token,ablation-filler-token,30,deepseek-r1-distill-8b,0.5233071895424837
F2,A2,ablation-filler-token,ablation-filler-token,31,deepseek-r1-distill-8b,0.540322440087146
F2,A2,ablation-filler-token,ablation-filler-token,32,deepseek-r1-distill-8b,0.5288453159041394
F2,A3,ablation-filler-token,ablation-filler-token,0,deepseek-r1-distill-8b,0.5
F2,A3,ablation-filler-token,ablation-filler-token,1,deepseek-r1-distill-8b,0.5359715447154472
F2,A3,ablation-filler-token,ablation-filler-token,2,deepseek-r1-distill-8b,0.5307642276422764
F2,A3,ablation-filler-token,ablation-filler-token,3,deepseek-r1-distill-8b,0.5391768292682927
F2,A3,ablation-filler-token,ablation-filler-token,4,deepseek-r1-distill-8b,0.5326016260162602
F2,A3,ablation-filler-token,ablation-filler-token,5,deepseek-r1-distill-8b,0.5272967479674797
F2,A3,ablation-filler-token,ablation-filler-token,6,deepseek-r1-distill-8b,0.518569105691057
F2,A3,ablation-filler-token,ablation-filler-token,7,deepseek-r1-distill-8b,0.5026829268292683
F2,A3,ablation-filler-token,ablation-filler-token,8,deepseek-r1-distill-8b,0.4903658536585366
F2,A3,ablation-filler-token,ablation-filler-token,9,deepseek-r1-distill-8b,0.4829837398373983
F2,A3,ablation-filler-token,ablation-filler-token,10,deepseek-r1-distill-8b,0.4759552845528455
F2,A3,ablation-filler-token,ablation-filler-token,11,deepseek-r1-distill-8b,0.4727804878048781
F2,A3,ablation-filler-token,ablation-filler-token,12,deepseek-r1-distill-8b,0.4697235772357723
F2,A3,ablation-filler-token,ablation-filler-token,13,deepseek-r1-distill-8b,0.4669146341463415
F2,A3,ablation-filler-token,ablation-filler-token,14,deepseek-r1-distill-8b,0.4692113821138211
F2,A3,ablation-filler-token,ablation-filler-token,15,deepseek-r1-distill-8b,0.4667662601626017
F2,A3,ablation-filler-token,ablation-filler-token,16,deepseek-r1-distill-8b,0.4747682926829268
F2,A3,ablation-filler-token,ablation-filler-token,17,deepseek-r1-distill-8b,0.4728211382113821
F2,A3,ablation-filler-token,ablation-filler-token,18,deepseek-r1-distill-8b,0.4683414634146342
F2,A3,ablation-filler-token,ablation-filler-token,19,deepseek-r1-distill-8b,0.4777073170731707
F2,A3,ablation-filler-token,ablation-filler-token,20,deepseek-r1-distill-8b,0.4722479674796748
F2,A3,ablation-filler-token,ablation-filler-token,21,deepseek-r1-distill-8b,0.471020325203252
F2,A3,ablation-filler-token,ablation-filler-token,22,deepseek-r1-distill-8b,0.4779715447154471
F2,A3,ablation-filler-token,ablation-filler-token,23,deepseek-r1-distill-8b,0.4878861788617886
F2,A3,ablation-filler-token,ablation-filler-token,24,deepseek-r1-distill-8b,0.4911829268292682
F2,A3,ablation-filler-token,ablation-filler-token,25,deepseek-r1-distill-8b,0.4942073170731707
F2,A3,ablation-filler-token,ablation-filler-token,26,deepseek-r1-distill-8b,0.5013455284552846
F2,A3,ablation-filler-token,ablation-filler-token,27,deepseek-r1-distill-8b,0.4965
F2,A3,ablation-filler-token,ablation-filler-token,28,deepseek-r1-distill-8b,0.4965691056910569
F2,A3,ablation-filler-token,ablation-filler-token,29,deepseek-r1-distill-8b,0.5086544715447154
F2,A3,ablation-filler-token,ablation-filler-token,30,deepseek-r1-distill-8b,0.510951219512195
F2,A3,ablation-filler-token,ablation-filler-token,31,deepseek-r1-distill-8b,0.4986788617886178
F2,A3,ablation-filler-token,ablation-filler-token,32,deepseek-r1-distill-8b,0.4716382113821138
F2,F0,ablation-filler-token,ablation-filler-token,0,deepseek-r1-distill-8b,0.5
F2,F0,ablation-filler-token,ablation-filler-token,1,deepseek-r1-distill-8b,0.4897421143091394
F2,F0,ablation-filler-token,ablation-filler-token,2,deepseek-r1-distill-8b,0.4903833496932976
F2,F0,ablation-filler-token,ablation-filler-token,3,deepseek-r1-distill-8b,0.4927752893081051
F2,F0,ablation-filler-token,ablation-filler-token,4,deepseek-r1-distill-8b,0.485518610869786
F2,F0,ablation-filler-token,ablation-filler-token,5,deepseek-r1-distill-8b,0.4817689822597812
F2,F0,ablation-filler-token,ablation-filler-token,6,deepseek-r1-distill-8b,0.4845652198440726
F2,F0,ablation-filler-token,ablation-filler-token,7,deepseek-r1-distill-8b,0.4852779125437676
F2,F0,ablation-filler-token,ablation-filler-token,8,deepseek-r1-distill-8b,0.4867089393101736
F2,F0,ablation-filler-token,ablation-filler-token,9,deepseek-r1-distill-8b,0.4872260646199787
F2,F0,ablation-filler-token,ablation-filler-token,10,deepseek-r1-distill-8b,0.500925184190633
F2,F0,ablation-filler-token,ablation-filler-token,11,deepseek-r1-distill-8b,0.5094380070178606
F2,F0,ablation-filler-token,ablation-filler-token,12,deepseek-r1-distill-8b,0.5212886386629207
F2,F0,ablation-filler-token,ablation-filler-token,13,deepseek-r1-distill-8b,0.5525559153494075
F2,F0,ablation-filler-token,ablation-filler-token,14,deepseek-r1-distill-8b,0.5878436062626695
F2,F0,ablation-filler-token,ablation-filler-token,15,deepseek-r1-distill-8b,0.5946376926056722
F2,F0,ablation-filler-token,ablation-filler-token,16,deepseek-r1-distill-8b,0.6063999428341476
F2,F0,ablation-filler-token,ablation-filler-token,17,deepseek-r1-distill-8b,0.6320305536437589
F2,F0,ablation-filler-token,ablation-filler-token,18,deepseek-r1-distill-8b,0.6578003181730997
F2,F0,ablation-filler-token,ablation-filler-token,19,deepseek-r1-distill-8b,0.6992737680194665
F2,F0,ablation-filler-token,ablation-filler-token,20,deepseek-r1-distill-8b,0.7287217038432754
F2,F0,ablation-filler-token,ablation-filler-token,21,deepseek-r1-distill-8b,0.7475751524109322
F2,F0,ablation-filler-token,ablation-filler-token,22,deepseek-r1-distill-8b,0.776208850928757
F2,F0,ablation-filler-token,ablation-filler-token,23,deepseek-r1-distill-8b,0.7940882234583084
F2,F0,ablation-filler-token,ablation-filler-token,24,deepseek-r1-distill-8b,0.8112492619211488
F2,F0,ablation-filler-token,ablation-filler-token,25,deepseek-r1-distill-8b,0.8242883415509248
F2,F0,ablation-filler-token,ablation-filler-token,26,deepseek-r1-distill-8b,0.8415922946448384
F2,F0,ablation-filler-token,ablation-filler-token,27,deepseek-r1-distill-8b,0.8524124365816325
F2,F0,ablation-filler-token,ablation-filler-token,28,deepseek-r1-distill-8b,0.8270450895661037
F2,F0,ablation-filler-token,ablation-filler-token,29,deepseek-r1-distill-8b,0.8628264000932706
F2,F0,ablation-filler-token,ablation-filler-token,30,deepseek-r1-distill-8b,0.9113684828107548
F2,F0,ablation-filler-token,ablation-filler-token,31,deepseek-r1-distill-8b,0.9034216771408048
F2,F0,ablation-filler-token,ablation-filler-token,32,deepseek-r1-distill-8b,0.8165371032708645
F2,F1,ablation-filler-token,ablation-filler-token,0,deepseek-r1-distill-8b,0.5
F2,F1,ablation-filler-token,ablation-filler-token,1,deepseek-r1-distill-8b,0.4225082570837086
F2,F1,ablation-filler-token,ablation-filler-token,2,deepseek-r1-distill-8b,0.4017636182619826
F2,F1,ablation-filler-token,ablation-filler-token,3,deepseek-r1-distill-8b,0.4176677886818691
F2,F1,ablation-filler-token,ablation-filler-token,4,deepseek-r1-distill-8b,0.4435910807692915
F2,F1,ablation-filler-token,ablation-filler-token,5,deepseek-r1-distill-8b,0.4425069928412269
F2,F1,ablation-filler-token,ablation-filler-token,6,deepseek-r1-distill-8b,0.4257992382939047
F2,F1,ablation-filler-token,ablation-filler-token,7,deepseek-r1-distill-8b,0.4630319695317562
F2,F1,ablation-filler-token,ablation-filler-token,8,deepseek-r1-distill-8b,0.4569667662257621
F2,F1,ablation-filler-token,ablation-filler-token,9,deepseek-r1-distill-8b,0.4456249308617393
F2,F1,ablation-filler-token,ablation-filler-token,10,deepseek-r1-distill-8b,0.4749047867380963
F2,F1,ablation-filler-token,ablation-filler-token,11,deepseek-r1-distill-8b,0.4692915501193129
F2,F1,ablation-filler-token,ablation-filler-token,12,deepseek-r1-distill-8b,0.4675785015565985
F2,F1,ablation-filler-token,ablation-filler-token,13,deepseek-r1-distill-8b,0.4692757470882915
F2,F1,ablation-filler-token,ablation-filler-token,14,deepseek-r1-distill-8b,0.4822674188909432
F2,F1,ablation-filler-token,ablation-filler-token,15,deepseek-r1-distill-8b,0.495761627080074
F2,F1,ablation-filler-token,ablation-filler-token,16,deepseek-r1-distill-8b,0.5242939995891212
F2,F1,ablation-filler-token,ablation-filler-token,17,deepseek-r1-distill-8b,0.5272855133614628
F2,F1,ablation-filler-token,ablation-filler-token,18,deepseek-r1-distill-8b,0.5337900409298504
F2,F1,ablation-filler-token,ablation-filler-token,19,deepseek-r1-distill-8b,0.5794971475529007
F2,F1,ablation-filler-token,ablation-filler-token,20,deepseek-r1-distill-8b,0.5800344506076265
F2,F1,ablation-filler-token,ablation-filler-token,21,deepseek-r1-distill-8b,0.5805180233568799
F2,F1,ablation-filler-token,ablation-filler-token,22,deepseek-r1-distill-8b,0.5933974936392801
F2,F1,ablation-filler-token,ablation-filler-token,23,deepseek-r1-distill-8b,0.6072093427519398
F2,F1,ablation-filler-token,ablation-filler-token,24,deepseek-r1-distill-8b,0.6265332890848465
F2,F1,ablation-filler-token,ablation-filler-token,25,deepseek-r1-distill-8b,0.6553169297871331
F2,F1,ablation-filler-token,ablation-filler-token,26,deepseek-r1-distill-8b,0.6683038606804785
F2,F1,ablation-filler-token,ablation-filler-token,27,deepseek-r1-distill-8b,0.661028145198249
F2,F1,ablation-filler-token,ablation-filler-token,28,deepseek-r1-distill-8b,0.6227911313389909
F2,F1,ablation-filler-token,ablation-filler-token,29,deepseek-r1-distill-8b,0.6488250446435626
F2,F1,ablation-filler-token,ablation-filler-token,30,deepseek-r1-distill-8b,0.6935792284960255
F2,F1,ablation-filler-token,ablation-filler-token,31,deepseek-r1-distill-8b,0.636828963795256
F2,F1,ablation-filler-token,ablation-filler-token,32,deepseek-r1-distill-8b,0.5122694732849761
F2,F3,ablation-filler-token,ablation-filler-token,0,deepseek-r1-distill-8b,0.5
F2,F3,ablation-filler-token,ablation-filler-token,1,deepseek-r1-distill-8b,0.485383963125625
F2,F3,ablation-filler-token,ablation-filler-token,2,deepseek-r1-distill-8b,0.4863840935774232
F2,F3,ablation-filler-token,ablation-filler-token,3,deepseek-r1-distill-8b,0.4858713455378237
F2,F3,ablation-filler-token,ablation-filler-token,4,deepseek-r1-distill-8b,0.4880672841385108
F2,F3,ablation-filler-token,ablation-filler-token,5,deepseek-r1-distill-8b,0.4856358075691032
F2,F3,ablation-filler-token,ablation-filler-token,6,deepseek-r1-distill-8b,0.4898501253786726
F2,F3,ablation-filler-token,ablation-filler-token,7,deepseek-r1-distill-8b,0.4938198460668783
F2,F3,ablation-filler-token,ablation-filler-token,8,deepseek-r1-distill-8b,0.4948018582133901
F2,F3,ablation-filler-token,ablation-filler-token,9,deepseek-r1-distill-8b,0.4956642895450131
F2,F3,ablation-filler-token,ablation-filler-token,10,deepseek-r1-distill-8b,0.4969361945761041
F2,F3,ablation-filler-token,ablation-filler-token,11,deepseek-r1-distill-8b,0.4980776478091345
F2,F3,ablation-filler-token,ablation-filler-token,12,deepseek-r1-distill-8b,0.4984164601179864
F2,F3,ablation-filler-token,ablation-filler-token,13,deepseek-r1-distill-8b,0.5045640011015929
F2,F3,ablation-filler-token,ablation-filler-token,14,deepseek-r1-distill-8b,0.5050006522589904
F2,F3,ablation-filler-token,ablation-filler-token,15,deepseek-r1-distill-8b,0.5051474105318086
F2,F3,ablation-filler-token,ablation-filler-token,16,deepseek-r1-distill-8b,0.5093925294603644
F2,F3,ablation-filler-token,ablation-filler-token,17,deepseek-r1-distill-8b,0.506850531228711
F2,F3,ablation-filler-token,ablation-filler-token,18,deepseek-r1-distill-8b,0.5088163673522633
F2,F3,ablation-filler-token,ablation-filler-token,19,deepseek-r1-distill-8b,0.510523111710223
F2,F3,ablation-filler-token,ablation-filler-token,20,deepseek-r1-distill-8b,0.5118964792509167
F2,F3,ablation-filler-token,ablation-filler-token,21,deepseek-r1-distill-8b,0.5109199025959907
F2,F3,ablation-filler-token,ablation-filler-token,22,deepseek-r1-distill-8b,0.5116102100273949
F2,F3,ablation-filler-token,ablation-filler-token,23,deepseek-r1-distill-8b,0.5102440898088156
F2,F3,ablation-filler-token,ablation-filler-token,24,deepseek-r1-distill-8b,0.5095918308185126
F2,F3,ablation-filler-token,ablation-filler-token,25,deepseek-r1-distill-8b,0.5206421852125639
F2,F3,ablation-filler-token,ablation-filler-token,26,deepseek-r1-distill-8b,0.5267553014161267
F2,F3,ablation-filler-token,ablation-filler-token,27,deepseek-r1-distill-8b,0.5331709933179691
F2,F3,ablation-filler-token,ablation-filler-token,28,deepseek-r1-distill-8b,0.5279492977344871
F2,F3,ablation-filler-token,ablation-filler-token,29,deepseek-r1-distill-8b,0.5318918409647635
F2,F3,ablation-filler-token,ablation-filler-token,30,deepseek-r1-distill-8b,0.5344447101795887
F2,F3,ablation-filler-token,ablation-filler-token,31,deepseek-r1-distill-8b,0.5445058051050137
F2,F3,ablation-filler-token,ablation-filler-token,32,deepseek-r1-distill-8b,0.5429150179008857
F2,F4,ablation-filler-token,ablation-filler-token,0,deepseek-r1-distill-8b,0.5
F2,F4,ablation-filler-token,ablation-filler-token,1,deepseek-r1-distill-8b,0.4935463840708697
F2,F4,ablation-filler-token,ablation-filler-token,2,deepseek-r1-distill-8b,0.4906735107836237
F2,F4,ablation-filler-token,ablation-filler-token,3,deepseek-r1-distill-8b,0.4939341253742876
F2,F4,ablation-filler-token,ablation-filler-token,4,deepseek-r1-distill-8b,0.4913675815153648
F2,F4,ablation-filler-token,ablation-filler-token,5,deepseek-r1-distill-8b,0.4886520125291496
F2,F4,ablation-filler-token,ablation-filler-token,6,deepseek-r1-distill-8b,0.5104966124380786
F2,F4,ablation-filler-token,ablation-filler-token,7,deepseek-r1-distill-8b,0.519478136082019
F2,F4,ablation-filler-token,ablation-filler-token,8,deepseek-r1-distill-8b,0.5231513294973161
F2,F4,ablation-filler-token,ablation-filler-token,9,deepseek-r1-distill-8b,0.5287446012887913
F2,F4,ablation-filler-token,ablation-filler-token,10,deepseek-r1-distill-8b,0.5328158849746795
F2,F4,ablation-filler-token,ablation-filler-token,11,deepseek-r1-distill-8b,0.5354638407086972
F2,F4,ablation-filler-token,ablation-filler-token,12,deepseek-r1-distill-8b,0.5366601813139048
F2,F4,ablation-filler-token,ablation-filler-token,13,deepseek-r1-distill-8b,0.5440976390556223
F2,F4,ablation-filler-token,ablation-filler-token,14,deepseek-r1-distill-8b,0.5438699617778147
F2,F4,ablation-filler-token,ablation-filler-token,15,deepseek-r1-distill-8b,0.5467317961667426
F2,F4,ablation-filler-token,ablation-filler-token,16,deepseek-r1-distill-8b,0.5524430461839909
F2,F4,ablation-filler-token,ablation-filler-token,17,deepseek-r1-distill-8b,0.5562956216969546
F2,F4,ablation-filler-token,ablation-filler-token,18,deepseek-r1-distill-8b,0.5586386278649391
F2,F4,ablation-filler-token,ablation-filler-token,19,deepseek-r1-distill-8b,0.5559354776393316
F2,F4,ablation-filler-token,ablation-filler-token,20,deepseek-r1-distill-8b,0.5546660043327676
F2,F4,ablation-filler-token,ablation-filler-token,21,deepseek-r1-distill-8b,0.552764554097501
F2,F4,ablation-filler-token,ablation-filler-token,22,deepseek-r1-distill-8b,0.5498433856301141
F2,F4,ablation-filler-token,ablation-filler-token,23,deepseek-r1-distill-8b,0.5474989995998399
F2,F4,ablation-filler-token,ablation-filler-token,24,deepseek-r1-distill-8b,0.5451242565991913
F2,F4,ablation-filler-token,ablation-filler-token,25,deepseek-r1-distill-8b,0.5578576258089443
F2,F4,ablation-filler-token,ablation-filler-token,26,deepseek-r1-distill-8b,0.5515792523906113
F2,F4,ablation-filler-token,ablation-filler-token,27,deepseek-r1-distill-8b,0.5406948986491147
F2,F4,ablation-filler-token,ablation-filler-token,28,deepseek-r1-distill-8b,0.5505153785652193
F2,F4,ablation-filler-token,ablation-filler-token,29,deepseek-r1-distill-8b,0.5498185481088987
F2,F4,ablation-filler-token,ablation-filler-token,30,deepseek-r1-distill-8b,0.5456430848201349
F2,F4,ablation-filler-token,ablation-filler-token,31,deepseek-r1-distill-8b,0.549800609899132
F2,F4,ablation-filler-token,ablation-filler-token,32,deepseek-r1-distill-8b,0.5523643940334755
F2,F5,ablation-filler-token,ablation-filler-token,0,deepseek-r1-distill-8b,0.5
F2,F5,ablation-filler-token,ablation-filler-token,1,deepseek-r1-distill-8b,0.5137518094486115
F2,F5,ablation-filler-token,ablation-filler-token,2,deepseek-r1-distill-8b,0.5106656240193548
F2,F5,ablation-filler-token,ablation-filler-token,3,deepseek-r1-distill-8b,0.511009798860174
F2,F5,ablation-filler-token,ablation-filler-token,4,deepseek-r1-distill-8b,0.5078413657667507
F2,F5,ablation-filler-token,ablation-filler-token,5,deepseek-r1-distill-8b,0.5060097735532003
F2,F5,ablation-filler-token,ablation-filler-token,6,deepseek-r1-distill-8b,0.4889180762650956
F2,F5,ablation-filler-token,ablation-filler-token,7,deepseek-r1-distill-8b,0.4817739176207395
F2,F5,ablation-filler-token,ablation-filler-token,8,deepseek-r1-distill-8b,0.4748727059228441
F2,F5,ablation-filler-token,ablation-filler-token,9,deepseek-r1-distill-8b,0.4751333677508174
F2,F5,ablation-filler-token,ablation-filler-token,10,deepseek-r1-distill-8b,0.4763126727200947
F2,F5,ablation-filler-token,ablation-filler-token,11,deepseek-r1-distill-8b,0.4771844979602579
F2,F5,ablation-filler-token,ablation-filler-token,12,deepseek-r1-distill-8b,0.4769048559020923
F2,F5,ablation-filler-token,ablation-filler-token,13,deepseek-r1-distill-8b,0.4756977132618664
F2,F5,ablation-filler-token,ablation-filler-token,14,deepseek-r1-distill-8b,0.4748144998835879
F2,F5,ablation-filler-token,ablation-filler-token,15,deepseek-r1-distill-8b,0.4800188790022979
F2,F5,ablation-filler-token,ablation-filler-token,16,deepseek-r1-distill-8b,0.4879791875449198
F2,F5,ablation-filler-token,ablation-filler-token,17,deepseek-r1-distill-8b,0.4778133762539606
F2,F5,ablation-filler-token,ablation-filler-token,18,deepseek-r1-distill-8b,0.4794064502414285
F2,F5,ablation-filler-token,ablation-filler-token,19,deepseek-r1-distill-8b,0.4860039782562482
F2,F5,ablation-filler-token,ablation-filler-token,20,deepseek-r1-distill-8b,0.4854453268142569
F2,F5,ablation-filler-token,ablation-filler-token,21,deepseek-r1-distill-8b,0.4784662961725733
F2,F5,ablation-filler-token,ablation-filler-token,22,deepseek-r1-distill-8b,0.4864392582019901
F2,F5,ablation-filler-token,ablation-filler-token,23,deepseek-r1-distill-8b,0.4867366151416684
F2,F5,ablation-filler-token,ablation-filler-token,24,deepseek-r1-distill-8b,0.4917613147478918
F2,F5,ablation-filler-token,ablation-filler-token,25,deepseek-r1-distill-8b,0.5060104062275401
F2,F5,ablation-filler-token,ablation-filler-token,26,deepseek-r1-distill-8b,0.4986296273801209
F2,F5,ablation-filler-token,ablation-filler-token,27,deepseek-r1-distill-8b,0.495540911253505
F2,F5,ablation-filler-token,ablation-filler-token,28,deepseek-r1-distill-8b,0.4962355876785407
F2,F5,ablation-filler-token,ablation-filler-token,29,deepseek-r1-distill-8b,0.4939782056343446
F2,F5,ablation-filler-token,ablation-filler-token,30,deepseek-r1-distill-8b,0.4894229503882089
F2,F5,ablation-filler-token,ablation-filler-token,31,deepseek-r1-distill-8b,0.4860672456902224
F2,F5,ablation-filler-token,ablation-filler-token,32,deepseek-r1-distill-8b,0.4829291809651067
F3,A1,ablation-filler-token,ablation-filler-token,0,deepseek-r1-distill-8b,0.5
F3,A1,ablation-filler-token,ablation-filler-token,1,deepseek-r1-distill-8b,0.4315339273935711
F3,A1,ablation-filler-token,ablation-filler-token,2,deepseek-r1-distill-8b,0.4267738831961618
F3,A1,ablation-filler-token,ablation-filler-token,3,deepseek-r1-distill-8b,0.5791037000625989
F3,A1,ablation-filler-token,ablation-filler-token,4,deepseek-r1-distill-8b,0.5750788789318679
F3,A1,ablation-filler-token,ablation-filler-token,5,deepseek-r1-distill-8b,0.5760199644572163
F3,A1,ablation-filler-token,ablation-filler-token,6,deepseek-r1-distill-8b,0.5765577276145583
F3,A1,ablation-filler-token,ablation-filler-token,7,deepseek-r1-distill-8b,0.5765367212412246
F3,A1,ablation-filler-token,ablation-filler-token,8,deepseek-r1-distill-8b,0.5770744843985666
F3,A1,ablation-filler-token,ablation-filler-token,9,deepseek-r1-distill-8b,0.5777550908945774
F3,A1,ablation-filler-token,ablation-filler-token,10,deepseek-r1-distill-8b,0.5785407292572566
F3,A1,ablation-filler-token,ablation-filler-token,11,deepseek-r1-distill-8b,0.579133108985266
F3,A1,ablation-filler-token,ablation-filler-token,12,deepseek-r1-distill-8b,0.5793431727186029
F3,A1,ablation-filler-token,ablation-filler-token,13,deepseek-r1-distill-8b,0.5809312545426283
F3,A1,ablation-filler-token,ablation-filler-token,14,deepseek-r1-distill-8b,0.5808430277746268
F3,A1,ablation-filler-token,ablation-filler-token,15,deepseek-r1-distill-8b,0.5804481079559538
F3,A1,ablation-filler-token,ablation-filler-token,16,deepseek-r1-distill-8b,0.5801582200039491
F3,A1,ablation-filler-token,ablation-filler-token,17,deepseek-r1-distill-8b,0.5788222146599278
F3,A1,ablation-filler-token,ablation-filler-token,18,deepseek-r1-distill-8b,0.5789356490759296
F3,A1,ablation-filler-token,ablation-filler-token,19,deepseek-r1-distill-8b,0.5787003776945926
F3,A1,ablation-filler-token,ablation-filler-token,20,deepseek-r1-distill-8b,0.5808136188519597
F3,A1,ablation-filler-token,ablation-filler-token,21,deepseek-r1-distill-8b,0.580397692659953
F3,A1,ablation-filler-token,ablation-filler-token,22,deepseek-r1-distill-8b,0.5800237792146138
F3,A1,ablation-filler-token,ablation-filler-token,23,deepseek-r1-distill-8b,0.5803934913852863
F3,A1,ablation-filler-token,ablation-filler-token,24,deepseek-r1-distill-8b,0.5788180133852612
F3,A1,ablation-filler-token,ablation-filler-token,25,deepseek-r1-distill-8b,0.5737974901585141
F3,A1,ablation-filler-token,ablation-filler-token,26,deepseek-r1-distill-8b,0.5801792263772829
F3,A1,ablation-filler-token,ablation-filler-token,27,deepseek-r1-distill-8b,0.57583510837188
F3,A1,ablation-filler-token,ablation-filler-token,28,deepseek-r1-distill-8b,0.5709868374064692
F3,A1,ablation-filler-token,ablation-filler-token,29,deepseek-r1-distill-8b,0.5634791595770157
F3,A1,ablation-filler-token,ablation-filler-token,30,deepseek-r1-distill-8b,0.5413972599286624
F3,A1,ablation-filler-token,ablation-filler-token,31,deepseek-r1-distill-8b,0.543044159598022
F3,A1,ablation-filler-token,ablation-filler-token,32,deepseek-r1-distill-8b,0.5286673976884586
F3,A2,ablation-filler-token,ablation-filler-token,0,deepseek-r1-distill-8b,0.5
F3,A2,ablation-filler-token,ablation-filler-token,1,deepseek-r1-distill-8b,0.4379041394335512
F3,A2,ablation-filler-token,ablation-filler-token,2,deepseek-r1-distill-8b,0.4485098039215686
F3,A2,ablation-filler-token,ablation-filler-token,3,deepseek-r1-distill-8b,0.5457821350762527
F3,A2,ablation-filler-token,ablation-filler-token,4,deepseek-r1-distill-8b,0.5437472766884532
F3,A2,ablation-filler-token,ablation-filler-token,5,deepseek-r1-distill-8b,0.5433202614379085
F3,A2,ablation-filler-token,ablation-filler-token,6,deepseek-r1-distill-8b,0.5429891067538126
F3,A2,ablation-filler-token,ablation-filler-token,7,deepseek-r1-distill-8b,0.5433115468409586
F3,A2,ablation-filler-token,ablation-filler-token,8,deepseek-r1-distill-8b,0.5425228758169934
F3,A2,ablation-filler-token,ablation-filler-token,9,deepseek-r1-distill-8b,0.5424967320261438
F3,A2,ablation-filler-token,ablation-filler-token,10,deepseek-r1-distill-8b,0.5430980392156863
F3,A2,ablation-filler-token,ablation-filler-token,11,deepseek-r1-distill-8b,0.5427015250544661
F3,A2,ablation-filler-token,ablation-filler-token,12,deepseek-r1-distill-8b,0.5420261437908496
F3,A2,ablation-filler-token,ablation-filler-token,13,deepseek-r1-distill-8b,0.5414596949891067
F3,A2,ablation-filler-token,ablation-filler-token,14,deepseek-r1-distill-8b,0.5421220043572984
F3,A2,ablation-filler-token,ablation-filler-token,15,deepseek-r1-distill-8b,0.541751633986928
F3,A2,ablation-filler-token,ablation-filler-token,16,deepseek-r1-distill-8b,0.5411721132897603
F3,A2,ablation-filler-token,ablation-filler-token,17,deepseek-r1-distill-8b,0.5407843137254902
F3,A2,ablation-filler-token,ablation-filler-token,18,deepseek-r1-distill-8b,0.5401045751633986
F3,A2,ablation-filler-token,ablation-filler-token,19,deepseek-r1-distill-8b,0.5375511982570805
F3,A2,ablation-filler-token,ablation-filler-token,20,deepseek-r1-distill-8b,0.5341699346405229
F3,A2,ablation-filler-token,ablation-filler-token,21,deepseek-r1-distill-8b,0.5325490196078432
F3,A2,ablation-filler-token,ablation-filler-token,22,deepseek-r1-distill-8b,0.5327015250544662
F3,A2,ablation-filler-token,ablation-filler-token,23,deepseek-r1-distill-8b,0.5322788671023965
F3,A2,ablation-filler-token,ablation-filler-token,24,deepseek-r1-distill-8b,0.5312374727668845
F3,A2,ablation-filler-token,ablation-filler-token,25,deepseek-r1-distill-8b,0.5277429193899782
F3,A2,ablation-filler-token,ablation-filler-token,26,deepseek-r1-distill-8b,0.5309978213507625
F3,A2,ablation-filler-token,ablation-filler-token,27,deepseek-r1-distill-8b,0.5241394335511983
F3,A2,ablation-filler-token,ablation-filler-token,28,deepseek-r1-distill-8b,0.5177385620915033
F3,A2,ablation-filler-token,ablation-filler-token,29,deepseek-r1-distill-8b,0.5102265795206972
F3,A2,ablation-filler-token,ablation-filler-token,30,deepseek-r1-distill-8b,0.5140435729847495
F3,A2,ablation-filler-token,ablation-filler-token,31,deepseek-r1-distill-8b,0.5438954248366012
F3,A2,ablation-filler-token,ablation-filler-token,32,deepseek-r1-distill-8b,0.5650544662309368
F3,A3,ablation-filler-token,ablation-filler-token,0,deepseek-r1-distill-8b,0.5
F3,A3,ablation-filler-token,ablation-filler-token,1,deepseek-r1-distill-8b,0.4629918699186991
F3,A3,ablation-filler-token,ablation-filler-token,2,deepseek-r1-distill-8b,0.4627682926829268
F3,A3,ablation-filler-token,ablation-filler-token,3,deepseek-r1-distill-8b,0.5224024390243902
F3,A3,ablation-filler-token,ablation-filler-token,4,deepseek-r1-distill-8b,0.5205609756097561
F3,A3,ablation-filler-token,ablation-filler-token,5,deepseek-r1-distill-8b,0.5204227642276422
F3,A3,ablation-filler-token,ablation-filler-token,6,deepseek-r1-distill-8b,0.5201056910569105
F3,A3,ablation-filler-token,ablation-filler-token,7,deepseek-r1-distill-8b,0.5206138211382113
F3,A3,ablation-filler-token,ablation-filler-token,8,deepseek-r1-distill-8b,0.5186951219512195
F3,A3,ablation-filler-token,ablation-filler-token,9,deepseek-r1-distill-8b,0.5175447154471544
F3,A3,ablation-filler-token,ablation-filler-token,10,deepseek-r1-distill-8b,0.518260162601626
F3,A3,ablation-filler-token,ablation-filler-token,11,deepseek-r1-distill-8b,0.5184634146341465
F3,A3,ablation-filler-token,ablation-filler-token,12,deepseek-r1-distill-8b,0.5183536585365853
F3,A3,ablation-filler-token,ablation-filler-token,13,deepseek-r1-distill-8b,0.5164308943089431
F3,A3,ablation-filler-token,ablation-filler-token,14,deepseek-r1-distill-8b,0.5179756097560976
F3,A3,ablation-filler-token,ablation-filler-token,15,deepseek-r1-distill-8b,0.5191382113821138
F3,A3,ablation-filler-token,ablation-filler-token,16,deepseek-r1-distill-8b,0.5194552845528455
F3,A3,ablation-filler-token,ablation-filler-token,17,deepseek-r1-distill-8b,0.5191463414634147
F3,A3,ablation-filler-token,ablation-filler-token,18,deepseek-r1-distill-8b,0.519369918699187
F3,A3,ablation-filler-token,ablation-filler-token,19,deepseek-r1-distill-8b,0.5176056910569106
F3,A3,ablation-filler-token,ablation-filler-token,20,deepseek-r1-distill-8b,0.5138048780487805
F3,A3,ablation-filler-token,ablation-filler-token,21,deepseek-r1-distill-8b,0.513869918699187
F3,A3,ablation-filler-token,ablation-filler-token,22,deepseek-r1-distill-8b,0.5129837398373984
F3,A3,ablation-filler-token,ablation-filler-token,23,deepseek-r1-distill-8b,0.5125569105691057
F3,A3,ablation-filler-token,ablation-filler-token,24,deepseek-r1-distill-8b,0.5124674796747967
F3,A3,ablation-filler-token,ablation-filler-token,25,deepseek-r1-distill-8b,0.514939024390244
F3,A3,ablation-filler-token,ablation-filler-token,26,deepseek-r1-distill-8b,0.5148577235772358
F3,A3,ablation-filler-token,ablation-filler-token,27,deepseek-r1-distill-8b,0.5180934959349592
F3,A3,ablation-filler-token,ablation-filler-token,28,deepseek-r1-distill-8b,0.5143252032520325
F3,A3,ablation-filler-token,ablation-filler-token,29,deepseek-r1-distill-8b,0.506060975609756
F3,A3,ablation-filler-token,ablation-filler-token,30,deepseek-r1-distill-8b,0.5032032520325203
F3,A3,ablation-filler-token,ablation-filler-token,31,deepseek-r1-distill-8b,0.4947520325203252
F3,A3,ablation-filler-token,ablation-filler-token,32,deepseek-r1-distill-8b,0.4649756097560976
F3,F0,ablation-filler-token,ablation-filler-token,0,deepseek-r1-distill-8b,0.5
F3,F0,ablation-filler-token,ablation-filler-token,1,deepseek-r1-distill-8b,0.5098413647595086
F3,F0,ablation-filler-token,ablation-filler-token,2,deepseek-r1-distill-8b,0.5100397528329066
F3,F0,ablation-filler-token,ablation-filler-token,3,deepseek-r1-distill-8b,0.4789088091826411
F3,F0,ablation-filler-token,ablation-filler-token,4,deepseek-r1-distill-8b,0.4954380145396831
F3,F0,ablation-filler-token,ablation-filler-token,5,deepseek-r1-distill-8b,0.5031854919083992
F3,F0,ablation-filler-token,ablation-filler-token,6,deepseek-r1-distill-8b,0.5094511702075647
F3,F0,ablation-filler-token,ablation-filler-token,7,deepseek-r1-distill-8b,0.5114952255230487
F3,F0,ablation-filler-token,ablation-filler-token,8,deepseek-r1-distill-8b,0.5100134264534982
F3,F0,ablation-filler-token,ablation-filler-token,9,deepseek-r1-distill-8b,0.5107261191531932
F3,F0,ablation-filler-token,ablation-filler-token,10,deepseek-r1-distill-8b,0.5092198741599064
F3,F0,ablation-filler-token,ablation-filler-token,11,deepseek-r1-distill-8b,0.5098629899997367
F3,F0,ablation-filler-token,ablation-filler-token,12,deepseek-r1-distill-8b,0.5100171873648423
F3,F0,ablation-filler-token,ablation-filler-token,13,deepseek-r1-distill-8b,0.5087948911780303
F3,F0,ablation-filler-token,ablation-filler-token,14,deepseek-r1-distill-8b,0.5078114128615646
F3,F0,ablation-filler-token,ablation-filler-token,15,deepseek-r1-distill-8b,0.5097219558243354
F3,F0,ablation-filler-token,ablation-filler-token,16,deepseek-r1-distill-8b,0.512429811992042
F3,F0,ablation-filler-token,ablation-filler-token,17,deepseek-r1-distill-8b,0.5109555347451795
F3,F0,ablation-filler-token,ablation-filler-token,18,deepseek-r1-distill-8b,0.5124523774601062
F3,F0,ablation-filler-token,ablation-filler-token,19,deepseek-r1-distill-8b,0.510208993843388
F3,F0,ablation-filler-token,ablation-filler-token,20,deepseek-r1-distill-8b,0.5148555998089457
F3,F0,ablation-filler-token,ablation-filler-token,21,deepseek-r1-distill-8b,0.5149364594028425
F3,F0,ablation-filler-token,ablation-filler-token,22,deepseek-r1-distill-8b,0.5136859563809502
F3,F0,ablation-filler-token,ablation-filler-token,23,deepseek-r1-distill-8b,0.5104327680683584
F3,F0,ablation-filler-token,ablation-filler-token,24,deepseek-r1-distill-8b,0.5168733287450215
F3,F0,ablation-filler-token,ablation-filler-token,25,deepseek-r1-distill-8b,0.5268623092747835
F3,F0,ablation-filler-token,ablation-filler-token,26,deepseek-r1-distill-8b,0.538225902900791
F3,F0,ablation-filler-token,ablation-filler-token,27,deepseek-r1-distill-8b,0.5497211284238396
F3,F0,ablation-filler-token,ablation-filler-token,28,deepseek-r1-distill-8b,0.553521529336989
F3,F0,ablation-filler-token,ablation-filler-token,29,deepseek-r1-distill-8b,0.5549224688126426
F3,F0,ablation-filler-token,ablation-filler-token,30,deepseek-r1-distill-8b,0.564740327876251
F3,F0,ablation-filler-token,ablation-filler-token,31,deepseek-r1-distill-8b,0.6304791777143437
F3,F0,ablation-filler-token,ablation-filler-token,32,deepseek-r1-distill-8b,0.6330459997066489
F3,F1,ablation-filler-token,ablation-filler-token,0,deepseek-r1-distill-8b,0.5
F3,F1,ablation-filler-token,ablation-filler-token,1,deepseek-r1-distill-8b,0.5756570110147127
F3,F1,ablation-filler-token,ablation-filler-token,2,deepseek-r1-distill-8b,0.5919467753915201
F3,F1,ablation-filler-token,ablation-filler-token,3,deepseek-r1-distill-8b,0.4165757992382938
F3,F1,ablation-filler-token,ablation-filler-token,4,deepseek-r1-distill-8b,0.3993852620932694
F3,F1,ablation-filler-token,ablation-filler-token,5,deepseek-r1-distill-8b,0.3983643862892903
F3,F1,ablation-filler-token,ablation-filler-token,6,deepseek-r1-distill-8b,0.3936163656189257
F3,F1,ablation-filler-token,ablation-filler-token,7,deepseek-r1-distill-8b,0.3945179285386937
F3,F1,ablation-filler-token,ablation-filler-token,8,deepseek-r1-distill-8b,0.394720207335767
F3,F1,ablation-filler-token,ablation-filler-token,9,deepseek-r1-distill-8b,0.3932157587825344
F3,F1,ablation-filler-token,ablation-filler-token,10,deepseek-r1-distill-8b,0.3906066783609097
F3,F1,ablation-filler-token,ablation-filler-token,11,deepseek-r1-distill-8b,0.3912640844513977
F3,F1,ablation-filler-token,ablation-filler-token,12,deepseek-r1-distill-8b,0.3911392405063291
F3,F1,ablation-filler-token,ablation-filler-token,13,deepseek-r1-distill-8b,0.3920447541838525
F3,F1,ablation-filler-token,ablation-filler-token,14,deepseek-r1-distill-8b,0.3909369617092558
F3,F1,ablation-filler-token,ablation-filler-token,15,deepseek-r1-distill-8b,0.3938225951737543
F3,F1,ablation-filler-token,ablation-filler-token,16,deepseek-r1-distill-8b,0.3953744528200509
F3,F1,ablation-filler-token,ablation-filler-token,17,deepseek-r1-distill-8b,0.394579560359677
F3,F1,ablation-filler-token,ablation-filler-token,18,deepseek-r1-distill-8b,0.3941702618562239
F3,F1,ablation-filler-token,ablation-filler-token,19,deepseek-r1-distill-8b,0.3923197269236239
F3,F1,ablation-filler-token,ablation-filler-token,20,deepseek-r1-distill-8b,0.3981004756712337
F3,F1,ablation-filler-token,ablation-filler-token,21,deepseek-r1-distill-8b,0.4021381500971886
F3,F1,ablation-filler-token,ablation-filler-token,22,deepseek-r1-distill-8b,0.3986488408476746
F3,F1,ablation-filler-token,ablation-filler-token,23,deepseek-r1-distill-8b,0.3944610376270168
F3,F1,ablation-filler-token,ablation-filler-token,24,deepseek-r1-distill-8b,0.4014143712764108
F3,F1,ablation-filler-token,ablation-filler-token,25,deepseek-r1-distill-8b,0.4138308127498854
F3,F1,ablation-filler-token,ablation-filler-token,26,deepseek-r1-distill-8b,0.4121604323709287
F3,F1,ablation-filler-token,ablation-filler-token,27,deepseek-r1-distill-8b,0.4179016735409851
F3,F1,ablation-filler-token,ablation-filler-token,28,deepseek-r1-distill-8b,0.431832045386305
F3,F1,ablation-filler-token,ablation-filler-token,29,deepseek-r1-distill-8b,0.4223628691983122
F3,F1,ablation-filler-token,ablation-filler-token,30,deepseek-r1-distill-8b,0.4362600546784873
F3,F1,ablation-filler-token,ablation-filler-token,31,deepseek-r1-distill-8b,0.3887466616096967
F3,F1,ablation-filler-token,ablation-filler-token,32,deepseek-r1-distill-8b,0.3827320280029709
F3,F2,ablation-filler-token,ablation-filler-token,0,deepseek-r1-distill-8b,0.5
F3,F2,ablation-filler-token,ablation-filler-token,1,deepseek-r1-distill-8b,0.3993264691882916
F3,F2,ablation-filler-token,ablation-filler-token,2,deepseek-r1-distill-8b,0.3963453259037373
F3,F2,ablation-filler-token,ablation-filler-token,3,deepseek-r1-distill-8b,0.4178807757414385
F3,F2,ablation-filler-token,ablation-filler-token,4,deepseek-r1-distill-8b,0.4524090715510176
F3,F2,ablation-filler-token,ablation-filler-token,5,deepseek-r1-distill-8b,0.4607852610558186
F3,F2,ablation-filler-token,ablation-filler-token,6,deepseek-r1-distill-8b,0.4886211943898677
F3,F2,ablation-filler-token,ablation-filler-token,7,deepseek-r1-distill-8b,0.4922751527254377
F3,F2,ablation-filler-token,ablation-filler-token,8,deepseek-r1-distill-8b,0.4899471410728537
F3,F2,ablation-filler-token,ablation-filler-token,9,deepseek-r1-distill-8b,0.4880772162635144
F3,F2,ablation-filler-token,ablation-filler-token,10,deepseek-r1-distill-8b,0.4828790042337245
F3,F2,ablation-filler-token,ablation-filler-token,11,deepseek-r1-distill-8b,0.4773157542507238
F3,F2,ablation-filler-token,ablation-filler-token,12,deepseek-r1-distill-8b,0.4786578055492927
F3,F2,ablation-filler-token,ablation-filler-token,13,deepseek-r1-distill-8b,0.4770616592048615
F3,F2,ablation-filler-token,ablation-filler-token,14,deepseek-r1-distill-8b,0.478305293408202
F3,F2,ablation-filler-token,ablation-filler-token,15,deepseek-r1-distill-8b,0.4779384660532597
F3,F2,ablation-filler-token,ablation-filler-token,16,deepseek-r1-distill-8b,0.4791964154704516
F3,F2,ablation-filler-token,ablation-filler-token,17,deepseek-r1-distill-8b,0.4768594568092104
F3,F2,ablation-filler-token,ablation-filler-token,18,deepseek-r1-distill-8b,0.4762492708187944
F3,F2,ablation-filler-token,ablation-filler-token,19,deepseek-r1-distill-8b,0.4737870540363534
F3,F2,ablation-filler-token,ablation-filler-token,20,deepseek-r1-distill-8b,0.4753438335426933
F3,F2,ablation-filler-token,ablation-filler-token,21,deepseek-r1-distill-8b,0.4815548469524698
F3,F2,ablation-filler-token,ablation-filler-token,22,deepseek-r1-distill-8b,0.4695157521034417
F3,F2,ablation-filler-token,ablation-filler-token,23,deepseek-r1-distill-8b,0.4689216707286086
F3,F2,ablation-filler-token,ablation-filler-token,24,deepseek-r1-distill-8b,0.4663610368509392
F3,F2,ablation-filler-token,ablation-filler-token,25,deepseek-r1-distill-8b,0.4947534741234615
F3,F2,ablation-filler-token,ablation-filler-token,26,deepseek-r1-distill-8b,0.5128657984489466
F3,F2,ablation-filler-token,ablation-filler-token,27,deepseek-r1-distill-8b,0.5313073726930138
F3,F2,ablation-filler-token,ablation-filler-token,28,deepseek-r1-distill-8b,0.5195867913521793
F3,F2,ablation-filler-token,ablation-filler-token,29,deepseek-r1-distill-8b,0.5319962923596124
F3,F2,ablation-filler-token,ablation-filler-token,30,deepseek-r1-distill-8b,0.5414908579465542
F3,F2,ablation-filler-token,ablation-filler-token,31,deepseek-r1-distill-8b,0.586120326530028
F3,F2,ablation-filler-token,ablation-filler-token,32,deepseek-r1-distill-8b,0.610525976744935
F3,F4,ablation-filler-token,ablation-filler-token,0,deepseek-r1-distill-8b,0.5
F3,F4,ablation-filler-token,ablation-filler-token,1,deepseek-r1-distill-8b,0.5060534558651048
F3,F4,ablation-filler-token,ablation-filler-token,2,deepseek-r1-distill-8b,0.5079742241724277
F3,F4,ablation-filler-token,ablation-filler-token,3,deepseek-r1-distill-8b,0.5315684894647514
F3,F4,ablation-filler-token,ablation-filler-token,4,deepseek-r1-distill-8b,0.5358129458680023
F3,F4,ablation-filler-token,ablation-filler-token,5,deepseek-r1-distill-8b,0.5315947068482565
F3,F4,ablation-filler-token,ablation-filler-token,6,deepseek-r1-distill-8b,0.5319106953126078
F3,F4,ablation-filler-token,ablation-filler-token,7,deepseek-r1-distill-8b,0.5319727891156463
F3,F4,ablation-filler-token,ablation-filler-token,8,deepseek-r1-distill-8b,0.531500876212554
F3,F4,ablation-filler-token,ablation-filler-token,9,deepseek-r1-distill-8b,0.5322749789571001
F3,F4,ablation-filler-token,ablation-filler-token,10,deepseek-r1-distill-8b,0.5349036166190614
F3,F4,ablation-filler-token,ablation-filler-token,11,deepseek-r1-distill-8b,0.5341170951139077
F3,F4,ablation-filler-token,ablation-filler-token,12,deepseek-r1-distill-8b,0.5355880283147743
F3,F4,ablation-filler-token,ablation-filler-token,13,deepseek-r1-distill-8b,0.5348594610257896
F3,F4,ablation-filler-token,ablation-filler-token,14,deepseek-r1-distill-8b,0.5345103558664845
F3,F4,ablation-filler-token,ablation-filler-token,15,deepseek-r1-distill-8b,0.536185508686233
F3,F4,ablation-filler-token,ablation-filler-token,16,deepseek-r1-distill-8b,0.5418346649004429
F3,F4,ablation-filler-token,ablation-filler-token,17,deepseek-r1-distill-8b,0.5403485532143892
F3,F4,ablation-filler-token,ablation-filler-token,18,deepseek-r1-distill-8b,0.5436271060148198
F3,F4,ablation-filler-token,ablation-filler-token,19,deepseek-r1-distill-8b,0.5410302051855225
F3,F4,ablation-filler-token,ablation-filler-token,20,deepseek-r1-distill-8b,0.5386940983289867
F3,F4,ablation-filler-token,ablation-filler-token,21,deepseek-r1-distill-8b,0.5399497730126533
F3,F4,ablation-filler-token,ablation-filler-token,22,deepseek-r1-distill-8b,0.5428626623063018
F3,F4,ablation-filler-token,ablation-filler-token,23,deepseek-r1-distill-8b,0.5441252363014171
F3,F4,ablation-filler-token,ablation-filler-token,24,deepseek-r1-distill-8b,0.5440300258034247
F3,F4,ablation-filler-token,ablation-filler-token,25,deepseek-r1-distill-8b,0.5501800720288115
F3,F4,ablation-filler-token,ablation-filler-token,26,deepseek-r1-distill-8b,0.5503539346773193
F3,F4,ablation-filler-token,ablation-filler-token,27,deepseek-r1-distill-8b,0.5505415959487243
F3,F4,ablation-filler-token,ablation-filler-token,28,deepseek-r1-distill-8b,0.5587973120282596
F3,F4,ablation-filler-token,ablation-filler-token,29,deepseek-r1-distill-8b,0.5609995722426901
F3,F4,ablation-filler-token,ablation-filler-token,30,deepseek-r1-distill-8b,0.5635757751376413
F3,F4,ablation-filler-token,ablation-filler-token,31,deepseek-r1-distill-8b,0.5641911937188668
F3,F4,ablation-filler-token,ablation-filler-token,32,deepseek-r1-distill-8b,0.5771384415835299
F3,F5,ablation-filler-token,ablation-filler-token,0,deepseek-r1-distill-8b,0.5
F3,F5,ablation-filler-token,ablation-filler-token,1,deepseek-r1-distill-8b,0.4864708919189772
F3,F5,ablation-filler-token,ablation-filler-token,2,deepseek-r1-distill-8b,0.490106871349469
F3,F5,ablation-filler-token,ablation-filler-token,3,deepseek-r1-distill-8b,0.480008756212862
F3,F5,ablation-filler-token,ablation-filler-token,4,deepseek-r1-distill-8b,0.5017942644275056
F3,F5,ablation-filler-token,ablation-filler-token,5,deepseek-r1-distill-8b,0.5102379361656898
F3,F5,ablation-filler-token,ablation-filler-token,6,deepseek-r1-distill-8b,0.5147754765303127
F3,F5,ablation-filler-token,ablation-filler-token,7,deepseek-r1-distill-8b,0.5197413374229403
F3,F5,ablation-filler-token,ablation-filler-token,8,deepseek-r1-distill-8b,0.5200570419184711
F3,F5,ablation-filler-token,ablation-filler-token,9,deepseek-r1-distill-8b,0.5224042637189104
F3,F5,ablation-filler-token,ablation-filler-token,10,deepseek-r1-distill-8b,0.5246578497170681
F3,F5,ablation-filler-token,ablation-filler-token,11,deepseek-r1-distill-8b,0.5232431898934071
F3,F5,ablation-filler-token,ablation-filler-token,12,deepseek-r1-distill-8b,0.5218361221618228
F3,F5,ablation-filler-token,ablation-filler-token,13,deepseek-r1-distill-8b,0.5171163715873546
F3,F5,ablation-filler-token,ablation-filler-token,14,deepseek-r1-distill-8b,0.5159687003350644
F3,F5,ablation-filler-token,ablation-filler-token,15,deepseek-r1-distill-8b,0.5173416036523024
F3,F5,ablation-filler-token,ablation-filler-token,16,deepseek-r1-distill-8b,0.5184576411876056
F3,F5,ablation-filler-token,ablation-filler-token,17,deepseek-r1-distill-8b,0.5173087045866359
F3,F5,ablation-filler-token,ablation-filler-token,18,deepseek-r1-distill-8b,0.5192965673621023
F3,F5,ablation-filler-token,ablation-filler-token,19,deepseek-r1-distill-8b,0.5196242926700883
F3,F5,ablation-filler-token,ablation-filler-token,20,deepseek-r1-distill-8b,0.5214375373277861
F3,F5,ablation-filler-token,ablation-filler-token,21,deepseek-r1-distill-8b,0.5221980118841548
F3,F5,ablation-filler-token,ablation-filler-token,22,deepseek-r1-distill-8b,0.5230242845718567
F3,F5,ablation-filler-token,ablation-filler-token,23,deepseek-r1-distill-8b,0.5231280431635742
F3,F5,ablation-filler-token,ablation-filler-token,24,deepseek-r1-distill-8b,0.5226623948495247
F3,F5,ablation-filler-token,ablation-filler-token,25,deepseek-r1-distill-8b,0.5218437142538999
F3,F5,ablation-filler-token,ablation-filler-token,26,deepseek-r1-distill-8b,0.5263774585724842
F3,F5,ablation-filler-token,ablation-filler-token,27,deepseek-r1-distill-8b,0.525029229554496
F3,F5,ablation-filler-token,ablation-filler-token,28,deepseek-r1-distill-8b,0.5198166256693694
F3,F5,ablation-filler-token,ablation-filler-token,29,deepseek-r1-distill-8b,0.520726411369917
F3,F5,ablation-filler-token,ablation-filler-token,30,deepseek-r1-distill-8b,0.5237822284308664
F3,F5,ablation-filler-token,ablation-filler-token,31,deepseek-r1-distill-8b,0.5320449553078846
F3,F5,ablation-filler-token,ablation-filler-token,32,deepseek-r1-distill-8b,0.5381831617520524
F4,A1,ablation-filler-token,ablation-filler-token,0,deepseek-r1-distill-8b,0.5
F4,A1,ablation-filler-token,ablation-filler-token,1,deepseek-r1-distill-8b,0.5691676854757733
F4,A1,ablation-filler-token,ablation-filler-token,2,deepseek-r1-distill-8b,0.5803682837372859
F4,A1,ablation-filler-token,ablation-filler-token,3,deepseek-r1-distill-8b,0.5817715094759751
F4,A1,ablation-filler-token,ablation-filler-token,4,deepseek-r1-distill-8b,0.5817463018279745
F4,A1,ablation-filler-token,ablation-filler-token,5,deepseek-r1-distill-8b,0.5808850405212942
F4,A1,ablation-filler-token,ablation-filler-token,6,deepseek-r1-distill-8b,0.5812043373959659
F4,A1,ablation-filler-token,ablation-filler-token,7,deepseek-r1-distill-8b,0.5799103447986119
F4,A1,ablation-filler-token,ablation-filler-token,8,deepseek-r1-distill-8b,0.5797759040092765
F4,A1,ablation-filler-token,ablation-filler-token,9,deepseek-r1-distill-8b,0.580128811081282
F4,A1,ablation-filler-token,ablation-filler-token,10,deepseek-r1-distill-8b,0.5798641307772778
F4,A1,ablation-filler-token,ablation-filler-token,11,deepseek-r1-distill-8b,0.5792843548732686
F4,A1,ablation-filler-token,ablation-filler-token,12,deepseek-r1-distill-8b,0.58020863529995
F4,A1,ablation-filler-token,ablation-filler-token,13,deepseek-r1-distill-8b,0.5819941770333119
F4,A1,ablation-filler-token,ablation-filler-token,14,deepseek-r1-distill-8b,0.5830739046226625
F4,A1,ablation-filler-token,ablation-filler-token,15,deepseek-r1-distill-8b,0.5812757590653004
F4,A1,ablation-filler-token,ablation-filler-token,16,deepseek-r1-distill-8b,0.5794692109586049
F4,A1,ablation-filler-token,ablation-filler-token,17,deepseek-r1-distill-8b,0.5842124500573475
F4,A1,ablation-filler-token,ablation-filler-token,18,deepseek-r1-distill-8b,0.587376009881398
F4,A1,ablation-filler-token,ablation-filler-token,19,deepseek-r1-distill-8b,0.5888926700360889
F4,A1,ablation-filler-token,ablation-filler-token,20,deepseek-r1-distill-8b,0.5898295542867706
F4,A1,ablation-filler-token,ablation-filler-token,21,deepseek-r1-distill-8b,0.5912957991454607
F4,A1,ablation-filler-token,ablation-filler-token,22,deepseek-r1-distill-8b,0.589459842116098
F4,A1,ablation-filler-token,ablation-filler-token,23,deepseek-r1-distill-8b,0.5899303848787723
F4,A1,ablation-filler-token,ablation-filler-token,24,deepseek-r1-distill-8b,0.5873844124307315
F4,A1,ablation-filler-token,ablation-filler-token,25,deepseek-r1-distill-8b,0.589917781054772
F4,A1,ablation-filler-token,ablation-filler-token,26,deepseek-r1-distill-8b,0.5890397146494246
F4,A1,ablation-filler-token,ablation-filler-token,27,deepseek-r1-distill-8b,0.5921360540788075
F4,A1,ablation-filler-token,ablation-filler-token,28,deepseek-r1-distill-8b,0.5882288686387451
F4,A1,ablation-filler-token,ablation-filler-token,29,deepseek-r1-distill-8b,0.5917117253374674
F4,A1,ablation-filler-token,ablation-filler-token,30,deepseek-r1-distill-8b,0.5858845573747075
F4,A1,ablation-filler-token,ablation-filler-token,31,deepseek-r1-distill-8b,0.5782844515025858
F4,A1,ablation-filler-token,ablation-filler-token,32,deepseek-r1-distill-8b,0.4534099645832546
F4,A2,ablation-filler-token,ablation-filler-token,0,deepseek-r1-distill-8b,0.5
F4,A2,ablation-filler-token,ablation-filler-token,1,deepseek-r1-distill-8b,0.5616557734204793
F4,A2,ablation-filler-token,ablation-filler-token,2,deepseek-r1-distill-8b,0.5477734204793029
F4,A2,ablation-filler-token,ablation-filler-token,3,deepseek-r1-distill-8b,0.5474335511982571
F4,A2,ablation-filler-token,ablation-filler-token,4,deepseek-r1-distill-8b,0.5476296296296297
F4,A2,ablation-filler-token,ablation-filler-token,5,deepseek-r1-distill-8b,0.5475076252723312
F4,A2,ablation-filler-token,ablation-filler-token,6,deepseek-r1-distill-8b,0.5464400871459695
F4,A2,ablation-filler-token,ablation-filler-token,7,deepseek-r1-distill-8b,0.5472331154684096
F4,A2,ablation-filler-token,ablation-filler-token,8,deepseek-r1-distill-8b,0.5464618736383442
F4,A2,ablation-filler-token,ablation-filler-token,9,deepseek-r1-distill-8b,0.5469150326797385
F4,A2,ablation-filler-token,ablation-filler-token,10,deepseek-r1-distill-8b,0.547433551198257
F4,A2,ablation-filler-token,ablation-filler-token,11,deepseek-r1-distill-8b,0.5471285403050108
F4,A2,ablation-filler-token,ablation-filler-token,12,deepseek-r1-distill-8b,0.5465925925925925
F4,A2,ablation-filler-token,ablation-filler-token,13,deepseek-r1-distill-8b,0.5452418300653594
F4,A2,ablation-filler-token,ablation-filler-token,14,deepseek-r1-distill-8b,0.5449716775599128
F4,A2,ablation-filler-token,ablation-filler-token,15,deepseek-r1-distill-8b,0.5457777777777778
F4,A2,ablation-filler-token,ablation-filler-token,16,deepseek-r1-distill-8b,0.5489716775599127
F4,A2,ablation-filler-token,ablation-filler-token,17,deepseek-r1-distill-8b,0.5488714596949891
F4,A2,ablation-filler-token,ablation-filler-token,18,deepseek-r1-distill-8b,0.5466274509803922
F4,A2,ablation-filler-token,ablation-filler-token,19,deepseek-r1-distill-8b,0.5447102396514161
F4,A2,ablation-filler-token,ablation-filler-token,20,deepseek-r1-distill-8b,0.5439520697167756
F4,A2,ablation-filler-token,ablation-filler-token,21,deepseek-r1-distill-8b,0.5410239651416122
F4,A2,ablation-filler-token,ablation-filler-token,22,deepseek-r1-distill-8b,0.5421917211328976
F4,A2,ablation-filler-token,ablation-filler-token,23,deepseek-r1-distill-8b,0.5407581699346405
F4,A2,ablation-filler-token,ablation-filler-token,24,deepseek-r1-distill-8b,0.5381808278867102
F4,A2,ablation-filler-token,ablation-filler-token,25,deepseek-r1-distill-8b,0.5338126361655773
F4,A2,ablation-filler-token,ablation-filler-token,26,deepseek-r1-distill-8b,0.5323442265795206
F4,A2,ablation-filler-token,ablation-filler-token,27,deepseek-r1-distill-8b,0.5287712418300654
F4,A2,ablation-filler-token,ablation-filler-token,28,deepseek-r1-distill-8b,0.5091023965141612
F4,A2,ablation-filler-token,ablation-filler-token,29,deepseek-r1-distill-8b,0.5159520697167755
F4,A2,ablation-filler-token,ablation-filler-token,30,deepseek-r1-distill-8b,0.4826579520697167
F4,A2,ablation-filler-token,ablation-filler-token,31,deepseek-r1-distill-8b,0.4418867102396513
F4,A2,ablation-filler-token,ablation-filler-token,32,deepseek-r1-distill-8b,0.4122875816993463
F4,A3,ablation-filler-token,ablation-filler-token,0,deepseek-r1-distill-8b,0.5
F4,A3,ablation-filler-token,ablation-filler-token,1,deepseek-r1-distill-8b,0.536520325203252
F4,A3,ablation-filler-token,ablation-filler-token,2,deepseek-r1-distill-8b,0.5299146341463414
F4,A3,ablation-filler-token,ablation-filler-token,3,deepseek-r1-distill-8b,0.5272560975609756
F4,A3,ablation-filler-token,ablation-filler-token,4,deepseek-r1-distill-8b,0.5277926829268292
F4,A3,ablation-filler-token,ablation-filler-token,5,deepseek-r1-distill-8b,0.5290121951219512
F4,A3,ablation-filler-token,ablation-filler-token,6,deepseek-r1-distill-8b,0.5283170731707317
F4,A3,ablation-filler-token,ablation-filler-token,7,deepseek-r1-distill-8b,0.5293902439024389
F4,A3,ablation-filler-token,ablation-filler-token,8,deepseek-r1-distill-8b,0.527780487804878
F4,A3,ablation-filler-token,ablation-filler-token,9,deepseek-r1-distill-8b,0.5282357723577236
F4,A3,ablation-filler-token,ablation-filler-token,10,deepseek-r1-distill-8b,0.5292845528455284
F4,A3,ablation-filler-token,ablation-filler-token,11,deepseek-r1-distill-8b,0.5297520325203252
F4,A3,ablation-filler-token,ablation-filler-token,12,deepseek-r1-distill-8b,0.5296626016260163
F4,A3,ablation-filler-token,ablation-filler-token,13,deepseek-r1-distill-8b,0.5285040650406504
F4,A3,ablation-filler-token,ablation-filler-token,14,deepseek-r1-distill-8b,0.5279268292682927
F4,A3,ablation-filler-token,ablation-filler-token,15,deepseek-r1-distill-8b,0.528349593495935
F4,A3,ablation-filler-token,ablation-filler-token,16,deepseek-r1-distill-8b,0.5323089430894309
F4,A3,ablation-filler-token,ablation-filler-token,17,deepseek-r1-distill-8b,0.5318211382113821
F4,A3,ablation-filler-token,ablation-filler-token,18,deepseek-r1-distill-8b,0.5316869918699187
F4,A3,ablation-filler-token,ablation-filler-token,19,deepseek-r1-distill-8b,0.5300650406504065
F4,A3,ablation-filler-token,ablation-filler-token,20,deepseek-r1-distill-8b,0.5308943089430894
F4,A3,ablation-filler-token,ablation-filler-token,21,deepseek-r1-distill-8b,0.5298373983739837
F4,A3,ablation-filler-token,ablation-filler-token,22,deepseek-r1-distill-8b,0.532130081300813
F4,A3,ablation-filler-token,ablation-filler-token,23,deepseek-r1-distill-8b,0.5319268292682926
F4,A3,ablation-filler-token,ablation-filler-token,24,deepseek-r1-distill-8b,0.5318333333333334
F4,A3,ablation-filler-token,ablation-filler-token,25,deepseek-r1-distill-8b,0.5277195121951219
F4,A3,ablation-filler-token,ablation-filler-token,26,deepseek-r1-distill-8b,0.5284878048780488
F4,A3,ablation-filler-token,ablation-filler-token,27,deepseek-r1-distill-8b,0.5274959349593495
F4,A3,ablation-filler-token,ablation-filler-token,28,deepseek-r1-distill-8b,0.5251951219512195
F4,A3,ablation-filler-token,ablation-filler-token,29,deepseek-r1-distill-8b,0.5263130081300813
F4,A3,ablation-filler-token,ablation-filler-token,30,deepseek-r1-distill-8b,0.5220121951219512
F4,A3,ablation-filler-token,ablation-filler-token,31,deepseek-r1-distill-8b,0.5188983739837398
F4,A3,ablation-filler-token,ablation-filler-token,32,deepseek-r1-distill-8b,0.508219512195122
F4,F0,ablation-filler-token,ablation-filler-token,0,deepseek-r1-distill-8b,0.5
F4,F0,ablation-filler-token,ablation-filler-token,1,deepseek-r1-distill-8b,0.4898549416494605
F4,F0,ablation-filler-token,ablation-filler-token,2,deepseek-r1-distill-8b,0.4906390916646922
F4,F0,ablation-filler-token,ablation-filler-token,3,deepseek-r1-distill-8b,0.4849074627763799
F4,F0,ablation-filler-token,ablation-filler-token,4,deepseek-r1-distill-8b,0.4870812695332333
F4,F0,ablation-filler-token,ablation-filler-token,5,deepseek-r1-distill-8b,0.4887642773596898
F4,F0,ablation-filler-token,ablation-filler-token,6,deepseek-r1-distill-8b,0.4906560157657403
F4,F0,ablation-filler-token,ablation-filler-token,7,deepseek-r1-distill-8b,0.4937267998781465
F4,F0,ablation-filler-token,ablation-filler-token,8,deepseek-r1-distill-8b,0.495718202434814
F4,F0,ablation-filler-token,ablation-filler-token,9,deepseek-r1-distill-8b,0.4951371416321602
F4,F0,ablation-filler-token,ablation-filler-token,10,deepseek-r1-distill-8b,0.4974237757293347
F4,F0,ablation-filler-token,ablation-filler-token,11,deepseek-r1-distill-8b,0.5006619203965506
F4,F0,ablation-filler-token,ablation-filler-token,12,deepseek-r1-distill-8b,0.5015081254489588
F4,F0,ablation-filler-token,ablation-filler-token,13,deepseek-r1-distill-8b,0.5085034205488674
F4,F0,ablation-filler-token,ablation-filler-token,14,deepseek-r1-distill-8b,0.5076252477500348
F4,F0,ablation-filler-token,ablation-filler-token,15,deepseek-r1-distill-8b,0.5064386802209911
F4,F0,ablation-filler-token,ablation-filler-token,16,deepseek-r1-distill-8b,0.513161309248457
F4,F0,ablation-filler-token,ablation-filler-token,17,deepseek-r1-distill-8b,0.5167398163923083
F4,F0,ablation-filler-token,ablation-filler-token,18,deepseek-r1-distill-8b,0.5238159710861137
F4,F0,ablation-filler-token,ablation-filler-token,19,deepseek-r1-distill-8b,0.5232480734731639
F4,F0,ablation-filler-token,ablation-filler-token,20,deepseek-r1-distill-8b,0.5202393443979345
F4,F0,ablation-filler-token,ablation-filler-token,21,deepseek-r1-distill-8b,0.5252582805865518
F4,F0,ablation-filler-token,ablation-filler-token,22,deepseek-r1-distill-8b,0.5259653319192307
F4,F0,ablation-filler-token,ablation-filler-token,23,deepseek-r1-distill-8b,0.527027789373921
F4,F0,ablation-filler-token,ablation-filler-token,24,deepseek-r1-distill-8b,0.5161963647030949
F4,F0,ablation-filler-token,ablation-filler-token,25,deepseek-r1-distill-8b,0.5102296788557803
F4,F0,ablation-filler-token,ablation-filler-token,26,deepseek-r1-distill-8b,0.5246339693034416
F4,F0,ablation-filler-token,ablation-filler-token,27,deepseek-r1-distill-8b,0.5117622502284753
F4,F0,ablation-filler-token,ablation-filler-token,28,deepseek-r1-distill-8b,0.5224789671033084
F4,F0,ablation-filler-token,ablation-filler-token,29,deepseek-r1-distill-8b,0.5098667509110808
F4,F0,ablation-filler-token,ablation-filler-token,30,deepseek-r1-distill-8b,0.5206285987220423
F4,F0,ablation-filler-token,ablation-filler-token,31,deepseek-r1-distill-8b,0.495825388408119
F4,F0,ablation-filler-token,ablation-filler-token,32,deepseek-r1-distill-8b,0.5380397377892612
F4,F1,ablation-filler-token,ablation-filler-token,0,deepseek-r1-distill-8b,0.5
F4,F1,ablation-filler-token,ablation-filler-token,1,deepseek-r1-distill-8b,0.4231925283269331
F4,F1,ablation-filler-token,ablation-filler-token,2,deepseek-r1-distill-8b,0.4013100712716699
F4,F1,ablation-filler-token,ablation-filler-token,3,deepseek-r1-distill-8b,0.4043173880750328
F4,F1,ablation-filler-token,ablation-filler-token,4,deepseek-r1-distill-8b,0.4042525956478452
F4,F1,ablation-filler-token,ablation-filler-token,5,deepseek-r1-distill-8b,0.4021887197964569
F4,F1,ablation-filler-token,ablation-filler-token,6,deepseek-r1-distill-8b,0.3981921332511575
F4,F1,ablation-filler-token,ablation-filler-token,7,deepseek-r1-distill-8b,0.3972802983612256
F4,F1,ablation-filler-token,ablation-filler-token,8,deepseek-r1-distill-8b,0.3910143965612604
F4,F1,ablation-filler-token,ablation-filler-token,9,deepseek-r1-distill-8b,0.3928017193697751
F4,F1,ablation-filler-token,ablation-filler-token,10,deepseek-r1-distill-8b,0.3942145103430837
F4,F1,ablation-filler-token,ablation-filler-token,11,deepseek-r1-distill-8b,0.3916923465920764
F4,F1,ablation-filler-token,ablation-filler-token,12,deepseek-r1-distill-8b,0.3898449722656805
F4,F1,ablation-filler-token,ablation-filler-token,13,deepseek-r1-distill-8b,0.3817016703803789
F4,F1,ablation-filler-token,ablation-filler-token,14,deepseek-r1-distill-8b,0.3824412522321782
F4,F1,ablation-filler-token,ablation-filler-token,15,deepseek-r1-distill-8b,0.3877068221684919
F4,F1,ablation-filler-token,ablation-filler-token,16,deepseek-r1-distill-8b,0.3945748194503706
F4,F1,ablation-filler-token,ablation-filler-token,17,deepseek-r1-distill-8b,0.3965691619652649
F4,F1,ablation-filler-token,ablation-filler-token,18,deepseek-r1-distill-8b,0.3973419301822089
F4,F1,ablation-filler-token,ablation-filler-token,19,deepseek-r1-distill-8b,0.4128763096761958
F4,F1,ablation-filler-token,ablation-filler-token,20,deepseek-r1-distill-8b,0.4148406264321497
F4,F1,ablation-filler-token,ablation-filler-token,21,deepseek-r1-distill-8b,0.4199007569651859
F4,F1,ablation-filler-token,ablation-filler-token,22,deepseek-r1-distill-8b,0.4319268635724332
F4,F1,ablation-filler-token,ablation-filler-token,23,deepseek-r1-distill-8b,0.4385609759951959
F4,F1,ablation-filler-token,ablation-filler-token,24,deepseek-r1-distill-8b,0.4433240095450308
F4,F1,ablation-filler-token,ablation-filler-token,25,deepseek-r1-distill-8b,0.4447099353656031
F4,F1,ablation-filler-token,ablation-filler-token,26,deepseek-r1-distill-8b,0.4484916006890121
F4,F1,ablation-filler-token,ablation-filler-token,27,deepseek-r1-distill-8b,0.4461843581598951
F4,F1,ablation-filler-token,ablation-filler-token,28,deepseek-r1-distill-8b,0.4557783782929566
F4,F1,ablation-filler-token,ablation-filler-token,29,deepseek-r1-distill-8b,0.4531076660503484
F4,F1,ablation-filler-token,ablation-filler-token,30,deepseek-r1-distill-8b,0.4629908816511007
F4,F1,ablation-filler-token,ablation-filler-token,31,deepseek-r1-distill-8b,0.4447605050648714
F4,F1,ablation-filler-token,ablation-filler-token,32,deepseek-r1-distill-8b,0.435823891022298
F4,F2,ablation-filler-token,ablation-filler-token,0,deepseek-r1-distill-8b,0.5
F4,F2,ablation-filler-token,ablation-filler-token,1,deepseek-r1-distill-8b,0.6014232901371755
F4,F2,ablation-filler-token,ablation-filler-token,2,deepseek-r1-distill-8b,0.6047354727420433
F4,F2,ablation-filler-token,ablation-filler-token,3,deepseek-r1-distill-8b,0.5299706895996392
F4,F2,ablation-filler-token,ablation-filler-token,4,deepseek-r1-distill-8b,0.5748936200670668
F4,F2,ablation-filler-token,ablation-filler-token,5,deepseek-r1-distill-8b,0.5922758684861303
F4,F2,ablation-filler-token,ablation-filler-token,6,deepseek-r1-distill-8b,0.6106941805076891
F4,F2,ablation-filler-token,ablation-filler-token,7,deepseek-r1-distill-8b,0.6095847514342054
F4,F2,ablation-filler-token,ablation-filler-token,8,deepseek-r1-distill-8b,0.6103953504185411
F4,F2,ablation-filler-token,ablation-filler-token,9,deepseek-r1-distill-8b,0.6110699548712883
F4,F2,ablation-filler-token,ablation-filler-token,10,deepseek-r1-distill-8b,0.6130722954087531
F4,F2,ablation-filler-token,ablation-filler-token,11,deepseek-r1-distill-8b,0.6175457997373158
F4,F2,ablation-filler-token,ablation-filler-token,12,deepseek-r1-distill-8b,0.618712489666205
F4,F2,ablation-filler-token,ablation-filler-token,13,deepseek-r1-distill-8b,0.6236065034016528
F4,F2,ablation-filler-token,ablation-filler-token,14,deepseek-r1-distill-8b,0.6215486914105137
F4,F2,ablation-filler-token,ablation-filler-token,15,deepseek-r1-distill-8b,0.620530521825333
F4,F2,ablation-filler-token,ablation-filler-token,16,deepseek-r1-distill-8b,0.6260651413806309
F4,F2,ablation-filler-token,ablation-filler-token,17,deepseek-r1-distill-8b,0.6259076740282654
F4,F2,ablation-filler-token,ablation-filler-token,18,deepseek-r1-distill-8b,0.6302523414321656
F4,F2,ablation-filler-token,ablation-filler-token,19,deepseek-r1-distill-8b,0.6296385766382867
F4,F2,ablation-filler-token,ablation-filler-token,20,deepseek-r1-distill-8b,0.6300268768140059
F4,F2,ablation-filler-token,ablation-filler-token,21,deepseek-r1-distill-8b,0.6277919140514561
F4,F2,ablation-filler-token,ablation-filler-token,22,deepseek-r1-distill-8b,0.6291518593673392
F4,F2,ablation-filler-token,ablation-filler-token,23,deepseek-r1-distill-8b,0.6270851003675432
F4,F2,ablation-filler-token,ablation-filler-token,24,deepseek-r1-distill-8b,0.6214824835464511
F4,F2,ablation-filler-token,ablation-filler-token,25,deepseek-r1-distill-8b,0.622989159804311
F4,F2,ablation-filler-token,ablation-filler-token,26,deepseek-r1-distill-8b,0.6247087748682105
F4,F2,ablation-filler-token,ablation-filler-token,27,deepseek-r1-distill-8b,0.6198791795950941
F4,F2,ablation-filler-token,ablation-filler-token,28,deepseek-r1-distill-8b,0.6233398825436703
F4,F2,ablation-filler-token,ablation-filler-token,29,deepseek-r1-distill-8b,0.6241952165712915
F4,F2,ablation-filler-token,ablation-filler-token,30,deepseek-r1-distill-8b,0.6211174455932403
F4,F2,ablation-filler-token,ablation-filler-token,31,deepseek-r1-distill-8b,0.6385157986278868
F4,F2,ablation-filler-token,ablation-filler-token,32,deepseek-r1-distill-8b,0.6562398227776525
F4,F3,ablation-filler-token,ablation-filler-token,0,deepseek-r1-distill-8b,0.5
F4,F3,ablation-filler-token,ablation-filler-token,1,deepseek-r1-distill-8b,0.4850433389862446
F4,F3,ablation-filler-token,ablation-filler-token,2,deepseek-r1-distill-8b,0.4860579640822716
F4,F3,ablation-filler-token,ablation-filler-token,3,deepseek-r1-distill-8b,0.5143741574988041
F4,F3,ablation-filler-token,ablation-filler-token,4,deepseek-r1-distill-8b,0.5182451334232001
F4,F3,ablation-filler-token,ablation-filler-token,5,deepseek-r1-distill-8b,0.5163553941818498
F4,F3,ablation-filler-token,ablation-filler-token,6,deepseek-r1-distill-8b,0.5099759388905799
F4,F3,ablation-filler-token,ablation-filler-token,7,deepseek-r1-distill-8b,0.5127897117015263
F4,F3,ablation-filler-token,ablation-filler-token,8,deepseek-r1-distill-8b,0.5125233726138192
F4,F3,ablation-filler-token,ablation-filler-token,9,deepseek-r1-distill-8b,0.5101824875708425
F4,F3,ablation-filler-token,ablation-filler-token,10,deepseek-r1-distill-8b,0.5096008899711557
F4,F3,ablation-filler-token,ablation-filler-token,11,deepseek-r1-distill-8b,0.5116120218579234
F4,F3,ablation-filler-token,ablation-filler-token,12,deepseek-r1-distill-8b,0.511733414503341
F4,F3,ablation-filler-token,ablation-filler-token,13,deepseek-r1-distill-8b,0.5115993390442232
F4,F3,ablation-filler-token,ablation-filler-token,14,deepseek-r1-distill-8b,0.5103075038773173
F4,F3,ablation-filler-token,ablation-filler-token,15,deepseek-r1-distill-8b,0.5090120450493543
F4,F3,ablation-filler-token,ablation-filler-token,16,deepseek-r1-distill-8b,0.5102114768593005
F4,F3,ablation-filler-token,ablation-filler-token,17,deepseek-r1-distill-8b,0.5102440898088156
F4,F3,ablation-filler-token,ablation-filler-token,18,deepseek-r1-distill-8b,0.5144892087373715
F4,F3,ablation-filler-token,ablation-filler-token,19,deepseek-r1-distill-8b,0.5129781420765027
F4,F3,ablation-filler-token,ablation-filler-token,20,deepseek-r1-distill-8b,0.5150689945065299
F4,F3,ablation-filler-token,ablation-filler-token,21,deepseek-r1-distill-8b,0.5152393065762201
F4,F3,ablation-filler-token,ablation-filler-token,22,deepseek-r1-distill-8b,0.5191601078401531
F4,F3,ablation-filler-token,ablation-filler-token,23,deepseek-r1-distill-8b,0.5191148120769375
F4,F3,ablation-filler-token,ablation-filler-token,24,deepseek-r1-distill-8b,0.5189100752272036
F4,F3,ablation-filler-token,ablation-filler-token,25,deepseek-r1-distill-8b,0.52097556202983
F4,F3,ablation-filler-token,ablation-filler-token,26,deepseek-r1-distill-8b,0.5218162513951096
F4,F3,ablation-filler-token,ablation-filler-token,27,deepseek-r1-distill-8b,0.5246789436303286
F4,F3,ablation-filler-token,ablation-filler-token,28,deepseek-r1-distill-8b,0.5297339508051775
F4,F3,ablation-filler-token,ablation-filler-token,29,deepseek-r1-distill-8b,0.5297502572799351
F4,F3,ablation-filler-token,ablation-filler-token,30,deepseek-r1-distill-8b,0.5283189111623255
F4,F3,ablation-filler-token,ablation-filler-token,31,deepseek-r1-distill-8b,0.5309388181067096
F4,F3,ablation-filler-token,ablation-filler-token,32,deepseek-r1-distill-8b,0.5523274774970648
F4,F5,ablation-filler-token,ablation-filler-token,0,deepseek-r1-distill-8b,0.5
F4,F5,ablation-filler-token,ablation-filler-token,1,deepseek-r1-distill-8b,0.5139643880267647
F4,F5,ablation-filler-token,ablation-filler-token,2,deepseek-r1-distill-8b,0.5119512182777086
F4,F5,ablation-filler-token,ablation-filler-token,3,deepseek-r1-distill-8b,0.4832872746414002
F4,F5,ablation-filler-token,ablation-filler-token,4,deepseek-r1-distill-8b,0.4894356038750038
F4,F5,ablation-filler-token,ablation-filler-token,5,deepseek-r1-distill-8b,0.4947842327431747
F4,F5,ablation-filler-token,ablation-filler-token,6,deepseek-r1-distill-8b,0.5008617024507274
F4,F5,ablation-filler-token,ablation-filler-token,7,deepseek-r1-distill-8b,0.5072479172360737
F4,F5,ablation-filler-token,ablation-filler-token,8,deepseek-r1-distill-8b,0.5060445706418861
F4,F5,ablation-filler-token,ablation-filler-token,9,deepseek-r1-distill-8b,0.5092319839655015
F4,F5,ablation-filler-token,ablation-filler-token,10,deepseek-r1-distill-8b,0.5112666646421088
F4,F5,ablation-filler-token,ablation-filler-token,11,deepseek-r1-distill-8b,0.5121106522113233
F4,F5,ablation-filler-token,ablation-filler-token,12,deepseek-r1-distill-8b,0.5098697196999605
F4,F5,ablation-filler-token,ablation-filler-token,13,deepseek-r1-distill-8b,0.5095015032342313
F4,F5,ablation-filler-token,ablation-filler-token,14,deepseek-r1-distill-8b,0.5128635346756153
F4,F5,ablation-filler-token,ablation-filler-token,15,deepseek-r1-distill-8b,0.5130533369775375
F4,F5,ablation-filler-token,ablation-filler-token,16,deepseek-r1-distill-8b,0.5197090710316135
F4,F5,ablation-filler-token,ablation-filler-token,17,deepseek-r1-distill-8b,0.5234064198730602
F4,F5,ablation-filler-token,ablation-filler-token,18,deepseek-r1-distill-8b,0.5235962221749826
F4,F5,ablation-filler-token,ablation-filler-token,19,deepseek-r1-distill-8b,0.5245616832174274
F4,F5,ablation-filler-token,ablation-filler-token,20,deepseek-r1-distill-8b,0.52985716744106
F4,F5,ablation-filler-token,ablation-filler-token,21,deepseek-r1-distill-8b,0.5304227783007885
F4,F5,ablation-filler-token,ablation-filler-token,22,deepseek-r1-distill-8b,0.5333697753753024
F4,F5,ablation-filler-token,ablation-filler-token,23,deepseek-r1-distill-8b,0.5355955237025115
F4,F5,ablation-filler-token,ablation-filler-token,24,deepseek-r1-distill-8b,0.5353728223349226
F4,F5,ablation-filler-token,ablation-filler-token,25,deepseek-r1-distill-8b,0.5391751951167664
F4,F5,ablation-filler-token,ablation-filler-token,26,deepseek-r1-distill-8b,0.5394750827538036
F4,F5,ablation-filler-token,ablation-filler-token,27,deepseek-r1-distill-8b,0.5400267747780578
F4,F5,ablation-filler-token,ablation-filler-token,28,deepseek-r1-distill-8b,0.5422803607762154
F4,F5,ablation-filler-token,ablation-filler-token,29,deepseek-r1-distill-8b,0.5459663214795469
F4,F5,ablation-filler-token,ablation-filler-token,30,deepseek-r1-distill-8b,0.5519982386346383
F4,F5,ablation-filler-token,ablation-filler-token,31,deepseek-r1-distill-8b,0.566160021055402
F4,F5,ablation-filler-token,ablation-filler-token,32,deepseek-r1-distill-8b,0.5638355755311935
F5,A1,ablation-filler-token,ablation-filler-token,0,deepseek-r1-distill-8b,0.5
F5,A1,ablation-filler-token,ablation-filler-token,1,deepseek-r1-distill-8b,0.5692391071451078
F5,A1,ablation-filler-token,ablation-filler-token,2,deepseek-r1-distill-8b,0.4185267810253631
F5,A1,ablation-filler-token,ablation-filler-token,3,deepseek-r1-distill-8b,0.4187536498573667
F5,A1,ablation-filler-token,ablation-filler-token,4,deepseek-r1-distill-8b,0.4218331841880827
F5,A1,ablation-filler-token,ablation-filler-token,5,deepseek-r1-distill-8b,0.5501989303554699
F5,A1,ablation-filler-token,ablation-filler-token,6,deepseek-r1-distill-8b,0.5664494607663966
F5,A1,ablation-filler-token,ablation-filler-token,7,deepseek-r1-distill-8b,0.5700121416837869
F5,A1,ablation-filler-token,ablation-filler-token,8,deepseek-r1-distill-8b,0.5714279712464763
F5,A1,ablation-filler-token,ablation-filler-token,9,deepseek-r1-distill-8b,0.5732261168038383
F5,A1,ablation-filler-token,ablation-filler-token,10,deepseek-r1-distill-8b,0.5735496149531768
F5,A1,ablation-filler-token,ablation-filler-token,11,deepseek-r1-distill-8b,0.5729194237531667
F5,A1,ablation-filler-token,ablation-filler-token,12,deepseek-r1-distill-8b,0.5731883053318376
F5,A1,ablation-filler-token,ablation-filler-token,13,deepseek-r1-distill-8b,0.5734655894598422
F5,A1,ablation-filler-token,ablation-filler-token,14,deepseek-r1-distill-8b,0.5728269957104986
F5,A1,ablation-filler-token,ablation-filler-token,15,deepseek-r1-distill-8b,0.5727303663931638
F5,A1,ablation-filler-token,ablation-filler-token,16,deepseek-r1-distill-8b,0.5714447763451431
F5,A1,ablation-filler-token,ablation-filler-token,17,deepseek-r1-distill-8b,0.5712809266331406
F5,A1,ablation-filler-token,ablation-filler-token,18,deepseek-r1-distill-8b,0.5712431151611399
F5,A1,ablation-filler-token,ablation-filler-token,19,deepseek-r1-distill-8b,0.5711044730971377
F5,A1,ablation-filler-token,ablation-filler-token,20,deepseek-r1-distill-8b,0.5713607508518085
F5,A1,ablation-filler-token,ablation-filler-token,21,deepseek-r1-distill-8b,0.5717892808678153
F5,A1,ablation-filler-token,ablation-filler-token,22,deepseek-r1-distill-8b,0.5721842006864882
F5,A1,ablation-filler-token,ablation-filler-token,23,deepseek-r1-distill-8b,0.5721127790171538
F5,A1,ablation-filler-token,ablation-filler-token,24,deepseek-r1-distill-8b,0.5709154157371346
F5,A1,ablation-filler-token,ablation-filler-token,25,deepseek-r1-distill-8b,0.5716002235078123
F5,A1,ablation-filler-token,ablation-filler-token,26,deepseek-r1-distill-8b,0.5715876196838121
F5,A1,ablation-filler-token,ablation-filler-token,27,deepseek-r1-distill-8b,0.5736000302491776
F5,A1,ablation-filler-token,ablation-filler-token,28,deepseek-r1-distill-8b,0.575406578355873
F5,A1,ablation-filler-token,ablation-filler-token,29,deepseek-r1-distill-8b,0.574650348915861
F5,A1,ablation-filler-token,ablation-filler-token,30,deepseek-r1-distill-8b,0.5763140536838878
F5,A1,ablation-filler-token,ablation-filler-token,31,deepseek-r1-distill-8b,0.5692265033211077
F5,A1,ablation-filler-token,ablation-filler-token,32,deepseek-r1-distill-8b,0.4731139427702365
F5,A2,ablation-filler-token,ablation-filler-token,0,deepseek-r1-distill-8b,0.5
F5,A2,ablation-filler-token,ablation-filler-token,1,deepseek-r1-distill-8b,0.5604183006535948
F5,A2,ablation-filler-token,ablation-filler-token,2,deepseek-r1-distill-8b,0.4528540305010893
F5,A2,ablation-filler-token,ablation-filler-token,3,deepseek-r1-distill-8b,0.4547320261437909
F5,A2,ablation-filler-token,ablation-filler-token,4,deepseek-r1-distill-8b,0.4564400871459694
F5,A2,ablation-filler-token,ablation-filler-token,5,deepseek-r1-distill-8b,0.5247450980392157
F5,A2,ablation-filler-token,ablation-filler-token,6,deepseek-r1-distill-8b,0.5340392156862744
F5,A2,ablation-filler-token,ablation-filler-token,7,deepseek-r1-distill-8b,0.5401699346405229
F5,A2,ablation-filler-token,ablation-filler-token,8,deepseek-r1-distill-8b,0.5416949891067537
F5,A2,ablation-filler-token,ablation-filler-token,9,deepseek-r1-distill-8b,0.542553376906318
F5,A2,ablation-filler-token,ablation-filler-token,10,deepseek-r1-distill-8b,0.5427276688453159
F5,A2,ablation-filler-token,ablation-filler-token,11,deepseek-r1-distill-8b,0.5427755991285402
F5,A2,ablation-filler-token,ablation-filler-token,12,deepseek-r1-distill-8b,0.5425708061002179
F5,A2,ablation-filler-token,ablation-filler-token,13,deepseek-r1-distill-8b,0.5421786492374727
F5,A2,ablation-filler-token,ablation-filler-token,14,deepseek-r1-distill-8b,0.5430806100217865
F5,A2,ablation-filler-token,ablation-filler-token,15,deepseek-r1-distill-8b,0.5435511982570806
F5,A2,ablation-filler-token,ablation-filler-token,16,deepseek-r1-distill-8b,0.5457429193899782
F5,A2,ablation-filler-token,ablation-filler-token,17,deepseek-r1-distill-8b,0.5446230936819172
F5,A2,ablation-filler-token,ablation-filler-token,18,deepseek-r1-distill-8b,0.5450893246187364
F5,A2,ablation-filler-token,ablation-filler-token,19,deepseek-r1-distill-8b,0.5442265795206972
F5,A2,ablation-filler-token,ablation-filler-token,20,deepseek-r1-distill-8b,0.5435424836601307
F5,A2,ablation-filler-token,ablation-filler-token,21,deepseek-r1-distill-8b,0.5425490196078432
F5,A2,ablation-filler-token,ablation-filler-token,22,deepseek-r1-distill-8b,0.5415860566448802
F5,A2,ablation-filler-token,ablation-filler-token,23,deepseek-r1-distill-8b,0.5422919389978214
F5,A2,ablation-filler-token,ablation-filler-token,24,deepseek-r1-distill-8b,0.5426209150326797
F5,A2,ablation-filler-token,ablation-filler-token,25,deepseek-r1-distill-8b,0.5414422657952069
F5,A2,ablation-filler-token,ablation-filler-token,26,deepseek-r1-distill-8b,0.5409106753812636
F5,A2,ablation-filler-token,ablation-filler-token,27,deepseek-r1-distill-8b,0.5420087145969499
F5,A2,ablation-filler-token,ablation-filler-token,28,deepseek-r1-distill-8b,0.5410065359477124
F5,A2,ablation-filler-token,ablation-filler-token,29,deepseek-r1-distill-8b,0.5419084967320262
F5,A2,ablation-filler-token,ablation-filler-token,30,deepseek-r1-distill-8b,0.5408235294117648
F5,A2,ablation-filler-token,ablation-filler-token,31,deepseek-r1-distill-8b,0.5295032679738563
F5,A2,ablation-filler-token,ablation-filler-token,32,deepseek-r1-distill-8b,0.4457080610021786
F5,A3,ablation-filler-token,ablation-filler-token,0,deepseek-r1-distill-8b,0.5
F5,A3,ablation-filler-token,ablation-filler-token,1,deepseek-r1-distill-8b,0.536130081300813
F5,A3,ablation-filler-token,ablation-filler-token,2,deepseek-r1-distill-8b,0.4716890243902439
F5,A3,ablation-filler-token,ablation-filler-token,3,deepseek-r1-distill-8b,0.4747032520325203
F5,A3,ablation-filler-token,ablation-filler-token,4,deepseek-r1-distill-8b,0.4727317073170731
F5,A3,ablation-filler-token,ablation-filler-token,5,deepseek-r1-distill-8b,0.5203658536585365
F5,A3,ablation-filler-token,ablation-filler-token,6,deepseek-r1-distill-8b,0.5220365853658536
F5,A3,ablation-filler-token,ablation-filler-token,7,deepseek-r1-distill-8b,0.525219512195122
F5,A3,ablation-filler-token,ablation-filler-token,8,deepseek-r1-distill-8b,0.5246341463414634
F5,A3,ablation-filler-token,ablation-filler-token,9,deepseek-r1-distill-8b,0.5240772357723578
F5,A3,ablation-filler-token,ablation-filler-token,10,deepseek-r1-distill-8b,0.5238373983739837
F5,A3,ablation-filler-token,ablation-filler-token,11,deepseek-r1-distill-8b,0.524369918699187
F5,A3,ablation-filler-token,ablation-filler-token,12,deepseek-r1-distill-8b,0.5247560975609756
F5,A3,ablation-filler-token,ablation-filler-token,13,deepseek-r1-distill-8b,0.524479674796748
F5,A3,ablation-filler-token,ablation-filler-token,14,deepseek-r1-distill-8b,0.5256788617886179
F5,A3,ablation-filler-token,ablation-filler-token,15,deepseek-r1-distill-8b,0.526040650406504
F5,A3,ablation-filler-token,ablation-filler-token,16,deepseek-r1-distill-8b,0.5276056910569106
F5,A3,ablation-filler-token,ablation-filler-token,17,deepseek-r1-distill-8b,0.5275853658536586
F5,A3,ablation-filler-token,ablation-filler-token,18,deepseek-r1-distill-8b,0.5278455284552845
F5,A3,ablation-filler-token,ablation-filler-token,19,deepseek-r1-distill-8b,0.5275772357723577
F5,A3,ablation-filler-token,ablation-filler-token,20,deepseek-r1-distill-8b,0.5269593495934959
F5,A3,ablation-filler-token,ablation-filler-token,21,deepseek-r1-distill-8b,0.5263577235772358
F5,A3,ablation-filler-token,ablation-filler-token,22,deepseek-r1-distill-8b,0.5258658536585366
F5,A3,ablation-filler-token,ablation-filler-token,23,deepseek-r1-distill-8b,0.5267317073170732
F5,A3,ablation-filler-token,ablation-filler-token,24,deepseek-r1-distill-8b,0.5268617886178862
F5,A3,ablation-filler-token,ablation-filler-token,25,deepseek-r1-distill-8b,0.5265731707317073
F5,A3,ablation-filler-token,ablation-filler-token,26,deepseek-r1-distill-8b,0.526239837398374
F5,A3,ablation-filler-token,ablation-filler-token,27,deepseek-r1-distill-8b,0.5272113821138211
F5,A3,ablation-filler-token,ablation-filler-token,28,deepseek-r1-distill-8b,0.5281626016260162
F5,A3,ablation-filler-token,ablation-filler-token,29,deepseek-r1-distill-8b,0.528540650406504
F5,A3,ablation-filler-token,ablation-filler-token,30,deepseek-r1-distill-8b,0.531081300813008
F5,A3,ablation-filler-token,ablation-filler-token,31,deepseek-r1-distill-8b,0.5319634146341464
F5,A3,ablation-filler-token,ablation-filler-token,32,deepseek-r1-distill-8b,0.5490772357723577
F5,F0,ablation-filler-token,ablation-filler-token,0,deepseek-r1-distill-8b,0.5
F5,F0,ablation-filler-token,ablation-filler-token,1,deepseek-r1-distill-8b,0.489499535527449
F5,F0,ablation-filler-token,ablation-filler-token,2,deepseek-r1-distill-8b,0.5152091254752853
F5,F0,ablation-filler-token,ablation-filler-token,3,deepseek-r1-distill-8b,0.522029538197696
F5,F0,ablation-filler-token,ablation-filler-token,4,deepseek-r1-distill-8b,0.5271443776255862
F5,F0,ablation-filler-token,ablation-filler-token,5,deepseek-r1-distill-8b,0.5225842726209415
F5,F0,ablation-filler-token,ablation-filler-token,6,deepseek-r1-distill-8b,0.5314957520506369
F5,F0,ablation-filler-token,ablation-filler-token,7,deepseek-r1-distill-8b,0.5312362491678984
F5,F0,ablation-filler-token,ablation-filler-token,8,deepseek-r1-distill-8b,0.5292956189143754
F5,F0,ablation-filler-token,ablation-filler-token,9,deepseek-r1-distill-8b,0.526617850037421
F5,F0,ablation-filler-token,ablation-filler-token,10,deepseek-r1-distill-8b,0.5280169090574027
F5,F0,ablation-filler-token,ablation-filler-token,11,deepseek-r1-distill-8b,0.5294893058485932
F5,F0,ablation-filler-token,ablation-filler-token,12,deepseek-r1-distill-8b,0.5302414881174006
F5,F0,ablation-filler-token,ablation-filler-token,13,deepseek-r1-distill-8b,0.5277780911870564
F5,F0,ablation-filler-token,ablation-filler-token,14,deepseek-r1-distill-8b,0.5299537783995818
F5,F0,ablation-filler-token,ablation-filler-token,15,deepseek-r1-distill-8b,0.5305273173795475
F5,F0,ablation-filler-token,ablation-filler-token,16,deepseek-r1-distill-8b,0.5311948791431139
F5,F0,ablation-filler-token,ablation-filler-token,17,deepseek-r1-distill-8b,0.5315728507331897
F5,F0,ablation-filler-token,ablation-filler-token,18,deepseek-r1-distill-8b,0.5301305412327516
F5,F0,ablation-filler-token,ablation-filler-token,19,deepseek-r1-distill-8b,0.5311516286626576
F5,F0,ablation-filler-token,ablation-filler-token,20,deepseek-r1-distill-8b,0.5299556588552539
F5,F0,ablation-filler-token,ablation-filler-token,21,deepseek-r1-distill-8b,0.5312682169143227
F5,F0,ablation-filler-token,ablation-filler-token,22,deepseek-r1-distill-8b,0.5346267107445476
F5,F0,ablation-filler-token,ablation-filler-token,23,deepseek-r1-distill-8b,0.5422820457853347
F5,F0,ablation-filler-token,ablation-filler-token,24,deepseek-r1-distill-8b,0.5388784210189813
F5,F0,ablation-filler-token,ablation-filler-token,25,deepseek-r1-distill-8b,0.5400499449026488
F5,F0,ablation-filler-token,ablation-filler-token,26,deepseek-r1-distill-8b,0.534355925127777
F5,F0,ablation-filler-token,ablation-filler-token,27,deepseek-r1-distill-8b,0.5415787553639998
F5,F0,ablation-filler-token,ablation-filler-token,28,deepseek-r1-distill-8b,0.5420263038139401
F5,F0,ablation-filler-token,ablation-filler-token,29,deepseek-r1-distill-8b,0.5404504819607887
F5,F0,ablation-filler-token,ablation-filler-token,30,deepseek-r1-distill-8b,0.5263827930784187
F5,F0,ablation-filler-token,ablation-filler-token,31,deepseek-r1-distill-8b,0.5463212645688303
F5,F0,ablation-filler-token,ablation-filler-token,32,deepseek-r1-distill-8b,0.5798008973534466
F5,F1,ablation-filler-token,ablation-filler-token,0,deepseek-r1-distill-8b,0.5
F5,F1,ablation-filler-token,ablation-filler-token,1,deepseek-r1-distill-8b,0.4225920131481218
F5,F1,ablation-filler-token,ablation-filler-token,2,deepseek-r1-distill-8b,0.5970321907741906
F5,F1,ablation-filler-token,ablation-filler-token,3,deepseek-r1-distill-8b,0.597436748368337
F5,F1,ablation-filler-token,ablation-filler-token,4,deepseek-r1-distill-8b,0.5897635866559205
F5,F1,ablation-filler-token,ablation-filler-token,5,deepseek-r1-distill-8b,0.4760189004251015
F5,F1,ablation-filler-token,ablation-filler-token,6,deepseek-r1-distill-8b,0.4426587019390319
F5,F1,ablation-filler-token,ablation-filler-token,7,deepseek-r1-distill-8b,0.4301047740956715
F5,F1,ablation-filler-token,ablation-filler-token,8,deepseek-r1-distill-8b,0.4213119676353924
F5,F1,ablation-filler-token,ablation-filler-token,9,deepseek-r1-distill-8b,0.4134309960650453
F5,F1,ablation-filler-token,ablation-filler-token,10,deepseek-r1-distill-8b,0.4123405869245721
F5,F1,ablation-filler-token,ablation-filler-token,11,deepseek-r1-distill-8b,0.4132713854517296
F5,F1,ablation-filler-token,ablation-filler-token,12,deepseek-r1-distill-8b,0.4148042794608006
F5,F1,ablation-filler-token,ablation-filler-token,13,deepseek-r1-distill-8b,0.4202191880402661
F5,F1,ablation-filler-token,ablation-filler-token,14,deepseek-r1-distill-8b,0.4196400069533337
F5,F1,ablation-filler-token,ablation-filler-token,15,deepseek-r1-distill-8b,0.4195120024020607
F5,F1,ablation-filler-token,ablation-filler-token,16,deepseek-r1-distill-8b,0.4227389813366203
F5,F1,ablation-filler-token,ablation-filler-token,17,deepseek-r1-distill-8b,0.4238862813887703
F5,F1,ablation-filler-token,ablation-filler-token,18,deepseek-r1-distill-8b,0.424210243524708
F5,F1,ablation-filler-token,ablation-filler-token,19,deepseek-r1-distill-8b,0.427511496705068
F5,F1,ablation-filler-token,ablation-filler-token,20,deepseek-r1-distill-8b,0.4261050269441678
F5,F1,ablation-filler-token,ablation-filler-token,21,deepseek-r1-distill-8b,0.4279049921774996
F5,F1,ablation-filler-token,ablation-filler-token,22,deepseek-r1-distill-8b,0.4260607784573081
F5,F1,ablation-filler-token,ablation-filler-token,23,deepseek-r1-distill-8b,0.4271037785047172
F5,F1,ablation-filler-token,ablation-filler-token,24,deepseek-r1-distill-8b,0.4315633938589421
F5,F1,ablation-filler-token,ablation-filler-token,25,deepseek-r1-distill-8b,0.4304018710788729
F5,F1,ablation-filler-token,ablation-filler-token,26,deepseek-r1-distill-8b,0.4295153210385752
F5,F1,ablation-filler-token,ablation-filler-token,27,deepseek-r1-distill-8b,0.4423363201061964
F5,F1,ablation-filler-token,ablation-filler-token,28,deepseek-r1-distill-8b,0.4407370533668358
F5,F1,ablation-filler-token,ablation-filler-token,29,deepseek-r1-distill-8b,0.4536560312267893
F5,F1,ablation-filler-token,ablation-filler-token,30,deepseek-r1-distill-8b,0.4702871410736579
F5,F1,ablation-filler-token,ablation-filler-token,31,deepseek-r1-distill-8b,0.4539989569999526
F5,F1,ablation-filler-token,ablation-filler-token,32,deepseek-r1-distill-8b,0.5443464656521121
F5,F2,ablation-filler-token,ablation-filler-token,0,deepseek-r1-distill-8b,0.5
F5,F2,ablation-filler-token,ablation-filler-token,1,deepseek-r1-distill-8b,0.6021873646764941
F5,F2,ablation-filler-token,ablation-filler-token,2,deepseek-r1-distill-8b,0.533454654770724
F5,F2,ablation-filler-token,ablation-filler-token,3,deepseek-r1-distill-8b,0.5828153015320857
F5,F2,ablation-filler-token,ablation-filler-token,4,deepseek-r1-distill-8b,0.5880403545878471
F5,F2,ablation-filler-token,ablation-filler-token,5,deepseek-r1-distill-8b,0.5885968585263203
F5,F2,ablation-filler-token,ablation-filler-token,6,deepseek-r1-distill-8b,0.5914992681346918
F5,F2,ablation-filler-token,ablation-filler-token,7,deepseek-r1-distill-8b,0.5916799977095658
F5,F2,ablation-filler-token,ablation-filler-token,8,deepseek-r1-distill-8b,0.5907584558178819
F5,F2,ablation-filler-token,ablation-filler-token,9,deepseek-r1-distill-8b,0.5921291375441535
F5,F2,ablation-filler-token,ablation-filler-token,10,deepseek-r1-distill-8b,0.5918589378827083
F5,F2,ablation-filler-token,ablation-filler-token,11,deepseek-r1-distill-8b,0.591041181291447
F5,F2,ablation-filler-token,ablation-filler-token,12,deepseek-r1-distill-8b,0.5912129638576639
F5,F2,ablation-filler-token,ablation-filler-token,13,deepseek-r1-distill-8b,0.5930864674704659
F5,F2,ablation-filler-token,ablation-filler-token,14,deepseek-r1-distill-8b,0.5932367772159057
F5,F2,ablation-filler-token,ablation-filler-token,15,deepseek-r1-distill-8b,0.5938380161976644
F5,F2,ablation-filler-token,ablation-filler-token,16,deepseek-r1-distill-8b,0.5963431786216596
F5,F2,ablation-filler-token,ablation-filler-token,17,deepseek-r1-distill-8b,0.5947917673205141
F5,F2,ablation-filler-token,ablation-filler-token,18,deepseek-r1-distill-8b,0.5942155799629952
F5,F2,ablation-filler-token,ablation-filler-token,19,deepseek-r1-distill-8b,0.5954323731403643
F5,F2,ablation-filler-token,ablation-filler-token,20,deepseek-r1-distill-8b,0.5946110377456402
F5,F2,ablation-filler-token,ablation-filler-token,21,deepseek-r1-distill-8b,0.5918893577121426
F5,F2,ablation-filler-token,ablation-filler-token,22,deepseek-r1-distill-8b,0.5939686425240585
F5,F2,ablation-filler-token,ablation-filler-token,23,deepseek-r1-distill-8b,0.5925925925925926
F5,F2,ablation-filler-token,ablation-filler-token,24,deepseek-r1-distill-8b,0.5913346431754007
F5,F2,ablation-filler-token,ablation-filler-token,25,deepseek-r1-distill-8b,0.5914581118948691
F5,F2,ablation-filler-token,ablation-filler-token,26,deepseek-r1-distill-8b,0.5893501966552502
F5,F2,ablation-filler-token,ablation-filler-token,27,deepseek-r1-distill-8b,0.5943802049222863
F5,F2,ablation-filler-token,ablation-filler-token,28,deepseek-r1-distill-8b,0.598875182071626
F5,F2,ablation-filler-token,ablation-filler-token,29,deepseek-r1-distill-8b,0.5993386371200653
F5,F2,ablation-filler-token,ablation-filler-token,30,deepseek-r1-distill-8b,0.5925514363527699
F5,F2,ablation-filler-token,ablation-filler-token,31,deepseek-r1-distill-8b,0.5983956224076042
F5,F2,ablation-filler-token,ablation-filler-token,32,deepseek-r1-distill-8b,0.6152177880847317
F5,F3,ablation-filler-token,ablation-filler-token,0,deepseek-r1-distill-8b,0.5
F5,F3,ablation-filler-token,ablation-filler-token,1,deepseek-r1-distill-8b,0.4855162267542143
F5,F3,ablation-filler-token,ablation-filler-token,2,deepseek-r1-distill-8b,0.5010943456392863
F5,F3,ablation-filler-token,ablation-filler-token,3,deepseek-r1-distill-8b,0.4890547317766085
F5,F3,ablation-filler-token,ablation-filler-token,4,deepseek-r1-distill-8b,0.4915188212955312
F5,F3,ablation-filler-token,ablation-filler-token,5,deepseek-r1-distill-8b,0.4950627618095113
F5,F3,ablation-filler-token,ablation-filler-token,6,deepseek-r1-distill-8b,0.4965538983345654
F5,F3,ablation-filler-token,ablation-filler-token,7,deepseek-r1-distill-8b,0.4984454494064443
F5,F3,ablation-filler-token,ablation-filler-token,8,deepseek-r1-distill-8b,0.4998423707440101
F5,F3,ablation-filler-token,ablation-filler-token,9,deepseek-r1-distill-8b,0.4985885840182052
F5,F3,ablation-filler-token,ablation-filler-token,10,deepseek-r1-distill-8b,0.49935680016234
F5,F3,ablation-filler-token,ablation-filler-token,11,deepseek-r1-distill-8b,0.4979399486889594
F5,F3,ablation-filler-token,ablation-filler-token,12,deepseek-r1-distill-8b,0.499494499282515
F5,F3,ablation-filler-token,ablation-filler-token,13,deepseek-r1-distill-8b,0.4989273963270571
F5,F3,ablation-filler-token,ablation-filler-token,14,deepseek-r1-distill-8b,0.4997010479627777
F5,F3,ablation-filler-token,ablation-filler-token,15,deepseek-r1-distill-8b,0.5006160223797307
F5,F3,ablation-filler-token,ablation-filler-token,16,deepseek-r1-distill-8b,0.4989672565986868
F5,F3,ablation-filler-token,ablation-filler-token,17,deepseek-r1-distill-8b,0.496883651490774
F5,F3,ablation-filler-token,ablation-filler-token,18,deepseek-r1-distill-8b,0.4978221797045991
F5,F3,ablation-filler-token,ablation-filler-token,19,deepseek-r1-distill-8b,0.4983385514052558
F5,F3,ablation-filler-token,ablation-filler-token,20,deepseek-r1-distill-8b,0.498804191851111
F5,F3,ablation-filler-token,ablation-filler-token,21,deepseek-r1-distill-8b,0.4989310199881144
F5,F3,ablation-filler-token,ablation-filler-token,22,deepseek-r1-distill-8b,0.5005399254975287
F5,F3,ablation-filler-token,ablation-filler-token,23,deepseek-r1-distill-8b,0.5018571262918351
F5,F3,ablation-filler-token,ablation-filler-token,24,deepseek-r1-distill-8b,0.5029369772868925
F5,F3,ablation-filler-token,ablation-filler-token,25,deepseek-r1-distill-8b,0.5065099070893305
F5,F3,ablation-filler-token,ablation-filler-token,26,deepseek-r1-distill-8b,0.5097548955660883
F5,F3,ablation-filler-token,ablation-filler-token,27,deepseek-r1-distill-8b,0.5067164557695932
F5,F3,ablation-filler-token,ablation-filler-token,28,deepseek-r1-distill-8b,0.5092801959675899
F5,F3,ablation-filler-token,ablation-filler-token,29,deepseek-r1-distill-8b,0.510794886289516
F5,F3,ablation-filler-token,ablation-filler-token,30,deepseek-r1-distill-8b,0.5113837312113174
F5,F3,ablation-filler-token,ablation-filler-token,31,deepseek-r1-distill-8b,0.5158408343117218
F5,F3,ablation-filler-token,ablation-filler-token,32,deepseek-r1-distill-8b,0.5158770709222942
F5,F4,ablation-filler-token,ablation-filler-token,0,deepseek-r1-distill-8b,0.5
F5,F4,ablation-filler-token,ablation-filler-token,1,deepseek-r1-distill-8b,0.4934829104055415
F5,F4,ablation-filler-token,ablation-filler-token,2,deepseek-r1-distill-8b,0.5183438892798498
F5,F4,ablation-filler-token,ablation-filler-token,3,deepseek-r1-distill-8b,0.4796111548067503
F5,F4,ablation-filler-token,ablation-filler-token,4,deepseek-r1-distill-8b,0.4872749099639856
F5,F4,ablation-filler-token,ablation-filler-token,5,deepseek-r1-distill-8b,0.4911026479557339
F5,F4,ablation-filler-token,ablation-filler-token,6,deepseek-r1-distill-8b,0.4967711222420002
F5,F4,ablation-filler-token,ablation-filler-token,7,deepseek-r1-distill-8b,0.5003863614411281
F5,F4,ablation-filler-token,ablation-filler-token,8,deepseek-r1-distill-8b,0.5013550247685281
F5,F4,ablation-filler-token,ablation-filler-token,9,deepseek-r1-distill-8b,0.5016668736460101
F5,F4,ablation-filler-token,ablation-filler-token,10,deepseek-r1-distill-8b,0.502791461412151
F5,F4,ablation-filler-token,ablation-filler-token,11,deepseek-r1-distill-8b,0.5030674338700998
F5,F4,ablation-filler-token,ablation-filler-token,12,deepseek-r1-distill-8b,0.50279698086131
F5,F4,ablation-filler-token,ablation-filler-token,13,deepseek-r1-distill-8b,0.5023788825875177
F5,F4,ablation-filler-token,ablation-filler-token,14,deepseek-r1-distill-8b,0.5028576948020588
F5,F4,ablation-filler-token,ablation-filler-token,15,deepseek-r1-distill-8b,0.5024561548757435
F5,F4,ablation-filler-token,ablation-filler-token,16,deepseek-r1-distill-8b,0.502496170882146
F5,F4,ablation-filler-token,ablation-filler-token,17,deepseek-r1-distill-8b,0.5037891018476356
F5,F4,ablation-filler-token,ablation-filler-token,18,deepseek-r1-distill-8b,0.5036662941038484
F5,F4,ablation-filler-token,ablation-filler-token,19,deepseek-r1-distill-8b,0.5051103199900651
F5,F4,ablation-filler-token,ablation-filler-token,20,deepseek-r1-distill-8b,0.50892908887693
F5,F4,ablation-filler-token,ablation-filler-token,21,deepseek-r1-distill-8b,0.5103268893764402
F5,F4,ablation-filler-token,ablation-filler-token,22,deepseek-r1-distill-8b,0.512527769728581
F5,F4,ablation-filler-token,ablation-filler-token,23,deepseek-r1-distill-8b,0.5139007327068759
F5,F4,ablation-filler-token,ablation-filler-token,24,deepseek-r1-distill-8b,0.5146803549005808
F5,F4,ablation-filler-token,ablation-filler-token,25,deepseek-r1-distill-8b,0.5203833257440907
F5,F4,ablation-filler-token,ablation-filler-token,26,deepseek-r1-distill-8b,0.5210318610202702
F5,F4,ablation-filler-token,ablation-filler-token,27,deepseek-r1-distill-8b,0.5233210525589547
F5,F4,ablation-filler-token,ablation-filler-token,28,deepseek-r1-distill-8b,0.5231678878447931
F5,F4,ablation-filler-token,ablation-filler-token,29,deepseek-r1-distill-8b,0.5240040843923777
F5,F4,ablation-filler-token,ablation-filler-token,30,deepseek-r1-distill-8b,0.5298960963695823
F5,F4,ablation-filler-token,ablation-filler-token,31,deepseek-r1-distill-8b,0.5389852492721227
F5,F4,ablation-filler-token,ablation-filler-token,32,deepseek-r1-distill-8b,0.5484138482979399
A1,A2,ablation-instructions-and-template,ablation-instructions-and-template,0,deepseek-r1-distill-8b,0.5
A1,A2,ablation-instructions-and-template,ablation-instructions-and-template,1,deepseek-r1-distill-8b,0.5027119999999999
A1,A2,ablation-instructions-and-template,ablation-instructions-and-template,2,deepseek-r1-distill-8b,0.5037
A1,A2,ablation-instructions-and-template,ablation-instructions-and-template,3,deepseek-r1-distill-8b,0.505768
A1,A2,ablation-instructions-and-template,ablation-instructions-and-template,4,deepseek-r1-distill-8b,0.507952
A1,A2,ablation-instructions-and-template,ablation-instructions-and-template,5,deepseek-r1-distill-8b,0.510568
A1,A2,ablation-instructions-and-template,ablation-instructions-and-template,6,deepseek-r1-distill-8b,0.51042
A1,A2,ablation-instructions-and-template,ablation-instructions-and-template,7,deepseek-r1-distill-8b,0.5126040000000001
A1,A2,ablation-instructions-and-template,ablation-instructions-and-template,8,deepseek-r1-distill-8b,0.516096
A1,A2,ablation-instructions-and-template,ablation-instructions-and-template,9,deepseek-r1-distill-8b,0.516412
A1,A2,ablation-instructions-and-template,ablation-instructions-and-template,10,deepseek-r1-distill-8b,0.517272
A1,A2,ablation-instructions-and-template,ablation-instructions-and-template,11,deepseek-r1-distill-8b,0.52396
A1,A2,ablation-instructions-and-template,ablation-instructions-and-template,12,deepseek-r1-distill-8b,0.53078
A1,A2,ablation-instructions-and-template,ablation-instructions-and-template,13,deepseek-r1-distill-8b,0.5287000000000001
A1,A2,ablation-instructions-and-template,ablation-instructions-and-template,14,deepseek-r1-distill-8b,0.5282479999999999
A1,A2,ablation-instructions-and-template,ablation-instructions-and-template,15,deepseek-r1-distill-8b,0.5287120000000001
A1,A2,ablation-instructions-and-template,ablation-instructions-and-template,16,deepseek-r1-distill-8b,0.53074
A1,A2,ablation-instructions-and-template,ablation-instructions-and-template,17,deepseek-r1-distill-8b,0.529292
A1,A2,ablation-instructions-and-template,ablation-instructions-and-template,18,deepseek-r1-distill-8b,0.530048
A1,A2,ablation-instructions-and-template,ablation-instructions-and-template,19,deepseek-r1-distill-8b,0.534176
A1,A2,ablation-instructions-and-template,ablation-instructions-and-template,20,deepseek-r1-distill-8b,0.53456
A1,A2,ablation-instructions-and-template,ablation-instructions-and-template,21,deepseek-r1-distill-8b,0.537784
A1,A2,ablation-instructions-and-template,ablation-instructions-and-template,22,deepseek-r1-distill-8b,0.539912
A1,A2,ablation-instructions-and-template,ablation-instructions-and-template,23,deepseek-r1-distill-8b,0.542664
A1,A2,ablation-instructions-and-template,ablation-instructions-and-template,24,deepseek-r1-distill-8b,0.543992
A1,A2,ablation-instructions-and-template,ablation-instructions-and-template,25,deepseek-r1-distill-8b,0.5470079999999999
A1,A2,ablation-instructions-and-template,ablation-instructions-and-template,26,deepseek-r1-distill-8b,0.55054
A1,A2,ablation-instructions-and-template,ablation-instructions-and-template,27,deepseek-r1-distill-8b,0.55844
A1,A2,ablation-instructions-and-template,ablation-instructions-and-template,28,deepseek-r1-distill-8b,0.5678960000000001
A1,A2,ablation-instructions-and-template,ablation-instructions-and-template,29,deepseek-r1-distill-8b,0.5738160000000001
A1,A2,ablation-instructions-and-template,ablation-instructions-and-template,30,deepseek-r1-distill-8b,0.579668
A1,A2,ablation-instructions-and-template,ablation-instructions-and-template,31,deepseek-r1-distill-8b,0.58946
A1,A2,ablation-instructions-and-template,ablation-instructions-and-template,32,deepseek-r1-distill-8b,0.592512
A1,A3,ablation-instructions-and-template,ablation-instructions-and-template,0,deepseek-r1-distill-8b,0.5
A1,A3,ablation-instructions-and-template,ablation-instructions-and-template,1,deepseek-r1-distill-8b,0.503616
A1,A3,ablation-instructions-and-template,ablation-instructions-and-template,2,deepseek-r1-distill-8b,0.5045000000000001
A1,A3,ablation-instructions-and-template,ablation-instructions-and-template,3,deepseek-r1-distill-8b,0.505476
A1,A3,ablation-instructions-and-template,ablation-instructions-and-template,4,deepseek-r1-distill-8b,0.509188
A1,A3,ablation-instructions-and-template,ablation-instructions-and-template,5,deepseek-r1-distill-8b,0.5140279999999999
A1,A3,ablation-instructions-and-template,ablation-instructions-and-template,6,deepseek-r1-distill-8b,0.512784
A1,A3,ablation-instructions-and-template,ablation-instructions-and-template,7,deepseek-r1-distill-8b,0.512972
A1,A3,ablation-instructions-and-template,ablation-instructions-and-template,8,deepseek-r1-distill-8b,0.519236
A1,A3,ablation-instructions-and-template,ablation-instructions-and-template,9,deepseek-r1-distill-8b,0.52188
A1,A3,ablation-instructions-and-template,ablation-instructions-and-template,10,deepseek-r1-distill-8b,0.5233760000000001
A1,A3,ablation-instructions-and-template,ablation-instructions-and-template,11,deepseek-r1-distill-8b,0.528
A1,A3,ablation-instructions-and-template,ablation-instructions-and-template,12,deepseek-r1-distill-8b,0.5316960000000001
A1,A3,ablation-instructions-and-template,ablation-instructions-and-template,13,deepseek-r1-distill-8b,0.53
A1,A3,ablation-instructions-and-template,ablation-instructions-and-template,14,deepseek-r1-distill-8b,0.52966
A1,A3,ablation-instructions-and-template,ablation-instructions-and-template,15,deepseek-r1-distill-8b,0.528864
A1,A3,ablation-instructions-and-template,ablation-instructions-and-template,16,deepseek-r1-distill-8b,0.530484
A1,A3,ablation-instructions-and-template,ablation-instructions-and-template,17,deepseek-r1-distill-8b,0.531432
A1,A3,ablation-instructions-and-template,ablation-instructions-and-template,18,deepseek-r1-distill-8b,0.531748
A1,A3,ablation-instructions-and-template,ablation-instructions-and-template,19,deepseek-r1-distill-8b,0.533876
A1,A3,ablation-instructions-and-template,ablation-instructions-and-template,20,deepseek-r1-distill-8b,0.534712
A1,A3,ablation-instructions-and-template,ablation-instructions-and-template,21,deepseek-r1-distill-8b,0.535964
A1,A3,ablation-instructions-and-template,ablation-instructions-and-template,22,deepseek-r1-distill-8b,0.537972
A1,A3,ablation-instructions-and-template,ablation-instructions-and-template,23,deepseek-r1-distill-8b,0.540524
A1,A3,ablation-instructions-and-template,ablation-instructions-and-template,24,deepseek-r1-distill-8b,0.5424359999999999
A1,A3,ablation-instructions-and-template,ablation-instructions-and-template,25,deepseek-r1-distill-8b,0.5436840000000001
A1,A3,ablation-instructions-and-template,ablation-instructions-and-template,26,deepseek-r1-distill-8b,0.54626
A1,A3,ablation-instructions-and-template,ablation-instructions-and-template,27,deepseek-r1-distill-8b,0.55248
A1,A3,ablation-instructions-and-template,ablation-instructions-and-template,28,deepseek-r1-distill-8b,0.558472
A1,A3,ablation-instructions-and-template,ablation-instructions-and-template,29,deepseek-r1-distill-8b,0.574096
A1,A3,ablation-instructions-and-template,ablation-instructions-and-template,30,deepseek-r1-distill-8b,0.577692
A1,A3,ablation-instructions-and-template,ablation-instructions-and-template,31,deepseek-r1-distill-8b,0.57926
A1,A3,ablation-instructions-and-template,ablation-instructions-and-template,32,deepseek-r1-distill-8b,0.5782
A1,F0,ablation-instructions-and-template,ablation-instructions-and-template,0,deepseek-r1-distill-8b,0.5
A1,F0,ablation-instructions-and-template,ablation-instructions-and-template,1,deepseek-r1-distill-8b,0.509184190959705
A1,F0,ablation-instructions-and-template,ablation-instructions-and-template,2,deepseek-r1-distill-8b,0.5040234521563093
A1,F0,ablation-instructions-and-template,ablation-instructions-and-template,3,deepseek-r1-distill-8b,0.5013558106070706
A1,F0,ablation-instructions-and-template,ablation-instructions-and-template,4,deepseek-r1-distill-8b,0.5270303143583985
A1,F0,ablation-instructions-and-template,ablation-instructions-and-template,5,deepseek-r1-distill-8b,0.5302985532064611
A1,F0,ablation-instructions-and-template,ablation-instructions-and-template,6,deepseek-r1-distill-8b,0.5160353981327884
A1,F0,ablation-instructions-and-template,ablation-instructions-and-template,7,deepseek-r1-distill-8b,0.5162841581123928
A1,F0,ablation-instructions-and-template,ablation-instructions-and-template,8,deepseek-r1-distill-8b,0.5569406095856428
A1,F0,ablation-instructions-and-template,ablation-instructions-and-template,9,deepseek-r1-distill-8b,0.5973304343404218
A1,F0,ablation-instructions-and-template,ablation-instructions-and-template,10,deepseek-r1-distill-8b,0.6452957563746463
A1,F0,ablation-instructions-and-template,ablation-instructions-and-template,11,deepseek-r1-distill-8b,0.6229472147815653
A1,F0,ablation-instructions-and-template,ablation-instructions-and-template,12,deepseek-r1-distill-8b,0.6136894953196016
A1,F0,ablation-instructions-and-template,ablation-instructions-and-template,13,deepseek-r1-distill-8b,0.5980478526241428
A1,F0,ablation-instructions-and-template,ablation-instructions-and-template,14,deepseek-r1-distill-8b,0.6325306586367129
A1,F0,ablation-instructions-and-template,ablation-instructions-and-template,15,deepseek-r1-distill-8b,0.6339668695686832
A1,F0,ablation-instructions-and-template,ablation-instructions-and-template,16,deepseek-r1-distill-8b,0.6454744237633125
A1,F0,ablation-instructions-and-template,ablation-instructions-and-template,17,deepseek-r1-distill-8b,0.6447666260312888
A1,F0,ablation-instructions-and-template,ablation-instructions-and-template,18,deepseek-r1-distill-8b,0.6208636781568122
A1,F0,ablation-instructions-and-template,ablation-instructions-and-template,19,deepseek-r1-distill-8b,0.6898677723887418
A1,F0,ablation-instructions-and-template,ablation-instructions-and-template,20,deepseek-r1-distill-8b,0.6753696009807465
A1,F0,ablation-instructions-and-template,ablation-instructions-and-template,21,deepseek-r1-distill-8b,0.6799599785049388
A1,F0,ablation-instructions-and-template,ablation-instructions-and-template,22,deepseek-r1-distill-8b,0.680720002089034
A1,F0,ablation-instructions-and-template,ablation-instructions-and-template,23,deepseek-r1-distill-8b,0.6838219428291843
A1,F0,ablation-instructions-and-template,ablation-instructions-and-template,24,deepseek-r1-distill-8b,0.6721934445560734
A1,F0,ablation-instructions-and-template,ablation-instructions-and-template,25,deepseek-r1-distill-8b,0.6984039504733999
A1,F0,ablation-instructions-and-template,ablation-instructions-and-template,26,deepseek-r1-distill-8b,0.7173371962139006
A1,F0,ablation-instructions-and-template,ablation-instructions-and-template,27,deepseek-r1-distill-8b,0.7175089917799258
A1,F0,ablation-instructions-and-template,ablation-instructions-and-template,28,deepseek-r1-distill-8b,0.722727453893506
A1,F0,ablation-instructions-and-template,ablation-instructions-and-template,29,deepseek-r1-distill-8b,0.7582094229180782
A1,F0,ablation-instructions-and-template,ablation-instructions-and-template,30,deepseek-r1-distill-8b,0.7734332587969637
A1,F0,ablation-instructions-and-template,ablation-instructions-and-template,31,deepseek-r1-distill-8b,0.7476433084252668
A1,F0,ablation-instructions-and-template,ablation-instructions-and-template,32,deepseek-r1-distill-8b,0.7242557472488658
A1,F1,ablation-instructions-and-template,ablation-instructions-and-template,0,deepseek-r1-distill-8b,0.5
A1,F1,ablation-instructions-and-template,ablation-instructions-and-template,1,deepseek-r1-distill-8b,0.4977797141046908
A1,F1,ablation-instructions-and-template,ablation-instructions-and-template,2,deepseek-r1-distill-8b,0.4965496578519507
A1,F1,ablation-instructions-and-template,ablation-instructions-and-template,3,deepseek-r1-distill-8b,0.4959147014399216
A1,F1,ablation-instructions-and-template,ablation-instructions-and-template,4,deepseek-r1-distill-8b,0.4781372962676382
A1,F1,ablation-instructions-and-template,ablation-instructions-and-template,5,deepseek-r1-distill-8b,0.4774130061612762
A1,F1,ablation-instructions-and-template,ablation-instructions-and-template,6,deepseek-r1-distill-8b,0.48930675678833
A1,F1,ablation-instructions-and-template,ablation-instructions-and-template,7,deepseek-r1-distill-8b,0.4746890156663812
A1,F1,ablation-instructions-and-template,ablation-instructions-and-template,8,deepseek-r1-distill-8b,0.4601949673519706
A1,F1,ablation-instructions-and-template,ablation-instructions-and-template,9,deepseek-r1-distill-8b,0.4474752236434678
A1,F1,ablation-instructions-and-template,ablation-instructions-and-template,10,deepseek-r1-distill-8b,0.4687668789143619
A1,F1,ablation-instructions-and-template,ablation-instructions-and-template,11,deepseek-r1-distill-8b,0.5489418080315114
A1,F1,ablation-instructions-and-template,ablation-instructions-and-template,12,deepseek-r1-distill-8b,0.5094034021019531
A1,F1,ablation-instructions-and-template,ablation-instructions-and-template,13,deepseek-r1-distill-8b,0.5355087691328722
A1,F1,ablation-instructions-and-template,ablation-instructions-and-template,14,deepseek-r1-distill-8b,0.5552831259646321
A1,F1,ablation-instructions-and-template,ablation-instructions-and-template,15,deepseek-r1-distill-8b,0.5709288917536754
A1,F1,ablation-instructions-and-template,ablation-instructions-and-template,16,deepseek-r1-distill-8b,0.590433873137908
A1,F1,ablation-instructions-and-template,ablation-instructions-and-template,17,deepseek-r1-distill-8b,0.5748760666786694
A1,F1,ablation-instructions-and-template,ablation-instructions-and-template,18,deepseek-r1-distill-8b,0.5849254201088772
A1,F1,ablation-instructions-and-template,ablation-instructions-and-template,19,deepseek-r1-distill-8b,0.6886349674069453
A1,F1,ablation-instructions-and-template,ablation-instructions-and-template,20,deepseek-r1-distill-8b,0.6956401034071871
A1,F1,ablation-instructions-and-template,ablation-instructions-and-template,21,deepseek-r1-distill-8b,0.6863177888123979
A1,F1,ablation-instructions-and-template,ablation-instructions-and-template,22,deepseek-r1-distill-8b,0.6769226328976139
A1,F1,ablation-instructions-and-template,ablation-instructions-and-template,23,deepseek-r1-distill-8b,0.702474818205932
A1,F1,ablation-instructions-and-template,ablation-instructions-and-template,24,deepseek-r1-distill-8b,0.6922096895447967
A1,F1,ablation-instructions-and-template,ablation-instructions-and-template,25,deepseek-r1-distill-8b,0.7086086070952943
A1,F1,ablation-instructions-and-template,ablation-instructions-and-template,26,deepseek-r1-distill-8b,0.7253373721325602
A1,F1,ablation-instructions-and-template,ablation-instructions-and-template,27,deepseek-r1-distill-8b,0.7545357465341962
A1,F1,ablation-instructions-and-template,ablation-instructions-and-template,28,deepseek-r1-distill-8b,0.7714899073540871
A1,F1,ablation-instructions-and-template,ablation-instructions-and-template,29,deepseek-r1-distill-8b,0.8182471629680228
A1,F1,ablation-instructions-and-template,ablation-instructions-and-template,30,deepseek-r1-distill-8b,0.8350281538573603
A1,F1,ablation-instructions-and-template,ablation-instructions-and-template,31,deepseek-r1-distill-8b,0.7830015846423011
A1,F1,ablation-instructions-and-template,ablation-instructions-and-template,32,deepseek-r1-distill-8b,0.7645081355508246
A1,F2,ablation-instructions-and-template,ablation-instructions-and-template,0,deepseek-r1-distill-8b,0.5
A1,F2,ablation-instructions-and-template,ablation-instructions-and-template,1,deepseek-r1-distill-8b,0.462956065689127
A1,F2,ablation-instructions-and-template,ablation-instructions-and-template,2,deepseek-r1-distill-8b,0.4896847070335853
A1,F2,ablation-instructions-and-template,ablation-instructions-and-template,3,deepseek-r1-distill-8b,0.5137786915774818
A1,F2,ablation-instructions-and-template,ablation-instructions-and-template,4,deepseek-r1-distill-8b,0.5231202472756659
A1,F2,ablation-instructions-and-template,ablation-instructions-and-template,5,deepseek-r1-distill-8b,0.5228357538183281
A1,F2,ablation-instructions-and-template,ablation-instructions-and-template,6,deepseek-r1-distill-8b,0.5164064765554027
A1,F2,ablation-instructions-and-template,ablation-instructions-and-template,7,deepseek-r1-distill-8b,0.5199770755996697
A1,F2,ablation-instructions-and-template,ablation-instructions-and-template,8,deepseek-r1-distill-8b,0.5280363491930419
A1,F2,ablation-instructions-and-template,ablation-instructions-and-template,9,deepseek-r1-distill-8b,0.5708024502170809
A1,F2,ablation-instructions-and-template,ablation-instructions-and-template,10,deepseek-r1-distill-8b,0.5980588475403685
A1,F2,ablation-instructions-and-template,ablation-instructions-and-template,11,deepseek-r1-distill-8b,0.6569407470220957
A1,F2,ablation-instructions-and-template,ablation-instructions-and-template,12,deepseek-r1-distill-8b,0.7162445764139806
A1,F2,ablation-instructions-and-template,ablation-instructions-and-template,13,deepseek-r1-distill-8b,0.7059079807973789
A1,F2,ablation-instructions-and-template,ablation-instructions-and-template,14,deepseek-r1-distill-8b,0.7541014473432845
A1,F2,ablation-instructions-and-template,ablation-instructions-and-template,15,deepseek-r1-distill-8b,0.7504208991367616
A1,F2,ablation-instructions-and-template,ablation-instructions-and-template,16,deepseek-r1-distill-8b,0.8060503649625005
A1,F2,ablation-instructions-and-template,ablation-instructions-and-template,17,deepseek-r1-distill-8b,0.7819240828521913
A1,F2,ablation-instructions-and-template,ablation-instructions-and-template,18,deepseek-r1-distill-8b,0.789844545628215
A1,F2,ablation-instructions-and-template,ablation-instructions-and-template,19,deepseek-r1-distill-8b,0.85537562069738
A1,F2,ablation-instructions-and-template,ablation-instructions-and-template,20,deepseek-r1-distill-8b,0.8494273710193249
A1,F2,ablation-instructions-and-template,ablation-instructions-and-template,21,deepseek-r1-distill-8b,0.8500265939536207
A1,F2,ablation-instructions-and-template,ablation-instructions-and-template,22,deepseek-r1-distill-8b,0.8533072020824373
A1,F2,ablation-instructions-and-template,ablation-instructions-and-template,23,deepseek-r1-distill-8b,0.8446363362740152
A1,F2,ablation-instructions-and-template,ablation-instructions-and-template,24,deepseek-r1-distill-8b,0.8433664234499573
A1,F2,ablation-instructions-and-template,ablation-instructions-and-template,25,deepseek-r1-distill-8b,0.861418701527881
A1,F2,ablation-instructions-and-template,ablation-instructions-and-template,26,deepseek-r1-distill-8b,0.8865310901871749
A1,F2,ablation-instructions-and-template,ablation-instructions-and-template,27,deepseek-r1-distill-8b,0.903453640622917
A1,F2,ablation-instructions-and-template,ablation-instructions-and-template,28,deepseek-r1-distill-8b,0.9198264452473788
A1,F2,ablation-instructions-and-template,ablation-instructions-and-template,29,deepseek-r1-distill-8b,0.9342490266063228
A1,F2,ablation-instructions-and-template,ablation-instructions-and-template,30,deepseek-r1-distill-8b,0.928083627332812
A1,F2,ablation-instructions-and-template,ablation-instructions-and-template,31,deepseek-r1-distill-8b,0.9173883225743495
A1,F2,ablation-instructions-and-template,ablation-instructions-and-template,32,deepseek-r1-distill-8b,0.8873172266973057
A1,F3,ablation-instructions-and-template,ablation-instructions-and-template,0,deepseek-r1-distill-8b,0.5
A1,F3,ablation-instructions-and-template,ablation-instructions-and-template,1,deepseek-r1-distill-8b,0.4976788600412223
A1,F3,ablation-instructions-and-template,ablation-instructions-and-template,2,deepseek-r1-distill-8b,0.506217929641353
A1,F3,ablation-instructions-and-template,ablation-instructions-and-template,3,deepseek-r1-distill-8b,0.515407299191083
A1,F3,ablation-instructions-and-template,ablation-instructions-and-template,4,deepseek-r1-distill-8b,0.4961357754150546
A1,F3,ablation-instructions-and-template,ablation-instructions-and-template,5,deepseek-r1-distill-8b,0.4893391890388887
A1,F3,ablation-instructions-and-template,ablation-instructions-and-template,6,deepseek-r1-distill-8b,0.4991117243369496
A1,F3,ablation-instructions-and-template,ablation-instructions-and-template,7,deepseek-r1-distill-8b,0.501817132447763
A1,F3,ablation-instructions-and-template,ablation-instructions-and-template,8,deepseek-r1-distill-8b,0.5039313587862135
A1,F3,ablation-instructions-and-template,ablation-instructions-and-template,9,deepseek-r1-distill-8b,0.5151317483649815
A1,F3,ablation-instructions-and-template,ablation-instructions-and-template,10,deepseek-r1-distill-8b,0.5208060913766619
A1,F3,ablation-instructions-and-template,ablation-instructions-and-template,11,deepseek-r1-distill-8b,0.524620716812909
A1,F3,ablation-instructions-and-template,ablation-instructions-and-template,12,deepseek-r1-distill-8b,0.523216910604298
A1,F3,ablation-instructions-and-template,ablation-instructions-and-template,13,deepseek-r1-distill-8b,0.5125706286867449
A1,F3,ablation-instructions-and-template,ablation-instructions-and-template,14,deepseek-r1-distill-8b,0.5032620207795383
A1,F3,ablation-instructions-and-template,ablation-instructions-and-template,15,deepseek-r1-distill-8b,0.4936898860822785
A1,F3,ablation-instructions-and-template,ablation-instructions-and-template,16,deepseek-r1-distill-8b,0.4882740598456313
A1,F3,ablation-instructions-and-template,ablation-instructions-and-template,17,deepseek-r1-distill-8b,0.4926908890872855
A1,F3,ablation-instructions-and-template,ablation-instructions-and-template,18,deepseek-r1-distill-8b,0.4959063167271376
A1,F3,ablation-instructions-and-template,ablation-instructions-and-template,19,deepseek-r1-distill-8b,0.4983662341019698
A1,F3,ablation-instructions-and-template,ablation-instructions-and-template,20,deepseek-r1-distill-8b,0.4985516046577108
A1,F3,ablation-instructions-and-template,ablation-instructions-and-template,21,deepseek-r1-distill-8b,0.5028622215809403
A1,F3,ablation-instructions-and-template,ablation-instructions-and-template,22,deepseek-r1-distill-8b,0.506608710812915
A1,F3,ablation-instructions-and-template,ablation-instructions-and-template,23,deepseek-r1-distill-8b,0.5135525916306697
A1,F3,ablation-instructions-and-template,ablation-instructions-and-template,24,deepseek-r1-distill-8b,0.5172459747034321
A1,F3,ablation-instructions-and-template,ablation-instructions-and-template,25,deepseek-r1-distill-8b,0.5250300350400451
A1,F3,ablation-instructions-and-template,ablation-instructions-and-template,26,deepseek-r1-distill-8b,0.5237589942294647
A1,F3,ablation-instructions-and-template,ablation-instructions-and-template,27,deepseek-r1-distill-8b,0.5256798339881423
A1,F3,ablation-instructions-and-template,ablation-instructions-and-template,28,deepseek-r1-distill-8b,0.5235856477097718
A1,F3,ablation-instructions-and-template,ablation-instructions-and-template,29,deepseek-r1-distill-8b,0.5109283457631806
A1,F3,ablation-instructions-and-template,ablation-instructions-and-template,30,deepseek-r1-distill-8b,0.5155776397017638
A1,F3,ablation-instructions-and-template,ablation-instructions-and-template,31,deepseek-r1-distill-8b,0.5156417678940202
A1,F3,ablation-instructions-and-template,ablation-instructions-and-template,32,deepseek-r1-distill-8b,0.5167910653396138
A1,F4,ablation-instructions-and-template,ablation-instructions-and-template,0,deepseek-r1-distill-8b,0.5
A1,F4,ablation-instructions-and-template,ablation-instructions-and-template,1,deepseek-r1-distill-8b,0.5228272527862454
A1,F4,ablation-instructions-and-template,ablation-instructions-and-template,2,deepseek-r1-distill-8b,0.5164412670763374
A1,F4,ablation-instructions-and-template,ablation-instructions-and-template,3,deepseek-r1-distill-8b,0.520853494298479
A1,F4,ablation-instructions-and-template,ablation-instructions-and-template,4,deepseek-r1-distill-8b,0.5270660957081337
A1,F4,ablation-instructions-and-template,ablation-instructions-and-template,5,deepseek-r1-distill-8b,0.4917123312527217
A1,F4,ablation-instructions-and-template,ablation-instructions-and-template,6,deepseek-r1-distill-8b,0.4986522394800083
A1,F4,ablation-instructions-and-template,ablation-instructions-and-template,7,deepseek-r1-distill-8b,0.506932347865357
A1,F4,ablation-instructions-and-template,ablation-instructions-and-template,8,deepseek-r1-distill-8b,0.5261820373864938
A1,F4,ablation-instructions-and-template,ablation-instructions-and-template,9,deepseek-r1-distill-8b,0.5476252399154852
A1,F4,ablation-instructions-and-template,ablation-instructions-and-template,10,deepseek-r1-distill-8b,0.5656894646860535
A1,F4,ablation-instructions-and-template,ablation-instructions-and-template,11,deepseek-r1-distill-8b,0.5773838325188303
A1,F4,ablation-instructions-and-template,ablation-instructions-and-template,12,deepseek-r1-distill-8b,0.5804533394622667
A1,F4,ablation-instructions-and-template,ablation-instructions-and-template,13,deepseek-r1-distill-8b,0.5684686537313914
A1,F4,ablation-instructions-and-template,ablation-instructions-and-template,14,deepseek-r1-distill-8b,0.5566754971694006
A1,F4,ablation-instructions-and-template,ablation-instructions-and-template,15,deepseek-r1-distill-8b,0.5376354816857792
A1,F4,ablation-instructions-and-template,ablation-instructions-and-template,16,deepseek-r1-distill-8b,0.5224845163787681
A1,F4,ablation-instructions-and-template,ablation-instructions-and-template,17,deepseek-r1-distill-8b,0.5210147820196449
A1,F4,ablation-instructions-and-template,ablation-instructions-and-template,18,deepseek-r1-distill-8b,0.527637659070015
A1,F4,ablation-instructions-and-template,ablation-instructions-and-template,19,deepseek-r1-distill-8b,0.5249300414509444
A1,F4,ablation-instructions-and-template,ablation-instructions-and-template,20,deepseek-r1-distill-8b,0.5267324317349721
A1,F4,ablation-instructions-and-template,ablation-instructions-and-template,21,deepseek-r1-distill-8b,0.5302051579813228
A1,F4,ablation-instructions-and-template,ablation-instructions-and-template,22,deepseek-r1-distill-8b,0.5274572184319607
A1,F4,ablation-instructions-and-template,ablation-instructions-and-template,23,deepseek-r1-distill-8b,0.5260661118369059
A1,F4,ablation-instructions-and-template,ablation-instructions-and-template,24,deepseek-r1-distill-8b,0.5273584297027467
A1,F4,ablation-instructions-and-template,ablation-instructions-and-template,25,deepseek-r1-distill-8b,0.5430476927791488
A1,F4,ablation-instructions-and-template,ablation-instructions-and-template,26,deepseek-r1-distill-8b,0.5484901453202368
A1,F4,ablation-instructions-and-template,ablation-instructions-and-template,27,deepseek-r1-distill-8b,0.5482250286285706
A1,F4,ablation-instructions-and-template,ablation-instructions-and-template,28,deepseek-r1-distill-8b,0.5399791938839696
A1,F4,ablation-instructions-and-template,ablation-instructions-and-template,29,deepseek-r1-distill-8b,0.5427447742778342
A1,F4,ablation-instructions-and-template,ablation-instructions-and-template,30,deepseek-r1-distill-8b,0.5463419944839599
A1,F4,ablation-instructions-and-template,ablation-instructions-and-template,31,deepseek-r1-distill-8b,0.5492945678295511
A1,F4,ablation-instructions-and-template,ablation-instructions-and-template,32,deepseek-r1-distill-8b,0.5524205254753956
A1,F5,ablation-instructions-and-template,ablation-instructions-and-template,0,deepseek-r1-distill-8b,0.5
A1,F5,ablation-instructions-and-template,ablation-instructions-and-template,1,deepseek-r1-distill-8b,0.5384615384615384
A1,F5,ablation-instructions-and-template,ablation-instructions-and-template,2,deepseek-r1-distill-8b,0.5353615859955089
A1,F5,ablation-instructions-and-template,ablation-instructions-and-template,3,deepseek-r1-distill-8b,0.5220387565768985
A1,F5,ablation-instructions-and-template,ablation-instructions-and-template,4,deepseek-r1-distill-8b,0.511141798751004
A1,F5,ablation-instructions-and-template,ablation-instructions-and-template,5,deepseek-r1-distill-8b,0.5030979035879952
A1,F5,ablation-instructions-and-template,ablation-instructions-and-template,6,deepseek-r1-distill-8b,0.4949433690111295
A1,F5,ablation-instructions-and-template,ablation-instructions-and-template,7,deepseek-r1-distill-8b,0.4976120326509204
A1,F5,ablation-instructions-and-template,ablation-instructions-and-template,8,deepseek-r1-distill-8b,0.5140214968283368
A1,F5,ablation-instructions-and-template,ablation-instructions-and-template,9,deepseek-r1-distill-8b,0.5332071907423495
A1,F5,ablation-instructions-and-template,ablation-instructions-and-template,10,deepseek-r1-distill-8b,0.548487723122818
A1,F5,ablation-instructions-and-template,ablation-instructions-and-template,11,deepseek-r1-distill-8b,0.5691660246848825
A1,F5,ablation-instructions-and-template,ablation-instructions-and-template,12,deepseek-r1-distill-8b,0.5793043854185448
A1,F5,ablation-instructions-and-template,ablation-instructions-and-template,13,deepseek-r1-distill-8b,0.5768861971184579
A1,F5,ablation-instructions-and-template,ablation-instructions-and-template,14,deepseek-r1-distill-8b,0.5826496910291924
A1,F5,ablation-instructions-and-template,ablation-instructions-and-template,15,deepseek-r1-distill-8b,0.574654968939009
A1,F5,ablation-instructions-and-template,ablation-instructions-and-template,16,deepseek-r1-distill-8b,0.5685472635184973
A1,F5,ablation-instructions-and-template,ablation-instructions-and-template,17,deepseek-r1-distill-8b,0.5622869166844237
A1,F5,ablation-instructions-and-template,ablation-instructions-and-template,18,deepseek-r1-distill-8b,0.5653100362241636
A1,F5,ablation-instructions-and-template,ablation-instructions-and-template,19,deepseek-r1-distill-8b,0.5661746627546755
A1,F5,ablation-instructions-and-template,ablation-instructions-and-template,20,deepseek-r1-distill-8b,0.5665813650445016
A1,F5,ablation-instructions-and-template,ablation-instructions-and-template,21,deepseek-r1-distill-8b,0.5699364028258126
A1,F5,ablation-instructions-and-template,ablation-instructions-and-template,22,deepseek-r1-distill-8b,0.5638635283318855
A1,F5,ablation-instructions-and-template,ablation-instructions-and-template,23,deepseek-r1-distill-8b,0.5590097362684194
A1,F5,ablation-instructions-and-template,ablation-instructions-and-template,24,deepseek-r1-distill-8b,0.5597975298726416
A1,F5,ablation-instructions-and-template,ablation-instructions-and-template,25,deepseek-r1-distill-8b,0.5734235932403415
A1,F5,ablation-instructions-and-template,ablation-instructions-and-template,26,deepseek-r1-distill-8b,0.5817584290842335
A1,F5,ablation-instructions-and-template,ablation-instructions-and-template,27,deepseek-r1-distill-8b,0.5821948401055582
A1,F5,ablation-instructions-and-template,ablation-instructions-and-template,28,deepseek-r1-distill-8b,0.5716871691061974
A1,F5,ablation-instructions-and-template,ablation-instructions-and-template,29,deepseek-r1-distill-8b,0.5676058040616958
A1,F5,ablation-instructions-and-template,ablation-instructions-and-template,30,deepseek-r1-distill-8b,0.5716502893015785
A1,F5,ablation-instructions-and-template,ablation-instructions-and-template,31,deepseek-r1-distill-8b,0.5687787867363832
A1,F5,ablation-instructions-and-template,ablation-instructions-and-template,32,deepseek-r1-distill-8b,0.5669378698224852
A2,A1,ablation-instructions-and-template,ablation-instructions-and-template,0,deepseek-r1-distill-8b,0.5
A2,A1,ablation-instructions-and-template,ablation-instructions-and-template,1,deepseek-r1-distill-8b,0.5123759999999999
A2,A1,ablation-instructions-and-template,ablation-instructions-and-template,2,deepseek-r1-distill-8b,0.506584
A2,A1,ablation-instructions-and-template,ablation-instructions-and-template,3,deepseek-r1-distill-8b,0.5088320000000001
A2,A1,ablation-instructions-and-template,ablation-instructions-and-template,4,deepseek-r1-distill-8b,0.5240239999999999
A2,A1,ablation-instructions-and-template,ablation-instructions-and-template,5,deepseek-r1-distill-8b,0.5390119999999999
A2,A1,ablation-instructions-and-template,ablation-instructions-and-template,6,deepseek-r1-distill-8b,0.53452
A2,A1,ablation-instructions-and-template,ablation-instructions-and-template,7,deepseek-r1-distill-8b,0.538276
A2,A1,ablation-instructions-and-template,ablation-instructions-and-template,8,deepseek-r1-distill-8b,0.545852
A2,A1,ablation-instructions-and-template,ablation-instructions-and-template,9,deepseek-r1-distill-8b,0.55594
A2,A1,ablation-instructions-and-template,ablation-instructions-and-template,10,deepseek-r1-distill-8b,0.559644
A2,A1,ablation-instructions-and-template,ablation-instructions-and-template,11,deepseek-r1-distill-8b,0.5688119999999999
A2,A1,ablation-instructions-and-template,ablation-instructions-and-template,12,deepseek-r1-distill-8b,0.577844
A2,A1,ablation-instructions-and-template,ablation-instructions-and-template,13,deepseek-r1-distill-8b,0.579712
A2,A1,ablation-instructions-and-template,ablation-instructions-and-template,14,deepseek-r1-distill-8b,0.5808719999999999
A2,A1,ablation-instructions-and-template,ablation-instructions-and-template,15,deepseek-r1-distill-8b,0.574084
A2,A1,ablation-instructions-and-template,ablation-instructions-and-template,16,deepseek-r1-distill-8b,0.56846
A2,A1,ablation-instructions-and-template,ablation-instructions-and-template,17,deepseek-r1-distill-8b,0.569492
A2,A1,ablation-instructions-and-template,ablation-instructions-and-template,18,deepseek-r1-distill-8b,0.5650759999999999
A2,A1,ablation-instructions-and-template,ablation-instructions-and-template,19,deepseek-r1-distill-8b,0.5689
A2,A1,ablation-instructions-and-template,ablation-instructions-and-template,20,deepseek-r1-distill-8b,0.572012
A2,A1,ablation-instructions-and-template,ablation-instructions-and-template,21,deepseek-r1-distill-8b,0.576636
A2,A1,ablation-instructions-and-template,ablation-instructions-and-template,22,deepseek-r1-distill-8b,0.580576
A2,A1,ablation-instructions-and-template,ablation-instructions-and-template,23,deepseek-r1-distill-8b,0.589836
A2,A1,ablation-instructions-and-template,ablation-instructions-and-template,24,deepseek-r1-distill-8b,0.595424
A2,A1,ablation-instructions-and-template,ablation-instructions-and-template,25,deepseek-r1-distill-8b,0.598536
A2,A1,ablation-instructions-and-template,ablation-instructions-and-template,26,deepseek-r1-distill-8b,0.5985159999999999
A2,A1,ablation-instructions-and-template,ablation-instructions-and-template,27,deepseek-r1-distill-8b,0.599444
A2,A1,ablation-instructions-and-template,ablation-instructions-and-template,28,deepseek-r1-distill-8b,0.5992999999999999
A2,A1,ablation-instructions-and-template,ablation-instructions-and-template,29,deepseek-r1-distill-8b,0.5700480000000001
A2,A1,ablation-instructions-and-template,ablation-instructions-and-template,30,deepseek-r1-distill-8b,0.572336
A2,A1,ablation-instructions-and-template,ablation-instructions-and-template,31,deepseek-r1-distill-8b,0.5695159999999999
A2,A1,ablation-instructions-and-template,ablation-instructions-and-template,32,deepseek-r1-distill-8b,0.569552
A2,A3,ablation-instructions-and-template,ablation-instructions-and-template,0,deepseek-r1-distill-8b,0.5
A2,A3,ablation-instructions-and-template,ablation-instructions-and-template,1,deepseek-r1-distill-8b,0.5034919999999999
A2,A3,ablation-instructions-and-template,ablation-instructions-and-template,2,deepseek-r1-distill-8b,0.50288
A2,A3,ablation-instructions-and-template,ablation-instructions-and-template,3,deepseek-r1-distill-8b,0.506936
A2,A3,ablation-instructions-and-template,ablation-instructions-and-template,4,deepseek-r1-distill-8b,0.525152
A2,A3,ablation-instructions-and-template,ablation-instructions-and-template,5,deepseek-r1-distill-8b,0.5325519999999999
A2,A3,ablation-instructions-and-template,ablation-instructions-and-template,6,deepseek-r1-distill-8b,0.5282720000000001
A2,A3,ablation-instructions-and-template,ablation-instructions-and-template,7,deepseek-r1-distill-8b,0.530968
A2,A3,ablation-instructions-and-template,ablation-instructions-and-template,8,deepseek-r1-distill-8b,0.55274
A2,A3,ablation-instructions-and-template,ablation-instructions-and-template,9,deepseek-r1-distill-8b,0.560748
A2,A3,ablation-instructions-and-template,ablation-instructions-and-template,10,deepseek-r1-distill-8b,0.5626960000000001
A2,A3,ablation-instructions-and-template,ablation-instructions-and-template,11,deepseek-r1-distill-8b,0.56796
A2,A3,ablation-instructions-and-template,ablation-instructions-and-template,12,deepseek-r1-distill-8b,0.57584
A2,A3,ablation-instructions-and-template,ablation-instructions-and-template,13,deepseek-r1-distill-8b,0.5729879999999999
A2,A3,ablation-instructions-and-template,ablation-instructions-and-template,14,deepseek-r1-distill-8b,0.5629919999999999
A2,A3,ablation-instructions-and-template,ablation-instructions-and-template,15,deepseek-r1-distill-8b,0.5513279999999999
A2,A3,ablation-instructions-and-template,ablation-instructions-and-template,16,deepseek-r1-distill-8b,0.5450839999999999
A2,A3,ablation-instructions-and-template,ablation-instructions-and-template,17,deepseek-r1-distill-8b,0.5445720000000001
A2,A3,ablation-instructions-and-template,ablation-instructions-and-template,18,deepseek-r1-distill-8b,0.545404
A2,A3,ablation-instructions-and-template,ablation-instructions-and-template,19,deepseek-r1-distill-8b,0.5461320000000001
A2,A3,ablation-instructions-and-template,ablation-instructions-and-template,20,deepseek-r1-distill-8b,0.547404
A2,A3,ablation-instructions-and-template,ablation-instructions-and-template,21,deepseek-r1-distill-8b,0.547372
A2,A3,ablation-instructions-and-template,ablation-instructions-and-template,22,deepseek-r1-distill-8b,0.549
A2,A3,ablation-instructions-and-template,ablation-instructions-and-template,23,deepseek-r1-distill-8b,0.55294
A2,A3,ablation-instructions-and-template,ablation-instructions-and-template,24,deepseek-r1-distill-8b,0.5572600000000001
A2,A3,ablation-instructions-and-template,ablation-instructions-and-template,25,deepseek-r1-distill-8b,0.5578879999999999
A2,A3,ablation-instructions-and-template,ablation-instructions-and-template,26,deepseek-r1-distill-8b,0.559924
A2,A3,ablation-instructions-and-template,ablation-instructions-and-template,27,deepseek-r1-distill-8b,0.56438
A2,A3,ablation-instructions-and-template,ablation-instructions-and-template,28,deepseek-r1-distill-8b,0.56696
A2,A3,ablation-instructions-and-template,ablation-instructions-and-template,29,deepseek-r1-distill-8b,0.5754600000000001
A2,A3,ablation-instructions-and-template,ablation-instructions-and-template,30,deepseek-r1-distill-8b,0.57768
A2,A3,ablation-instructions-and-template,ablation-instructions-and-template,31,deepseek-r1-distill-8b,0.579232
A2,A3,ablation-instructions-and-template,ablation-instructions-and-template,32,deepseek-r1-distill-8b,0.5883160000000001
A2,F0,ablation-instructions-and-template,ablation-instructions-and-template,0,deepseek-r1-distill-8b,0.5
A2,F0,ablation-instructions-and-template,ablation-instructions-and-template,1,deepseek-r1-distill-8b,0.4916912792447592
A2,F0,ablation-instructions-and-template,ablation-instructions-and-template,2,deepseek-r1-distill-8b,0.4882718602985944
A2,F0,ablation-instructions-and-template,ablation-instructions-and-template,3,deepseek-r1-distill-8b,0.4931755929352165
A2,F0,ablation-instructions-and-template,ablation-instructions-and-template,4,deepseek-r1-distill-8b,0.5043794125691133
A2,F0,ablation-instructions-and-template,ablation-instructions-and-template,5,deepseek-r1-distill-8b,0.5041993708159189
A2,F0,ablation-instructions-and-template,ablation-instructions-and-template,6,deepseek-r1-distill-8b,0.4983638190291763
A2,F0,ablation-instructions-and-template,ablation-instructions-and-template,7,deepseek-r1-distill-8b,0.4968341513092883
A2,F0,ablation-instructions-and-template,ablation-instructions-and-template,8,deepseek-r1-distill-8b,0.5984629107116597
A2,F0,ablation-instructions-and-template,ablation-instructions-and-template,9,deepseek-r1-distill-8b,0.605477667263599
A2,F0,ablation-instructions-and-template,ablation-instructions-and-template,10,deepseek-r1-distill-8b,0.6320757439778782
A2,F0,ablation-instructions-and-template,ablation-instructions-and-template,11,deepseek-r1-distill-8b,0.6825960096700289
A2,F0,ablation-instructions-and-template,ablation-instructions-and-template,12,deepseek-r1-distill-8b,0.6297242062701258
A2,F0,ablation-instructions-and-template,ablation-instructions-and-template,13,deepseek-r1-distill-8b,0.6056645808394343
A2,F0,ablation-instructions-and-template,ablation-instructions-and-template,14,deepseek-r1-distill-8b,0.5893110173183673
A2,F0,ablation-instructions-and-template,ablation-instructions-and-template,15,deepseek-r1-distill-8b,0.5612616116623077
A2,F0,ablation-instructions-and-template,ablation-instructions-and-template,16,deepseek-r1-distill-8b,0.5458343698332484
A2,F0,ablation-instructions-and-template,ablation-instructions-and-template,17,deepseek-r1-distill-8b,0.5434979501353062
A2,F0,ablation-instructions-and-template,ablation-instructions-and-template,18,deepseek-r1-distill-8b,0.5447651142303078
A2,F0,ablation-instructions-and-template,ablation-instructions-and-template,19,deepseek-r1-distill-8b,0.6107442321356663
A2,F0,ablation-instructions-and-template,ablation-instructions-and-template,20,deepseek-r1-distill-8b,0.6099471007093096
A2,F0,ablation-instructions-and-template,ablation-instructions-and-template,21,deepseek-r1-distill-8b,0.6315205007084849
A2,F0,ablation-instructions-and-template,ablation-instructions-and-template,22,deepseek-r1-distill-8b,0.6437550937385327
A2,F0,ablation-instructions-and-template,ablation-instructions-and-template,23,deepseek-r1-distill-8b,0.6547472612350864
A2,F0,ablation-instructions-and-template,ablation-instructions-and-template,24,deepseek-r1-distill-8b,0.6484719127993195
A2,F0,ablation-instructions-and-template,ablation-instructions-and-template,25,deepseek-r1-distill-8b,0.6652913858954465
A2,F0,ablation-instructions-and-template,ablation-instructions-and-template,26,deepseek-r1-distill-8b,0.6756582175316688
A2,F0,ablation-instructions-and-template,ablation-instructions-and-template,27,deepseek-r1-distill-8b,0.6378604442770773
A2,F0,ablation-instructions-and-template,ablation-instructions-and-template,28,deepseek-r1-distill-8b,0.649957600854305
A2,F0,ablation-instructions-and-template,ablation-instructions-and-template,29,deepseek-r1-distill-8b,0.66803186876468
A2,F0,ablation-instructions-and-template,ablation-instructions-and-template,30,deepseek-r1-distill-8b,0.6881566885511311
A2,F0,ablation-instructions-and-template,ablation-instructions-and-template,31,deepseek-r1-distill-8b,0.6872606028787439
A2,F0,ablation-instructions-and-template,ablation-instructions-and-template,32,deepseek-r1-distill-8b,0.6533323529533032
A2,F1,ablation-instructions-and-template,ablation-instructions-and-template,0,deepseek-r1-distill-8b,0.5
A2,F1,ablation-instructions-and-template,ablation-instructions-and-template,1,deepseek-r1-distill-8b,0.5011152968146354
A2,F1,ablation-instructions-and-template,ablation-instructions-and-template,2,deepseek-r1-distill-8b,0.5076229128556684
A2,F1,ablation-instructions-and-template,ablation-instructions-and-template,3,deepseek-r1-distill-8b,0.5006342692297648
A2,F1,ablation-instructions-and-template,ablation-instructions-and-template,4,deepseek-r1-distill-8b,0.4969977006881443
A2,F1,ablation-instructions-and-template,ablation-instructions-and-template,5,deepseek-r1-distill-8b,0.4995691367204088
A2,F1,ablation-instructions-and-template,ablation-instructions-and-template,6,deepseek-r1-distill-8b,0.504622675090605
A2,F1,ablation-instructions-and-template,ablation-instructions-and-template,7,deepseek-r1-distill-8b,0.5060135319931447
A2,F1,ablation-instructions-and-template,ablation-instructions-and-template,8,deepseek-r1-distill-8b,0.4437644394173244
A2,F1,ablation-instructions-and-template,ablation-instructions-and-template,9,deepseek-r1-distill-8b,0.4121815425592591
A2,F1,ablation-instructions-and-template,ablation-instructions-and-template,10,deepseek-r1-distill-8b,0.4343816527832943
A2,F1,ablation-instructions-and-template,ablation-instructions-and-template,11,deepseek-r1-distill-8b,0.5860400297412484
A2,F1,ablation-instructions-and-template,ablation-instructions-and-template,12,deepseek-r1-distill-8b,0.5006301461361802
A2,F1,ablation-instructions-and-template,ablation-instructions-and-template,13,deepseek-r1-distill-8b,0.5077534774858474
A2,F1,ablation-instructions-and-template,ablation-instructions-and-template,14,deepseek-r1-distill-8b,0.5472637089425776
A2,F1,ablation-instructions-and-template,ablation-instructions-and-template,15,deepseek-r1-distill-8b,0.5466816655648844
A2,F1,ablation-instructions-and-template,ablation-instructions-and-template,16,deepseek-r1-distill-8b,0.5803432887718541
A2,F1,ablation-instructions-and-template,ablation-instructions-and-template,17,deepseek-r1-distill-8b,0.5448723146635075
A2,F1,ablation-instructions-and-template,ablation-instructions-and-template,18,deepseek-r1-distill-8b,0.551267232813228
A2,F1,ablation-instructions-and-template,ablation-instructions-and-template,19,deepseek-r1-distill-8b,0.6548173538260247
A2,F1,ablation-instructions-and-template,ablation-instructions-and-template,20,deepseek-r1-distill-8b,0.671645073109321
A2,F1,ablation-instructions-and-template,ablation-instructions-and-template,21,deepseek-r1-distill-8b,0.6491439770536098
A2,F1,ablation-instructions-and-template,ablation-instructions-and-template,22,deepseek-r1-distill-8b,0.6432342095823445
A2,F1,ablation-instructions-and-template,ablation-instructions-and-template,23,deepseek-r1-distill-8b,0.6787340453457833
A2,F1,ablation-instructions-and-template,ablation-instructions-and-template,24,deepseek-r1-distill-8b,0.6661572355482134
A2,F1,ablation-instructions-and-template,ablation-instructions-and-template,25,deepseek-r1-distill-8b,0.6757599205067557
A2,F1,ablation-instructions-and-template,ablation-instructions-and-template,26,deepseek-r1-distill-8b,0.6554811718931459
A2,F1,ablation-instructions-and-template,ablation-instructions-and-template,27,deepseek-r1-distill-8b,0.6521655174688603
A2,F1,ablation-instructions-and-template,ablation-instructions-and-template,28,deepseek-r1-distill-8b,0.6764127436576512
A2,F1,ablation-instructions-and-template,ablation-instructions-and-template,29,deepseek-r1-distill-8b,0.716896025200348
A2,F1,ablation-instructions-and-template,ablation-instructions-and-template,30,deepseek-r1-distill-8b,0.7286358470002432
A2,F1,ablation-instructions-and-template,ablation-instructions-and-template,31,deepseek-r1-distill-8b,0.7164685978320773
A2,F1,ablation-instructions-and-template,ablation-instructions-and-template,32,deepseek-r1-distill-8b,0.7028335273477926
A2,F2,ablation-instructions-and-template,ablation-instructions-and-template,0,deepseek-r1-distill-8b,0.5
A2,F2,ablation-instructions-and-template,ablation-instructions-and-template,1,deepseek-r1-distill-8b,0.5207810788486673
A2,F2,ablation-instructions-and-template,ablation-instructions-and-template,2,deepseek-r1-distill-8b,0.4913957908711959
A2,F2,ablation-instructions-and-template,ablation-instructions-and-template,3,deepseek-r1-distill-8b,0.5030613969865683
A2,F2,ablation-instructions-and-template,ablation-instructions-and-template,4,deepseek-r1-distill-8b,0.5028195088296049
A2,F2,ablation-instructions-and-template,ablation-instructions-and-template,5,deepseek-r1-distill-8b,0.5097806651649444
A2,F2,ablation-instructions-and-template,ablation-instructions-and-template,6,deepseek-r1-distill-8b,0.5067625606610143
A2,F2,ablation-instructions-and-template,ablation-instructions-and-template,7,deepseek-r1-distill-8b,0.5081465457409131
A2,F2,ablation-instructions-and-template,ablation-instructions-and-template,8,deepseek-r1-distill-8b,0.5392051225314696
A2,F2,ablation-instructions-and-template,ablation-instructions-and-template,9,deepseek-r1-distill-8b,0.5666697360807796
A2,F2,ablation-instructions-and-template,ablation-instructions-and-template,10,deepseek-r1-distill-8b,0.5957361714877083
A2,F2,ablation-instructions-and-template,ablation-instructions-and-template,11,deepseek-r1-distill-8b,0.6904656209585092
A2,F2,ablation-instructions-and-template,ablation-instructions-and-template,12,deepseek-r1-distill-8b,0.6827142050194541
A2,F2,ablation-instructions-and-template,ablation-instructions-and-template,13,deepseek-r1-distill-8b,0.7063244132494237
A2,F2,ablation-instructions-and-template,ablation-instructions-and-template,14,deepseek-r1-distill-8b,0.719470209961669
A2,F2,ablation-instructions-and-template,ablation-instructions-and-template,15,deepseek-r1-distill-8b,0.6998470332280111
A2,F2,ablation-instructions-and-template,ablation-instructions-and-template,16,deepseek-r1-distill-8b,0.7112913666543432
A2,F2,ablation-instructions-and-template,ablation-instructions-and-template,17,deepseek-r1-distill-8b,0.6766037803270712
A2,F2,ablation-instructions-and-template,ablation-instructions-and-template,18,deepseek-r1-distill-8b,0.6934850998269675
A2,F2,ablation-instructions-and-template,ablation-instructions-and-template,19,deepseek-r1-distill-8b,0.7662137219303224
A2,F2,ablation-instructions-and-template,ablation-instructions-and-template,20,deepseek-r1-distill-8b,0.7801772655368474
A2,F2,ablation-instructions-and-template,ablation-instructions-and-template,21,deepseek-r1-distill-8b,0.7760411154892257
A2,F2,ablation-instructions-and-template,ablation-instructions-and-template,22,deepseek-r1-distill-8b,0.786566686228455
A2,F2,ablation-instructions-and-template,ablation-instructions-and-template,23,deepseek-r1-distill-8b,0.7859605914715184
A2,F2,ablation-instructions-and-template,ablation-instructions-and-template,24,deepseek-r1-distill-8b,0.790866385654933
A2,F2,ablation-instructions-and-template,ablation-instructions-and-template,25,deepseek-r1-distill-8b,0.798496170333242
A2,F2,ablation-instructions-and-template,ablation-instructions-and-template,26,deepseek-r1-distill-8b,0.821089348812343
A2,F2,ablation-instructions-and-template,ablation-instructions-and-template,27,deepseek-r1-distill-8b,0.834978676734345
A2,F2,ablation-instructions-and-template,ablation-instructions-and-template,28,deepseek-r1-distill-8b,0.8650937522762913
A2,F2,ablation-instructions-and-template,ablation-instructions-and-template,29,deepseek-r1-distill-8b,0.8546073509261155
A2,F2,ablation-instructions-and-template,ablation-instructions-and-template,30,deepseek-r1-distill-8b,0.8597598435423421
A2,F2,ablation-instructions-and-template,ablation-instructions-and-template,31,deepseek-r1-distill-8b,0.8604456514419144
A2,F2,ablation-instructions-and-template,ablation-instructions-and-template,32,deepseek-r1-distill-8b,0.7672046387551555
A2,F3,ablation-instructions-and-template,ablation-instructions-and-template,0,deepseek-r1-distill-8b,0.5
A2,F3,ablation-instructions-and-template,ablation-instructions-and-template,1,deepseek-r1-distill-8b,0.5221788354921488
A2,F3,ablation-instructions-and-template,ablation-instructions-and-template,2,deepseek-r1-distill-8b,0.4902550197845493
A2,F3,ablation-instructions-and-template,ablation-instructions-and-template,3,deepseek-r1-distill-8b,0.4993491990488987
A2,F3,ablation-instructions-and-template,ablation-instructions-and-template,4,deepseek-r1-distill-8b,0.4977570162755347
A2,F3,ablation-instructions-and-template,ablation-instructions-and-template,5,deepseek-r1-distill-8b,0.4915225535846156
A2,F3,ablation-instructions-and-template,ablation-instructions-and-template,6,deepseek-r1-distill-8b,0.4993406820233647
A2,F3,ablation-instructions-and-template,ablation-instructions-and-template,7,deepseek-r1-distill-8b,0.4988952916880845
A2,F3,ablation-instructions-and-template,ablation-instructions-and-template,8,deepseek-r1-distill-8b,0.5140034929824719
A2,F3,ablation-instructions-and-template,ablation-instructions-and-template,9,deepseek-r1-distill-8b,0.529012495979463
A2,F3,ablation-instructions-and-template,ablation-instructions-and-template,10,deepseek-r1-distill-8b,0.5332589847104361
A2,F3,ablation-instructions-and-template,ablation-instructions-and-template,11,deepseek-r1-distill-8b,0.534829123417712
A2,F3,ablation-instructions-and-template,ablation-instructions-and-template,12,deepseek-r1-distill-8b,0.5283411539667796
A2,F3,ablation-instructions-and-template,ablation-instructions-and-template,13,deepseek-r1-distill-8b,0.5208922636350064
A2,F3,ablation-instructions-and-template,ablation-instructions-and-template,14,deepseek-r1-distill-8b,0.515410305200095
A2,F3,ablation-instructions-and-template,ablation-instructions-and-template,15,deepseek-r1-distill-8b,0.5054493933372812
A2,F3,ablation-instructions-and-template,ablation-instructions-and-template,16,deepseek-r1-distill-8b,0.5073732391049708
A2,F3,ablation-instructions-and-template,ablation-instructions-and-template,17,deepseek-r1-distill-8b,0.515402289176063
A2,F3,ablation-instructions-and-template,ablation-instructions-and-template,18,deepseek-r1-distill-8b,0.517592667742818
A2,F3,ablation-instructions-and-template,ablation-instructions-and-template,19,deepseek-r1-distill-8b,0.521624727830934
A2,F3,ablation-instructions-and-template,ablation-instructions-and-template,20,deepseek-r1-distill-8b,0.5239804368933498
A2,F3,ablation-instructions-and-template,ablation-instructions-and-template,21,deepseek-r1-distill-8b,0.5233221209197185
A2,F3,ablation-instructions-and-template,ablation-instructions-and-template,22,deepseek-r1-distill-8b,0.524631738845953
A2,F3,ablation-instructions-and-template,ablation-instructions-and-template,23,deepseek-r1-distill-8b,0.5252780307835363
A2,F3,ablation-instructions-and-template,ablation-instructions-and-template,24,deepseek-r1-distill-8b,0.5297660022384747
A2,F3,ablation-instructions-and-template,ablation-instructions-and-template,25,deepseek-r1-distill-8b,0.5315666016366717
A2,F3,ablation-instructions-and-template,ablation-instructions-and-template,26,deepseek-r1-distill-8b,0.529449369289209
A2,F3,ablation-instructions-and-template,ablation-instructions-and-template,27,deepseek-r1-distill-8b,0.5248942636330024
A2,F3,ablation-instructions-and-template,ablation-instructions-and-template,28,deepseek-r1-distill-8b,0.5169523878232587
A2,F3,ablation-instructions-and-template,ablation-instructions-and-template,29,deepseek-r1-distill-8b,0.5021908795682569
A2,F3,ablation-instructions-and-template,ablation-instructions-and-template,30,deepseek-r1-distill-8b,0.5018111204297391
A2,F3,ablation-instructions-and-template,ablation-instructions-and-template,31,deepseek-r1-distill-8b,0.5034724414103793
A2,F3,ablation-instructions-and-template,ablation-instructions-and-template,32,deepseek-r1-distill-8b,0.4797480162845527
A2,F4,ablation-instructions-and-template,ablation-instructions-and-template,0,deepseek-r1-distill-8b,0.5
A2,F4,ablation-instructions-and-template,ablation-instructions-and-template,1,deepseek-r1-distill-8b,0.4809599845163787
A2,F4,ablation-instructions-and-template,ablation-instructions-and-template,2,deepseek-r1-distill-8b,0.4926009257915195
A2,F4,ablation-instructions-and-template,ablation-instructions-and-template,3,deepseek-r1-distill-8b,0.5028638650989501
A2,F4,ablation-instructions-and-template,ablation-instructions-and-template,4,deepseek-r1-distill-8b,0.5075825389913067
A2,F4,ablation-instructions-and-template,ablation-instructions-and-template,5,deepseek-r1-distill-8b,0.4763058257124886
A2,F4,ablation-instructions-and-template,ablation-instructions-and-template,6,deepseek-r1-distill-8b,0.4798541555781358
A2,F4,ablation-instructions-and-template,ablation-instructions-and-template,7,deepseek-r1-distill-8b,0.4757695440396122
A2,F4,ablation-instructions-and-template,ablation-instructions-and-template,8,deepseek-r1-distill-8b,0.507173775422977
A2,F4,ablation-instructions-and-template,ablation-instructions-and-template,9,deepseek-r1-distill-8b,0.5380709585329269
A2,F4,ablation-instructions-and-template,ablation-instructions-and-template,10,deepseek-r1-distill-8b,0.568404138642925
A2,F4,ablation-instructions-and-template,ablation-instructions-and-template,11,deepseek-r1-distill-8b,0.5686571587555039
A2,F4,ablation-instructions-and-template,ablation-instructions-and-template,12,deepseek-r1-distill-8b,0.5684726859244206
A2,F4,ablation-instructions-and-template,ablation-instructions-and-template,13,deepseek-r1-distill-8b,0.5597409719198078
A2,F4,ablation-instructions-and-template,ablation-instructions-and-template,14,deepseek-r1-distill-8b,0.5547914549765326
A2,F4,ablation-instructions-and-template,ablation-instructions-and-template,15,deepseek-r1-distill-8b,0.5390250762084482
A2,F4,ablation-instructions-and-template,ablation-instructions-and-template,16,deepseek-r1-distill-8b,0.5357796648441154
A2,F4,ablation-instructions-and-template,ablation-instructions-and-template,17,deepseek-r1-distill-8b,0.5377171335946195
A2,F4,ablation-instructions-and-template,ablation-instructions-and-template,18,deepseek-r1-distill-8b,0.5442472702053193
A2,F4,ablation-instructions-and-template,ablation-instructions-and-template,19,deepseek-r1-distill-8b,0.5448601635457493
A2,F4,ablation-instructions-and-template,ablation-instructions-and-template,20,deepseek-r1-distill-8b,0.5505274108482121
A2,F4,ablation-instructions-and-template,ablation-instructions-and-template,21,deepseek-r1-distill-8b,0.548244181545459
A2,F4,ablation-instructions-and-template,ablation-instructions-and-template,22,deepseek-r1-distill-8b,0.5427724956049096
A2,F4,ablation-instructions-and-template,ablation-instructions-and-template,23,deepseek-r1-distill-8b,0.5397382703504783
A2,F4,ablation-instructions-and-template,ablation-instructions-and-template,24,deepseek-r1-distill-8b,0.5428279382590603
A2,F4,ablation-instructions-and-template,ablation-instructions-and-template,25,deepseek-r1-distill-8b,0.555468863405429
A2,F4,ablation-instructions-and-template,ablation-instructions-and-template,26,deepseek-r1-distill-8b,0.5577450363703811
A2,F4,ablation-instructions-and-template,ablation-instructions-and-template,27,deepseek-r1-distill-8b,0.5499084692182383
A2,F4,ablation-instructions-and-template,ablation-instructions-and-template,28,deepseek-r1-distill-8b,0.5486090950145965
A2,F4,ablation-instructions-and-template,ablation-instructions-and-template,29,deepseek-r1-distill-8b,0.549526418928727
A2,F4,ablation-instructions-and-template,ablation-instructions-and-template,30,deepseek-r1-distill-8b,0.5537632457541007
A2,F4,ablation-instructions-and-template,ablation-instructions-and-template,31,deepseek-r1-distill-8b,0.5580272898824212
A2,F4,ablation-instructions-and-template,ablation-instructions-and-template,32,deepseek-r1-distill-8b,0.509299245173465
A2,F5,ablation-instructions-and-template,ablation-instructions-and-template,0,deepseek-r1-distill-8b,0.5
A2,F5,ablation-instructions-and-template,ablation-instructions-and-template,1,deepseek-r1-distill-8b,0.467797783933518
A2,F5,ablation-instructions-and-template,ablation-instructions-and-template,2,deepseek-r1-distill-8b,0.4860584094150043
A2,F5,ablation-instructions-and-template,ablation-instructions-and-template,3,deepseek-r1-distill-8b,0.4822751561245062
A2,F5,ablation-instructions-and-template,ablation-instructions-and-template,4,deepseek-r1-distill-8b,0.5087917356455605
A2,F5,ablation-instructions-and-template,ablation-instructions-and-template,5,deepseek-r1-distill-8b,0.4962802619285679
A2,F5,ablation-instructions-and-template,ablation-instructions-and-template,6,deepseek-r1-distill-8b,0.4853218377616417
A2,F5,ablation-instructions-and-template,ablation-instructions-and-template,7,deepseek-r1-distill-8b,0.4852470537133865
A2,F5,ablation-instructions-and-template,ablation-instructions-and-template,8,deepseek-r1-distill-8b,0.5085581635496402
A2,F5,ablation-instructions-and-template,ablation-instructions-and-template,9,deepseek-r1-distill-8b,0.5310241111967087
A2,F5,ablation-instructions-and-template,ablation-instructions-and-template,10,deepseek-r1-distill-8b,0.5608844596698848
A2,F5,ablation-instructions-and-template,ablation-instructions-and-template,11,deepseek-r1-distill-8b,0.5960175957645593
A2,F5,ablation-instructions-and-template,ablation-instructions-and-template,12,deepseek-r1-distill-8b,0.6019050467963742
A2,F5,ablation-instructions-and-template,ablation-instructions-and-template,13,deepseek-r1-distill-8b,0.6024357062072809
A2,F5,ablation-instructions-and-template,ablation-instructions-and-template,14,deepseek-r1-distill-8b,0.5993828779360422
A2,F5,ablation-instructions-and-template,ablation-instructions-and-template,15,deepseek-r1-distill-8b,0.5857014948614139
A2,F5,ablation-instructions-and-template,ablation-instructions-and-template,16,deepseek-r1-distill-8b,0.5816508629874281
A2,F5,ablation-instructions-and-template,ablation-instructions-and-template,17,deepseek-r1-distill-8b,0.5819868789850677
A2,F5,ablation-instructions-and-template,ablation-instructions-and-template,18,deepseek-r1-distill-8b,0.584024488190267
A2,F5,ablation-instructions-and-template,ablation-instructions-and-template,19,deepseek-r1-distill-8b,0.5863735268566933
A2,F5,ablation-instructions-and-template,ablation-instructions-and-template,20,deepseek-r1-distill-8b,0.5875690471897589
A2,F5,ablation-instructions-and-template,ablation-instructions-and-template,21,deepseek-r1-distill-8b,0.5841146388237801
A2,F5,ablation-instructions-and-template,ablation-instructions-and-template,22,deepseek-r1-distill-8b,0.5753177809831336
A2,F5,ablation-instructions-and-template,ablation-instructions-and-template,23,deepseek-r1-distill-8b,0.5694318666098444
A2,F5,ablation-instructions-and-template,ablation-instructions-and-template,24,deepseek-r1-distill-8b,0.5708819600386829
A2,F5,ablation-instructions-and-template,ablation-instructions-and-template,25,deepseek-r1-distill-8b,0.5827859414184793
A2,F5,ablation-instructions-and-template,ablation-instructions-and-template,26,deepseek-r1-distill-8b,0.5874707010441083
A2,F5,ablation-instructions-and-template,ablation-instructions-and-template,27,deepseek-r1-distill-8b,0.5918824476716549
A2,F5,ablation-instructions-and-template,ablation-instructions-and-template,28,deepseek-r1-distill-8b,0.5968330492222459
A2,F5,ablation-instructions-and-template,ablation-instructions-and-template,29,deepseek-r1-distill-8b,0.5971168188300087
A2,F5,ablation-instructions-and-template,ablation-instructions-and-template,30,deepseek-r1-distill-8b,0.5947360225540494
A2,F5,ablation-instructions-and-template,ablation-instructions-and-template,31,deepseek-r1-distill-8b,0.5950807462833352
A2,F5,ablation-instructions-and-template,ablation-instructions-and-template,32,deepseek-r1-distill-8b,0.5447587651002311
A3,A1,ablation-instructions-and-template,ablation-instructions-and-template,0,deepseek-r1-distill-8b,0.5
A3,A1,ablation-instructions-and-template,ablation-instructions-and-template,1,deepseek-r1-distill-8b,0.502104
A3,A1,ablation-instructions-and-template,ablation-instructions-and-template,2,deepseek-r1-distill-8b,0.5039
A3,A1,ablation-instructions-and-template,ablation-instructions-and-template,3,deepseek-r1-distill-8b,0.508732
A3,A1,ablation-instructions-and-template,ablation-instructions-and-template,4,deepseek-r1-distill-8b,0.521996
A3,A1,ablation-instructions-and-template,ablation-instructions-and-template,5,deepseek-r1-distill-8b,0.5326759999999999
A3,A1,ablation-instructions-and-template,ablation-instructions-and-template,6,deepseek-r1-distill-8b,0.5327599999999999
A3,A1,ablation-instructions-and-template,ablation-instructions-and-template,7,deepseek-r1-distill-8b,0.5382359999999999
A3,A1,ablation-instructions-and-template,ablation-instructions-and-template,8,deepseek-r1-distill-8b,0.541516
A3,A1,ablation-instructions-and-template,ablation-instructions-and-template,9,deepseek-r1-distill-8b,0.545632
A3,A1,ablation-instructions-and-template,ablation-instructions-and-template,10,deepseek-r1-distill-8b,0.543912
A3,A1,ablation-instructions-and-template,ablation-instructions-and-template,11,deepseek-r1-distill-8b,0.5448919999999999
A3,A1,ablation-instructions-and-template,ablation-instructions-and-template,12,deepseek-r1-distill-8b,0.553724
A3,A1,ablation-instructions-and-template,ablation-instructions-and-template,13,deepseek-r1-distill-8b,0.54818
A3,A1,ablation-instructions-and-template,ablation-instructions-and-template,14,deepseek-r1-distill-8b,0.550232
A3,A1,ablation-instructions-and-template,ablation-instructions-and-template,15,deepseek-r1-distill-8b,0.551248
A3,A1,ablation-instructions-and-template,ablation-instructions-and-template,16,deepseek-r1-distill-8b,0.5585199999999999
A3,A1,ablation-instructions-and-template,ablation-instructions-and-template,17,deepseek-r1-distill-8b,0.562404
A3,A1,ablation-instructions-and-template,ablation-instructions-and-template,18,deepseek-r1-distill-8b,0.56216
A3,A1,ablation-instructions-and-template,ablation-instructions-and-template,19,deepseek-r1-distill-8b,0.5714
A3,A1,ablation-instructions-and-template,ablation-instructions-and-template,20,deepseek-r1-distill-8b,0.57224
A3,A1,ablation-instructions-and-template,ablation-instructions-and-template,21,deepseek-r1-distill-8b,0.574876
A3,A1,ablation-instructions-and-template,ablation-instructions-and-template,22,deepseek-r1-distill-8b,0.578884
A3,A1,ablation-instructions-and-template,ablation-instructions-and-template,23,deepseek-r1-distill-8b,0.582268
A3,A1,ablation-instructions-and-template,ablation-instructions-and-template,24,deepseek-r1-distill-8b,0.582028
A3,A1,ablation-instructions-and-template,ablation-instructions-and-template,25,deepseek-r1-distill-8b,0.5835159999999999
A3,A1,ablation-instructions-and-template,ablation-instructions-and-template,26,deepseek-r1-distill-8b,0.5832599999999999
A3,A1,ablation-instructions-and-template,ablation-instructions-and-template,27,deepseek-r1-distill-8b,0.577704
A3,A1,ablation-instructions-and-template,ablation-instructions-and-template,28,deepseek-r1-distill-8b,0.565632
A3,A1,ablation-instructions-and-template,ablation-instructions-and-template,29,deepseek-r1-distill-8b,0.5575680000000001
A3,A1,ablation-instructions-and-template,ablation-instructions-and-template,30,deepseek-r1-distill-8b,0.5596679999999999
A3,A1,ablation-instructions-and-template,ablation-instructions-and-template,31,deepseek-r1-distill-8b,0.555076
A3,A1,ablation-instructions-and-template,ablation-instructions-and-template,32,deepseek-r1-distill-8b,0.542996
A3,A2,ablation-instructions-and-template,ablation-instructions-and-template,0,deepseek-r1-distill-8b,0.5
A3,A2,ablation-instructions-and-template,ablation-instructions-and-template,1,deepseek-r1-distill-8b,0.5032599999999999
A3,A2,ablation-instructions-and-template,ablation-instructions-and-template,2,deepseek-r1-distill-8b,0.503612
A3,A2,ablation-instructions-and-template,ablation-instructions-and-template,3,deepseek-r1-distill-8b,0.5090600000000001
A3,A2,ablation-instructions-and-template,ablation-instructions-and-template,4,deepseek-r1-distill-8b,0.52972
A3,A2,ablation-instructions-and-template,ablation-instructions-and-template,5,deepseek-r1-distill-8b,0.5414479999999999
A3,A2,ablation-instructions-and-template,ablation-instructions-and-template,6,deepseek-r1-distill-8b,0.5396679999999999
A3,A2,ablation-instructions-and-template,ablation-instructions-and-template,7,deepseek-r1-distill-8b,0.543336
A3,A2,ablation-instructions-and-template,ablation-instructions-and-template,8,deepseek-r1-distill-8b,0.550044
A3,A2,ablation-instructions-and-template,ablation-instructions-and-template,9,deepseek-r1-distill-8b,0.54936
A3,A2,ablation-instructions-and-template,ablation-instructions-and-template,10,deepseek-r1-distill-8b,0.541208
A3,A2,ablation-instructions-and-template,ablation-instructions-and-template,11,deepseek-r1-distill-8b,0.543936
A3,A2,ablation-instructions-and-template,ablation-instructions-and-template,12,deepseek-r1-distill-8b,0.55016
A3,A2,ablation-instructions-and-template,ablation-instructions-and-template,13,deepseek-r1-distill-8b,0.5482400000000001
A3,A2,ablation-instructions-and-template,ablation-instructions-and-template,14,deepseek-r1-distill-8b,0.550632
A3,A2,ablation-instructions-and-template,ablation-instructions-and-template,15,deepseek-r1-distill-8b,0.548796
A3,A2,ablation-instructions-and-template,ablation-instructions-and-template,16,deepseek-r1-distill-8b,0.548432
A3,A2,ablation-instructions-and-template,ablation-instructions-and-template,17,deepseek-r1-distill-8b,0.548592
A3,A2,ablation-instructions-and-template,ablation-instructions-and-template,18,deepseek-r1-distill-8b,0.546424
A3,A2,ablation-instructions-and-template,ablation-instructions-and-template,19,deepseek-r1-distill-8b,0.5520480000000001
A3,A2,ablation-instructions-and-template,ablation-instructions-and-template,20,deepseek-r1-distill-8b,0.551904
A3,A2,ablation-instructions-and-template,ablation-instructions-and-template,21,deepseek-r1-distill-8b,0.5546639999999999
A3,A2,ablation-instructions-and-template,ablation-instructions-and-template,22,deepseek-r1-distill-8b,0.555972
A3,A2,ablation-instructions-and-template,ablation-instructions-and-template,23,deepseek-r1-distill-8b,0.55918
A3,A2,ablation-instructions-and-template,ablation-instructions-and-template,24,deepseek-r1-distill-8b,0.5616639999999999
A3,A2,ablation-instructions-and-template,ablation-instructions-and-template,25,deepseek-r1-distill-8b,0.564856
A3,A2,ablation-instructions-and-template,ablation-instructions-and-template,26,deepseek-r1-distill-8b,0.567936
A3,A2,ablation-instructions-and-template,ablation-instructions-and-template,27,deepseek-r1-distill-8b,0.566592
A3,A2,ablation-instructions-and-template,ablation-instructions-and-template,28,deepseek-r1-distill-8b,0.5671440000000001
A3,A2,ablation-instructions-and-template,ablation-instructions-and-template,29,deepseek-r1-distill-8b,0.566624
A3,A2,ablation-instructions-and-template,ablation-instructions-and-template,30,deepseek-r1-distill-8b,0.567436
A3,A2,ablation-instructions-and-template,ablation-instructions-and-template,31,deepseek-r1-distill-8b,0.5707720000000001
A3,A2,ablation-instructions-and-template,ablation-instructions-and-template,32,deepseek-r1-distill-8b,0.57294
A3,F0,ablation-instructions-and-template,ablation-instructions-and-template,0,deepseek-r1-distill-8b,0.5
A3,F0,ablation-instructions-and-template,ablation-instructions-and-template,1,deepseek-r1-distill-8b,0.5062760356180311
A3,F0,ablation-instructions-and-template,ablation-instructions-and-template,2,deepseek-r1-distill-8b,0.4950193029497986
A3,F0,ablation-instructions-and-template,ablation-instructions-and-template,3,deepseek-r1-distill-8b,0.5158381768229914
A3,F0,ablation-instructions-and-template,ablation-instructions-and-template,4,deepseek-r1-distill-8b,0.4979212736510956
A3,F0,ablation-instructions-and-template,ablation-instructions-and-template,5,deepseek-r1-distill-8b,0.5065852676368764
A3,F0,ablation-instructions-and-template,ablation-instructions-and-template,6,deepseek-r1-distill-8b,0.5006218999490111
A3,F0,ablation-instructions-and-template,ablation-instructions-and-template,7,deepseek-r1-distill-8b,0.5197022026940293
A3,F0,ablation-instructions-and-template,ablation-instructions-and-template,8,deepseek-r1-distill-8b,0.5852731343345121
A3,F0,ablation-instructions-and-template,ablation-instructions-and-template,9,deepseek-r1-distill-8b,0.60914447182484
A3,F0,ablation-instructions-and-template,ablation-instructions-and-template,10,deepseek-r1-distill-8b,0.6066953542355853
A3,F0,ablation-instructions-and-template,ablation-instructions-and-template,11,deepseek-r1-distill-8b,0.6313253409454803
A3,F0,ablation-instructions-and-template,ablation-instructions-and-template,12,deepseek-r1-distill-8b,0.582083234264557
A3,F0,ablation-instructions-and-template,ablation-instructions-and-template,13,deepseek-r1-distill-8b,0.6102054812406114
A3,F0,ablation-instructions-and-template,ablation-instructions-and-template,14,deepseek-r1-distill-8b,0.7059835708464299
A3,F0,ablation-instructions-and-template,ablation-instructions-and-template,15,deepseek-r1-distill-8b,0.6542332489015392
A3,F0,ablation-instructions-and-template,ablation-instructions-and-template,16,deepseek-r1-distill-8b,0.6484884051736578
A3,F0,ablation-instructions-and-template,ablation-instructions-and-template,17,deepseek-r1-distill-8b,0.6408084561900691
A3,F0,ablation-instructions-and-template,ablation-instructions-and-template,18,deepseek-r1-distill-8b,0.6089616813425892
A3,F0,ablation-instructions-and-template,ablation-instructions-and-template,19,deepseek-r1-distill-8b,0.6899708497283569
A3,F0,ablation-instructions-and-template,ablation-instructions-and-template,20,deepseek-r1-distill-8b,0.6876935277051273
A3,F0,ablation-instructions-and-template,ablation-instructions-and-template,21,deepseek-r1-distill-8b,0.7025998853779983
A3,F0,ablation-instructions-and-template,ablation-instructions-and-template,22,deepseek-r1-distill-8b,0.7052853936661037
A3,F0,ablation-instructions-and-template,ablation-instructions-and-template,23,deepseek-r1-distill-8b,0.7089645675080984
A3,F0,ablation-instructions-and-template,ablation-instructions-and-template,24,deepseek-r1-distill-8b,0.6968811545761529
A3,F0,ablation-instructions-and-template,ablation-instructions-and-template,25,deepseek-r1-distill-8b,0.7265481872819055
A3,F0,ablation-instructions-and-template,ablation-instructions-and-template,26,deepseek-r1-distill-8b,0.7415232631811867
A3,F0,ablation-instructions-and-template,ablation-instructions-and-template,27,deepseek-r1-distill-8b,0.6902361020822997
A3,F0,ablation-instructions-and-template,ablation-instructions-and-template,28,deepseek-r1-distill-8b,0.7134463702345628
A3,F0,ablation-instructions-and-template,ablation-instructions-and-template,29,deepseek-r1-distill-8b,0.6951150961574144
A3,F0,ablation-instructions-and-template,ablation-instructions-and-template,30,deepseek-r1-distill-8b,0.7268285576456586
A3,F0,ablation-instructions-and-template,ablation-instructions-and-template,31,deepseek-r1-distill-8b,0.7012667517856431
A3,F0,ablation-instructions-and-template,ablation-instructions-and-template,32,deepseek-r1-distill-8b,0.6725507793334058
A3,F1,ablation-instructions-and-template,ablation-instructions-and-template,0,deepseek-r1-distill-8b,0.5
A3,F1,ablation-instructions-and-template,ablation-instructions-and-template,1,deepseek-r1-distill-8b,0.5038124872012304
A3,F1,ablation-instructions-and-template,ablation-instructions-and-template,2,deepseek-r1-distill-8b,0.5032112027201423
A3,F1,ablation-instructions-and-template,ablation-instructions-and-template,3,deepseek-r1-distill-8b,0.4856598805127479
A3,F1,ablation-instructions-and-template,ablation-instructions-and-template,4,deepseek-r1-distill-8b,0.4981095615914591
A3,F1,ablation-instructions-and-template,ablation-instructions-and-template,5,deepseek-r1-distill-8b,0.4886924158442239
A3,F1,ablation-instructions-and-template,ablation-instructions-and-template,6,deepseek-r1-distill-8b,0.4952742475697799
A3,F1,ablation-instructions-and-template,ablation-instructions-and-template,7,deepseek-r1-distill-8b,0.4793701012494348
A3,F1,ablation-instructions-and-template,ablation-instructions-and-template,8,deepseek-r1-distill-8b,0.4660744988036157
A3,F1,ablation-instructions-and-template,ablation-instructions-and-template,9,deepseek-r1-distill-8b,0.445522938831158
A3,F1,ablation-instructions-and-template,ablation-instructions-and-template,10,deepseek-r1-distill-8b,0.4278864060230151
A3,F1,ablation-instructions-and-template,ablation-instructions-and-template,11,deepseek-r1-distill-8b,0.512830380053023
A3,F1,ablation-instructions-and-template,ablation-instructions-and-template,12,deepseek-r1-distill-8b,0.448316334734727
A3,F1,ablation-instructions-and-template,ablation-instructions-and-template,13,deepseek-r1-distill-8b,0.4555317485077837
A3,F1,ablation-instructions-and-template,ablation-instructions-and-template,14,deepseek-r1-distill-8b,0.4768082857688676
A3,F1,ablation-instructions-and-template,ablation-instructions-and-template,15,deepseek-r1-distill-8b,0.4943589207939979
A3,F1,ablation-instructions-and-template,ablation-instructions-and-template,16,deepseek-r1-distill-8b,0.5377105011070507
A3,F1,ablation-instructions-and-template,ablation-instructions-and-template,17,deepseek-r1-distill-8b,0.5239407428990022
A3,F1,ablation-instructions-and-template,ablation-instructions-and-template,18,deepseek-r1-distill-8b,0.5496015030050481
A3,F1,ablation-instructions-and-template,ablation-instructions-and-template,19,deepseek-r1-distill-8b,0.683540198100903
A3,F1,ablation-instructions-and-template,ablation-instructions-and-template,20,deepseek-r1-distill-8b,0.692238551199889
A3,F1,ablation-instructions-and-template,ablation-instructions-and-template,21,deepseek-r1-distill-8b,0.6801180304256819
A3,F1,ablation-instructions-and-template,ablation-instructions-and-template,22,deepseek-r1-distill-8b,0.670032943517741
A3,F1,ablation-instructions-and-template,ablation-instructions-and-template,23,deepseek-r1-distill-8b,0.723049055193105
A3,F1,ablation-instructions-and-template,ablation-instructions-and-template,24,deepseek-r1-distill-8b,0.7138957874352847
A3,F1,ablation-instructions-and-template,ablation-instructions-and-template,25,deepseek-r1-distill-8b,0.7317144235434141
A3,F1,ablation-instructions-and-template,ablation-instructions-and-template,26,deepseek-r1-distill-8b,0.7347923129043208
A3,F1,ablation-instructions-and-template,ablation-instructions-and-template,27,deepseek-r1-distill-8b,0.7386865747949791
A3,F1,ablation-instructions-and-template,ablation-instructions-and-template,28,deepseek-r1-distill-8b,0.7729446722071882
A3,F1,ablation-instructions-and-template,ablation-instructions-and-template,29,deepseek-r1-distill-8b,0.7439558883961027
A3,F1,ablation-instructions-and-template,ablation-instructions-and-template,30,deepseek-r1-distill-8b,0.7325074318761862
A3,F1,ablation-instructions-and-template,ablation-instructions-and-template,31,deepseek-r1-distill-8b,0.7219880457773337
A3,F1,ablation-instructions-and-template,ablation-instructions-and-template,32,deepseek-r1-distill-8b,0.7159133545626841
A3,F2,ablation-instructions-and-template,ablation-instructions-and-template,0,deepseek-r1-distill-8b,0.5
A3,F2,ablation-instructions-and-template,ablation-instructions-and-template,1,deepseek-r1-distill-8b,0.4800009345678792
A3,F2,ablation-instructions-and-template,ablation-instructions-and-template,2,deepseek-r1-distill-8b,0.4904048740463628
A3,F2,ablation-instructions-and-template,ablation-instructions-and-template,3,deepseek-r1-distill-8b,0.4955518692044766
A3,F2,ablation-instructions-and-template,ablation-instructions-and-template,4,deepseek-r1-distill-8b,0.5114491437021806
A3,F2,ablation-instructions-and-template,ablation-instructions-and-template,5,deepseek-r1-distill-8b,0.5232604324575425
A3,F2,ablation-instructions-and-template,ablation-instructions-and-template,6,deepseek-r1-distill-8b,0.5099387170856875
A3,F2,ablation-instructions-and-template,ablation-instructions-and-template,7,deepseek-r1-distill-8b,0.5179842470337778
A3,F2,ablation-instructions-and-template,ablation-instructions-and-template,8,deepseek-r1-distill-8b,0.5364048548052593
A3,F2,ablation-instructions-and-template,ablation-instructions-and-template,9,deepseek-r1-distill-8b,0.5706485213899224
A3,F2,ablation-instructions-and-template,ablation-instructions-and-template,10,deepseek-r1-distill-8b,0.6034010024614869
A3,F2,ablation-instructions-and-template,ablation-instructions-and-template,11,deepseek-r1-distill-8b,0.6512927959934525
A3,F2,ablation-instructions-and-template,ablation-instructions-and-template,12,deepseek-r1-distill-8b,0.6260862633639771
A3,F2,ablation-instructions-and-template,ablation-instructions-and-template,13,deepseek-r1-distill-8b,0.6671041727081441
A3,F2,ablation-instructions-and-template,ablation-instructions-and-template,14,deepseek-r1-distill-8b,0.7536932610784088
A3,F2,ablation-instructions-and-template,ablation-instructions-and-template,15,deepseek-r1-distill-8b,0.7392857977292749
A3,F2,ablation-instructions-and-template,ablation-instructions-and-template,16,deepseek-r1-distill-8b,0.7706542937209409
A3,F2,ablation-instructions-and-template,ablation-instructions-and-template,17,deepseek-r1-distill-8b,0.7442128945628763
A3,F2,ablation-instructions-and-template,ablation-instructions-and-template,18,deepseek-r1-distill-8b,0.7400114622001651
A3,F2,ablation-instructions-and-template,ablation-instructions-and-template,19,deepseek-r1-distill-8b,0.8175888423590143
A3,F2,ablation-instructions-and-template,ablation-instructions-and-template,20,deepseek-r1-distill-8b,0.8132912044793289
A3,F2,ablation-instructions-and-template,ablation-instructions-and-template,21,deepseek-r1-distill-8b,0.8128720232982274
A3,F2,ablation-instructions-and-template,ablation-instructions-and-template,22,deepseek-r1-distill-8b,0.8190168071038153
A3,F2,ablation-instructions-and-template,ablation-instructions-and-template,23,deepseek-r1-distill-8b,0.8081332144049894
A3,F2,ablation-instructions-and-template,ablation-instructions-and-template,24,deepseek-r1-distill-8b,0.7993276608728039
A3,F2,ablation-instructions-and-template,ablation-instructions-and-template,25,deepseek-r1-distill-8b,0.8116955672620871
A3,F2,ablation-instructions-and-template,ablation-instructions-and-template,26,deepseek-r1-distill-8b,0.8396515161302293
A3,F2,ablation-instructions-and-template,ablation-instructions-and-template,27,deepseek-r1-distill-8b,0.849366898980084
A3,F2,ablation-instructions-and-template,ablation-instructions-and-template,28,deepseek-r1-distill-8b,0.8803973012978125
A3,F2,ablation-instructions-and-template,ablation-instructions-and-template,29,deepseek-r1-distill-8b,0.8700414645778157
A3,F2,ablation-instructions-and-template,ablation-instructions-and-template,30,deepseek-r1-distill-8b,0.8711945564169767
A3,F2,ablation-instructions-and-template,ablation-instructions-and-template,31,deepseek-r1-distill-8b,0.8689172343937474
A3,F2,ablation-instructions-and-template,ablation-instructions-and-template,32,deepseek-r1-distill-8b,0.7970956928790051
A3,F3,ablation-instructions-and-template,ablation-instructions-and-template,0,deepseek-r1-distill-8b,0.5
A3,F3,ablation-instructions-and-template,ablation-instructions-and-template,1,deepseek-r1-distill-8b,0.5044679313948583
A3,F3,ablation-instructions-and-template,ablation-instructions-and-template,2,deepseek-r1-distill-8b,0.497604711818926
A3,F3,ablation-instructions-and-template,ablation-instructions-and-template,3,deepseek-r1-distill-8b,0.5021157293429566
A3,F3,ablation-instructions-and-template,ablation-instructions-and-template,4,deepseek-r1-distill-8b,0.5133872611350089
A3,F3,ablation-instructions-and-template,ablation-instructions-and-template,5,deepseek-r1-distill-8b,0.49721292864436
A3,F3,ablation-instructions-and-template,ablation-instructions-and-template,6,deepseek-r1-distill-8b,0.5129173217261305
A3,F3,ablation-instructions-and-template,ablation-instructions-and-template,7,deepseek-r1-distill-8b,0.5092324556789021
A3,F3,ablation-instructions-and-template,ablation-instructions-and-template,8,deepseek-r1-distill-8b,0.5199974749524299
A3,F3,ablation-instructions-and-template,ablation-instructions-and-template,9,deepseek-r1-distill-8b,0.5453070688305924
A3,F3,ablation-instructions-and-template,ablation-instructions-and-template,10,deepseek-r1-distill-8b,0.5469112756400044
A3,F3,ablation-instructions-and-template,ablation-instructions-and-template,11,deepseek-r1-distill-8b,0.5399082766450134
A3,F3,ablation-instructions-and-template,ablation-instructions-and-template,12,deepseek-r1-distill-8b,0.533819104389675
A3,F3,ablation-instructions-and-template,ablation-instructions-and-template,13,deepseek-r1-distill-8b,0.5346507668829992
A3,F3,ablation-instructions-and-template,ablation-instructions-and-template,14,deepseek-r1-distill-8b,0.5313381449517586
A3,F3,ablation-instructions-and-template,ablation-instructions-and-template,15,deepseek-r1-distill-8b,0.5227464701939176
A3,F3,ablation-instructions-and-template,ablation-instructions-and-template,16,deepseek-r1-distill-8b,0.523217912607302
A3,F3,ablation-instructions-and-template,ablation-instructions-and-template,17,deepseek-r1-distill-8b,0.5287179070962855
A3,F3,ablation-instructions-and-template,ablation-instructions-and-template,18,deepseek-r1-distill-8b,0.5275676076476877
A3,F3,ablation-instructions-and-template,ablation-instructions-and-template,19,deepseek-r1-distill-8b,0.531219908597286
A3,F3,ablation-instructions-and-template,ablation-instructions-and-template,20,deepseek-r1-distill-8b,0.531415299183067
A3,F3,ablation-instructions-and-template,ablation-instructions-and-template,21,deepseek-r1-distill-8b,0.5310575841106372
A3,F3,ablation-instructions-and-template,ablation-instructions-and-template,22,deepseek-r1-distill-8b,0.5301597894190486
A3,F3,ablation-instructions-and-template,ablation-instructions-and-template,23,deepseek-r1-distill-8b,0.5303361419477535
A3,F3,ablation-instructions-and-template,ablation-instructions-and-template,24,deepseek-r1-distill-8b,0.5333035738441144
A3,F3,ablation-instructions-and-template,ablation-instructions-and-template,25,deepseek-r1-distill-8b,0.5390635881126372
A3,F3,ablation-instructions-and-template,ablation-instructions-and-template,26,deepseek-r1-distill-8b,0.5374022671319968
A3,F3,ablation-instructions-and-template,ablation-instructions-and-template,27,deepseek-r1-distill-8b,0.5338461584707831
A3,F3,ablation-instructions-and-template,ablation-instructions-and-template,28,deepseek-r1-distill-8b,0.52963473984495
A3,F3,ablation-instructions-and-template,ablation-instructions-and-template,29,deepseek-r1-distill-8b,0.5221021822623424
A3,F3,ablation-instructions-and-template,ablation-instructions-and-template,30,deepseek-r1-distill-8b,0.5395595795996196
A3,F3,ablation-instructions-and-template,ablation-instructions-and-template,31,deepseek-r1-distill-8b,0.5383822260699138
A3,F3,ablation-instructions-and-template,ablation-instructions-and-template,32,deepseek-r1-distill-8b,0.5240786331877423
A3,F4,ablation-instructions-and-template,ablation-instructions-and-template,0,deepseek-r1-distill-8b,0.5
A3,F4,ablation-instructions-and-template,ablation-instructions-and-template,1,deepseek-r1-distill-8b,0.4959234528475347
A3,F4,ablation-instructions-and-template,ablation-instructions-and-template,2,deepseek-r1-distill-8b,0.5142265850550798
A3,F4,ablation-instructions-and-template,ablation-instructions-and-template,3,deepseek-r1-distill-8b,0.5044999274205254
A3,F4,ablation-instructions-and-template,ablation-instructions-and-template,4,deepseek-r1-distill-8b,0.5178515265882808
A3,F4,ablation-instructions-and-template,ablation-instructions-and-template,5,deepseek-r1-distill-8b,0.4894729520491605
A3,F4,ablation-instructions-and-template,ablation-instructions-and-template,6,deepseek-r1-distill-8b,0.4987762294156545
A3,F4,ablation-instructions-and-template,ablation-instructions-and-template,7,deepseek-r1-distill-8b,0.4954264850566926
A3,F4,ablation-instructions-and-template,ablation-instructions-and-template,8,deepseek-r1-distill-8b,0.505755955549104
A3,F4,ablation-instructions-and-template,ablation-instructions-and-template,9,deepseek-r1-distill-8b,0.5620393219464201
A3,F4,ablation-instructions-and-template,ablation-instructions-and-template,10,deepseek-r1-distill-8b,0.5679273318172287
A3,F4,ablation-instructions-and-template,ablation-instructions-and-template,11,deepseek-r1-distill-8b,0.5619848873405268
A3,F4,ablation-instructions-and-template,ablation-instructions-and-template,12,deepseek-r1-distill-8b,0.5591774729439848
A3,F4,ablation-instructions-and-template,ablation-instructions-and-template,13,deepseek-r1-distill-8b,0.5490395316204577
A3,F4,ablation-instructions-and-template,ablation-instructions-and-template,14,deepseek-r1-distill-8b,0.5466061031273689
A3,F4,ablation-instructions-and-template,ablation-instructions-and-template,15,deepseek-r1-distill-8b,0.5370830712407865
A3,F4,ablation-instructions-and-template,ablation-instructions-and-template,16,deepseek-r1-distill-8b,0.532333147852454
A3,F4,ablation-instructions-and-template,ablation-instructions-and-template,17,deepseek-r1-distill-8b,0.535509003887034
A3,F4,ablation-instructions-and-template,ablation-instructions-and-template,18,deepseek-r1-distill-8b,0.5433672440767084
A3,F4,ablation-instructions-and-template,ablation-instructions-and-template,19,deepseek-r1-distill-8b,0.545299672585926
A3,F4,ablation-instructions-and-template,ablation-instructions-and-template,20,deepseek-r1-distill-8b,0.5473772600441928
A3,F4,ablation-instructions-and-template,ablation-instructions-and-template,21,deepseek-r1-distill-8b,0.5457427097950034
A3,F4,ablation-instructions-and-template,ablation-instructions-and-template,22,deepseek-r1-distill-8b,0.5371869002112869
A3,F4,ablation-instructions-and-template,ablation-instructions-and-template,23,deepseek-r1-distill-8b,0.5301930614022354
A3,F4,ablation-instructions-and-template,ablation-instructions-and-template,24,deepseek-r1-distill-8b,0.5311406267640844
A3,F4,ablation-instructions-and-template,ablation-instructions-and-template,25,deepseek-r1-distill-8b,0.5472593183980904
A3,F4,ablation-instructions-and-template,ablation-instructions-and-template,26,deepseek-r1-distill-8b,0.5519709359526459
A3,F4,ablation-instructions-and-template,ablation-instructions-and-template,27,deepseek-r1-distill-8b,0.5485647408912759
A3,F4,ablation-instructions-and-template,ablation-instructions-and-template,28,deepseek-r1-distill-8b,0.5469327107627296
A3,F4,ablation-instructions-and-template,ablation-instructions-and-template,29,deepseek-r1-distill-8b,0.5459730488217932
A3,F4,ablation-instructions-and-template,ablation-instructions-and-template,30,deepseek-r1-distill-8b,0.5487461895775875
A3,F4,ablation-instructions-and-template,ablation-instructions-and-template,31,deepseek-r1-distill-8b,0.5503076563281237
A3,F4,ablation-instructions-and-template,ablation-instructions-and-template,32,deepseek-r1-distill-8b,0.5269763794132353
A3,F5,ablation-instructions-and-template,ablation-instructions-and-template,0,deepseek-r1-distill-8b,0.5
A3,F5,ablation-instructions-and-template,ablation-instructions-and-template,1,deepseek-r1-distill-8b,0.5317330229966071
A3,F5,ablation-instructions-and-template,ablation-instructions-and-template,2,deepseek-r1-distill-8b,0.5309370338802472
A3,F5,ablation-instructions-and-template,ablation-instructions-and-template,3,deepseek-r1-distill-8b,0.5150254470651872
A3,F5,ablation-instructions-and-template,ablation-instructions-and-template,4,deepseek-r1-distill-8b,0.4911826533790097
A3,F5,ablation-instructions-and-template,ablation-instructions-and-template,5,deepseek-r1-distill-8b,0.493753995312167
A3,F5,ablation-instructions-and-template,ablation-instructions-and-template,6,deepseek-r1-distill-8b,0.4881749004245275
A3,F5,ablation-instructions-and-template,ablation-instructions-and-template,7,deepseek-r1-distill-8b,0.4882286834729302
A3,F5,ablation-instructions-and-template,ablation-instructions-and-template,8,deepseek-r1-distill-8b,0.518896802111164
A3,F5,ablation-instructions-and-template,ablation-instructions-and-template,9,deepseek-r1-distill-8b,0.5608988018161254
A3,F5,ablation-instructions-and-template,ablation-instructions-and-template,10,deepseek-r1-distill-8b,0.5640889049156682
A3,F5,ablation-instructions-and-template,ablation-instructions-and-template,11,deepseek-r1-distill-8b,0.5770429362880887
A3,F5,ablation-instructions-and-template,ablation-instructions-and-template,12,deepseek-r1-distill-8b,0.5773113393105935
A3,F5,ablation-instructions-and-template,ablation-instructions-and-template,13,deepseek-r1-distill-8b,0.5698488132898425
A3,F5,ablation-instructions-and-template,ablation-instructions-and-template,14,deepseek-r1-distill-8b,0.5750862577652477
A3,F5,ablation-instructions-and-template,ablation-instructions-and-template,15,deepseek-r1-distill-8b,0.5689447458571687
A3,F5,ablation-instructions-and-template,ablation-instructions-and-template,16,deepseek-r1-distill-8b,0.5611164951072792
A3,F5,ablation-instructions-and-template,ablation-instructions-and-template,17,deepseek-r1-distill-8b,0.5639239702338998
A3,F5,ablation-instructions-and-template,ablation-instructions-and-template,18,deepseek-r1-distill-8b,0.5701638282876298
A3,F5,ablation-instructions-and-template,ablation-instructions-and-template,19,deepseek-r1-distill-8b,0.5733662246553787
A3,F5,ablation-instructions-and-template,ablation-instructions-and-template,20,deepseek-r1-distill-8b,0.5712318059630546
A3,F5,ablation-instructions-and-template,ablation-instructions-and-template,21,deepseek-r1-distill-8b,0.5696767075349539
A3,F5,ablation-instructions-and-template,ablation-instructions-and-template,22,deepseek-r1-distill-8b,0.5573429739874445
A3,F5,ablation-instructions-and-template,ablation-instructions-and-template,23,deepseek-r1-distill-8b,0.5470591429133406
A3,F5,ablation-instructions-and-template,ablation-instructions-and-template,24,deepseek-r1-distill-8b,0.5477429559573177
A3,F5,ablation-instructions-and-template,ablation-instructions-and-template,25,deepseek-r1-distill-8b,0.5624139471225558
A3,F5,ablation-instructions-and-template,ablation-instructions-and-template,26,deepseek-r1-distill-8b,0.5670454359192906
A3,F5,ablation-instructions-and-template,ablation-instructions-and-template,27,deepseek-r1-distill-8b,0.566705322165582
A3,F5,ablation-instructions-and-template,ablation-instructions-and-template,28,deepseek-r1-distill-8b,0.5631894474585717
A3,F5,ablation-instructions-and-template,ablation-instructions-and-template,29,deepseek-r1-distill-8b,0.5606170810863971
A3,F5,ablation-instructions-and-template,ablation-instructions-and-template,30,deepseek-r1-distill-8b,0.5523636881443721
A3,F5,ablation-instructions-and-template,ablation-instructions-and-template,31,deepseek-r1-distill-8b,0.5523503704371486
A3,F5,ablation-instructions-and-template,ablation-instructions-and-template,32,deepseek-r1-distill-8b,0.50761260633677
F0,A1,ablation-instructions-and-template,ablation-instructions-and-template,0,deepseek-r1-distill-8b,0.5
F0,A1,ablation-instructions-and-template,ablation-instructions-and-template,1,deepseek-r1-distill-8b,0.4914919999999999
F0,A1,ablation-instructions-and-template,ablation-instructions-and-template,2,deepseek-r1-distill-8b,0.48452
F0,A1,ablation-instructions-and-template,ablation-instructions-and-template,3,deepseek-r1-distill-8b,0.499308
F0,A1,ablation-instructions-and-template,ablation-instructions-and-template,4,deepseek-r1-distill-8b,0.49948
F0,A1,ablation-instructions-and-template,ablation-instructions-and-template,5,deepseek-r1-distill-8b,0.496016
F0,A1,ablation-instructions-and-template,ablation-instructions-and-template,6,deepseek-r1-distill-8b,0.4994
F0,A1,ablation-instructions-and-template,ablation-instructions-and-template,7,deepseek-r1-distill-8b,0.505064
F0,A1,ablation-instructions-and-template,ablation-instructions-and-template,8,deepseek-r1-distill-8b,0.51528
F0,A1,ablation-instructions-and-template,ablation-instructions-and-template,9,deepseek-r1-distill-8b,0.525476
F0,A1,ablation-instructions-and-template,ablation-instructions-and-template,10,deepseek-r1-distill-8b,0.529184
F0,A1,ablation-instructions-and-template,ablation-instructions-and-template,11,deepseek-r1-distill-8b,0.524396
F0,A1,ablation-instructions-and-template,ablation-instructions-and-template,12,deepseek-r1-distill-8b,0.518588
F0,A1,ablation-instructions-and-template,ablation-instructions-and-template,13,deepseek-r1-distill-8b,0.516096
F0,A1,ablation-instructions-and-template,ablation-instructions-and-template,14,deepseek-r1-distill-8b,0.524152
F0,A1,ablation-instructions-and-template,ablation-instructions-and-template,15,deepseek-r1-distill-8b,0.533952
F0,A1,ablation-instructions-and-template,ablation-instructions-and-template,16,deepseek-r1-distill-8b,0.548532
F0,A1,ablation-instructions-and-template,ablation-instructions-and-template,17,deepseek-r1-distill-8b,0.5578040000000001
F0,A1,ablation-instructions-and-template,ablation-instructions-and-template,18,deepseek-r1-distill-8b,0.5653239999999999
F0,A1,ablation-instructions-and-template,ablation-instructions-and-template,19,deepseek-r1-distill-8b,0.5894079999999999
F0,A1,ablation-instructions-and-template,ablation-instructions-and-template,20,deepseek-r1-distill-8b,0.589556
F0,A1,ablation-instructions-and-template,ablation-instructions-and-template,21,deepseek-r1-distill-8b,0.5914999999999999
F0,A1,ablation-instructions-and-template,ablation-instructions-and-template,22,deepseek-r1-distill-8b,0.59944
F0,A1,ablation-instructions-and-template,ablation-instructions-and-template,23,deepseek-r1-distill-8b,0.592376
F0,A1,ablation-instructions-and-template,ablation-instructions-and-template,24,deepseek-r1-distill-8b,0.593128
F0,A1,ablation-instructions-and-template,ablation-instructions-and-template,25,deepseek-r1-distill-8b,0.590312
F0,A1,ablation-instructions-and-template,ablation-instructions-and-template,26,deepseek-r1-distill-8b,0.587812
F0,A1,ablation-instructions-and-template,ablation-instructions-and-template,27,deepseek-r1-distill-8b,0.578768
F0,A1,ablation-instructions-and-template,ablation-instructions-and-template,28,deepseek-r1-distill-8b,0.563904
F0,A1,ablation-instructions-and-template,ablation-instructions-and-template,29,deepseek-r1-distill-8b,0.5573079999999999
F0,A1,ablation-instructions-and-template,ablation-instructions-and-template,30,deepseek-r1-distill-8b,0.557452
F0,A1,ablation-instructions-and-template,ablation-instructions-and-template,31,deepseek-r1-distill-8b,0.546264
F0,A1,ablation-instructions-and-template,ablation-instructions-and-template,32,deepseek-r1-distill-8b,0.538044
F0,A2,ablation-instructions-and-template,ablation-instructions-and-template,0,deepseek-r1-distill-8b,0.5
F0,A2,ablation-instructions-and-template,ablation-instructions-and-template,1,deepseek-r1-distill-8b,0.507412
F0,A2,ablation-instructions-and-template,ablation-instructions-and-template,2,deepseek-r1-distill-8b,0.501536
F0,A2,ablation-instructions-and-template,ablation-instructions-and-template,3,deepseek-r1-distill-8b,0.498716
F0,A2,ablation-instructions-and-template,ablation-instructions-and-template,4,deepseek-r1-distill-8b,0.5016280000000001
F0,A2,ablation-instructions-and-template,ablation-instructions-and-template,5,deepseek-r1-distill-8b,0.500756
F0,A2,ablation-instructions-and-template,ablation-instructions-and-template,6,deepseek-r1-distill-8b,0.503588
F0,A2,ablation-instructions-and-template,ablation-instructions-and-template,7,deepseek-r1-distill-8b,0.50332
F0,A2,ablation-instructions-and-template,ablation-instructions-and-template,8,deepseek-r1-distill-8b,0.5371760000000001
F0,A2,ablation-instructions-and-template,ablation-instructions-and-template,9,deepseek-r1-distill-8b,0.530764
F0,A2,ablation-instructions-and-template,ablation-instructions-and-template,10,deepseek-r1-distill-8b,0.529416
F0,A2,ablation-instructions-and-template,ablation-instructions-and-template,11,deepseek-r1-distill-8b,0.515328
F0,A2,ablation-instructions-and-template,ablation-instructions-and-template,12,deepseek-r1-distill-8b,0.5083960000000001
F0,A2,ablation-instructions-and-template,ablation-instructions-and-template,13,deepseek-r1-distill-8b,0.509988
F0,A2,ablation-instructions-and-template,ablation-instructions-and-template,14,deepseek-r1-distill-8b,0.5222439999999999
F0,A2,ablation-instructions-and-template,ablation-instructions-and-template,15,deepseek-r1-distill-8b,0.524596
F0,A2,ablation-instructions-and-template,ablation-instructions-and-template,16,deepseek-r1-distill-8b,0.525876
F0,A2,ablation-instructions-and-template,ablation-instructions-and-template,17,deepseek-r1-distill-8b,0.5336559999999999
F0,A2,ablation-instructions-and-template,ablation-instructions-and-template,18,deepseek-r1-distill-8b,0.531876
F0,A2,ablation-instructions-and-template,ablation-instructions-and-template,19,deepseek-r1-distill-8b,0.559264
F0,A2,ablation-instructions-and-template,ablation-instructions-and-template,20,deepseek-r1-distill-8b,0.561396
F0,A2,ablation-instructions-and-template,ablation-instructions-and-template,21,deepseek-r1-distill-8b,0.567276
F0,A2,ablation-instructions-and-template,ablation-instructions-and-template,22,deepseek-r1-distill-8b,0.57112
F0,A2,ablation-instructions-and-template,ablation-instructions-and-template,23,deepseek-r1-distill-8b,0.5746560000000001
F0,A2,ablation-instructions-and-template,ablation-instructions-and-template,24,deepseek-r1-distill-8b,0.574792
F0,A2,ablation-instructions-and-template,ablation-instructions-and-template,25,deepseek-r1-distill-8b,0.57352
F0,A2,ablation-instructions-and-template,ablation-instructions-and-template,26,deepseek-r1-distill-8b,0.575156
F0,A2,ablation-instructions-and-template,ablation-instructions-and-template,27,deepseek-r1-distill-8b,0.5689600000000001
F0,A2,ablation-instructions-and-template,ablation-instructions-and-template,28,deepseek-r1-distill-8b,0.566872
F0,A2,ablation-instructions-and-template,ablation-instructions-and-template,29,deepseek-r1-distill-8b,0.5484279999999999
F0,A2,ablation-instructions-and-template,ablation-instructions-and-template,30,deepseek-r1-distill-8b,0.544872
F0,A2,ablation-instructions-and-template,ablation-instructions-and-template,31,deepseek-r1-distill-8b,0.538884
F0,A2,ablation-instructions-and-template,ablation-instructions-and-template,32,deepseek-r1-distill-8b,0.534656
F0,A3,ablation-instructions-and-template,ablation-instructions-and-template,0,deepseek-r1-distill-8b,0.5
F0,A3,ablation-instructions-and-template,ablation-instructions-and-template,1,deepseek-r1-distill-8b,0.5035160000000001
F0,A3,ablation-instructions-and-template,ablation-instructions-and-template,2,deepseek-r1-distill-8b,0.497404
F0,A3,ablation-instructions-and-template,ablation-instructions-and-template,3,deepseek-r1-distill-8b,0.5111720000000001
F0,A3,ablation-instructions-and-template,ablation-instructions-and-template,4,deepseek-r1-distill-8b,0.5039720000000001
F0,A3,ablation-instructions-and-template,ablation-instructions-and-template,5,deepseek-r1-distill-8b,0.50352
F0,A3,ablation-instructions-and-template,ablation-instructions-and-template,6,deepseek-r1-distill-8b,0.505056
F0,A3,ablation-instructions-and-template,ablation-instructions-and-template,7,deepseek-r1-distill-8b,0.508964
F0,A3,ablation-instructions-and-template,ablation-instructions-and-template,8,deepseek-r1-distill-8b,0.529084
F0,A3,ablation-instructions-and-template,ablation-instructions-and-template,9,deepseek-r1-distill-8b,0.5251919999999999
F0,A3,ablation-instructions-and-template,ablation-instructions-and-template,10,deepseek-r1-distill-8b,0.53172
F0,A3,ablation-instructions-and-template,ablation-instructions-and-template,11,deepseek-r1-distill-8b,0.508008
F0,A3,ablation-instructions-and-template,ablation-instructions-and-template,12,deepseek-r1-distill-8b,0.50236
F0,A3,ablation-instructions-and-template,ablation-instructions-and-template,13,deepseek-r1-distill-8b,0.5059400000000001
F0,A3,ablation-instructions-and-template,ablation-instructions-and-template,14,deepseek-r1-distill-8b,0.5196879999999999
F0,A3,ablation-instructions-and-template,ablation-instructions-and-template,15,deepseek-r1-distill-8b,0.522164
F0,A3,ablation-instructions-and-template,ablation-instructions-and-template,16,deepseek-r1-distill-8b,0.531924
F0,A3,ablation-instructions-and-template,ablation-instructions-and-template,17,deepseek-r1-distill-8b,0.5386040000000001
F0,A3,ablation-instructions-and-template,ablation-instructions-and-template,18,deepseek-r1-distill-8b,0.5356319999999999
F0,A3,ablation-instructions-and-template,ablation-instructions-and-template,19,deepseek-r1-distill-8b,0.55962
F0,A3,ablation-instructions-and-template,ablation-instructions-and-template,20,deepseek-r1-distill-8b,0.563676
F0,A3,ablation-instructions-and-template,ablation-instructions-and-template,21,deepseek-r1-distill-8b,0.5673119999999999
F0,A3,ablation-instructions-and-template,ablation-instructions-and-template,22,deepseek-r1-distill-8b,0.571052
F0,A3,ablation-instructions-and-template,ablation-instructions-and-template,23,deepseek-r1-distill-8b,0.576184
F0,A3,ablation-instructions-and-template,ablation-instructions-and-template,24,deepseek-r1-distill-8b,0.578556
F0,A3,ablation-instructions-and-template,ablation-instructions-and-template,25,deepseek-r1-distill-8b,0.575892
F0,A3,ablation-instructions-and-template,ablation-instructions-and-template,26,deepseek-r1-distill-8b,0.5744039999999999
F0,A3,ablation-instructions-and-template,ablation-instructions-and-template,27,deepseek-r1-distill-8b,0.5694760000000001
F0,A3,ablation-instructions-and-template,ablation-instructions-and-template,28,deepseek-r1-distill-8b,0.5702720000000001
F0,A3,ablation-instructions-and-template,ablation-instructions-and-template,29,deepseek-r1-distill-8b,0.551132
F0,A3,ablation-instructions-and-template,ablation-instructions-and-template,30,deepseek-r1-distill-8b,0.548088
F0,A3,ablation-instructions-and-template,ablation-instructions-and-template,31,deepseek-r1-distill-8b,0.54314
F0,A3,ablation-instructions-and-template,ablation-instructions-and-template,32,deepseek-r1-distill-8b,0.538748
F0,F1,ablation-instructions-and-template,ablation-instructions-and-template,0,deepseek-r1-distill-8b,0.5
F0,F1,ablation-instructions-and-template,ablation-instructions-and-template,1,deepseek-r1-distill-8b,0.4716777829850923
F0,F1,ablation-instructions-and-template,ablation-instructions-and-template,2,deepseek-r1-distill-8b,0.4701206279746402
F0,F1,ablation-instructions-and-template,ablation-instructions-and-template,3,deepseek-r1-distill-8b,0.4475480649634625
F0,F1,ablation-instructions-and-template,ablation-instructions-and-template,4,deepseek-r1-distill-8b,0.4025843550588297
F0,F1,ablation-instructions-and-template,ablation-instructions-and-template,5,deepseek-r1-distill-8b,0.3312452154934862
F0,F1,ablation-instructions-and-template,ablation-instructions-and-template,6,deepseek-r1-distill-8b,0.3064214433851148
F0,F1,ablation-instructions-and-template,ablation-instructions-and-template,7,deepseek-r1-distill-8b,0.263615485789758
F0,F1,ablation-instructions-and-template,ablation-instructions-and-template,8,deepseek-r1-distill-8b,0.2201154741076594
F0,F1,ablation-instructions-and-template,ablation-instructions-and-template,9,deepseek-r1-distill-8b,0.1797174031657112
F0,F1,ablation-instructions-and-template,ablation-instructions-and-template,10,deepseek-r1-distill-8b,0.2618260631740399
F0,F1,ablation-instructions-and-template,ablation-instructions-and-template,11,deepseek-r1-distill-8b,0.5357905138611534
F0,F1,ablation-instructions-and-template,ablation-instructions-and-template,12,deepseek-r1-distill-8b,0.5191029797597336
F0,F1,ablation-instructions-and-template,ablation-instructions-and-template,13,deepseek-r1-distill-8b,0.5071047774285365
F0,F1,ablation-instructions-and-template,ablation-instructions-and-template,14,deepseek-r1-distill-8b,0.5572814519886368
F0,F1,ablation-instructions-and-template,ablation-instructions-and-template,15,deepseek-r1-distill-8b,0.6127260657853324
F0,F1,ablation-instructions-and-template,ablation-instructions-and-template,16,deepseek-r1-distill-8b,0.6115234968231564
F0,F1,ablation-instructions-and-template,ablation-instructions-and-template,17,deepseek-r1-distill-8b,0.5837297229693421
F0,F1,ablation-instructions-and-template,ablation-instructions-and-template,18,deepseek-r1-distill-8b,0.617830455643072
F0,F1,ablation-instructions-and-template,ablation-instructions-and-template,19,deepseek-r1-distill-8b,0.8142903674913312
F0,F1,ablation-instructions-and-template,ablation-instructions-and-template,20,deepseek-r1-distill-8b,0.8246970556988713
F0,F1,ablation-instructions-and-template,ablation-instructions-and-template,21,deepseek-r1-distill-8b,0.8199692417218589
F0,F1,ablation-instructions-and-template,ablation-instructions-and-template,22,deepseek-r1-distill-8b,0.8528234257685103
F0,F1,ablation-instructions-and-template,ablation-instructions-and-template,23,deepseek-r1-distill-8b,0.8771469291886164
F0,F1,ablation-instructions-and-template,ablation-instructions-and-template,24,deepseek-r1-distill-8b,0.8663018186965802
F0,F1,ablation-instructions-and-template,ablation-instructions-and-template,25,deepseek-r1-distill-8b,0.8509742182958155
F0,F1,ablation-instructions-and-template,ablation-instructions-and-template,26,deepseek-r1-distill-8b,0.8534666283677085
F0,F1,ablation-instructions-and-template,ablation-instructions-and-template,27,deepseek-r1-distill-8b,0.8514875434470985
F0,F1,ablation-instructions-and-template,ablation-instructions-and-template,28,deepseek-r1-distill-8b,0.8264672372111945
F0,F1,ablation-instructions-and-template,ablation-instructions-and-template,29,deepseek-r1-distill-8b,0.8285975022299065
F0,F1,ablation-instructions-and-template,ablation-instructions-and-template,30,deepseek-r1-distill-8b,0.8041942856671647
F0,F1,ablation-instructions-and-template,ablation-instructions-and-template,31,deepseek-r1-distill-8b,0.8050889969750237
F0,F1,ablation-instructions-and-template,ablation-instructions-and-template,32,deepseek-r1-distill-8b,0.7699231317919377
F0,F2,ablation-instructions-and-template,ablation-instructions-and-template,0,deepseek-r1-distill-8b,0.5
F0,F2,ablation-instructions-and-template,ablation-instructions-and-template,1,deepseek-r1-distill-8b,0.5090178928517927
F0,F2,ablation-instructions-and-template,ablation-instructions-and-template,2,deepseek-r1-distill-8b,0.5180708319990545
F0,F2,ablation-instructions-and-template,ablation-instructions-and-template,3,deepseek-r1-distill-8b,0.5302696915513689
F0,F2,ablation-instructions-and-template,ablation-instructions-and-template,4,deepseek-r1-distill-8b,0.5543980352084704
F0,F2,ablation-instructions-and-template,ablation-instructions-and-template,5,deepseek-r1-distill-8b,0.5980121191464096
F0,F2,ablation-instructions-and-template,ablation-instructions-and-template,6,deepseek-r1-distill-8b,0.6149690286953569
F0,F2,ablation-instructions-and-template,ablation-instructions-and-template,7,deepseek-r1-distill-8b,0.6383346000393069
F0,F2,ablation-instructions-and-template,ablation-instructions-and-template,8,deepseek-r1-distill-8b,0.6836254087016516
F0,F2,ablation-instructions-and-template,ablation-instructions-and-template,9,deepseek-r1-distill-8b,0.7889127264780947
F0,F2,ablation-instructions-and-template,ablation-instructions-and-template,10,deepseek-r1-distill-8b,0.816064672097239
F0,F2,ablation-instructions-and-template,ablation-instructions-and-template,11,deepseek-r1-distill-8b,0.8443449709940367
F0,F2,ablation-instructions-and-template,ablation-instructions-and-template,12,deepseek-r1-distill-8b,0.8702118857793129
F0,F2,ablation-instructions-and-template,ablation-instructions-and-template,13,deepseek-r1-distill-8b,0.8834593854666447
F0,F2,ablation-instructions-and-template,ablation-instructions-and-template,14,deepseek-r1-distill-8b,0.8992906904669953
F0,F2,ablation-instructions-and-template,ablation-instructions-and-template,15,deepseek-r1-distill-8b,0.9070201165735992
F0,F2,ablation-instructions-and-template,ablation-instructions-and-template,16,deepseek-r1-distill-8b,0.9318095295687656
F0,F2,ablation-instructions-and-template,ablation-instructions-and-template,17,deepseek-r1-distill-8b,0.9387473217071256
F0,F2,ablation-instructions-and-template,ablation-instructions-and-template,18,deepseek-r1-distill-8b,0.9420609145846188
F0,F2,ablation-instructions-and-template,ablation-instructions-and-template,19,deepseek-r1-distill-8b,0.95415532243279
F0,F2,ablation-instructions-and-template,ablation-instructions-and-template,20,deepseek-r1-distill-8b,0.9549895617014084
F0,F2,ablation-instructions-and-template,ablation-instructions-and-template,21,deepseek-r1-distill-8b,0.9540962247580774
F0,F2,ablation-instructions-and-template,ablation-instructions-and-template,22,deepseek-r1-distill-8b,0.9545071597520096
F0,F2,ablation-instructions-and-template,ablation-instructions-and-template,23,deepseek-r1-distill-8b,0.9532564880313464
F0,F2,ablation-instructions-and-template,ablation-instructions-and-template,24,deepseek-r1-distill-8b,0.9532180058245568
F0,F2,ablation-instructions-and-template,ablation-instructions-and-template,25,deepseek-r1-distill-8b,0.9451216243889232
F0,F2,ablation-instructions-and-template,ablation-instructions-and-template,26,deepseek-r1-distill-8b,0.94983844344971
F0,F2,ablation-instructions-and-template,ablation-instructions-and-template,27,deepseek-r1-distill-8b,0.9552369473164846
F0,F2,ablation-instructions-and-template,ablation-instructions-and-template,28,deepseek-r1-distill-8b,0.956586573283178
F0,F2,ablation-instructions-and-template,ablation-instructions-and-template,29,deepseek-r1-distill-8b,0.9630557071174216
F0,F2,ablation-instructions-and-template,ablation-instructions-and-template,30,deepseek-r1-distill-8b,0.9635972067415328
F0,F2,ablation-instructions-and-template,ablation-instructions-and-template,31,deepseek-r1-distill-8b,0.959344922891278
F0,F2,ablation-instructions-and-template,ablation-instructions-and-template,32,deepseek-r1-distill-8b,0.9563185722001788
F0,F3,ablation-instructions-and-template,ablation-instructions-and-template,0,deepseek-r1-distill-8b,0.5
F0,F3,ablation-instructions-and-template,ablation-instructions-and-template,1,deepseek-r1-distill-8b,0.4896708520332143
F0,F3,ablation-instructions-and-template,ablation-instructions-and-template,2,deepseek-r1-distill-8b,0.4968522075629182
F0,F3,ablation-instructions-and-template,ablation-instructions-and-template,3,deepseek-r1-distill-8b,0.5081107133159186
F0,F3,ablation-instructions-and-template,ablation-instructions-and-template,4,deepseek-r1-distill-8b,0.5011187363539716
F0,F3,ablation-instructions-and-template,ablation-instructions-and-template,5,deepseek-r1-distill-8b,0.5199604008412817
F0,F3,ablation-instructions-and-template,ablation-instructions-and-template,6,deepseek-r1-distill-8b,0.5239774308843378
F0,F3,ablation-instructions-and-template,ablation-instructions-and-template,7,deepseek-r1-distill-8b,0.5296612929245562
F0,F3,ablation-instructions-and-template,ablation-instructions-and-template,8,deepseek-r1-distill-8b,0.5428060693325959
F0,F3,ablation-instructions-and-template,ablation-instructions-and-template,9,deepseek-r1-distill-8b,0.5491978464951439
F0,F3,ablation-instructions-and-template,ablation-instructions-and-template,10,deepseek-r1-distill-8b,0.5520735951166382
F0,F3,ablation-instructions-and-template,ablation-instructions-and-template,11,deepseek-r1-distill-8b,0.5799362926490054
F0,F3,ablation-instructions-and-template,ablation-instructions-and-template,12,deepseek-r1-distill-8b,0.5799322846369893
F0,F3,ablation-instructions-and-template,ablation-instructions-and-template,13,deepseek-r1-distill-8b,0.5773421068716363
F0,F3,ablation-instructions-and-template,ablation-instructions-and-template,14,deepseek-r1-distill-8b,0.5713090467845222
F0,F3,ablation-instructions-and-template,ablation-instructions-and-template,15,deepseek-r1-distill-8b,0.5702118534951368
F0,F3,ablation-instructions-and-template,ablation-instructions-and-template,16,deepseek-r1-distill-8b,0.5591792994195397
F0,F3,ablation-instructions-and-template,ablation-instructions-and-template,17,deepseek-r1-distill-8b,0.5595234874514153
F0,F3,ablation-instructions-and-template,ablation-instructions-and-template,18,deepseek-r1-distill-8b,0.5583220858496134
F0,F3,ablation-instructions-and-template,ablation-instructions-and-template,19,deepseek-r1-distill-8b,0.5501407313219124
F0,F3,ablation-instructions-and-template,ablation-instructions-and-template,20,deepseek-r1-distill-8b,0.5466597728859991
F0,F3,ablation-instructions-and-template,ablation-instructions-and-template,21,deepseek-r1-distill-8b,0.5431537643749856
F0,F3,ablation-instructions-and-template,ablation-instructions-and-template,22,deepseek-r1-distill-8b,0.541224908592276
F0,F3,ablation-instructions-and-template,ablation-instructions-and-template,23,deepseek-r1-distill-8b,0.5409789168547927
F0,F3,ablation-instructions-and-template,ablation-instructions-and-template,24,deepseek-r1-distill-8b,0.539010982954927
F0,F3,ablation-instructions-and-template,ablation-instructions-and-template,25,deepseek-r1-distill-8b,0.5294754213673133
F0,F3,ablation-instructions-and-template,ablation-instructions-and-template,26,deepseek-r1-distill-8b,0.5291207123038955
F0,F3,ablation-instructions-and-template,ablation-instructions-and-template,27,deepseek-r1-distill-8b,0.5247329411493575
F0,F3,ablation-instructions-and-template,ablation-instructions-and-template,28,deepseek-r1-distill-8b,0.5221798374951527
F0,F3,ablation-instructions-and-template,ablation-instructions-and-template,29,deepseek-r1-distill-8b,0.518407296185074
F0,F3,ablation-instructions-and-template,ablation-instructions-and-template,30,deepseek-r1-distill-8b,0.5207559912264617
F0,F3,ablation-instructions-and-template,ablation-instructions-and-template,31,deepseek-r1-distill-8b,0.5219163107050995
F0,F3,ablation-instructions-and-template,ablation-instructions-and-template,32,deepseek-r1-distill-8b,0.524014504995486
F0,F4,ablation-instructions-and-template,ablation-instructions-and-template,0,deepseek-r1-distill-8b,0.5
F0,F4,ablation-instructions-and-template,ablation-instructions-and-template,1,deepseek-r1-distill-8b,0.498922396412961
F0,F4,ablation-instructions-and-template,ablation-instructions-and-template,2,deepseek-r1-distill-8b,0.4963972355284592
F0,F4,ablation-instructions-and-template,ablation-instructions-and-template,3,deepseek-r1-distill-8b,0.4879981774487508
F0,F4,ablation-instructions-and-template,ablation-instructions-and-template,4,deepseek-r1-distill-8b,0.5141681182561573
F0,F4,ablation-instructions-and-template,ablation-instructions-and-template,5,deepseek-r1-distill-8b,0.5397866566668279
F0,F4,ablation-instructions-and-template,ablation-instructions-and-template,6,deepseek-r1-distill-8b,0.5569123885098627
F0,F4,ablation-instructions-and-template,ablation-instructions-and-template,7,deepseek-r1-distill-8b,0.5696762955436202
F0,F4,ablation-instructions-and-template,ablation-instructions-and-template,8,deepseek-r1-distill-8b,0.5914450976597152
F0,F4,ablation-instructions-and-template,ablation-instructions-and-template,9,deepseek-r1-distill-8b,0.6389997741971905
F0,F4,ablation-instructions-and-template,ablation-instructions-and-template,10,deepseek-r1-distill-8b,0.6265826357639392
F0,F4,ablation-instructions-and-template,ablation-instructions-and-template,11,deepseek-r1-distill-8b,0.5902545926678602
F0,F4,ablation-instructions-and-template,ablation-instructions-and-template,12,deepseek-r1-distill-8b,0.5823867760197416
F0,F4,ablation-instructions-and-template,ablation-instructions-and-template,13,deepseek-r1-distill-8b,0.584554079772907
F0,F4,ablation-instructions-and-template,ablation-instructions-and-template,14,deepseek-r1-distill-8b,0.5818131965613458
F0,F4,ablation-instructions-and-template,ablation-instructions-and-template,15,deepseek-r1-distill-8b,0.5939117917452944
F0,F4,ablation-instructions-and-template,ablation-instructions-and-template,16,deepseek-r1-distill-8b,0.5687549394364606
F0,F4,ablation-instructions-and-template,ablation-instructions-and-template,17,deepseek-r1-distill-8b,0.5601451992709795
F0,F4,ablation-instructions-and-template,ablation-instructions-and-template,18,deepseek-r1-distill-8b,0.5606280543862197
F0,F4,ablation-instructions-and-template,ablation-instructions-and-template,19,deepseek-r1-distill-8b,0.5546301672553668
F0,F4,ablation-instructions-and-template,ablation-instructions-and-template,20,deepseek-r1-distill-8b,0.5510450436283285
F0,F4,ablation-instructions-and-template,ablation-instructions-and-template,21,deepseek-r1-distill-8b,0.5511624812503024
F0,F4,ablation-instructions-and-template,ablation-instructions-and-template,22,deepseek-r1-distill-8b,0.5477532620441606
F0,F4,ablation-instructions-and-template,ablation-instructions-and-template,23,deepseek-r1-distill-8b,0.5437140126772149
F0,F4,ablation-instructions-and-template,ablation-instructions-and-template,24,deepseek-r1-distill-8b,0.5489185658295834
F0,F4,ablation-instructions-and-template,ablation-instructions-and-template,25,deepseek-r1-distill-8b,0.5521362558668409
F0,F4,ablation-instructions-and-template,ablation-instructions-and-template,26,deepseek-r1-distill-8b,0.5557924468960178
F0,F4,ablation-instructions-and-template,ablation-instructions-and-template,27,deepseek-r1-distill-8b,0.5413662682859954
F0,F4,ablation-instructions-and-template,ablation-instructions-and-template,28,deepseek-r1-distill-8b,0.5443470669827906
F0,F4,ablation-instructions-and-template,ablation-instructions-and-template,29,deepseek-r1-distill-8b,0.5331093450105643
F0,F4,ablation-instructions-and-template,ablation-instructions-and-template,30,deepseek-r1-distill-8b,0.5302797535523621
F0,F4,ablation-instructions-and-template,ablation-instructions-and-template,31,deepseek-r1-distill-8b,0.5330166045708941
F0,F4,ablation-instructions-and-template,ablation-instructions-and-template,32,deepseek-r1-distill-8b,0.5313472766568281
F0,F5,ablation-instructions-and-template,ablation-instructions-and-template,0,deepseek-r1-distill-8b,0.5
F0,F5,ablation-instructions-and-template,ablation-instructions-and-template,1,deepseek-r1-distill-8b,0.5294280352079201
F0,F5,ablation-instructions-and-template,ablation-instructions-and-template,2,deepseek-r1-distill-8b,0.5155581553541281
F0,F5,ablation-instructions-and-template,ablation-instructions-and-template,3,deepseek-r1-distill-8b,0.4871002638954907
F0,F5,ablation-instructions-and-template,ablation-instructions-and-template,4,deepseek-r1-distill-8b,0.5119495689160616
F0,F5,ablation-instructions-and-template,ablation-instructions-and-template,5,deepseek-r1-distill-8b,0.5163244357389893
F0,F5,ablation-instructions-and-template,ablation-instructions-and-template,6,deepseek-r1-distill-8b,0.5201886197118457
F0,F5,ablation-instructions-and-template,ablation-instructions-and-template,7,deepseek-r1-distill-8b,0.5359567850644987
F0,F5,ablation-instructions-and-template,ablation-instructions-and-template,8,deepseek-r1-distill-8b,0.5717035601304725
F0,F5,ablation-instructions-and-template,ablation-instructions-and-template,9,deepseek-r1-distill-8b,0.6029048992771557
F0,F5,ablation-instructions-and-template,ablation-instructions-and-template,10,deepseek-r1-distill-8b,0.5978769525807668
F0,F5,ablation-instructions-and-template,ablation-instructions-and-template,11,deepseek-r1-distill-8b,0.5556229408775755
F0,F5,ablation-instructions-and-template,ablation-instructions-and-template,12,deepseek-r1-distill-8b,0.5498891556983396
F0,F5,ablation-instructions-and-template,ablation-instructions-and-template,13,deepseek-r1-distill-8b,0.5591777442672392
F0,F5,ablation-instructions-and-template,ablation-instructions-and-template,14,deepseek-r1-distill-8b,0.5563277549214051
F0,F5,ablation-instructions-and-template,ablation-instructions-and-template,15,deepseek-r1-distill-8b,0.5653192561753184
F0,F5,ablation-instructions-and-template,ablation-instructions-and-template,16,deepseek-r1-distill-8b,0.5476825140553033
F0,F5,ablation-instructions-and-template,ablation-instructions-and-template,17,deepseek-r1-distill-8b,0.5475452392269993
F0,F5,ablation-instructions-and-template,ablation-instructions-and-template,18,deepseek-r1-distill-8b,0.5493492763362783
F0,F5,ablation-instructions-and-template,ablation-instructions-and-template,19,deepseek-r1-distill-8b,0.572149191102952
F0,F5,ablation-instructions-and-template,ablation-instructions-and-template,20,deepseek-r1-distill-8b,0.5713793251815307
F0,F5,ablation-instructions-and-template,ablation-instructions-and-template,21,deepseek-r1-distill-8b,0.5740495254798472
F0,F5,ablation-instructions-and-template,ablation-instructions-and-template,22,deepseek-r1-distill-8b,0.5721302389811339
F0,F5,ablation-instructions-and-template,ablation-instructions-and-template,23,deepseek-r1-distill-8b,0.5698114212657149
F0,F5,ablation-instructions-and-template,ablation-instructions-and-template,24,deepseek-r1-distill-8b,0.5746406267927684
F0,F5,ablation-instructions-and-template,ablation-instructions-and-template,25,deepseek-r1-distill-8b,0.5655128751495682
F0,F5,ablation-instructions-and-template,ablation-instructions-and-template,26,deepseek-r1-distill-8b,0.5732607074366078
F0,F5,ablation-instructions-and-template,ablation-instructions-and-template,27,deepseek-r1-distill-8b,0.5619652428330246
F0,F5,ablation-instructions-and-template,ablation-instructions-and-template,28,deepseek-r1-distill-8b,0.5588314838794276
F0,F5,ablation-instructions-and-template,ablation-instructions-and-template,29,deepseek-r1-distill-8b,0.5619775361012309
F0,F5,ablation-instructions-and-template,ablation-instructions-and-template,30,deepseek-r1-distill-8b,0.5582209182251799
F0,F5,ablation-instructions-and-template,ablation-instructions-and-template,31,deepseek-r1-distill-8b,0.5577527495943221
F0,F5,ablation-instructions-and-template,ablation-instructions-and-template,32,deepseek-r1-distill-8b,0.5474684063007097
F1,A1,ablation-instructions-and-template,ablation-instructions-and-template,0,deepseek-r1-distill-8b,0.5
F1,A1,ablation-instructions-and-template,ablation-instructions-and-template,1,deepseek-r1-distill-8b,0.495792
F1,A1,ablation-instructions-and-template,ablation-instructions-and-template,2,deepseek-r1-distill-8b,0.499344
F1,A1,ablation-instructions-and-template,ablation-instructions-and-template,3,deepseek-r1-distill-8b,0.498308
F1,A1,ablation-instructions-and-template,ablation-instructions-and-template,4,deepseek-r1-distill-8b,0.5056360000000001
F1,A1,ablation-instructions-and-template,ablation-instructions-and-template,5,deepseek-r1-distill-8b,0.506508
F1,A1,ablation-instructions-and-template,ablation-instructions-and-template,6,deepseek-r1-distill-8b,0.504664
F1,A1,ablation-instructions-and-template,ablation-instructions-and-template,7,deepseek-r1-distill-8b,0.497704
F1,A1,ablation-instructions-and-template,ablation-instructions-and-template,8,deepseek-r1-distill-8b,0.489776
F1,A1,ablation-instructions-and-template,ablation-instructions-and-template,9,deepseek-r1-distill-8b,0.477512
F1,A1,ablation-instructions-and-template,ablation-instructions-and-template,10,deepseek-r1-distill-8b,0.482044
F1,A1,ablation-instructions-and-template,ablation-instructions-and-template,11,deepseek-r1-distill-8b,0.501256
F1,A1,ablation-instructions-and-template,ablation-instructions-and-template,12,deepseek-r1-distill-8b,0.489468
F1,A1,ablation-instructions-and-template,ablation-instructions-and-template,13,deepseek-r1-distill-8b,0.493556
F1,A1,ablation-instructions-and-template,ablation-instructions-and-template,14,deepseek-r1-distill-8b,0.49962
F1,A1,ablation-instructions-and-template,ablation-instructions-and-template,15,deepseek-r1-distill-8b,0.5038119999999999
F1,A1,ablation-instructions-and-template,ablation-instructions-and-template,16,deepseek-r1-distill-8b,0.514286
F1,A1,ablation-instructions-and-template,ablation-instructions-and-template,17,deepseek-r1-distill-8b,0.514468
F1,A1,ablation-instructions-and-template,ablation-instructions-and-template,18,deepseek-r1-distill-8b,0.522604
F1,A1,ablation-instructions-and-template,ablation-instructions-and-template,19,deepseek-r1-distill-8b,0.541392
F1,A1,ablation-instructions-and-template,ablation-instructions-and-template,20,deepseek-r1-distill-8b,0.5435319999999999
F1,A1,ablation-instructions-and-template,ablation-instructions-and-template,21,deepseek-r1-distill-8b,0.541604
F1,A1,ablation-instructions-and-template,ablation-instructions-and-template,22,deepseek-r1-distill-8b,0.544536
F1,A1,ablation-instructions-and-template,ablation-instructions-and-template,23,deepseek-r1-distill-8b,0.54694
F1,A1,ablation-instructions-and-template,ablation-instructions-and-template,24,deepseek-r1-distill-8b,0.549028
F1,A1,ablation-instructions-and-template,ablation-instructions-and-template,25,deepseek-r1-distill-8b,0.5462279999999999
F1,A1,ablation-instructions-and-template,ablation-instructions-and-template,26,deepseek-r1-distill-8b,0.546304
F1,A1,ablation-instructions-and-template,ablation-instructions-and-template,27,deepseek-r1-distill-8b,0.53758
F1,A1,ablation-instructions-and-template,ablation-instructions-and-template,28,deepseek-r1-distill-8b,0.53502
F1,A1,ablation-instructions-and-template,ablation-instructions-and-template,29,deepseek-r1-distill-8b,0.5318999999999999
F1,A1,ablation-instructions-and-template,ablation-instructions-and-template,30,deepseek-r1-distill-8b,0.5351760000000001
F1,A1,ablation-instructions-and-template,ablation-instructions-and-template,31,deepseek-r1-distill-8b,0.526064
F1,A1,ablation-instructions-and-template,ablation-instructions-and-template,32,deepseek-r1-distill-8b,0.529192
F1,A2,ablation-instructions-and-template,ablation-instructions-and-template,0,deepseek-r1-distill-8b,0.5
F1,A2,ablation-instructions-and-template,ablation-instructions-and-template,1,deepseek-r1-distill-8b,0.5047159999999999
F1,A2,ablation-instructions-and-template,ablation-instructions-and-template,2,deepseek-r1-distill-8b,0.499424
F1,A2,ablation-instructions-and-template,ablation-instructions-and-template,3,deepseek-r1-distill-8b,0.495108
F1,A2,ablation-instructions-and-template,ablation-instructions-and-template,4,deepseek-r1-distill-8b,0.494812
F1,A2,ablation-instructions-and-template,ablation-instructions-and-template,5,deepseek-r1-distill-8b,0.495804
F1,A2,ablation-instructions-and-template,ablation-instructions-and-template,6,deepseek-r1-distill-8b,0.498488
F1,A2,ablation-instructions-and-template,ablation-instructions-and-template,7,deepseek-r1-distill-8b,0.4944959999999999
F1,A2,ablation-instructions-and-template,ablation-instructions-and-template,8,deepseek-r1-distill-8b,0.484068
F1,A2,ablation-instructions-and-template,ablation-instructions-and-template,9,deepseek-r1-distill-8b,0.48172
F1,A2,ablation-instructions-and-template,ablation-instructions-and-template,10,deepseek-r1-distill-8b,0.484784
F1,A2,ablation-instructions-and-template,ablation-instructions-and-template,11,deepseek-r1-distill-8b,0.5043
F1,A2,ablation-instructions-and-template,ablation-instructions-and-template,12,deepseek-r1-distill-8b,0.489572
F1,A2,ablation-instructions-and-template,ablation-instructions-and-template,13,deepseek-r1-distill-8b,0.487832
F1,A2,ablation-instructions-and-template,ablation-instructions-and-template,14,deepseek-r1-distill-8b,0.497124
F1,A2,ablation-instructions-and-template,ablation-instructions-and-template,15,deepseek-r1-distill-8b,0.500356
F1,A2,ablation-instructions-and-template,ablation-instructions-and-template,16,deepseek-r1-distill-8b,0.512792
F1,A2,ablation-instructions-and-template,ablation-instructions-and-template,17,deepseek-r1-distill-8b,0.510156
F1,A2,ablation-instructions-and-template,ablation-instructions-and-template,18,deepseek-r1-distill-8b,0.517684
F1,A2,ablation-instructions-and-template,ablation-instructions-and-template,19,deepseek-r1-distill-8b,0.541324
F1,A2,ablation-instructions-and-template,ablation-instructions-and-template,20,deepseek-r1-distill-8b,0.544896
F1,A2,ablation-instructions-and-template,ablation-instructions-and-template,21,deepseek-r1-distill-8b,0.5459639999999999
F1,A2,ablation-instructions-and-template,ablation-instructions-and-template,22,deepseek-r1-distill-8b,0.548664
F1,A2,ablation-instructions-and-template,ablation-instructions-and-template,23,deepseek-r1-distill-8b,0.546644
F1,A2,ablation-instructions-and-template,ablation-instructions-and-template,24,deepseek-r1-distill-8b,0.547736
F1,A2,ablation-instructions-and-template,ablation-instructions-and-template,25,deepseek-r1-distill-8b,0.5489320000000001
F1,A2,ablation-instructions-and-template,ablation-instructions-and-template,26,deepseek-r1-distill-8b,0.5490280000000001
F1,A2,ablation-instructions-and-template,ablation-instructions-and-template,27,deepseek-r1-distill-8b,0.5451879999999999
F1,A2,ablation-instructions-and-template,ablation-instructions-and-template,28,deepseek-r1-distill-8b,0.548338
F1,A2,ablation-instructions-and-template,ablation-instructions-and-template,29,deepseek-r1-distill-8b,0.5534519999999999
F1,A2,ablation-instructions-and-template,ablation-instructions-and-template,30,deepseek-r1-distill-8b,0.554972
F1,A2,ablation-instructions-and-template,ablation-instructions-and-template,31,deepseek-r1-distill-8b,0.551508
F1,A2,ablation-instructions-and-template,ablation-instructions-and-template,32,deepseek-r1-distill-8b,0.553416
F1,A3,ablation-instructions-and-template,ablation-instructions-and-template,0,deepseek-r1-distill-8b,0.5
F1,A3,ablation-instructions-and-template,ablation-instructions-and-template,1,deepseek-r1-distill-8b,0.4974479999999999
F1,A3,ablation-instructions-and-template,ablation-instructions-and-template,2,deepseek-r1-distill-8b,0.497672
F1,A3,ablation-instructions-and-template,ablation-instructions-and-template,3,deepseek-r1-distill-8b,0.495704
F1,A3,ablation-instructions-and-template,ablation-instructions-and-template,4,deepseek-r1-distill-8b,0.4976839999999999
F1,A3,ablation-instructions-and-template,ablation-instructions-and-template,5,deepseek-r1-distill-8b,0.489084
F1,A3,ablation-instructions-and-template,ablation-instructions-and-template,6,deepseek-r1-distill-8b,0.486616
F1,A3,ablation-instructions-and-template,ablation-instructions-and-template,7,deepseek-r1-distill-8b,0.488208
F1,A3,ablation-instructions-and-template,ablation-instructions-and-template,8,deepseek-r1-distill-8b,0.4885679999999999
F1,A3,ablation-instructions-and-template,ablation-instructions-and-template,9,deepseek-r1-distill-8b,0.4920279999999999
F1,A3,ablation-instructions-and-template,ablation-instructions-and-template,10,deepseek-r1-distill-8b,0.489484
F1,A3,ablation-instructions-and-template,ablation-instructions-and-template,11,deepseek-r1-distill-8b,0.499768
F1,A3,ablation-instructions-and-template,ablation-instructions-and-template,12,deepseek-r1-distill-8b,0.485656
F1,A3,ablation-instructions-and-template,ablation-instructions-and-template,13,deepseek-r1-distill-8b,0.482712
F1,A3,ablation-instructions-and-template,ablation-instructions-and-template,14,deepseek-r1-distill-8b,0.4894239999999999
F1,A3,ablation-instructions-and-template,ablation-instructions-and-template,15,deepseek-r1-distill-8b,0.493992
F1,A3,ablation-instructions-and-template,ablation-instructions-and-template,16,deepseek-r1-distill-8b,0.501876
F1,A3,ablation-instructions-and-template,ablation-instructions-and-template,17,deepseek-r1-distill-8b,0.4992799999999999
F1,A3,ablation-instructions-and-template,ablation-instructions-and-template,18,deepseek-r1-distill-8b,0.506228
F1,A3,ablation-instructions-and-template,ablation-instructions-and-template,19,deepseek-r1-distill-8b,0.534492
F1,A3,ablation-instructions-and-template,ablation-instructions-and-template,20,deepseek-r1-distill-8b,0.5369440000000001
F1,A3,ablation-instructions-and-template,ablation-instructions-and-template,21,deepseek-r1-distill-8b,0.539184
F1,A3,ablation-instructions-and-template,ablation-instructions-and-template,22,deepseek-r1-distill-8b,0.539076
F1,A3,ablation-instructions-and-template,ablation-instructions-and-template,23,deepseek-r1-distill-8b,0.54428
F1,A3,ablation-instructions-and-template,ablation-instructions-and-template,24,deepseek-r1-distill-8b,0.5461940000000001
F1,A3,ablation-instructions-and-template,ablation-instructions-and-template,25,deepseek-r1-distill-8b,0.547068
F1,A3,ablation-instructions-and-template,ablation-instructions-and-template,26,deepseek-r1-distill-8b,0.548108
F1,A3,ablation-instructions-and-template,ablation-instructions-and-template,27,deepseek-r1-distill-8b,0.545148
F1,A3,ablation-instructions-and-template,ablation-instructions-and-template,28,deepseek-r1-distill-8b,0.5430759999999999
F1,A3,ablation-instructions-and-template,ablation-instructions-and-template,29,deepseek-r1-distill-8b,0.545196
F1,A3,ablation-instructions-and-template,ablation-instructions-and-template,30,deepseek-r1-distill-8b,0.5460919999999999
F1,A3,ablation-instructions-and-template,ablation-instructions-and-template,31,deepseek-r1-distill-8b,0.537656
F1,A3,ablation-instructions-and-template,ablation-instructions-and-template,32,deepseek-r1-distill-8b,0.540228
F1,F0,ablation-instructions-and-template,ablation-instructions-and-template,0,deepseek-r1-distill-8b,0.5
F1,F0,ablation-instructions-and-template,ablation-instructions-and-template,1,deepseek-r1-distill-8b,0.4726494587065305
F1,F0,ablation-instructions-and-template,ablation-instructions-and-template,2,deepseek-r1-distill-8b,0.4699914377089892
F1,F0,ablation-instructions-and-template,ablation-instructions-and-template,3,deepseek-r1-distill-8b,0.4501497370153475
F1,F0,ablation-instructions-and-template,ablation-instructions-and-template,4,deepseek-r1-distill-8b,0.4159651681053972
F1,F0,ablation-instructions-and-template,ablation-instructions-and-template,5,deepseek-r1-distill-8b,0.3332284235076806
F1,F0,ablation-instructions-and-template,ablation-instructions-and-template,6,deepseek-r1-distill-8b,0.324429741798136
F1,F0,ablation-instructions-and-template,ablation-instructions-and-template,7,deepseek-r1-distill-8b,0.2924276637589694
F1,F0,ablation-instructions-and-template,ablation-instructions-and-template,8,deepseek-r1-distill-8b,0.2655231037549013
F1,F0,ablation-instructions-and-template,ablation-instructions-and-template,9,deepseek-r1-distill-8b,0.1177940349830747
F1,F0,ablation-instructions-and-template,ablation-instructions-and-template,10,deepseek-r1-distill-8b,0.216821122333561
F1,F0,ablation-instructions-and-template,ablation-instructions-and-template,11,deepseek-r1-distill-8b,0.5430320405602459
F1,F0,ablation-instructions-and-template,ablation-instructions-and-template,12,deepseek-r1-distill-8b,0.5097531778743802
F1,F0,ablation-instructions-and-template,ablation-instructions-and-template,13,deepseek-r1-distill-8b,0.5049635174935989
F1,F0,ablation-instructions-and-template,ablation-instructions-and-template,14,deepseek-r1-distill-8b,0.6158651143677442
F1,F0,ablation-instructions-and-template,ablation-instructions-and-template,15,deepseek-r1-distill-8b,0.6920241503334896
F1,F0,ablation-instructions-and-template,ablation-instructions-and-template,16,deepseek-r1-distill-8b,0.7077977320236556
F1,F0,ablation-instructions-and-template,ablation-instructions-and-template,17,deepseek-r1-distill-8b,0.6668540383640114
F1,F0,ablation-instructions-and-template,ablation-instructions-and-template,18,deepseek-r1-distill-8b,0.6964894606856155
F1,F0,ablation-instructions-and-template,ablation-instructions-and-template,19,deepseek-r1-distill-8b,0.8525183168432496
F1,F0,ablation-instructions-and-template,ablation-instructions-and-template,20,deepseek-r1-distill-8b,0.8423603886153139
F1,F0,ablation-instructions-and-template,ablation-instructions-and-template,21,deepseek-r1-distill-8b,0.8204090383708833
F1,F0,ablation-instructions-and-template,ablation-instructions-and-template,22,deepseek-r1-distill-8b,0.8479774164420726
F1,F0,ablation-instructions-and-template,ablation-instructions-and-template,23,deepseek-r1-distill-8b,0.8170473427349028
F1,F0,ablation-instructions-and-template,ablation-instructions-and-template,24,deepseek-r1-distill-8b,0.807651499637855
F1,F0,ablation-instructions-and-template,ablation-instructions-and-template,25,deepseek-r1-distill-8b,0.7970324721107078
F1,F0,ablation-instructions-and-template,ablation-instructions-and-template,26,deepseek-r1-distill-8b,0.8061692474941897
F1,F0,ablation-instructions-and-template,ablation-instructions-and-template,27,deepseek-r1-distill-8b,0.7981333380977971
F1,F0,ablation-instructions-and-template,ablation-instructions-and-template,28,deepseek-r1-distill-8b,0.7789101014418458
F1,F0,ablation-instructions-and-template,ablation-instructions-and-template,29,deepseek-r1-distill-8b,0.809612030637334
F1,F0,ablation-instructions-and-template,ablation-instructions-and-template,30,deepseek-r1-distill-8b,0.8063053095824817
F1,F0,ablation-instructions-and-template,ablation-instructions-and-template,31,deepseek-r1-distill-8b,0.8153513769071025
F1,F0,ablation-instructions-and-template,ablation-instructions-and-template,32,deepseek-r1-distill-8b,0.7794488523369008
F1,F2,ablation-instructions-and-template,ablation-instructions-and-template,0,deepseek-r1-distill-8b,0.5
F1,F2,ablation-instructions-and-template,ablation-instructions-and-template,1,deepseek-r1-distill-8b,0.504247473574406
F1,F2,ablation-instructions-and-template,ablation-instructions-and-template,2,deepseek-r1-distill-8b,0.4829805568650195
F1,F2,ablation-instructions-and-template,ablation-instructions-and-template,3,deepseek-r1-distill-8b,0.4641716911143211
F1,F2,ablation-instructions-and-template,ablation-instructions-and-template,4,deepseek-r1-distill-8b,0.4427322916566453
F1,F2,ablation-instructions-and-template,ablation-instructions-and-template,5,deepseek-r1-distill-8b,0.3942983113183042
F1,F2,ablation-instructions-and-template,ablation-instructions-and-template,6,deepseek-r1-distill-8b,0.3961193443181708
F1,F2,ablation-instructions-and-template,ablation-instructions-and-template,7,deepseek-r1-distill-8b,0.3982922146372571
F1,F2,ablation-instructions-and-template,ablation-instructions-and-template,8,deepseek-r1-distill-8b,0.3776643774334842
F1,F2,ablation-instructions-and-template,ablation-instructions-and-template,9,deepseek-r1-distill-8b,0.2705189188149129
F1,F2,ablation-instructions-and-template,ablation-instructions-and-template,10,deepseek-r1-distill-8b,0.3686444230348992
F1,F2,ablation-instructions-and-template,ablation-instructions-and-template,11,deepseek-r1-distill-8b,0.6709001675350359
F1,F2,ablation-instructions-and-template,ablation-instructions-and-template,12,deepseek-r1-distill-8b,0.6763921281897283
F1,F2,ablation-instructions-and-template,ablation-instructions-and-template,13,deepseek-r1-distill-8b,0.6542689823792724
F1,F2,ablation-instructions-and-template,ablation-instructions-and-template,14,deepseek-r1-distill-8b,0.758447187981457
F1,F2,ablation-instructions-and-template,ablation-instructions-and-template,15,deepseek-r1-distill-8b,0.7801841373594884
F1,F2,ablation-instructions-and-template,ablation-instructions-and-template,16,deepseek-r1-distill-8b,0.823396906855193
F1,F2,ablation-instructions-and-template,ablation-instructions-and-template,17,deepseek-r1-distill-8b,0.825719582907853
F1,F2,ablation-instructions-and-template,ablation-instructions-and-template,18,deepseek-r1-distill-8b,0.8580432622466186
F1,F2,ablation-instructions-and-template,ablation-instructions-and-template,19,deepseek-r1-distill-8b,0.9309258131771322
F1,F2,ablation-instructions-and-template,ablation-instructions-and-template,20,deepseek-r1-distill-8b,0.9315209130178432
F1,F2,ablation-instructions-and-template,ablation-instructions-and-template,21,deepseek-r1-distill-8b,0.9355642934598116
F1,F2,ablation-instructions-and-template,ablation-instructions-and-template,22,deepseek-r1-distill-8b,0.9340414975625644
F1,F2,ablation-instructions-and-template,ablation-instructions-and-template,23,deepseek-r1-distill-8b,0.9274308041819164
F1,F2,ablation-instructions-and-template,ablation-instructions-and-template,24,deepseek-r1-distill-8b,0.9334862542931712
F1,F2,ablation-instructions-and-template,ablation-instructions-and-template,25,deepseek-r1-distill-8b,0.9244401869685503
F1,F2,ablation-instructions-and-template,ablation-instructions-and-template,26,deepseek-r1-distill-8b,0.9286801015380514
F1,F2,ablation-instructions-and-template,ablation-instructions-and-template,27,deepseek-r1-distill-8b,0.933025842176224
F1,F2,ablation-instructions-and-template,ablation-instructions-and-template,28,deepseek-r1-distill-8b,0.9343672219557482
F1,F2,ablation-instructions-and-template,ablation-instructions-and-template,29,deepseek-r1-distill-8b,0.9439204297912752
F1,F2,ablation-instructions-and-template,ablation-instructions-and-template,30,deepseek-r1-distill-8b,0.9446282275232988
F1,F2,ablation-instructions-and-template,ablation-instructions-and-template,31,deepseek-r1-distill-8b,0.9364452611223886
F1,F2,ablation-instructions-and-template,ablation-instructions-and-template,32,deepseek-r1-distill-8b,0.9338669532674828
F1,F3,ablation-instructions-and-template,ablation-instructions-and-template,0,deepseek-r1-distill-8b,0.5
F1,F3,ablation-instructions-and-template,ablation-instructions-and-template,1,deepseek-r1-distill-8b,0.4978201424647871
F1,F3,ablation-instructions-and-template,ablation-instructions-and-template,2,deepseek-r1-distill-8b,0.4821367914461008
F1,F3,ablation-instructions-and-template,ablation-instructions-and-template,3,deepseek-r1-distill-8b,0.4910215520826132
F1,F3,ablation-instructions-and-template,ablation-instructions-and-template,4,deepseek-r1-distill-8b,0.4927790653516378
F1,F3,ablation-instructions-and-template,ablation-instructions-and-template,5,deepseek-r1-distill-8b,0.4830245661076492
F1,F3,ablation-instructions-and-template,ablation-instructions-and-template,6,deepseek-r1-distill-8b,0.4788722656590524
F1,F3,ablation-instructions-and-template,ablation-instructions-and-template,7,deepseek-r1-distill-8b,0.4776277779280782
F1,F3,ablation-instructions-and-template,ablation-instructions-and-template,8,deepseek-r1-distill-8b,0.4716037358680001
F1,F3,ablation-instructions-and-template,ablation-instructions-and-template,9,deepseek-r1-distill-8b,0.4476618760903045
F1,F3,ablation-instructions-and-template,ablation-instructions-and-template,10,deepseek-r1-distill-8b,0.4508582656730805
F1,F3,ablation-instructions-and-template,ablation-instructions-and-template,11,deepseek-r1-distill-8b,0.4662570478386294
F1,F3,ablation-instructions-and-template,ablation-instructions-and-template,12,deepseek-r1-distill-8b,0.4727470212955698
F1,F3,ablation-instructions-and-template,ablation-instructions-and-template,13,deepseek-r1-distill-8b,0.4833186539893246
F1,F3,ablation-instructions-and-template,ablation-instructions-and-template,14,deepseek-r1-distill-8b,0.5070536001466932
F1,F3,ablation-instructions-and-template,ablation-instructions-and-template,15,deepseek-r1-distill-8b,0.509396784171559
F1,F3,ablation-instructions-and-template,ablation-instructions-and-template,16,deepseek-r1-distill-8b,0.4969423878332787
F1,F3,ablation-instructions-and-template,ablation-instructions-and-template,17,deepseek-r1-distill-8b,0.4926272618965311
F1,F3,ablation-instructions-and-template,ablation-instructions-and-template,18,deepseek-r1-distill-8b,0.4887780673566459
F1,F3,ablation-instructions-and-template,ablation-instructions-and-template,19,deepseek-r1-distill-8b,0.5007434862289717
F1,F3,ablation-instructions-and-template,ablation-instructions-and-template,20,deepseek-r1-distill-8b,0.501391782172563
F1,F3,ablation-instructions-and-template,ablation-instructions-and-template,21,deepseek-r1-distill-8b,0.5048341634928222
F1,F3,ablation-instructions-and-template,ablation-instructions-and-template,22,deepseek-r1-distill-8b,0.5052319586854122
F1,F3,ablation-instructions-and-template,ablation-instructions-and-template,23,deepseek-r1-distill-8b,0.506822137452768
F1,F3,ablation-instructions-and-template,ablation-instructions-and-template,24,deepseek-r1-distill-8b,0.5056668279891503
F1,F3,ablation-instructions-and-template,ablation-instructions-and-template,25,deepseek-r1-distill-8b,0.5248511775038301
F1,F3,ablation-instructions-and-template,ablation-instructions-and-template,26,deepseek-r1-distill-8b,0.5210956702448194
F1,F3,ablation-instructions-and-template,ablation-instructions-and-template,27,deepseek-r1-distill-8b,0.5240726211697182
F1,F3,ablation-instructions-and-template,ablation-instructions-and-template,28,deepseek-r1-distill-8b,0.5183331479627776
F1,F3,ablation-instructions-and-template,ablation-instructions-and-template,29,deepseek-r1-distill-8b,0.5178291404517631
F1,F3,ablation-instructions-and-template,ablation-instructions-and-template,30,deepseek-r1-distill-8b,0.5178571965358753
F1,F3,ablation-instructions-and-template,ablation-instructions-and-template,31,deepseek-r1-distill-8b,0.5165646126607087
F1,F3,ablation-instructions-and-template,ablation-instructions-and-template,32,deepseek-r1-distill-8b,0.5204644083522962
F1,F4,ablation-instructions-and-template,ablation-instructions-and-template,0,deepseek-r1-distill-8b,0.5
F1,F4,ablation-instructions-and-template,ablation-instructions-and-template,1,deepseek-r1-distill-8b,0.4994324688311479
F1,F4,ablation-instructions-and-template,ablation-instructions-and-template,2,deepseek-r1-distill-8b,0.49250415315882
F1,F4,ablation-instructions-and-template,ablation-instructions-and-template,3,deepseek-r1-distill-8b,0.4971215182013193
F1,F4,ablation-instructions-and-template,ablation-instructions-and-template,4,deepseek-r1-distill-8b,0.4888953403977356
F1,F4,ablation-instructions-and-template,ablation-instructions-and-template,5,deepseek-r1-distill-8b,0.4509745810551442
F1,F4,ablation-instructions-and-template,ablation-instructions-and-template,6,deepseek-r1-distill-8b,0.4550904420896437
F1,F4,ablation-instructions-and-template,ablation-instructions-and-template,7,deepseek-r1-distill-8b,0.4550339913872356
F1,F4,ablation-instructions-and-template,ablation-instructions-and-template,8,deepseek-r1-distill-8b,0.4346895614586862
F1,F4,ablation-instructions-and-template,ablation-instructions-and-template,9,deepseek-r1-distill-8b,0.3721966177964871
F1,F4,ablation-instructions-and-template,ablation-instructions-and-template,10,deepseek-r1-distill-8b,0.3905945065402171
F1,F4,ablation-instructions-and-template,ablation-instructions-and-template,11,deepseek-r1-distill-8b,0.4238782438992919
F1,F4,ablation-instructions-and-template,ablation-instructions-and-template,12,deepseek-r1-distill-8b,0.4351976177803583
F1,F4,ablation-instructions-and-template,ablation-instructions-and-template,13,deepseek-r1-distill-8b,0.4472004483798648
F1,F4,ablation-instructions-and-template,ablation-instructions-and-template,14,deepseek-r1-distill-8b,0.4675277414880405
F1,F4,ablation-instructions-and-template,ablation-instructions-and-template,15,deepseek-r1-distill-8b,0.4859528475347172
F1,F4,ablation-instructions-and-template,ablation-instructions-and-template,16,deepseek-r1-distill-8b,0.4832502701569329
F1,F4,ablation-instructions-and-template,ablation-instructions-and-template,17,deepseek-r1-distill-8b,0.474805345881518
F1,F4,ablation-instructions-and-template,ablation-instructions-and-template,18,deepseek-r1-distill-8b,0.4780991435622006
F1,F4,ablation-instructions-and-template,ablation-instructions-and-template,19,deepseek-r1-distill-8b,0.4889114691698521
F1,F4,ablation-instructions-and-template,ablation-instructions-and-template,20,deepseek-r1-distill-8b,0.4953922114159449
F1,F4,ablation-instructions-and-template,ablation-instructions-and-template,21,deepseek-r1-distill-8b,0.4930454750729827
F1,F4,ablation-instructions-and-template,ablation-instructions-and-template,22,deepseek-r1-distill-8b,0.4928368090837244
F1,F4,ablation-instructions-and-template,ablation-instructions-and-template,23,deepseek-r1-distill-8b,0.4919063805422493
F1,F4,ablation-instructions-and-template,ablation-instructions-and-template,24,deepseek-r1-distill-8b,0.4857754310414348
F1,F4,ablation-instructions-and-template,ablation-instructions-and-template,25,deepseek-r1-distill-8b,0.504936916340059
F1,F4,ablation-instructions-and-template,ablation-instructions-and-template,26,deepseek-r1-distill-8b,0.5045644425089918
F1,F4,ablation-instructions-and-template,ablation-instructions-and-template,27,deepseek-r1-distill-8b,0.4941523120594829
F1,F4,ablation-instructions-and-template,ablation-instructions-and-template,28,deepseek-r1-distill-8b,0.4982832938178416
F1,F4,ablation-instructions-and-template,ablation-instructions-and-template,29,deepseek-r1-distill-8b,0.5098214141707391
F1,F4,ablation-instructions-and-template,ablation-instructions-and-template,30,deepseek-r1-distill-8b,0.5128747923420589
F1,F4,ablation-instructions-and-template,ablation-instructions-and-template,31,deepseek-r1-distill-8b,0.5161126433444623
F1,F4,ablation-instructions-and-template,ablation-instructions-and-template,32,deepseek-r1-distill-8b,0.5197325446363769
F1,F5,ablation-instructions-and-template,ablation-instructions-and-template,0,deepseek-r1-distill-8b,0.5
F1,F5,ablation-instructions-and-template,ablation-instructions-and-template,1,deepseek-r1-distill-8b,0.4671237030602042
F1,F5,ablation-instructions-and-template,ablation-instructions-and-template,2,deepseek-r1-distill-8b,0.4791291039027028
F1,F5,ablation-instructions-and-template,ablation-instructions-and-template,3,deepseek-r1-distill-8b,0.4953306069596289
F1,F5,ablation-instructions-and-template,ablation-instructions-and-template,4,deepseek-r1-distill-8b,0.4747680670065073
F1,F5,ablation-instructions-and-template,ablation-instructions-and-template,5,deepseek-r1-distill-8b,0.4645011391761872
F1,F5,ablation-instructions-and-template,ablation-instructions-and-template,6,deepseek-r1-distill-8b,0.4684124473438345
F1,F5,ablation-instructions-and-template,ablation-instructions-and-template,7,deepseek-r1-distill-8b,0.4657540280942156
F1,F5,ablation-instructions-and-template,ablation-instructions-and-template,8,deepseek-r1-distill-8b,0.4454522078709698
F1,F5,ablation-instructions-and-template,ablation-instructions-and-template,9,deepseek-r1-distill-8b,0.3973553082332114
F1,F5,ablation-instructions-and-template,ablation-instructions-and-template,10,deepseek-r1-distill-8b,0.4130138586110246
F1,F5,ablation-instructions-and-template,ablation-instructions-and-template,11,deepseek-r1-distill-8b,0.46581446999623
F1,F5,ablation-instructions-and-template,ablation-instructions-and-template,12,deepseek-r1-distill-8b,0.4559501466996672
F1,F5,ablation-instructions-and-template,ablation-instructions-and-template,13,deepseek-r1-distill-8b,0.4557370633840908
F1,F5,ablation-instructions-and-template,ablation-instructions-and-template,14,deepseek-r1-distill-8b,0.463282056745726
F1,F5,ablation-instructions-and-template,ablation-instructions-and-template,15,deepseek-r1-distill-8b,0.4628497434804701
F1,F5,ablation-instructions-and-template,ablation-instructions-and-template,16,deepseek-r1-distill-8b,0.4825763411955613
F1,F5,ablation-instructions-and-template,ablation-instructions-and-template,17,deepseek-r1-distill-8b,0.4769951974298874
F1,F5,ablation-instructions-and-template,ablation-instructions-and-template,18,deepseek-r1-distill-8b,0.4879167417921946
F1,F5,ablation-instructions-and-template,ablation-instructions-and-template,19,deepseek-r1-distill-8b,0.5126968971791047
F1,F5,ablation-instructions-and-template,ablation-instructions-and-template,20,deepseek-r1-distill-8b,0.5159474421806619
F1,F5,ablation-instructions-and-template,ablation-instructions-and-template,21,deepseek-r1-distill-8b,0.5240932690258815
F1,F5,ablation-instructions-and-template,ablation-instructions-and-template,22,deepseek-r1-distill-8b,0.5150285203822387
F1,F5,ablation-instructions-and-template,ablation-instructions-and-template,23,deepseek-r1-distill-8b,0.5151330131619924
F1,F5,ablation-instructions-and-template,ablation-instructions-and-template,24,deepseek-r1-distill-8b,0.5091728269599567
F1,F5,ablation-instructions-and-template,ablation-instructions-and-template,25,deepseek-r1-distill-8b,0.5182473077742629
F1,F5,ablation-instructions-and-template,ablation-instructions-and-template,26,deepseek-r1-distill-8b,0.5112964890426004
F1,F5,ablation-instructions-and-template,ablation-instructions-and-template,27,deepseek-r1-distill-8b,0.5117154846006327
F1,F5,ablation-instructions-and-template,ablation-instructions-and-template,28,deepseek-r1-distill-8b,0.513642454391975
F1,F5,ablation-instructions-and-template,ablation-instructions-and-template,29,deepseek-r1-distill-8b,0.531178801488305
F1,F5,ablation-instructions-and-template,ablation-instructions-and-template,30,deepseek-r1-distill-8b,0.5221883246734089
F1,F5,ablation-instructions-and-template,ablation-instructions-and-template,31,deepseek-r1-distill-8b,0.5235887328099132
F1,F5,ablation-instructions-and-template,ablation-instructions-and-template,32,deepseek-r1-distill-8b,0.524985043190349
F2,A1,ablation-instructions-and-template,ablation-instructions-and-template,0,deepseek-r1-distill-8b,0.5
F2,A1,ablation-instructions-and-template,ablation-instructions-and-template,1,deepseek-r1-distill-8b,0.4985079999999999
F2,A1,ablation-instructions-and-template,ablation-instructions-and-template,2,deepseek-r1-distill-8b,0.503428
F2,A1,ablation-instructions-and-template,ablation-instructions-and-template,3,deepseek-r1-distill-8b,0.506248
F2,A1,ablation-instructions-and-template,ablation-instructions-and-template,4,deepseek-r1-distill-8b,0.5004559999999999
F2,A1,ablation-instructions-and-template,ablation-instructions-and-template,5,deepseek-r1-distill-8b,0.5017119999999999
F2,A1,ablation-instructions-and-template,ablation-instructions-and-template,6,deepseek-r1-distill-8b,0.5144960000000001
F2,A1,ablation-instructions-and-template,ablation-instructions-and-template,7,deepseek-r1-distill-8b,0.514788
F2,A1,ablation-instructions-and-template,ablation-instructions-and-template,8,deepseek-r1-distill-8b,0.5148199999999999
F2,A1,ablation-instructions-and-template,ablation-instructions-and-template,9,deepseek-r1-distill-8b,0.525408
F2,A1,ablation-instructions-and-template,ablation-instructions-and-template,10,deepseek-r1-distill-8b,0.51574
F2,A1,ablation-instructions-and-template,ablation-instructions-and-template,11,deepseek-r1-distill-8b,0.522604
F2,A1,ablation-instructions-and-template,ablation-instructions-and-template,12,deepseek-r1-distill-8b,0.528276
F2,A1,ablation-instructions-and-template,ablation-instructions-and-template,13,deepseek-r1-distill-8b,0.527052
F2,A1,ablation-instructions-and-template,ablation-instructions-and-template,14,deepseek-r1-distill-8b,0.542184
F2,A1,ablation-instructions-and-template,ablation-instructions-and-template,15,deepseek-r1-distill-8b,0.5544560000000001
F2,A1,ablation-instructions-and-template,ablation-instructions-and-template,16,deepseek-r1-distill-8b,0.56938
F2,A1,ablation-instructions-and-template,ablation-instructions-and-template,17,deepseek-r1-distill-8b,0.572944
F2,A1,ablation-instructions-and-template,ablation-instructions-and-template,18,deepseek-r1-distill-8b,0.573728
F2,A1,ablation-instructions-and-template,ablation-instructions-and-template,19,deepseek-r1-distill-8b,0.584232
F2,A1,ablation-instructions-and-template,ablation-instructions-and-template,20,deepseek-r1-distill-8b,0.587016
F2,A1,ablation-instructions-and-template,ablation-instructions-and-template,21,deepseek-r1-distill-8b,0.5926
F2,A1,ablation-instructions-and-template,ablation-instructions-and-template,22,deepseek-r1-distill-8b,0.598428
F2,A1,ablation-instructions-and-template,ablation-instructions-and-template,23,deepseek-r1-distill-8b,0.589684
F2,A1,ablation-instructions-and-template,ablation-instructions-and-template,24,deepseek-r1-distill-8b,0.592444
F2,A1,ablation-instructions-and-template,ablation-instructions-and-template,25,deepseek-r1-distill-8b,0.585652
F2,A1,ablation-instructions-and-template,ablation-instructions-and-template,26,deepseek-r1-distill-8b,0.5904879999999999
F2,A1,ablation-instructions-and-template,ablation-instructions-and-template,27,deepseek-r1-distill-8b,0.588584
F2,A1,ablation-instructions-and-template,ablation-instructions-and-template,28,deepseek-r1-distill-8b,0.57908
F2,A1,ablation-instructions-and-template,ablation-instructions-and-template,29,deepseek-r1-distill-8b,0.571364
F2,A1,ablation-instructions-and-template,ablation-instructions-and-template,30,deepseek-r1-distill-8b,0.567844
F2,A1,ablation-instructions-and-template,ablation-instructions-and-template,31,deepseek-r1-distill-8b,0.552364
F2,A1,ablation-instructions-and-template,ablation-instructions-and-template,32,deepseek-r1-distill-8b,0.535836
F2,A2,ablation-instructions-and-template,ablation-instructions-and-template,0,deepseek-r1-distill-8b,0.5
F2,A2,ablation-instructions-and-template,ablation-instructions-and-template,1,deepseek-r1-distill-8b,0.510364
F2,A2,ablation-instructions-and-template,ablation-instructions-and-template,2,deepseek-r1-distill-8b,0.5081279999999999
F2,A2,ablation-instructions-and-template,ablation-instructions-and-template,3,deepseek-r1-distill-8b,0.5020279999999999
F2,A2,ablation-instructions-and-template,ablation-instructions-and-template,4,deepseek-r1-distill-8b,0.50482
F2,A2,ablation-instructions-and-template,ablation-instructions-and-template,5,deepseek-r1-distill-8b,0.507464
F2,A2,ablation-instructions-and-template,ablation-instructions-and-template,6,deepseek-r1-distill-8b,0.507376
F2,A2,ablation-instructions-and-template,ablation-instructions-and-template,7,deepseek-r1-distill-8b,0.508308
F2,A2,ablation-instructions-and-template,ablation-instructions-and-template,8,deepseek-r1-distill-8b,0.5366679999999999
F2,A2,ablation-instructions-and-template,ablation-instructions-and-template,9,deepseek-r1-distill-8b,0.534882
F2,A2,ablation-instructions-and-template,ablation-instructions-and-template,10,deepseek-r1-distill-8b,0.5236679999999999
F2,A2,ablation-instructions-and-template,ablation-instructions-and-template,11,deepseek-r1-distill-8b,0.524248
F2,A2,ablation-instructions-and-template,ablation-instructions-and-template,12,deepseek-r1-distill-8b,0.522064
F2,A2,ablation-instructions-and-template,ablation-instructions-and-template,13,deepseek-r1-distill-8b,0.52502
F2,A2,ablation-instructions-and-template,ablation-instructions-and-template,14,deepseek-r1-distill-8b,0.538608
F2,A2,ablation-instructions-and-template,ablation-instructions-and-template,15,deepseek-r1-distill-8b,0.5542039999999999
F2,A2,ablation-instructions-and-template,ablation-instructions-and-template,16,deepseek-r1-distill-8b,0.554684
F2,A2,ablation-instructions-and-template,ablation-instructions-and-template,17,deepseek-r1-distill-8b,0.555876
F2,A2,ablation-instructions-and-template,ablation-instructions-and-template,18,deepseek-r1-distill-8b,0.555368
F2,A2,ablation-instructions-and-template,ablation-instructions-and-template,19,deepseek-r1-distill-8b,0.56482
F2,A2,ablation-instructions-and-template,ablation-instructions-and-template,20,deepseek-r1-distill-8b,0.565964
F2,A2,ablation-instructions-and-template,ablation-instructions-and-template,21,deepseek-r1-distill-8b,0.567248
F2,A2,ablation-instructions-and-template,ablation-instructions-and-template,22,deepseek-r1-distill-8b,0.5670599999999999
F2,A2,ablation-instructions-and-template,ablation-instructions-and-template,23,deepseek-r1-distill-8b,0.564032
F2,A2,ablation-instructions-and-template,ablation-instructions-and-template,24,deepseek-r1-distill-8b,0.56612
F2,A2,ablation-instructions-and-template,ablation-instructions-and-template,25,deepseek-r1-distill-8b,0.562988
F2,A2,ablation-instructions-and-template,ablation-instructions-and-template,26,deepseek-r1-distill-8b,0.5637759999999999
F2,A2,ablation-instructions-and-template,ablation-instructions-and-template,27,deepseek-r1-distill-8b,0.555056
F2,A2,ablation-instructions-and-template,ablation-instructions-and-template,28,deepseek-r1-distill-8b,0.548208
F2,A2,ablation-instructions-and-template,ablation-instructions-and-template,29,deepseek-r1-distill-8b,0.5415679999999999
F2,A2,ablation-instructions-and-template,ablation-instructions-and-template,30,deepseek-r1-distill-8b,0.539976
F2,A2,ablation-instructions-and-template,ablation-instructions-and-template,31,deepseek-r1-distill-8b,0.538852
F2,A2,ablation-instructions-and-template,ablation-instructions-and-template,32,deepseek-r1-distill-8b,0.53454
F2,A3,ablation-instructions-and-template,ablation-instructions-and-template,0,deepseek-r1-distill-8b,0.5
F2,A3,ablation-instructions-and-template,ablation-instructions-and-template,1,deepseek-r1-distill-8b,0.508424
F2,A3,ablation-instructions-and-template,ablation-instructions-and-template,2,deepseek-r1-distill-8b,0.512292
F2,A3,ablation-instructions-and-template,ablation-instructions-and-template,3,deepseek-r1-distill-8b,0.5069279999999999
F2,A3,ablation-instructions-and-template,ablation-instructions-and-template,4,deepseek-r1-distill-8b,0.5112239999999999
F2,A3,ablation-instructions-and-template,ablation-instructions-and-template,5,deepseek-r1-distill-8b,0.513448
F2,A3,ablation-instructions-and-template,ablation-instructions-and-template,6,deepseek-r1-distill-8b,0.513496
F2,A3,ablation-instructions-and-template,ablation-instructions-and-template,7,deepseek-r1-distill-8b,0.51118
F2,A3,ablation-instructions-and-template,ablation-instructions-and-template,8,deepseek-r1-distill-8b,0.5230279999999999
F2,A3,ablation-instructions-and-template,ablation-instructions-and-template,9,deepseek-r1-distill-8b,0.528328
F2,A3,ablation-instructions-and-template,ablation-instructions-and-template,10,deepseek-r1-distill-8b,0.52148
F2,A3,ablation-instructions-and-template,ablation-instructions-and-template,11,deepseek-r1-distill-8b,0.5214880000000001
F2,A3,ablation-instructions-and-template,ablation-instructions-and-template,12,deepseek-r1-distill-8b,0.520212
F2,A3,ablation-instructions-and-template,ablation-instructions-and-template,13,deepseek-r1-distill-8b,0.52396
F2,A3,ablation-instructions-and-template,ablation-instructions-and-template,14,deepseek-r1-distill-8b,0.538084
F2,A3,ablation-instructions-and-template,ablation-instructions-and-template,15,deepseek-r1-distill-8b,0.5515239999999999
F2,A3,ablation-instructions-and-template,ablation-instructions-and-template,16,deepseek-r1-distill-8b,0.557132
F2,A3,ablation-instructions-and-template,ablation-instructions-and-template,17,deepseek-r1-distill-8b,0.5626
F2,A3,ablation-instructions-and-template,ablation-instructions-and-template,18,deepseek-r1-distill-8b,0.562488
F2,A3,ablation-instructions-and-template,ablation-instructions-and-template,19,deepseek-r1-distill-8b,0.569488
F2,A3,ablation-instructions-and-template,ablation-instructions-and-template,20,deepseek-r1-distill-8b,0.570916
F2,A3,ablation-instructions-and-template,ablation-instructions-and-template,21,deepseek-r1-distill-8b,0.571912
F2,A3,ablation-instructions-and-template,ablation-instructions-and-template,22,deepseek-r1-distill-8b,0.572056
F2,A3,ablation-instructions-and-template,ablation-instructions-and-template,23,deepseek-r1-distill-8b,0.568808
F2,A3,ablation-instructions-and-template,ablation-instructions-and-template,24,deepseek-r1-distill-8b,0.574248
F2,A3,ablation-instructions-and-template,ablation-instructions-and-template,25,deepseek-r1-distill-8b,0.5726
F2,A3,ablation-instructions-and-template,ablation-instructions-and-template,26,deepseek-r1-distill-8b,0.5723600000000001
F2,A3,ablation-instructions-and-template,ablation-instructions-and-template,27,deepseek-r1-distill-8b,0.568512
F2,A3,ablation-instructions-and-template,ablation-instructions-and-template,28,deepseek-r1-distill-8b,0.561692
F2,A3,ablation-instructions-and-template,ablation-instructions-and-template,29,deepseek-r1-distill-8b,0.5521959999999999
F2,A3,ablation-instructions-and-template,ablation-instructions-and-template,30,deepseek-r1-distill-8b,0.551748
F2,A3,ablation-instructions-and-template,ablation-instructions-and-template,31,deepseek-r1-distill-8b,0.548096
F2,A3,ablation-instructions-and-template,ablation-instructions-and-template,32,deepseek-r1-distill-8b,0.5426759999999999
F2,F0,ablation-instructions-and-template,ablation-instructions-and-template,0,deepseek-r1-distill-8b,0.5
F2,F0,ablation-instructions-and-template,ablation-instructions-and-template,1,deepseek-r1-distill-8b,0.4939892167359117
F2,F0,ablation-instructions-and-template,ablation-instructions-and-template,2,deepseek-r1-distill-8b,0.5144383865510185
F2,F0,ablation-instructions-and-template,ablation-instructions-and-template,3,deepseek-r1-distill-8b,0.5257342886083047
F2,F0,ablation-instructions-and-template,ablation-instructions-and-template,4,deepseek-r1-distill-8b,0.5552047871865247
F2,F0,ablation-instructions-and-template,ablation-instructions-and-template,5,deepseek-r1-distill-8b,0.6316991680971511
F2,F0,ablation-instructions-and-template,ablation-instructions-and-template,6,deepseek-r1-distill-8b,0.6637837080080098
F2,F0,ablation-instructions-and-template,ablation-instructions-and-template,7,deepseek-r1-distill-8b,0.7087116844349095
F2,F0,ablation-instructions-and-template,ablation-instructions-and-template,8,deepseek-r1-distill-8b,0.779620647902926
F2,F0,ablation-instructions-and-template,ablation-instructions-and-template,9,deepseek-r1-distill-8b,0.9188905030036738
F2,F0,ablation-instructions-and-template,ablation-instructions-and-template,10,deepseek-r1-distill-8b,0.9179751762278916
F2,F0,ablation-instructions-and-template,ablation-instructions-and-template,11,deepseek-r1-distill-8b,0.9203913090684694
F2,F0,ablation-instructions-and-template,ablation-instructions-and-template,12,deepseek-r1-distill-8b,0.9352523127119098
F2,F0,ablation-instructions-and-template,ablation-instructions-and-template,13,deepseek-r1-distill-8b,0.9341638160055744
F2,F0,ablation-instructions-and-template,ablation-instructions-and-template,14,deepseek-r1-distill-8b,0.9370142480370638
F2,F0,ablation-instructions-and-template,ablation-instructions-and-template,15,deepseek-r1-distill-8b,0.9351313686334282
F2,F0,ablation-instructions-and-template,ablation-instructions-and-template,16,deepseek-r1-distill-8b,0.9437362649444964
F2,F0,ablation-instructions-and-template,ablation-instructions-and-template,17,deepseek-r1-distill-8b,0.9415963793740868
F2,F0,ablation-instructions-and-template,ablation-instructions-and-template,18,deepseek-r1-distill-8b,0.9338449634350318
F2,F0,ablation-instructions-and-template,ablation-instructions-and-template,19,deepseek-r1-distill-8b,0.9431686523943492
F2,F0,ablation-instructions-and-template,ablation-instructions-and-template,20,deepseek-r1-distill-8b,0.9371846692385608
F2,F0,ablation-instructions-and-template,ablation-instructions-and-template,21,deepseek-r1-distill-8b,0.9350310400228694
F2,F0,ablation-instructions-and-template,ablation-instructions-and-template,22,deepseek-r1-distill-8b,0.9324705989068304
F2,F0,ablation-instructions-and-template,ablation-instructions-and-template,23,deepseek-r1-distill-8b,0.93018640506096
F2,F0,ablation-instructions-and-template,ablation-instructions-and-template,24,deepseek-r1-distill-8b,0.93108798819146
F2,F0,ablation-instructions-and-template,ablation-instructions-and-template,25,deepseek-r1-distill-8b,0.9256235148273316
F2,F0,ablation-instructions-and-template,ablation-instructions-and-template,26,deepseek-r1-distill-8b,0.9221697367679618
F2,F0,ablation-instructions-and-template,ablation-instructions-and-template,27,deepseek-r1-distill-8b,0.9315195386533152
F2,F0,ablation-instructions-and-template,ablation-instructions-and-template,28,deepseek-r1-distill-8b,0.9332787252494128
F2,F0,ablation-instructions-and-template,ablation-instructions-and-template,29,deepseek-r1-distill-8b,0.9458569094115108
F2,F0,ablation-instructions-and-template,ablation-instructions-and-template,30,deepseek-r1-distill-8b,0.9537402643452734
F2,F0,ablation-instructions-and-template,ablation-instructions-and-template,31,deepseek-r1-distill-8b,0.9419248524963272
F2,F0,ablation-instructions-and-template,ablation-instructions-and-template,32,deepseek-r1-distill-8b,0.9188080411319816
F2,F1,ablation-instructions-and-template,ablation-instructions-and-template,0,deepseek-r1-distill-8b,0.5
F2,F1,ablation-instructions-and-template,ablation-instructions-and-template,1,deepseek-r1-distill-8b,0.500525694432037
F2,F1,ablation-instructions-and-template,ablation-instructions-and-template,2,deepseek-r1-distill-8b,0.477800576958229
F2,F1,ablation-instructions-and-template,ablation-instructions-and-template,3,deepseek-r1-distill-8b,0.4771614974526154
F2,F1,ablation-instructions-and-template,ablation-instructions-and-template,4,deepseek-r1-distill-8b,0.4623128630899287
F2,F1,ablation-instructions-and-template,ablation-instructions-and-template,5,deepseek-r1-distill-8b,0.3857291484849692
F2,F1,ablation-instructions-and-template,ablation-instructions-and-template,6,deepseek-r1-distill-8b,0.353817778504664
F2,F1,ablation-instructions-and-template,ablation-instructions-and-template,7,deepseek-r1-distill-8b,0.3120439686699862
F2,F1,ablation-instructions-and-template,ablation-instructions-and-template,8,deepseek-r1-distill-8b,0.2720609558155548
F2,F1,ablation-instructions-and-template,ablation-instructions-and-template,9,deepseek-r1-distill-8b,0.2087591000111323
F2,F1,ablation-instructions-and-template,ablation-instructions-and-template,10,deepseek-r1-distill-8b,0.3419941204685484
F2,F1,ablation-instructions-and-template,ablation-instructions-and-template,11,deepseek-r1-distill-8b,0.6204871022760852
F2,F1,ablation-instructions-and-template,ablation-instructions-and-template,12,deepseek-r1-distill-8b,0.5944057866244096
F2,F1,ablation-instructions-and-template,ablation-instructions-and-template,13,deepseek-r1-distill-8b,0.5781456798912603
F2,F1,ablation-instructions-and-template,ablation-instructions-and-template,14,deepseek-r1-distill-8b,0.6423078878903367
F2,F1,ablation-instructions-and-template,ablation-instructions-and-template,15,deepseek-r1-distill-8b,0.6820517613168611
F2,F1,ablation-instructions-and-template,ablation-instructions-and-template,16,deepseek-r1-distill-8b,0.7470056032841814
F2,F1,ablation-instructions-and-template,ablation-instructions-and-template,17,deepseek-r1-distill-8b,0.7557548078707108
F2,F1,ablation-instructions-and-template,ablation-instructions-and-template,18,deepseek-r1-distill-8b,0.8153225152520103
F2,F1,ablation-instructions-and-template,ablation-instructions-and-template,19,deepseek-r1-distill-8b,0.9325255734879584
F2,F1,ablation-instructions-and-template,ablation-instructions-and-template,20,deepseek-r1-distill-8b,0.9345032840440402
F2,F1,ablation-instructions-and-template,ablation-instructions-and-template,21,deepseek-r1-distill-8b,0.941678841245779
F2,F1,ablation-instructions-and-template,ablation-instructions-and-template,22,deepseek-r1-distill-8b,0.9415029225861692
F2,F1,ablation-instructions-and-template,ablation-instructions-and-template,23,deepseek-r1-distill-8b,0.9451697271474104
F2,F1,ablation-instructions-and-template,ablation-instructions-and-template,24,deepseek-r1-distill-8b,0.9567666150363726
F2,F1,ablation-instructions-and-template,ablation-instructions-and-template,25,deepseek-r1-distill-8b,0.9533018420607772
F2,F1,ablation-instructions-and-template,ablation-instructions-and-template,26,deepseek-r1-distill-8b,0.9543765951218306
F2,F1,ablation-instructions-and-template,ablation-instructions-and-template,27,deepseek-r1-distill-8b,0.9578193782649748
F2,F1,ablation-instructions-and-template,ablation-instructions-and-template,28,deepseek-r1-distill-8b,0.95871683830189
F2,F1,ablation-instructions-and-template,ablation-instructions-and-template,29,deepseek-r1-distill-8b,0.9641565731045108
F2,F1,ablation-instructions-and-template,ablation-instructions-and-template,30,deepseek-r1-distill-8b,0.9634900063083331
F2,F1,ablation-instructions-and-template,ablation-instructions-and-template,31,deepseek-r1-distill-8b,0.9524579822404616
F2,F1,ablation-instructions-and-template,ablation-instructions-and-template,32,deepseek-r1-distill-8b,0.933231996855454
F2,F3,ablation-instructions-and-template,ablation-instructions-and-template,0,deepseek-r1-distill-8b,0.5
F2,F3,ablation-instructions-and-template,ablation-instructions-and-template,1,deepseek-r1-distill-8b,0.50841632423214
F2,F3,ablation-instructions-and-template,ablation-instructions-and-template,2,deepseek-r1-distill-8b,0.5187625062499938
F2,F3,ablation-instructions-and-template,ablation-instructions-and-template,3,deepseek-r1-distill-8b,0.5155676196717238
F2,F3,ablation-instructions-and-template,ablation-instructions-and-template,4,deepseek-r1-distill-8b,0.5104483863242621
F2,F3,ablation-instructions-and-template,ablation-instructions-and-template,5,deepseek-r1-distill-8b,0.5241978715452189
F2,F3,ablation-instructions-and-template,ablation-instructions-and-template,6,deepseek-r1-distill-8b,0.5416096777458138
F2,F3,ablation-instructions-and-template,ablation-instructions-and-template,7,deepseek-r1-distill-8b,0.5347309271233196
F2,F3,ablation-instructions-and-template,ablation-instructions-and-template,8,deepseek-r1-distill-8b,0.5436206977748519
F2,F3,ablation-instructions-and-template,ablation-instructions-and-template,9,deepseek-r1-distill-8b,0.5537619701783866
F2,F3,ablation-instructions-and-template,ablation-instructions-and-template,10,deepseek-r1-distill-8b,0.5513621729837948
F2,F3,ablation-instructions-and-template,ablation-instructions-and-template,11,deepseek-r1-distill-8b,0.5687544401258116
F2,F3,ablation-instructions-and-template,ablation-instructions-and-template,12,deepseek-r1-distill-8b,0.5634172711249787
F2,F3,ablation-instructions-and-template,ablation-instructions-and-template,13,deepseek-r1-distill-8b,0.5598240883526169
F2,F3,ablation-instructions-and-template,ablation-instructions-and-template,14,deepseek-r1-distill-8b,0.557047538028519
F2,F3,ablation-instructions-and-template,ablation-instructions-and-template,15,deepseek-r1-distill-8b,0.5488090693295898
F2,F3,ablation-instructions-and-template,ablation-instructions-and-template,16,deepseek-r1-distill-8b,0.538818097376656
F2,F3,ablation-instructions-and-template,ablation-instructions-and-template,17,deepseek-r1-distill-8b,0.5519112706299893
F2,F3,ablation-instructions-and-template,ablation-instructions-and-template,18,deepseek-r1-distill-8b,0.5483190898606314
F2,F3,ablation-instructions-and-template,ablation-instructions-and-template,19,deepseek-r1-distill-8b,0.5504253001750499
F2,F3,ablation-instructions-and-template,ablation-instructions-and-template,20,deepseek-r1-distill-8b,0.5490906321737152
F2,F3,ablation-instructions-and-template,ablation-instructions-and-template,21,deepseek-r1-distill-8b,0.5512068625181739
F2,F3,ablation-instructions-and-template,ablation-instructions-and-template,22,deepseek-r1-distill-8b,0.5512008505001498
F2,F3,ablation-instructions-and-template,ablation-instructions-and-template,23,deepseek-r1-distill-8b,0.5481908334761187
F2,F3,ablation-instructions-and-template,ablation-instructions-and-template,24,deepseek-r1-distill-8b,0.5531186842498154
F2,F3,ablation-instructions-and-template,ablation-instructions-and-template,25,deepseek-r1-distill-8b,0.5495400305210115
F2,F3,ablation-instructions-and-template,ablation-instructions-and-template,26,deepseek-r1-distill-8b,0.5521307092878665
F2,F3,ablation-instructions-and-template,ablation-instructions-and-template,27,deepseek-r1-distill-8b,0.5524994463933403
F2,F3,ablation-instructions-and-template,ablation-instructions-and-template,28,deepseek-r1-distill-8b,0.5455570685800917
F2,F3,ablation-instructions-and-template,ablation-instructions-and-template,29,deepseek-r1-distill-8b,0.5503230958686414
F2,F3,ablation-instructions-and-template,ablation-instructions-and-template,30,deepseek-r1-distill-8b,0.5511026542057573
F2,F3,ablation-instructions-and-template,ablation-instructions-and-template,31,deepseek-r1-distill-8b,0.5517780042304568
F2,F3,ablation-instructions-and-template,ablation-instructions-and-template,32,deepseek-r1-distill-8b,0.5443441439437435
F2,F4,ablation-instructions-and-template,ablation-instructions-and-template,0,deepseek-r1-distill-8b,0.5
F2,F4,ablation-instructions-and-template,ablation-instructions-and-template,1,deepseek-r1-distill-8b,0.4901080224512507
F2,F4,ablation-instructions-and-template,ablation-instructions-and-template,2,deepseek-r1-distill-8b,0.5152159844196061
F2,F4,ablation-instructions-and-template,ablation-instructions-and-template,3,deepseek-r1-distill-8b,0.5134413154626538
F2,F4,ablation-instructions-and-template,ablation-instructions-and-template,4,deepseek-r1-distill-8b,0.5169462992532379
F2,F4,ablation-instructions-and-template,ablation-instructions-and-template,5,deepseek-r1-distill-8b,0.5457381735778455
F2,F4,ablation-instructions-and-template,ablation-instructions-and-template,6,deepseek-r1-distill-8b,0.5639687263108659
F2,F4,ablation-instructions-and-template,ablation-instructions-and-template,7,deepseek-r1-distill-8b,0.56284172835922
F2,F4,ablation-instructions-and-template,ablation-instructions-and-template,8,deepseek-r1-distill-8b,0.592987411493363
F2,F4,ablation-instructions-and-template,ablation-instructions-and-template,9,deepseek-r1-distill-8b,0.6257802293511395
F2,F4,ablation-instructions-and-template,ablation-instructions-and-template,10,deepseek-r1-distill-8b,0.5942293269463396
F2,F4,ablation-instructions-and-template,ablation-instructions-and-template,11,deepseek-r1-distill-8b,0.5682368026322155
F2,F4,ablation-instructions-and-template,ablation-instructions-and-template,12,deepseek-r1-distill-8b,0.5564265092498508
F2,F4,ablation-instructions-and-template,ablation-instructions-and-template,13,deepseek-r1-distill-8b,0.5563025193142046
F2,F4,ablation-instructions-and-template,ablation-instructions-and-template,14,deepseek-r1-distill-8b,0.5570767003758004
F2,F4,ablation-instructions-and-template,ablation-instructions-and-template,15,deepseek-r1-distill-8b,0.554919477105208
F2,F4,ablation-instructions-and-template,ablation-instructions-and-template,16,deepseek-r1-distill-8b,0.5421555700714504
F2,F4,ablation-instructions-and-template,ablation-instructions-and-template,17,deepseek-r1-distill-8b,0.5440547329881775
F2,F4,ablation-instructions-and-template,ablation-instructions-and-template,18,deepseek-r1-distill-8b,0.5483843002532217
F2,F4,ablation-instructions-and-template,ablation-instructions-and-template,19,deepseek-r1-distill-8b,0.5459045015402977
F2,F4,ablation-instructions-and-template,ablation-instructions-and-template,20,deepseek-r1-distill-8b,0.5408289785648618
F2,F4,ablation-instructions-and-template,ablation-instructions-and-template,21,deepseek-r1-distill-8b,0.542914630409187
F2,F4,ablation-instructions-and-template,ablation-instructions-and-template,22,deepseek-r1-distill-8b,0.5448662118352929
F2,F4,ablation-instructions-and-template,ablation-instructions-and-template,23,deepseek-r1-distill-8b,0.5393824293156562
F2,F4,ablation-instructions-and-template,ablation-instructions-and-template,24,deepseek-r1-distill-8b,0.5428239060660311
F2,F4,ablation-instructions-and-template,ablation-instructions-and-template,25,deepseek-r1-distill-8b,0.5565489871131111
F2,F4,ablation-instructions-and-template,ablation-instructions-and-template,26,deepseek-r1-distill-8b,0.5580736601022565
F2,F4,ablation-instructions-and-template,ablation-instructions-and-template,27,deepseek-r1-distill-8b,0.541537636489734
F2,F4,ablation-instructions-and-template,ablation-instructions-and-template,28,deepseek-r1-distill-8b,0.5405809986935695
F2,F4,ablation-instructions-and-template,ablation-instructions-and-template,29,deepseek-r1-distill-8b,0.5440184432509153
F2,F4,ablation-instructions-and-template,ablation-instructions-and-template,30,deepseek-r1-distill-8b,0.5443863808648247
F2,F4,ablation-instructions-and-template,ablation-instructions-and-template,31,deepseek-r1-distill-8b,0.5454317269076305
F2,F4,ablation-instructions-and-template,ablation-instructions-and-template,32,deepseek-r1-distill-8b,0.5409983306720859
F2,F5,ablation-instructions-and-template,ablation-instructions-and-template,0,deepseek-r1-distill-8b,0.5
F2,F5,ablation-instructions-and-template,ablation-instructions-and-template,1,deepseek-r1-distill-8b,0.4670407234998115
F2,F5,ablation-instructions-and-template,ablation-instructions-and-template,2,deepseek-r1-distill-8b,0.4740960350112279
F2,F5,ablation-instructions-and-template,ablation-instructions-and-template,3,deepseek-r1-distill-8b,0.4725890852169352
F2,F5,ablation-instructions-and-template,ablation-instructions-and-template,4,deepseek-r1-distill-8b,0.4967617482666492
F2,F5,ablation-instructions-and-template,ablation-instructions-and-template,5,deepseek-r1-distill-8b,0.5117482666491829
F2,F5,ablation-instructions-and-template,ablation-instructions-and-template,6,deepseek-r1-distill-8b,0.5181458883115606
F2,F5,ablation-instructions-and-template,ablation-instructions-and-template,7,deepseek-r1-distill-8b,0.5291852431608451
F2,F5,ablation-instructions-and-template,ablation-instructions-and-template,8,deepseek-r1-distill-8b,0.5552602894654887
F2,F5,ablation-instructions-and-template,ablation-instructions-and-template,9,deepseek-r1-distill-8b,0.5720764559327313
F2,F5,ablation-instructions-and-template,ablation-instructions-and-template,10,deepseek-r1-distill-8b,0.5626966922913014
F2,F5,ablation-instructions-and-template,ablation-instructions-and-template,11,deepseek-r1-distill-8b,0.5497175621629595
F2,F5,ablation-instructions-and-template,ablation-instructions-and-template,12,deepseek-r1-distill-8b,0.5450988788539396
F2,F5,ablation-instructions-and-template,ablation-instructions-and-template,13,deepseek-r1-distill-8b,0.5601509613335738
F2,F5,ablation-instructions-and-template,ablation-instructions-and-template,14,deepseek-r1-distill-8b,0.5687649568096511
F2,F5,ablation-instructions-and-template,ablation-instructions-and-template,15,deepseek-r1-distill-8b,0.5756804323952204
F2,F5,ablation-instructions-and-template,ablation-instructions-and-template,16,deepseek-r1-distill-8b,0.5730865528036846
F2,F5,ablation-instructions-and-template,ablation-instructions-and-template,17,deepseek-r1-distill-8b,0.5648060122277041
F2,F5,ablation-instructions-and-template,ablation-instructions-and-template,18,deepseek-r1-distill-8b,0.5785872781065089
F2,F5,ablation-instructions-and-template,ablation-instructions-and-template,19,deepseek-r1-distill-8b,0.5863515014178237
F2,F5,ablation-instructions-and-template,ablation-instructions-and-template,20,deepseek-r1-distill-8b,0.5869707748037175
F2,F5,ablation-instructions-and-template,ablation-instructions-and-template,21,deepseek-r1-distill-8b,0.5940875526561655
F2,F5,ablation-instructions-and-template,ablation-instructions-and-template,22,deepseek-r1-distill-8b,0.5940885770951827
F2,F5,ablation-instructions-and-template,ablation-instructions-and-template,23,deepseek-r1-distill-8b,0.588260543526365
F2,F5,ablation-instructions-and-template,ablation-instructions-and-template,24,deepseek-r1-distill-8b,0.5949573013817633
F2,F5,ablation-instructions-and-template,ablation-instructions-and-template,25,deepseek-r1-distill-8b,0.5991954055958957
F2,F5,ablation-instructions-and-template,ablation-instructions-and-template,26,deepseek-r1-distill-8b,0.6010885688996706
F2,F5,ablation-instructions-and-template,ablation-instructions-and-template,27,deepseek-r1-distill-8b,0.5970113016112377
F2,F5,ablation-instructions-and-template,ablation-instructions-and-template,28,deepseek-r1-distill-8b,0.5912457588224688
F2,F5,ablation-instructions-and-template,ablation-instructions-and-template,29,deepseek-r1-distill-8b,0.5867566670491239
F2,F5,ablation-instructions-and-template,ablation-instructions-and-template,30,deepseek-r1-distill-8b,0.5870634865347736
F2,F5,ablation-instructions-and-template,ablation-instructions-and-template,31,deepseek-r1-distill-8b,0.5823454326410857
F2,F5,ablation-instructions-and-template,ablation-instructions-and-template,32,deepseek-r1-distill-8b,0.5598518251405531
F3,A1,ablation-instructions-and-template,ablation-instructions-and-template,0,deepseek-r1-distill-8b,0.5
F3,A1,ablation-instructions-and-template,ablation-instructions-and-template,1,deepseek-r1-distill-8b,0.505204
F3,A1,ablation-instructions-and-template,ablation-instructions-and-template,2,deepseek-r1-distill-8b,0.5016339999999999
F3,A1,ablation-instructions-and-template,ablation-instructions-and-template,3,deepseek-r1-distill-8b,0.5043759999999999
F3,A1,ablation-instructions-and-template,ablation-instructions-and-template,4,deepseek-r1-distill-8b,0.505624
F3,A1,ablation-instructions-and-template,ablation-instructions-and-template,5,deepseek-r1-distill-8b,0.5061060000000001
F3,A1,ablation-instructions-and-template,ablation-instructions-and-template,6,deepseek-r1-distill-8b,0.505216
F3,A1,ablation-instructions-and-template,ablation-instructions-and-template,7,deepseek-r1-distill-8b,0.505312
F3,A1,ablation-instructions-and-template,ablation-instructions-and-template,8,deepseek-r1-distill-8b,0.50758
F3,A1,ablation-instructions-and-template,ablation-instructions-and-template,9,deepseek-r1-distill-8b,0.51784
F3,A1,ablation-instructions-and-template,ablation-instructions-and-template,10,deepseek-r1-distill-8b,0.514228
F3,A1,ablation-instructions-and-template,ablation-instructions-and-template,11,deepseek-r1-distill-8b,0.5162479999999999
F3,A1,ablation-instructions-and-template,ablation-instructions-and-template,12,deepseek-r1-distill-8b,0.508996
F3,A1,ablation-instructions-and-template,ablation-instructions-and-template,13,deepseek-r1-distill-8b,0.5016959999999999
F3,A1,ablation-instructions-and-template,ablation-instructions-and-template,14,deepseek-r1-distill-8b,0.49832
F3,A1,ablation-instructions-and-template,ablation-instructions-and-template,15,deepseek-r1-distill-8b,0.494104
F3,A1,ablation-instructions-and-template,ablation-instructions-and-template,16,deepseek-r1-distill-8b,0.494788
F3,A1,ablation-instructions-and-template,ablation-instructions-and-template,17,deepseek-r1-distill-8b,0.50198
F3,A1,ablation-instructions-and-template,ablation-instructions-and-template,18,deepseek-r1-distill-8b,0.50654
F3,A1,ablation-instructions-and-template,ablation-instructions-and-template,19,deepseek-r1-distill-8b,0.5111000000000001
F3,A1,ablation-instructions-and-template,ablation-instructions-and-template,20,deepseek-r1-distill-8b,0.511644
F3,A1,ablation-instructions-and-template,ablation-instructions-and-template,21,deepseek-r1-distill-8b,0.5122800000000001
F3,A1,ablation-instructions-and-template,ablation-instructions-and-template,22,deepseek-r1-distill-8b,0.5141439999999999
F3,A1,ablation-instructions-and-template,ablation-instructions-and-template,23,deepseek-r1-distill-8b,0.519534
F3,A1,ablation-instructions-and-template,ablation-instructions-and-template,24,deepseek-r1-distill-8b,0.5198200000000001
F3,A1,ablation-instructions-and-template,ablation-instructions-and-template,25,deepseek-r1-distill-8b,0.518456
F3,A1,ablation-instructions-and-template,ablation-instructions-and-template,26,deepseek-r1-distill-8b,0.5196080000000001
F3,A1,ablation-instructions-and-template,ablation-instructions-and-template,27,deepseek-r1-distill-8b,0.50712
F3,A1,ablation-instructions-and-template,ablation-instructions-and-template,28,deepseek-r1-distill-8b,0.513096
F3,A1,ablation-instructions-and-template,ablation-instructions-and-template,29,deepseek-r1-distill-8b,0.50962
F3,A1,ablation-instructions-and-template,ablation-instructions-and-template,30,deepseek-r1-distill-8b,0.511436
F3,A1,ablation-instructions-and-template,ablation-instructions-and-template,31,deepseek-r1-distill-8b,0.519116
F3,A1,ablation-instructions-and-template,ablation-instructions-and-template,32,deepseek-r1-distill-8b,0.522348
F3,A2,ablation-instructions-and-template,ablation-instructions-and-template,0,deepseek-r1-distill-8b,0.5
F3,A2,ablation-instructions-and-template,ablation-instructions-and-template,1,deepseek-r1-distill-8b,0.510148
F3,A2,ablation-instructions-and-template,ablation-instructions-and-template,2,deepseek-r1-distill-8b,0.5106440000000001
F3,A2,ablation-instructions-and-template,ablation-instructions-and-template,3,deepseek-r1-distill-8b,0.51042
F3,A2,ablation-instructions-and-template,ablation-instructions-and-template,4,deepseek-r1-distill-8b,0.523088
F3,A2,ablation-instructions-and-template,ablation-instructions-and-template,5,deepseek-r1-distill-8b,0.513988
F3,A2,ablation-instructions-and-template,ablation-instructions-and-template,6,deepseek-r1-distill-8b,0.5154679999999999
F3,A2,ablation-instructions-and-template,ablation-instructions-and-template,7,deepseek-r1-distill-8b,0.51532
F3,A2,ablation-instructions-and-template,ablation-instructions-and-template,8,deepseek-r1-distill-8b,0.5174320000000001
F3,A2,ablation-instructions-and-template,ablation-instructions-and-template,9,deepseek-r1-distill-8b,0.51934
F3,A2,ablation-instructions-and-template,ablation-instructions-and-template,10,deepseek-r1-distill-8b,0.519564
F3,A2,ablation-instructions-and-template,ablation-instructions-and-template,11,deepseek-r1-distill-8b,0.520112
F3,A2,ablation-instructions-and-template,ablation-instructions-and-template,12,deepseek-r1-distill-8b,0.5134920000000001
F3,A2,ablation-instructions-and-template,ablation-instructions-and-template,13,deepseek-r1-distill-8b,0.5094639999999999
F3,A2,ablation-instructions-and-template,ablation-instructions-and-template,14,deepseek-r1-distill-8b,0.5040960000000001
F3,A2,ablation-instructions-and-template,ablation-instructions-and-template,15,deepseek-r1-distill-8b,0.495814
F3,A2,ablation-instructions-and-template,ablation-instructions-and-template,16,deepseek-r1-distill-8b,0.4937559999999999
F3,A2,ablation-instructions-and-template,ablation-instructions-and-template,17,deepseek-r1-distill-8b,0.50318
F3,A2,ablation-instructions-and-template,ablation-instructions-and-template,18,deepseek-r1-distill-8b,0.509672
F3,A2,ablation-instructions-and-template,ablation-instructions-and-template,19,deepseek-r1-distill-8b,0.51248
F3,A2,ablation-instructions-and-template,ablation-instructions-and-template,20,deepseek-r1-distill-8b,0.5170359999999999
F3,A2,ablation-instructions-and-template,ablation-instructions-and-template,21,deepseek-r1-distill-8b,0.5196240000000001
F3,A2,ablation-instructions-and-template,ablation-instructions-and-template,22,deepseek-r1-distill-8b,0.52432
F3,A2,ablation-instructions-and-template,ablation-instructions-and-template,23,deepseek-r1-distill-8b,0.52842
F3,A2,ablation-instructions-and-template,ablation-instructions-and-template,24,deepseek-r1-distill-8b,0.532964
F3,A2,ablation-instructions-and-template,ablation-instructions-and-template,25,deepseek-r1-distill-8b,0.523272
F3,A2,ablation-instructions-and-template,ablation-instructions-and-template,26,deepseek-r1-distill-8b,0.520756
F3,A2,ablation-instructions-and-template,ablation-instructions-and-template,27,deepseek-r1-distill-8b,0.508072
F3,A2,ablation-instructions-and-template,ablation-instructions-and-template,28,deepseek-r1-distill-8b,0.509372
F3,A2,ablation-instructions-and-template,ablation-instructions-and-template,29,deepseek-r1-distill-8b,0.495672
F3,A2,ablation-instructions-and-template,ablation-instructions-and-template,30,deepseek-r1-distill-8b,0.4957239999999999
F3,A2,ablation-instructions-and-template,ablation-instructions-and-template,31,deepseek-r1-distill-8b,0.506292
F3,A2,ablation-instructions-and-template,ablation-instructions-and-template,32,deepseek-r1-distill-8b,0.5153639999999999
F3,A3,ablation-instructions-and-template,ablation-instructions-and-template,0,deepseek-r1-distill-8b,0.5
F3,A3,ablation-instructions-and-template,ablation-instructions-and-template,1,deepseek-r1-distill-8b,0.506768
F3,A3,ablation-instructions-and-template,ablation-instructions-and-template,2,deepseek-r1-distill-8b,0.5061
F3,A3,ablation-instructions-and-template,ablation-instructions-and-template,3,deepseek-r1-distill-8b,0.506744
F3,A3,ablation-instructions-and-template,ablation-instructions-and-template,4,deepseek-r1-distill-8b,0.504912
F3,A3,ablation-instructions-and-template,ablation-instructions-and-template,5,deepseek-r1-distill-8b,0.509516
F3,A3,ablation-instructions-and-template,ablation-instructions-and-template,6,deepseek-r1-distill-8b,0.510084
F3,A3,ablation-instructions-and-template,ablation-instructions-and-template,7,deepseek-r1-distill-8b,0.510396
F3,A3,ablation-instructions-and-template,ablation-instructions-and-template,8,deepseek-r1-distill-8b,0.513884
F3,A3,ablation-instructions-and-template,ablation-instructions-and-template,9,deepseek-r1-distill-8b,0.5145719999999999
F3,A3,ablation-instructions-and-template,ablation-instructions-and-template,10,deepseek-r1-distill-8b,0.5164719999999999
F3,A3,ablation-instructions-and-template,ablation-instructions-and-template,11,deepseek-r1-distill-8b,0.524794
F3,A3,ablation-instructions-and-template,ablation-instructions-and-template,12,deepseek-r1-distill-8b,0.512308
F3,A3,ablation-instructions-and-template,ablation-instructions-and-template,13,deepseek-r1-distill-8b,0.506786
F3,A3,ablation-instructions-and-template,ablation-instructions-and-template,14,deepseek-r1-distill-8b,0.5028759999999999
F3,A3,ablation-instructions-and-template,ablation-instructions-and-template,15,deepseek-r1-distill-8b,0.49818
F3,A3,ablation-instructions-and-template,ablation-instructions-and-template,16,deepseek-r1-distill-8b,0.4996039999999999
F3,A3,ablation-instructions-and-template,ablation-instructions-and-template,17,deepseek-r1-distill-8b,0.508624
F3,A3,ablation-instructions-and-template,ablation-instructions-and-template,18,deepseek-r1-distill-8b,0.51896
F3,A3,ablation-instructions-and-template,ablation-instructions-and-template,19,deepseek-r1-distill-8b,0.5185
F3,A3,ablation-instructions-and-template,ablation-instructions-and-template,20,deepseek-r1-distill-8b,0.5241439999999999
F3,A3,ablation-instructions-and-template,ablation-instructions-and-template,21,deepseek-r1-distill-8b,0.5294220000000001
F3,A3,ablation-instructions-and-template,ablation-instructions-and-template,22,deepseek-r1-distill-8b,0.534038
F3,A3,ablation-instructions-and-template,ablation-instructions-and-template,23,deepseek-r1-distill-8b,0.541836
F3,A3,ablation-instructions-and-template,ablation-instructions-and-template,24,deepseek-r1-distill-8b,0.5473480000000001
F3,A3,ablation-instructions-and-template,ablation-instructions-and-template,25,deepseek-r1-distill-8b,0.54208
F3,A3,ablation-instructions-and-template,ablation-instructions-and-template,26,deepseek-r1-distill-8b,0.5401320000000001
F3,A3,ablation-instructions-and-template,ablation-instructions-and-template,27,deepseek-r1-distill-8b,0.519764
F3,A3,ablation-instructions-and-template,ablation-instructions-and-template,28,deepseek-r1-distill-8b,0.5259799999999999
F3,A3,ablation-instructions-and-template,ablation-instructions-and-template,29,deepseek-r1-distill-8b,0.51836
F3,A3,ablation-instructions-and-template,ablation-instructions-and-template,30,deepseek-r1-distill-8b,0.519544
F3,A3,ablation-instructions-and-template,ablation-instructions-and-template,31,deepseek-r1-distill-8b,0.526748
F3,A3,ablation-instructions-and-template,ablation-instructions-and-template,32,deepseek-r1-distill-8b,0.530448
F3,F0,ablation-instructions-and-template,ablation-instructions-and-template,0,deepseek-r1-distill-8b,0.5
F3,F0,ablation-instructions-and-template,ablation-instructions-and-template,1,deepseek-r1-distill-8b,0.5012547948142478
F3,F0,ablation-instructions-and-template,ablation-instructions-and-template,2,deepseek-r1-distill-8b,0.5153317234943493
F3,F0,ablation-instructions-and-template,ablation-instructions-and-template,3,deepseek-r1-distill-8b,0.5159639311773219
F3,F0,ablation-instructions-and-template,ablation-instructions-and-template,4,deepseek-r1-distill-8b,0.4730356551389551
F3,F0,ablation-instructions-and-template,ablation-instructions-and-template,5,deepseek-r1-distill-8b,0.5072896294575795
F3,F0,ablation-instructions-and-template,ablation-instructions-and-template,6,deepseek-r1-distill-8b,0.5222406539776171
F3,F0,ablation-instructions-and-template,ablation-instructions-and-template,7,deepseek-r1-distill-8b,0.556449961449075
F3,F0,ablation-instructions-and-template,ablation-instructions-and-template,8,deepseek-r1-distill-8b,0.5642591006983146
F3,F0,ablation-instructions-and-template,ablation-instructions-and-template,9,deepseek-r1-distill-8b,0.6971065503587779
F3,F0,ablation-instructions-and-template,ablation-instructions-and-template,10,deepseek-r1-distill-8b,0.7862821927711174
F3,F0,ablation-instructions-and-template,ablation-instructions-and-template,11,deepseek-r1-distill-8b,0.8999105288692141
F3,F0,ablation-instructions-and-template,ablation-instructions-and-template,12,deepseek-r1-distill-8b,0.901698577120404
F3,F0,ablation-instructions-and-template,ablation-instructions-and-template,13,deepseek-r1-distill-8b,0.8762096125803831
F3,F0,ablation-instructions-and-template,ablation-instructions-and-template,14,deepseek-r1-distill-8b,0.8536714086824104
F3,F0,ablation-instructions-and-template,ablation-instructions-and-template,15,deepseek-r1-distill-8b,0.828484804338594
F3,F0,ablation-instructions-and-template,ablation-instructions-and-template,16,deepseek-r1-distill-8b,0.8030851734929062
F3,F0,ablation-instructions-and-template,ablation-instructions-and-template,17,deepseek-r1-distill-8b,0.7832249188781337
F3,F0,ablation-instructions-and-template,ablation-instructions-and-template,18,deepseek-r1-distill-8b,0.7637914044493678
F3,F0,ablation-instructions-and-template,ablation-instructions-and-template,19,deepseek-r1-distill-8b,0.7638388200255906
F3,F0,ablation-instructions-and-template,ablation-instructions-and-template,20,deepseek-r1-distill-8b,0.7631901199682796
F3,F0,ablation-instructions-and-template,ablation-instructions-and-template,21,deepseek-r1-distill-8b,0.7663607789348399
F3,F0,ablation-instructions-and-template,ablation-instructions-and-template,22,deepseek-r1-distill-8b,0.764619459077609
F3,F0,ablation-instructions-and-template,ablation-instructions-and-template,23,deepseek-r1-distill-8b,0.7614199384559563
F3,F0,ablation-instructions-and-template,ablation-instructions-and-template,24,deepseek-r1-distill-8b,0.7639350255425648
F3,F0,ablation-instructions-and-template,ablation-instructions-and-template,25,deepseek-r1-distill-8b,0.6725274151364263
F3,F0,ablation-instructions-and-template,ablation-instructions-and-template,26,deepseek-r1-distill-8b,0.6662149588583979
F3,F0,ablation-instructions-and-template,ablation-instructions-and-template,27,deepseek-r1-distill-8b,0.6504413771682318
F3,F0,ablation-instructions-and-template,ablation-instructions-and-template,28,deepseek-r1-distill-8b,0.6186193408822596
F3,F0,ablation-instructions-and-template,ablation-instructions-and-template,29,deepseek-r1-distill-8b,0.63278491607443
F3,F0,ablation-instructions-and-template,ablation-instructions-and-template,30,deepseek-r1-distill-8b,0.6346471800101428
F3,F0,ablation-instructions-and-template,ablation-instructions-and-template,31,deepseek-r1-distill-8b,0.6443735577762232
F3,F0,ablation-instructions-and-template,ablation-instructions-and-template,32,deepseek-r1-distill-8b,0.733079167519918
F3,F1,ablation-instructions-and-template,ablation-instructions-and-template,0,deepseek-r1-distill-8b,0.5
F3,F1,ablation-instructions-and-template,ablation-instructions-and-template,1,deepseek-r1-distill-8b,0.4970925318405902
F3,F1,ablation-instructions-and-template,ablation-instructions-and-template,2,deepseek-r1-distill-8b,0.4841089101426727
F3,F1,ablation-instructions-and-template,ablation-instructions-and-template,3,deepseek-r1-distill-8b,0.4852125248588184
F3,F1,ablation-instructions-and-template,ablation-instructions-and-template,4,deepseek-r1-distill-8b,0.5300415470396875
F3,F1,ablation-instructions-and-template,ablation-instructions-and-template,5,deepseek-r1-distill-8b,0.4869346036126546
F3,F1,ablation-instructions-and-template,ablation-instructions-and-template,6,deepseek-r1-distill-8b,0.4716970240884871
F3,F1,ablation-instructions-and-template,ablation-instructions-and-template,7,deepseek-r1-distill-8b,0.441263095975998
F3,F1,ablation-instructions-and-template,ablation-instructions-and-template,8,deepseek-r1-distill-8b,0.4326018507192736
F3,F1,ablation-instructions-and-template,ablation-instructions-and-template,9,deepseek-r1-distill-8b,0.3349876101037783
F3,F1,ablation-instructions-and-template,ablation-instructions-and-template,10,deepseek-r1-distill-8b,0.3451606563415241
F3,F1,ablation-instructions-and-template,ablation-instructions-and-template,11,deepseek-r1-distill-8b,0.4489938964471303
F3,F1,ablation-instructions-and-template,ablation-instructions-and-template,12,deepseek-r1-distill-8b,0.4472525765898992
F3,F1,ablation-instructions-and-template,ablation-instructions-and-template,13,deepseek-r1-distill-8b,0.481802726464351
F3,F1,ablation-instructions-and-template,ablation-instructions-and-template,14,deepseek-r1-distill-8b,0.4987527641906573
F3,F1,ablation-instructions-and-template,ablation-instructions-and-template,15,deepseek-r1-distill-8b,0.5230776419752917
F3,F1,ablation-instructions-and-template,ablation-instructions-and-template,16,deepseek-r1-distill-8b,0.4522277761819878
F3,F1,ablation-instructions-and-template,ablation-instructions-and-template,17,deepseek-r1-distill-8b,0.4228988371501727
F3,F1,ablation-instructions-and-template,ablation-instructions-and-template,18,deepseek-r1-distill-8b,0.4240917855606514
F3,F1,ablation-instructions-and-template,ablation-instructions-and-template,19,deepseek-r1-distill-8b,0.5077507287567911
F3,F1,ablation-instructions-and-template,ablation-instructions-and-template,20,deepseek-r1-distill-8b,0.5065179237749945
F3,F1,ablation-instructions-and-template,ablation-instructions-and-template,21,deepseek-r1-distill-8b,0.5437673255828336
F3,F1,ablation-instructions-and-template,ablation-instructions-and-template,22,deepseek-r1-distill-8b,0.530344594418156
F3,F1,ablation-instructions-and-template,ablation-instructions-and-template,23,deepseek-r1-distill-8b,0.5773719126618829
F3,F1,ablation-instructions-and-template,ablation-instructions-and-template,24,deepseek-r1-distill-8b,0.550537445248753
F3,F1,ablation-instructions-and-template,ablation-instructions-and-template,25,deepseek-r1-distill-8b,0.5729272177776801
F3,F1,ablation-instructions-and-template,ablation-instructions-and-template,26,deepseek-r1-distill-8b,0.5764414678762907
F3,F1,ablation-instructions-and-template,ablation-instructions-and-template,27,deepseek-r1-distill-8b,0.6105284569047387
F3,F1,ablation-instructions-and-template,ablation-instructions-and-template,28,deepseek-r1-distill-8b,0.5710470871031007
F3,F1,ablation-instructions-and-template,ablation-instructions-and-template,29,deepseek-r1-distill-8b,0.5212538602463685
F3,F1,ablation-instructions-and-template,ablation-instructions-and-template,30,deepseek-r1-distill-8b,0.5383770679032283
F3,F1,ablation-instructions-and-template,ablation-instructions-and-template,31,deepseek-r1-distill-8b,0.5075816819198223
F3,F1,ablation-instructions-and-template,ablation-instructions-and-template,32,deepseek-r1-distill-8b,0.5943439402206405
F3,F2,ablation-instructions-and-template,ablation-instructions-and-template,0,deepseek-r1-distill-8b,0.5
F3,F2,ablation-instructions-and-template,ablation-instructions-and-template,1,deepseek-r1-distill-8b,0.5163487532452182
F3,F2,ablation-instructions-and-template,ablation-instructions-and-template,2,deepseek-r1-distill-8b,0.5330843901051252
F3,F2,ablation-instructions-and-template,ablation-instructions-and-template,3,deepseek-r1-distill-8b,0.5156519504294202
F3,F2,ablation-instructions-and-template,ablation-instructions-and-template,4,deepseek-r1-distill-8b,0.5030751406318503
F3,F2,ablation-instructions-and-template,ablation-instructions-and-template,5,deepseek-r1-distill-8b,0.5206889964252779
F3,F2,ablation-instructions-and-template,ablation-instructions-and-template,6,deepseek-r1-distill-8b,0.5303865125362661
F3,F2,ablation-instructions-and-template,ablation-instructions-and-template,7,deepseek-r1-distill-8b,0.5356022259207899
F3,F2,ablation-instructions-and-template,ablation-instructions-and-template,8,deepseek-r1-distill-8b,0.5416398092931781
F3,F2,ablation-instructions-and-template,ablation-instructions-and-template,9,deepseek-r1-distill-8b,0.5868948844777896
F3,F2,ablation-instructions-and-template,ablation-instructions-and-template,10,deepseek-r1-distill-8b,0.6280035018808179
F3,F2,ablation-instructions-and-template,ablation-instructions-and-template,11,deepseek-r1-distill-8b,0.7422860354943384
F3,F2,ablation-instructions-and-template,ablation-instructions-and-template,12,deepseek-r1-distill-8b,0.7507796082786222
F3,F2,ablation-instructions-and-template,ablation-instructions-and-template,13,deepseek-r1-distill-8b,0.7570700747241994
F3,F2,ablation-instructions-and-template,ablation-instructions-and-template,14,deepseek-r1-distill-8b,0.7490080524017708
F3,F2,ablation-instructions-and-template,ablation-instructions-and-template,15,deepseek-r1-distill-8b,0.7243547014948962
F3,F2,ablation-instructions-and-template,ablation-instructions-and-template,16,deepseek-r1-distill-8b,0.7107223797396678
F3,F2,ablation-instructions-and-template,ablation-instructions-and-template,17,deepseek-r1-distill-8b,0.7159147289272123
F3,F2,ablation-instructions-and-template,ablation-instructions-and-template,18,deepseek-r1-distill-8b,0.69430834417936
F3,F2,ablation-instructions-and-template,ablation-instructions-and-template,19,deepseek-r1-distill-8b,0.7105931894740171
F3,F2,ablation-instructions-and-template,ablation-instructions-and-template,20,deepseek-r1-distill-8b,0.7131728716934508
F3,F2,ablation-instructions-and-template,ablation-instructions-and-template,21,deepseek-r1-distill-8b,0.7298260466816655
F3,F2,ablation-instructions-and-template,ablation-instructions-and-template,22,deepseek-r1-distill-8b,0.7458360190706823
F3,F2,ablation-instructions-and-template,ablation-instructions-and-template,23,deepseek-r1-distill-8b,0.7393558903202131
F3,F2,ablation-instructions-and-template,ablation-instructions-and-template,24,deepseek-r1-distill-8b,0.7586945735965334
F3,F2,ablation-instructions-and-template,ablation-instructions-and-template,25,deepseek-r1-distill-8b,0.6871231664259237
F3,F2,ablation-instructions-and-template,ablation-instructions-and-template,26,deepseek-r1-distill-8b,0.6999226232770623
F3,F2,ablation-instructions-and-template,ablation-instructions-and-template,27,deepseek-r1-distill-8b,0.7184243185557078
F3,F2,ablation-instructions-and-template,ablation-instructions-and-template,28,deepseek-r1-distill-8b,0.6902745842890894
F3,F2,ablation-instructions-and-template,ablation-instructions-and-template,29,deepseek-r1-distill-8b,0.734813615554508
F3,F2,ablation-instructions-and-template,ablation-instructions-and-template,30,deepseek-r1-distill-8b,0.7339615095470232
F3,F2,ablation-instructions-and-template,ablation-instructions-and-template,31,deepseek-r1-distill-8b,0.7743760728633098
F3,F2,ablation-instructions-and-template,ablation-instructions-and-template,32,deepseek-r1-distill-8b,0.8718377590161749
F3,F4,ablation-instructions-and-template,ablation-instructions-and-template,0,deepseek-r1-distill-8b,0.5
F3,F4,ablation-instructions-and-template,ablation-instructions-and-template,1,deepseek-r1-distill-8b,0.5014626780213223
F3,F4,ablation-instructions-and-template,ablation-instructions-and-template,2,deepseek-r1-distill-8b,0.5222325043144466
F3,F4,ablation-instructions-and-template,ablation-instructions-and-template,3,deepseek-r1-distill-8b,0.5155834180093869
F3,F4,ablation-instructions-and-template,ablation-instructions-and-template,4,deepseek-r1-distill-8b,0.5461917952936243
F3,F4,ablation-instructions-and-template,ablation-instructions-and-template,5,deepseek-r1-distill-8b,0.5676007241818681
F3,F4,ablation-instructions-and-template,ablation-instructions-and-template,6,deepseek-r1-distill-8b,0.5679172513346559
F3,F4,ablation-instructions-and-template,ablation-instructions-and-template,7,deepseek-r1-distill-8b,0.5614828793083984
F3,F4,ablation-instructions-and-template,ablation-instructions-and-template,8,deepseek-r1-distill-8b,0.5647489556620054
F3,F4,ablation-instructions-and-template,ablation-instructions-and-template,9,deepseek-r1-distill-8b,0.6328688246963758
F3,F4,ablation-instructions-and-template,ablation-instructions-and-template,10,deepseek-r1-distill-8b,0.6396842389638877
F3,F4,ablation-instructions-and-template,ablation-instructions-and-template,11,deepseek-r1-distill-8b,0.642027951162078
F3,F4,ablation-instructions-and-template,ablation-instructions-and-template,12,deepseek-r1-distill-8b,0.636924202835438
F3,F4,ablation-instructions-and-template,ablation-instructions-and-template,13,deepseek-r1-distill-8b,0.6352155610393381
F3,F4,ablation-instructions-and-template,ablation-instructions-and-template,14,deepseek-r1-distill-8b,0.6321238770342414
F3,F4,ablation-instructions-and-template,ablation-instructions-and-template,15,deepseek-r1-distill-8b,0.6328345510556281
F3,F4,ablation-instructions-and-template,ablation-instructions-and-template,16,deepseek-r1-distill-8b,0.6283406719246464
F3,F4,ablation-instructions-and-template,ablation-instructions-and-template,17,deepseek-r1-distill-8b,0.6160253463653813
F3,F4,ablation-instructions-and-template,ablation-instructions-and-template,18,deepseek-r1-distill-8b,0.6127219722262545
F3,F4,ablation-instructions-and-template,ablation-instructions-and-template,19,deepseek-r1-distill-8b,0.6143640828373736
F3,F4,ablation-instructions-and-template,ablation-instructions-and-template,20,deepseek-r1-distill-8b,0.6138882840599346
F3,F4,ablation-instructions-and-template,ablation-instructions-and-template,21,deepseek-r1-distill-8b,0.6133943404138642
F3,F4,ablation-instructions-and-template,ablation-instructions-and-template,22,deepseek-r1-distill-8b,0.6119377106820858
F3,F4,ablation-instructions-and-template,ablation-instructions-and-template,23,deepseek-r1-distill-8b,0.6128590667892453
F3,F4,ablation-instructions-and-template,ablation-instructions-and-template,24,deepseek-r1-distill-8b,0.6140586442154159
F3,F4,ablation-instructions-and-template,ablation-instructions-and-template,25,deepseek-r1-distill-8b,0.5886316349736295
F3,F4,ablation-instructions-and-template,ablation-instructions-and-template,26,deepseek-r1-distill-8b,0.5943210593377526
F3,F4,ablation-instructions-and-template,ablation-instructions-and-template,27,deepseek-r1-distill-8b,0.5992181577716489
F3,F4,ablation-instructions-and-template,ablation-instructions-and-template,28,deepseek-r1-distill-8b,0.5930176529410816
F3,F4,ablation-instructions-and-template,ablation-instructions-and-template,29,deepseek-r1-distill-8b,0.6055910388542121
F3,F4,ablation-instructions-and-template,ablation-instructions-and-template,30,deepseek-r1-distill-8b,0.6071525056047483
F3,F4,ablation-instructions-and-template,ablation-instructions-and-template,31,deepseek-r1-distill-8b,0.5982877292301737
F3,F4,ablation-instructions-and-template,ablation-instructions-and-template,32,deepseek-r1-distill-8b,0.6111131272076257
F3,F5,ablation-instructions-and-template,ablation-instructions-and-template,0,deepseek-r1-distill-8b,0.5
F3,F5,ablation-instructions-and-template,ablation-instructions-and-template,1,deepseek-r1-distill-8b,0.5100569178317953
F3,F5,ablation-instructions-and-template,ablation-instructions-and-template,2,deepseek-r1-distill-8b,0.5164535150551557
F3,F5,ablation-instructions-and-template,ablation-instructions-and-template,3,deepseek-r1-distill-8b,0.5187636250389287
F3,F5,ablation-instructions-and-template,ablation-instructions-and-template,4,deepseek-r1-distill-8b,0.5214230687275647
F3,F5,ablation-instructions-and-template,ablation-instructions-and-template,5,deepseek-r1-distill-8b,0.525932137061745
F3,F5,ablation-instructions-and-template,ablation-instructions-and-template,6,deepseek-r1-distill-8b,0.5257472258191414
F3,F5,ablation-instructions-and-template,ablation-instructions-and-template,7,deepseek-r1-distill-8b,0.5316070169974922
F3,F5,ablation-instructions-and-template,ablation-instructions-and-template,8,deepseek-r1-distill-8b,0.5450251192447017
F3,F5,ablation-instructions-and-template,ablation-instructions-and-template,9,deepseek-r1-distill-8b,0.6143827140257996
F3,F5,ablation-instructions-and-template,ablation-instructions-and-template,10,deepseek-r1-distill-8b,0.6163854923044141
F3,F5,ablation-instructions-and-template,ablation-instructions-and-template,11,deepseek-r1-distill-8b,0.5865599747578226
F3,F5,ablation-instructions-and-template,ablation-instructions-and-template,12,deepseek-r1-distill-8b,0.5928213460309135
F3,F5,ablation-instructions-and-template,ablation-instructions-and-template,13,deepseek-r1-distill-8b,0.5865507548066679
F3,F5,ablation-instructions-and-template,ablation-instructions-and-template,14,deepseek-r1-distill-8b,0.5844117261387665
F3,F5,ablation-instructions-and-template,ablation-instructions-and-template,15,deepseek-r1-distill-8b,0.5835307085839794
F3,F5,ablation-instructions-and-template,ablation-instructions-and-template,16,deepseek-r1-distill-8b,0.5755073022013146
F3,F5,ablation-instructions-and-template,ablation-instructions-and-template,17,deepseek-r1-distill-8b,0.5702037814093003
F3,F5,ablation-instructions-and-template,ablation-instructions-and-template,18,deepseek-r1-distill-8b,0.5703687160910685
F3,F5,ablation-instructions-and-template,ablation-instructions-and-template,19,deepseek-r1-distill-8b,0.5706330213575046
F3,F5,ablation-instructions-and-template,ablation-instructions-and-template,20,deepseek-r1-distill-8b,0.5717619531544527
F3,F5,ablation-instructions-and-template,ablation-instructions-and-template,21,deepseek-r1-distill-8b,0.5736018456293333
F3,F5,ablation-instructions-and-template,ablation-instructions-and-template,22,deepseek-r1-distill-8b,0.5746570178170434
F3,F5,ablation-instructions-and-template,ablation-instructions-and-template,23,deepseek-r1-distill-8b,0.5804205117277779
F3,F5,ablation-instructions-and-template,ablation-instructions-and-template,24,deepseek-r1-distill-8b,0.5832817699028012
F3,F5,ablation-instructions-and-template,ablation-instructions-and-template,25,deepseek-r1-distill-8b,0.5667923994820436
F3,F5,ablation-instructions-and-template,ablation-instructions-and-template,26,deepseek-r1-distill-8b,0.5734737907521841
F3,F5,ablation-instructions-and-template,ablation-instructions-and-template,27,deepseek-r1-distill-8b,0.5764979347309414
F3,F5,ablation-instructions-and-template,ablation-instructions-and-template,28,deepseek-r1-distill-8b,0.5721717287613304
F3,F5,ablation-instructions-and-template,ablation-instructions-and-template,29,deepseek-r1-distill-8b,0.5744685210378797
F3,F5,ablation-instructions-and-template,ablation-instructions-and-template,30,deepseek-r1-distill-8b,0.5794390991493058
F3,F5,ablation-instructions-and-template,ablation-instructions-and-template,31,deepseek-r1-distill-8b,0.5864554819780687
F3,F5,ablation-instructions-and-template,ablation-instructions-and-template,32,deepseek-r1-distill-8b,0.5911033617990789
F4,A1,ablation-instructions-and-template,ablation-instructions-and-template,0,deepseek-r1-distill-8b,0.5
F4,A1,ablation-instructions-and-template,ablation-instructions-and-template,1,deepseek-r1-distill-8b,0.49774
F4,A1,ablation-instructions-and-template,ablation-instructions-and-template,2,deepseek-r1-distill-8b,0.502728
F4,A1,ablation-instructions-and-template,ablation-instructions-and-template,3,deepseek-r1-distill-8b,0.5043759999999999
F4,A1,ablation-instructions-and-template,ablation-instructions-and-template,4,deepseek-r1-distill-8b,0.5045439999999999
F4,A1,ablation-instructions-and-template,ablation-instructions-and-template,5,deepseek-r1-distill-8b,0.496212
F4,A1,ablation-instructions-and-template,ablation-instructions-and-template,6,deepseek-r1-distill-8b,0.5036240000000001
F4,A1,ablation-instructions-and-template,ablation-instructions-and-template,7,deepseek-r1-distill-8b,0.502976
F4,A1,ablation-instructions-and-template,ablation-instructions-and-template,8,deepseek-r1-distill-8b,0.5090560000000001
F4,A1,ablation-instructions-and-template,ablation-instructions-and-template,9,deepseek-r1-distill-8b,0.521604
F4,A1,ablation-instructions-and-template,ablation-instructions-and-template,10,deepseek-r1-distill-8b,0.5173559999999999
F4,A1,ablation-instructions-and-template,ablation-instructions-and-template,11,deepseek-r1-distill-8b,0.52766
F4,A1,ablation-instructions-and-template,ablation-instructions-and-template,12,deepseek-r1-distill-8b,0.534044
F4,A1,ablation-instructions-and-template,ablation-instructions-and-template,13,deepseek-r1-distill-8b,0.530152
F4,A1,ablation-instructions-and-template,ablation-instructions-and-template,14,deepseek-r1-distill-8b,0.5268240000000001
F4,A1,ablation-instructions-and-template,ablation-instructions-and-template,15,deepseek-r1-distill-8b,0.525452
F4,A1,ablation-instructions-and-template,ablation-instructions-and-template,16,deepseek-r1-distill-8b,0.52721
F4,A1,ablation-instructions-and-template,ablation-instructions-and-template,17,deepseek-r1-distill-8b,0.531564
F4,A1,ablation-instructions-and-template,ablation-instructions-and-template,18,deepseek-r1-distill-8b,0.53732
F4,A1,ablation-instructions-and-template,ablation-instructions-and-template,19,deepseek-r1-distill-8b,0.54054
F4,A1,ablation-instructions-and-template,ablation-instructions-and-template,20,deepseek-r1-distill-8b,0.541952
F4,A1,ablation-instructions-and-template,ablation-instructions-and-template,21,deepseek-r1-distill-8b,0.542756
F4,A1,ablation-instructions-and-template,ablation-instructions-and-template,22,deepseek-r1-distill-8b,0.542908
F4,A1,ablation-instructions-and-template,ablation-instructions-and-template,23,deepseek-r1-distill-8b,0.548604
F4,A1,ablation-instructions-and-template,ablation-instructions-and-template,24,deepseek-r1-distill-8b,0.552744
F4,A1,ablation-instructions-and-template,ablation-instructions-and-template,25,deepseek-r1-distill-8b,0.561644
F4,A1,ablation-instructions-and-template,ablation-instructions-and-template,26,deepseek-r1-distill-8b,0.5638380000000001
F4,A1,ablation-instructions-and-template,ablation-instructions-and-template,27,deepseek-r1-distill-8b,0.5523359999999999
F4,A1,ablation-instructions-and-template,ablation-instructions-and-template,28,deepseek-r1-distill-8b,0.533568
F4,A1,ablation-instructions-and-template,ablation-instructions-and-template,29,deepseek-r1-distill-8b,0.535012
F4,A1,ablation-instructions-and-template,ablation-instructions-and-template,30,deepseek-r1-distill-8b,0.534272
F4,A1,ablation-instructions-and-template,ablation-instructions-and-template,31,deepseek-r1-distill-8b,0.5352680000000001
F4,A1,ablation-instructions-and-template,ablation-instructions-and-template,32,deepseek-r1-distill-8b,0.532272
F4,A2,ablation-instructions-and-template,ablation-instructions-and-template,0,deepseek-r1-distill-8b,0.5
F4,A2,ablation-instructions-and-template,ablation-instructions-and-template,1,deepseek-r1-distill-8b,0.4989639999999999
F4,A2,ablation-instructions-and-template,ablation-instructions-and-template,2,deepseek-r1-distill-8b,0.503408
F4,A2,ablation-instructions-and-template,ablation-instructions-and-template,3,deepseek-r1-distill-8b,0.507316
F4,A2,ablation-instructions-and-template,ablation-instructions-and-template,4,deepseek-r1-distill-8b,0.5104759999999999
F4,A2,ablation-instructions-and-template,ablation-instructions-and-template,5,deepseek-r1-distill-8b,0.5010399999999999
F4,A2,ablation-instructions-and-template,ablation-instructions-and-template,6,deepseek-r1-distill-8b,0.501532
F4,A2,ablation-instructions-and-template,ablation-instructions-and-template,7,deepseek-r1-distill-8b,0.494664
F4,A2,ablation-instructions-and-template,ablation-instructions-and-template,8,deepseek-r1-distill-8b,0.508036
F4,A2,ablation-instructions-and-template,ablation-instructions-and-template,9,deepseek-r1-distill-8b,0.519612
F4,A2,ablation-instructions-and-template,ablation-instructions-and-template,10,deepseek-r1-distill-8b,0.525252
F4,A2,ablation-instructions-and-template,ablation-instructions-and-template,11,deepseek-r1-distill-8b,0.5310079999999999
F4,A2,ablation-instructions-and-template,ablation-instructions-and-template,12,deepseek-r1-distill-8b,0.53223
F4,A2,ablation-instructions-and-template,ablation-instructions-and-template,13,deepseek-r1-distill-8b,0.52908
F4,A2,ablation-instructions-and-template,ablation-instructions-and-template,14,deepseek-r1-distill-8b,0.53396
F4,A2,ablation-instructions-and-template,ablation-instructions-and-template,15,deepseek-r1-distill-8b,0.5291999999999999
F4,A2,ablation-instructions-and-template,ablation-instructions-and-template,16,deepseek-r1-distill-8b,0.5342859999999999
F4,A2,ablation-instructions-and-template,ablation-instructions-and-template,17,deepseek-r1-distill-8b,0.5465559999999999
F4,A2,ablation-instructions-and-template,ablation-instructions-and-template,18,deepseek-r1-distill-8b,0.5494999999999999
F4,A2,ablation-instructions-and-template,ablation-instructions-and-template,19,deepseek-r1-distill-8b,0.5580040000000001
F4,A2,ablation-instructions-and-template,ablation-instructions-and-template,20,deepseek-r1-distill-8b,0.561456
F4,A2,ablation-instructions-and-template,ablation-instructions-and-template,21,deepseek-r1-distill-8b,0.562056
F4,A2,ablation-instructions-and-template,ablation-instructions-and-template,22,deepseek-r1-distill-8b,0.559812
F4,A2,ablation-instructions-and-template,ablation-instructions-and-template,23,deepseek-r1-distill-8b,0.5583879999999999
F4,A2,ablation-instructions-and-template,ablation-instructions-and-template,24,deepseek-r1-distill-8b,0.55878
F4,A2,ablation-instructions-and-template,ablation-instructions-and-template,25,deepseek-r1-distill-8b,0.56628
F4,A2,ablation-instructions-and-template,ablation-instructions-and-template,26,deepseek-r1-distill-8b,0.564268
F4,A2,ablation-instructions-and-template,ablation-instructions-and-template,27,deepseek-r1-distill-8b,0.558796
F4,A2,ablation-instructions-and-template,ablation-instructions-and-template,28,deepseek-r1-distill-8b,0.54212
F4,A2,ablation-instructions-and-template,ablation-instructions-and-template,29,deepseek-r1-distill-8b,0.5415240000000001
F4,A2,ablation-instructions-and-template,ablation-instructions-and-template,30,deepseek-r1-distill-8b,0.5374340000000001
F4,A2,ablation-instructions-and-template,ablation-instructions-and-template,31,deepseek-r1-distill-8b,0.538812
F4,A2,ablation-instructions-and-template,ablation-instructions-and-template,32,deepseek-r1-distill-8b,0.529388
F4,A3,ablation-instructions-and-template,ablation-instructions-and-template,0,deepseek-r1-distill-8b,0.5
F4,A3,ablation-instructions-and-template,ablation-instructions-and-template,1,deepseek-r1-distill-8b,0.5001239999999999
F4,A3,ablation-instructions-and-template,ablation-instructions-and-template,2,deepseek-r1-distill-8b,0.5035919999999999
F4,A3,ablation-instructions-and-template,ablation-instructions-and-template,3,deepseek-r1-distill-8b,0.497692
F4,A3,ablation-instructions-and-template,ablation-instructions-and-template,4,deepseek-r1-distill-8b,0.5083
F4,A3,ablation-instructions-and-template,ablation-instructions-and-template,5,deepseek-r1-distill-8b,0.506792
F4,A3,ablation-instructions-and-template,ablation-instructions-and-template,6,deepseek-r1-distill-8b,0.5053799999999999
F4,A3,ablation-instructions-and-template,ablation-instructions-and-template,7,deepseek-r1-distill-8b,0.503182
F4,A3,ablation-instructions-and-template,ablation-instructions-and-template,8,deepseek-r1-distill-8b,0.5079119999999999
F4,A3,ablation-instructions-and-template,ablation-instructions-and-template,9,deepseek-r1-distill-8b,0.5117320000000001
F4,A3,ablation-instructions-and-template,ablation-instructions-and-template,10,deepseek-r1-distill-8b,0.5136959999999999
F4,A3,ablation-instructions-and-template,ablation-instructions-and-template,11,deepseek-r1-distill-8b,0.5219239999999999
F4,A3,ablation-instructions-and-template,ablation-instructions-and-template,12,deepseek-r1-distill-8b,0.525104
F4,A3,ablation-instructions-and-template,ablation-instructions-and-template,13,deepseek-r1-distill-8b,0.522652
F4,A3,ablation-instructions-and-template,ablation-instructions-and-template,14,deepseek-r1-distill-8b,0.520836
F4,A3,ablation-instructions-and-template,ablation-instructions-and-template,15,deepseek-r1-distill-8b,0.517524
F4,A3,ablation-instructions-and-template,ablation-instructions-and-template,16,deepseek-r1-distill-8b,0.518648
F4,A3,ablation-instructions-and-template,ablation-instructions-and-template,17,deepseek-r1-distill-8b,0.533188
F4,A3,ablation-instructions-and-template,ablation-instructions-and-template,18,deepseek-r1-distill-8b,0.5380240000000001
F4,A3,ablation-instructions-and-template,ablation-instructions-and-template,19,deepseek-r1-distill-8b,0.54056
F4,A3,ablation-instructions-and-template,ablation-instructions-and-template,20,deepseek-r1-distill-8b,0.54216
F4,A3,ablation-instructions-and-template,ablation-instructions-and-template,21,deepseek-r1-distill-8b,0.5439360000000001
F4,A3,ablation-instructions-and-template,ablation-instructions-and-template,22,deepseek-r1-distill-8b,0.540224
F4,A3,ablation-instructions-and-template,ablation-instructions-and-template,23,deepseek-r1-distill-8b,0.539784
F4,A3,ablation-instructions-and-template,ablation-instructions-and-template,24,deepseek-r1-distill-8b,0.541628
F4,A3,ablation-instructions-and-template,ablation-instructions-and-template,25,deepseek-r1-distill-8b,0.550948
F4,A3,ablation-instructions-and-template,ablation-instructions-and-template,26,deepseek-r1-distill-8b,0.5510120000000001
F4,A3,ablation-instructions-and-template,ablation-instructions-and-template,27,deepseek-r1-distill-8b,0.559092
F4,A3,ablation-instructions-and-template,ablation-instructions-and-template,28,deepseek-r1-distill-8b,0.5505519999999999
F4,A3,ablation-instructions-and-template,ablation-instructions-and-template,29,deepseek-r1-distill-8b,0.544644
F4,A3,ablation-instructions-and-template,ablation-instructions-and-template,30,deepseek-r1-distill-8b,0.531272
F4,A3,ablation-instructions-and-template,ablation-instructions-and-template,31,deepseek-r1-distill-8b,0.536104
F4,A3,ablation-instructions-and-template,ablation-instructions-and-template,32,deepseek-r1-distill-8b,0.5381959999999999
F4,F0,ablation-instructions-and-template,ablation-instructions-and-template,0,deepseek-r1-distill-8b,0.5
F4,F0,ablation-instructions-and-template,ablation-instructions-and-template,1,deepseek-r1-distill-8b,0.4882265062691638
F4,F0,ablation-instructions-and-template,ablation-instructions-and-template,2,deepseek-r1-distill-8b,0.5084612752178712
F4,F0,ablation-instructions-and-template,ablation-instructions-and-template,3,deepseek-r1-distill-8b,0.4979783097790159
F4,F0,ablation-instructions-and-template,ablation-instructions-and-template,4,deepseek-r1-distill-8b,0.4973770252979279
F4,F0,ablation-instructions-and-template,ablation-instructions-and-template,5,deepseek-r1-distill-8b,0.5351747985525193
F4,F0,ablation-instructions-and-template,ablation-instructions-and-template,6,deepseek-r1-distill-8b,0.5451980390566912
F4,F0,ablation-instructions-and-template,ablation-instructions-and-template,7,deepseek-r1-distill-8b,0.5609716207468571
F4,F0,ablation-instructions-and-template,ablation-instructions-and-template,8,deepseek-r1-distill-8b,0.6030587856939648
F4,F0,ablation-instructions-and-template,ablation-instructions-and-template,9,deepseek-r1-distill-8b,0.7784352584973524
F4,F0,ablation-instructions-and-template,ablation-instructions-and-template,10,deepseek-r1-distill-8b,0.792868147590258
F4,F0,ablation-instructions-and-template,ablation-instructions-and-template,11,deepseek-r1-distill-8b,0.82621847723159
F4,F0,ablation-instructions-and-template,ablation-instructions-and-template,12,deepseek-r1-distill-8b,0.813605933956287
F4,F0,ablation-instructions-and-template,ablation-instructions-and-template,13,deepseek-r1-distill-8b,0.8460409368218371
F4,F0,ablation-instructions-and-template,ablation-instructions-and-template,14,deepseek-r1-distill-8b,0.8328236731541254
F4,F0,ablation-instructions-and-template,ablation-instructions-and-template,15,deepseek-r1-distill-8b,0.8263497290440333
F4,F0,ablation-instructions-and-template,ablation-instructions-and-template,16,deepseek-r1-distill-8b,0.741737664047586
F4,F0,ablation-instructions-and-template,ablation-instructions-and-template,17,deepseek-r1-distill-8b,0.729725718071107
F4,F0,ablation-instructions-and-template,ablation-instructions-and-template,18,deepseek-r1-distill-8b,0.678466044262784
F4,F0,ablation-instructions-and-template,ablation-instructions-and-template,19,deepseek-r1-distill-8b,0.6671254753583311
F4,F0,ablation-instructions-and-template,ablation-instructions-and-template,20,deepseek-r1-distill-8b,0.6738138203348227
F4,F0,ablation-instructions-and-template,ablation-instructions-and-template,21,deepseek-r1-distill-8b,0.6935263307628136
F4,F0,ablation-instructions-and-template,ablation-instructions-and-template,22,deepseek-r1-distill-8b,0.6963272856712878
F4,F0,ablation-instructions-and-template,ablation-instructions-and-template,23,deepseek-r1-distill-8b,0.7028184093379823
F4,F0,ablation-instructions-and-template,ablation-instructions-and-template,24,deepseek-r1-distill-8b,0.7184600520334411
F4,F0,ablation-instructions-and-template,ablation-instructions-and-template,25,deepseek-r1-distill-8b,0.6482877479525403
F4,F0,ablation-instructions-and-template,ablation-instructions-and-template,26,deepseek-r1-distill-8b,0.6577461246356217
F4,F0,ablation-instructions-and-template,ablation-instructions-and-template,27,deepseek-r1-distill-8b,0.6032223350728207
F4,F0,ablation-instructions-and-template,ablation-instructions-and-template,28,deepseek-r1-distill-8b,0.5950008864651207
F4,F0,ablation-instructions-and-template,ablation-instructions-and-template,29,deepseek-r1-distill-8b,0.5965243695446317
F4,F0,ablation-instructions-and-template,ablation-instructions-and-template,30,deepseek-r1-distill-8b,0.6035054541656302
F4,F0,ablation-instructions-and-template,ablation-instructions-and-template,31,deepseek-r1-distill-8b,0.6008336895228069
F4,F0,ablation-instructions-and-template,ablation-instructions-and-template,32,deepseek-r1-distill-8b,0.6118602161325657
F4,F1,ablation-instructions-and-template,ablation-instructions-and-template,0,deepseek-r1-distill-8b,0.5
F4,F1,ablation-instructions-and-template,ablation-instructions-and-template,1,deepseek-r1-distill-8b,0.5055215094920487
F4,F1,ablation-instructions-and-template,ablation-instructions-and-template,2,deepseek-r1-distill-8b,0.4842772697973774
F4,F1,ablation-instructions-and-template,ablation-instructions-and-template,3,deepseek-r1-distill-8b,0.4972011066383181
F4,F1,ablation-instructions-and-template,ablation-instructions-and-template,4,deepseek-r1-distill-8b,0.5076916310820785
F4,F1,ablation-instructions-and-template,ablation-instructions-and-template,5,deepseek-r1-distill-8b,0.4682817282359069
F4,F1,ablation-instructions-and-template,ablation-instructions-and-template,6,deepseek-r1-distill-8b,0.4599764433919866
F4,F1,ablation-instructions-and-template,ablation-instructions-and-template,7,deepseek-r1-distill-8b,0.443167965212085
F4,F1,ablation-instructions-and-template,ablation-instructions-and-template,8,deepseek-r1-distill-8b,0.4206654947918456
F4,F1,ablation-instructions-and-template,ablation-instructions-and-template,9,deepseek-r1-distill-8b,0.28739199212764
F4,F1,ablation-instructions-and-template,ablation-instructions-and-template,10,deepseek-r1-distill-8b,0.3407242076444903
F4,F1,ablation-instructions-and-template,ablation-instructions-and-template,11,deepseek-r1-distill-8b,0.3603350150973943
F4,F1,ablation-instructions-and-template,ablation-instructions-and-template,12,deepseek-r1-distill-8b,0.3131475833861318
F4,F1,ablation-instructions-and-template,ablation-instructions-and-template,13,deepseek-r1-distill-8b,0.3097474055433619
F4,F1,ablation-instructions-and-template,ablation-instructions-and-template,14,deepseek-r1-distill-8b,0.3956259474525466
F4,F1,ablation-instructions-and-template,ablation-instructions-and-template,15,deepseek-r1-distill-8b,0.4686823554958776
F4,F1,ablation-instructions-and-template,ablation-instructions-and-template,16,deepseek-r1-distill-8b,0.4344668633840428
F4,F1,ablation-instructions-and-template,ablation-instructions-and-template,17,deepseek-r1-distill-8b,0.3938921866002207
F4,F1,ablation-instructions-and-template,ablation-instructions-and-template,18,deepseek-r1-distill-8b,0.4067294384758848
F4,F1,ablation-instructions-and-template,ablation-instructions-and-template,19,deepseek-r1-distill-8b,0.4645901851131583
F4,F1,ablation-instructions-and-template,ablation-instructions-and-template,20,deepseek-r1-distill-8b,0.5076586463334016
F4,F1,ablation-instructions-and-template,ablation-instructions-and-template,21,deepseek-r1-distill-8b,0.5196747154034653
F4,F1,ablation-instructions-and-template,ablation-instructions-and-template,22,deepseek-r1-distill-8b,0.5267746825561531
F4,F1,ablation-instructions-and-template,ablation-instructions-and-template,23,deepseek-r1-distill-8b,0.5249976292211889
F4,F1,ablation-instructions-and-template,ablation-instructions-and-template,24,deepseek-r1-distill-8b,0.4926450882273309
F4,F1,ablation-instructions-and-template,ablation-instructions-and-template,25,deepseek-r1-distill-8b,0.6000503017417321
F4,F1,ablation-instructions-and-template,ablation-instructions-and-template,26,deepseek-r1-distill-8b,0.6282137796536327
F4,F1,ablation-instructions-and-template,ablation-instructions-and-template,27,deepseek-r1-distill-8b,0.5946669158847677
F4,F1,ablation-instructions-and-template,ablation-instructions-and-template,28,deepseek-r1-distill-8b,0.5892931505795008
F4,F1,ablation-instructions-and-template,ablation-instructions-and-template,29,deepseek-r1-distill-8b,0.606434224975227
F4,F1,ablation-instructions-and-template,ablation-instructions-and-template,30,deepseek-r1-distill-8b,0.618369206538127
F4,F1,ablation-instructions-and-template,ablation-instructions-and-template,31,deepseek-r1-distill-8b,0.582499666716602
F4,F1,ablation-instructions-and-template,ablation-instructions-and-template,32,deepseek-r1-distill-8b,0.6154074509798533
F4,F2,ablation-instructions-and-template,ablation-instructions-and-template,0,deepseek-r1-distill-8b,0.5
F4,F2,ablation-instructions-and-template,ablation-instructions-and-template,1,deepseek-r1-distill-8b,0.4699337143988048
F4,F2,ablation-instructions-and-template,ablation-instructions-and-template,2,deepseek-r1-distill-8b,0.5146843978015665
F4,F2,ablation-instructions-and-template,ablation-instructions-and-template,3,deepseek-r1-distill-8b,0.51338287459336
F4,F2,ablation-instructions-and-template,ablation-instructions-and-template,4,deepseek-r1-distill-8b,0.5107509665218544
F4,F2,ablation-instructions-and-template,ablation-instructions-and-template,5,deepseek-r1-distill-8b,0.5229924313745432
F4,F2,ablation-instructions-and-template,ablation-instructions-and-template,6,deepseek-r1-distill-8b,0.5344271442491778
F4,F2,ablation-instructions-and-template,ablation-instructions-and-template,7,deepseek-r1-distill-8b,0.5383756935387001
F4,F2,ablation-instructions-and-template,ablation-instructions-and-template,8,deepseek-r1-distill-8b,0.5604892187974584
F4,F2,ablation-instructions-and-template,ablation-instructions-and-template,9,deepseek-r1-distill-8b,0.6182578830113427
F4,F2,ablation-instructions-and-template,ablation-instructions-and-template,10,deepseek-r1-distill-8b,0.6192652922105142
F4,F2,ablation-instructions-and-template,ablation-instructions-and-template,11,deepseek-r1-distill-8b,0.6948649618132816
F4,F2,ablation-instructions-and-template,ablation-instructions-and-template,12,deepseek-r1-distill-8b,0.7045556061016288
F4,F2,ablation-instructions-and-template,ablation-instructions-and-template,13,deepseek-r1-distill-8b,0.7344947629839653
F4,F2,ablation-instructions-and-template,ablation-instructions-and-template,14,deepseek-r1-distill-8b,0.7394246085466232
F4,F2,ablation-instructions-and-template,ablation-instructions-and-template,15,deepseek-r1-distill-8b,0.7306891476053761
F4,F2,ablation-instructions-and-template,ablation-instructions-and-template,16,deepseek-r1-distill-8b,0.6959768227165963
F4,F2,ablation-instructions-and-template,ablation-instructions-and-template,17,deepseek-r1-distill-8b,0.688497530954125
F4,F2,ablation-instructions-and-template,ablation-instructions-and-template,18,deepseek-r1-distill-8b,0.6699463585524643
F4,F2,ablation-instructions-and-template,ablation-instructions-and-template,19,deepseek-r1-distill-8b,0.6590284067404335
F4,F2,ablation-instructions-and-template,ablation-instructions-and-template,20,deepseek-r1-distill-8b,0.6507602297387746
F4,F2,ablation-instructions-and-template,ablation-instructions-and-template,21,deepseek-r1-distill-8b,0.6749882148241707
F4,F2,ablation-instructions-and-template,ablation-instructions-and-template,22,deepseek-r1-distill-8b,0.6865830411663407
F4,F2,ablation-instructions-and-template,ablation-instructions-and-template,23,deepseek-r1-distill-8b,0.6793868684966788
F4,F2,ablation-instructions-and-template,ablation-instructions-and-template,24,deepseek-r1-distill-8b,0.681122690895797
F4,F2,ablation-instructions-and-template,ablation-instructions-and-template,25,deepseek-r1-distill-8b,0.6942451234110628
F4,F2,ablation-instructions-and-template,ablation-instructions-and-template,26,deepseek-r1-distill-8b,0.7349331852684615
F4,F2,ablation-instructions-and-template,ablation-instructions-and-template,27,deepseek-r1-distill-8b,0.6824654450398496
F4,F2,ablation-instructions-and-template,ablation-instructions-and-template,28,deepseek-r1-distill-8b,0.6809701364331667
F4,F2,ablation-instructions-and-template,ablation-instructions-and-template,29,deepseek-r1-distill-8b,0.6876825327889017
F4,F2,ablation-instructions-and-template,ablation-instructions-and-template,30,deepseek-r1-distill-8b,0.6985633767586712
F4,F2,ablation-instructions-and-template,ablation-instructions-and-template,31,deepseek-r1-distill-8b,0.6938273165944896
F4,F2,ablation-instructions-and-template,ablation-instructions-and-template,32,deepseek-r1-distill-8b,0.752075634028716
F4,F3,ablation-instructions-and-template,ablation-instructions-and-template,0,deepseek-r1-distill-8b,0.5
F4,F3,ablation-instructions-and-template,ablation-instructions-and-template,1,deepseek-r1-distill-8b,0.4930405881356833
F4,F3,ablation-instructions-and-template,ablation-instructions-and-template,2,deepseek-r1-distill-8b,0.5086588089591093
F4,F3,ablation-instructions-and-template,ablation-instructions-and-template,3,deepseek-r1-distill-8b,0.5160786412037663
F4,F3,ablation-instructions-and-template,ablation-instructions-and-template,4,deepseek-r1-distill-8b,0.5020836652468283
F4,F3,ablation-instructions-and-template,ablation-instructions-and-template,5,deepseek-r1-distill-8b,0.5263201139077015
F4,F3,ablation-instructions-and-template,ablation-instructions-and-template,6,deepseek-r1-distill-8b,0.5268421574727882
F4,F3,ablation-instructions-and-template,ablation-instructions-and-template,7,deepseek-r1-distill-8b,0.525820114408703
F4,F3,ablation-instructions-and-template,ablation-instructions-and-template,8,deepseek-r1-distill-8b,0.5284904524143763
F4,F3,ablation-instructions-and-template,ablation-instructions-and-template,9,deepseek-r1-distill-8b,0.5697569441313185
F4,F3,ablation-instructions-and-template,ablation-instructions-and-template,10,deepseek-r1-distill-8b,0.568653738823909
F4,F3,ablation-instructions-and-template,ablation-instructions-and-template,11,deepseek-r1-distill-8b,0.5810946081216352
F4,F3,ablation-instructions-and-template,ablation-instructions-and-template,12,deepseek-r1-distill-8b,0.5815194573953333
F4,F3,ablation-instructions-and-template,ablation-instructions-and-template,13,deepseek-r1-distill-8b,0.5832268705141579
F4,F3,ablation-instructions-and-template,ablation-instructions-and-template,14,deepseek-r1-distill-8b,0.5779693607521436
F4,F3,ablation-instructions-and-template,ablation-instructions-and-template,15,deepseek-r1-distill-8b,0.5868641414186959
F4,F3,ablation-instructions-and-template,ablation-instructions-and-template,16,deepseek-r1-distill-8b,0.58368278188098
F4,F3,ablation-instructions-and-template,ablation-instructions-and-template,17,deepseek-r1-distill-8b,0.5763902040178317
F4,F3,ablation-instructions-and-template,ablation-instructions-and-template,18,deepseek-r1-distill-8b,0.5768130492855218
F4,F3,ablation-instructions-and-template,ablation-instructions-and-template,19,deepseek-r1-distill-8b,0.5798150502855208
F4,F3,ablation-instructions-and-template,ablation-instructions-and-template,20,deepseek-r1-distill-8b,0.5815134453773092
F4,F3,ablation-instructions-and-template,ablation-instructions-and-template,21,deepseek-r1-distill-8b,0.5861717573429285
F4,F3,ablation-instructions-and-template,ablation-instructions-and-template,22,deepseek-r1-distill-8b,0.5883801719637556
F4,F3,ablation-instructions-and-template,ablation-instructions-and-template,23,deepseek-r1-distill-8b,0.5948491033576119
F4,F3,ablation-instructions-and-template,ablation-instructions-and-template,24,deepseek-r1-distill-8b,0.5967659351042733
F4,F3,ablation-instructions-and-template,ablation-instructions-and-template,25,deepseek-r1-distill-8b,0.5782769756743731
F4,F3,ablation-instructions-and-template,ablation-instructions-and-template,26,deepseek-r1-distill-8b,0.5758240723205688
F4,F3,ablation-instructions-and-template,ablation-instructions-and-template,27,deepseek-r1-distill-8b,0.5822128434741047
F4,F3,ablation-instructions-and-template,ablation-instructions-and-template,28,deepseek-r1-distill-8b,0.5801547293038785
F4,F3,ablation-instructions-and-template,ablation-instructions-and-template,29,deepseek-r1-distill-8b,0.5863581299016735
F4,F3,ablation-instructions-and-template,ablation-instructions-and-template,30,deepseek-r1-distill-8b,0.5881166451737023
F4,F3,ablation-instructions-and-template,ablation-instructions-and-template,31,deepseek-r1-distill-8b,0.5757178600021442
F4,F3,ablation-instructions-and-template,ablation-instructions-and-template,32,deepseek-r1-distill-8b,0.5841877913949985
F4,F5,ablation-instructions-and-template,ablation-instructions-and-template,0,deepseek-r1-distill-8b,0.5
F4,F5,ablation-instructions-and-template,ablation-instructions-and-template,1,deepseek-r1-distill-8b,0.5335923798128145
F4,F5,ablation-instructions-and-template,ablation-instructions-and-template,2,deepseek-r1-distill-8b,0.538342703535544
F4,F5,ablation-instructions-and-template,ablation-instructions-and-template,3,deepseek-r1-distill-8b,0.5479632103460146
F4,F5,ablation-instructions-and-template,ablation-instructions-and-template,4,deepseek-r1-distill-8b,0.5440160468127654
F4,F5,ablation-instructions-and-template,ablation-instructions-and-template,5,deepseek-r1-distill-8b,0.547142634693242
F4,F5,ablation-instructions-and-template,ablation-instructions-and-template,6,deepseek-r1-distill-8b,0.5486997819993772
F4,F5,ablation-instructions-and-template,ablation-instructions-and-template,7,deepseek-r1-distill-8b,0.5464347473323607
F4,F5,ablation-instructions-and-template,ablation-instructions-and-template,8,deepseek-r1-distill-8b,0.5645673179366979
F4,F5,ablation-instructions-and-template,ablation-instructions-and-template,9,deepseek-r1-distill-8b,0.6382695585897162
F4,F5,ablation-instructions-and-template,ablation-instructions-and-template,10,deepseek-r1-distill-8b,0.6557024373453098
F4,F5,ablation-instructions-and-template,ablation-instructions-and-template,11,deepseek-r1-distill-8b,0.6513864757658707
F4,F5,ablation-instructions-and-template,ablation-instructions-and-template,12,deepseek-r1-distill-8b,0.6519284040059663
F4,F5,ablation-instructions-and-template,ablation-instructions-and-template,13,deepseek-r1-distill-8b,0.6480416823747316
F4,F5,ablation-instructions-and-template,ablation-instructions-and-template,14,deepseek-r1-distill-8b,0.6519181596157944
F4,F5,ablation-instructions-and-template,ablation-instructions-and-template,15,deepseek-r1-distill-8b,0.650882451769411
F4,F5,ablation-instructions-and-template,ablation-instructions-and-template,16,deepseek-r1-distill-8b,0.6450564670786277
F4,F5,ablation-instructions-and-template,ablation-instructions-and-template,17,deepseek-r1-distill-8b,0.6308669622514711
F4,F5,ablation-instructions-and-template,ablation-instructions-and-template,18,deepseek-r1-distill-8b,0.6248719451228507
F4,F5,ablation-instructions-and-template,ablation-instructions-and-template,19,deepseek-r1-distill-8b,0.6207188693471455
F4,F5,ablation-instructions-and-template,ablation-instructions-and-template,20,deepseek-r1-distill-8b,0.6207137471520595
F4,F5,ablation-instructions-and-template,ablation-instructions-and-template,21,deepseek-r1-distill-8b,0.6235985674244784
F4,F5,ablation-instructions-and-template,ablation-instructions-and-template,22,deepseek-r1-distill-8b,0.6278581848579717
F4,F5,ablation-instructions-and-template,ablation-instructions-and-template,23,deepseek-r1-distill-8b,0.6308587667393335
F4,F5,ablation-instructions-and-template,ablation-instructions-and-template,24,deepseek-r1-distill-8b,0.6352833188545952
F4,F5,ablation-instructions-and-template,ablation-instructions-and-template,25,deepseek-r1-distill-8b,0.6320040895605566
F4,F5,ablation-instructions-and-template,ablation-instructions-and-template,26,deepseek-r1-distill-8b,0.6368783704043666
F4,F5,ablation-instructions-and-template,ablation-instructions-and-template,27,deepseek-r1-distill-8b,0.639281704338704
F4,F5,ablation-instructions-and-template,ablation-instructions-and-template,28,deepseek-r1-distill-8b,0.636044989263879
F4,F5,ablation-instructions-and-template,ablation-instructions-and-template,29,deepseek-r1-distill-8b,0.6439295841597141
F4,F5,ablation-instructions-and-template,ablation-instructions-and-template,30,deepseek-r1-distill-8b,0.6487475208575785
F4,F5,ablation-instructions-and-template,ablation-instructions-and-template,31,deepseek-r1-distill-8b,0.6404505892573227
F4,F5,ablation-instructions-and-template,ablation-instructions-and-template,32,deepseek-r1-distill-8b,0.6330674572604043
F5,A1,ablation-instructions-and-template,ablation-instructions-and-template,0,deepseek-r1-distill-8b,0.5
F5,A1,ablation-instructions-and-template,ablation-instructions-and-template,1,deepseek-r1-distill-8b,0.4996319999999999
F5,A1,ablation-instructions-and-template,ablation-instructions-and-template,2,deepseek-r1-distill-8b,0.50372
F5,A1,ablation-instructions-and-template,ablation-instructions-and-template,3,deepseek-r1-distill-8b,0.4977
F5,A1,ablation-instructions-and-template,ablation-instructions-and-template,4,deepseek-r1-distill-8b,0.510108
F5,A1,ablation-instructions-and-template,ablation-instructions-and-template,5,deepseek-r1-distill-8b,0.4969319999999999
F5,A1,ablation-instructions-and-template,ablation-instructions-and-template,6,deepseek-r1-distill-8b,0.497008
F5,A1,ablation-instructions-and-template,ablation-instructions-and-template,7,deepseek-r1-distill-8b,0.498916
F5,A1,ablation-instructions-and-template,ablation-instructions-and-template,8,deepseek-r1-distill-8b,0.506224
F5,A1,ablation-instructions-and-template,ablation-instructions-and-template,9,deepseek-r1-distill-8b,0.525788
F5,A1,ablation-instructions-and-template,ablation-instructions-and-template,10,deepseek-r1-distill-8b,0.52262
F5,A1,ablation-instructions-and-template,ablation-instructions-and-template,11,deepseek-r1-distill-8b,0.532842
F5,A1,ablation-instructions-and-template,ablation-instructions-and-template,12,deepseek-r1-distill-8b,0.5517120000000001
F5,A1,ablation-instructions-and-template,ablation-instructions-and-template,13,deepseek-r1-distill-8b,0.5677319999999999
F5,A1,ablation-instructions-and-template,ablation-instructions-and-template,14,deepseek-r1-distill-8b,0.5672759999999999
F5,A1,ablation-instructions-and-template,ablation-instructions-and-template,15,deepseek-r1-distill-8b,0.558004
F5,A1,ablation-instructions-and-template,ablation-instructions-and-template,16,deepseek-r1-distill-8b,0.549144
F5,A1,ablation-instructions-and-template,ablation-instructions-and-template,17,deepseek-r1-distill-8b,0.5517080000000001
F5,A1,ablation-instructions-and-template,ablation-instructions-and-template,18,deepseek-r1-distill-8b,0.5500120000000001
F5,A1,ablation-instructions-and-template,ablation-instructions-and-template,19,deepseek-r1-distill-8b,0.549344
F5,A1,ablation-instructions-and-template,ablation-instructions-and-template,20,deepseek-r1-distill-8b,0.5487200000000001
F5,A1,ablation-instructions-and-template,ablation-instructions-and-template,21,deepseek-r1-distill-8b,0.547728
F5,A1,ablation-instructions-and-template,ablation-instructions-and-template,22,deepseek-r1-distill-8b,0.5464760000000001
F5,A1,ablation-instructions-and-template,ablation-instructions-and-template,23,deepseek-r1-distill-8b,0.54454
F5,A1,ablation-instructions-and-template,ablation-instructions-and-template,24,deepseek-r1-distill-8b,0.545268
F5,A1,ablation-instructions-and-template,ablation-instructions-and-template,25,deepseek-r1-distill-8b,0.5458320000000001
F5,A1,ablation-instructions-and-template,ablation-instructions-and-template,26,deepseek-r1-distill-8b,0.5453319999999999
F5,A1,ablation-instructions-and-template,ablation-instructions-and-template,27,deepseek-r1-distill-8b,0.544168
F5,A1,ablation-instructions-and-template,ablation-instructions-and-template,28,deepseek-r1-distill-8b,0.540868
F5,A1,ablation-instructions-and-template,ablation-instructions-and-template,29,deepseek-r1-distill-8b,0.529052
F5,A1,ablation-instructions-and-template,ablation-instructions-and-template,30,deepseek-r1-distill-8b,0.52614
F5,A1,ablation-instructions-and-template,ablation-instructions-and-template,31,deepseek-r1-distill-8b,0.525208
F5,A1,ablation-instructions-and-template,ablation-instructions-and-template,32,deepseek-r1-distill-8b,0.516904
F5,A2,ablation-instructions-and-template,ablation-instructions-and-template,0,deepseek-r1-distill-8b,0.5
F5,A2,ablation-instructions-and-template,ablation-instructions-and-template,1,deepseek-r1-distill-8b,0.496584
F5,A2,ablation-instructions-and-template,ablation-instructions-and-template,2,deepseek-r1-distill-8b,0.5005200000000001
F5,A2,ablation-instructions-and-template,ablation-instructions-and-template,3,deepseek-r1-distill-8b,0.496004
F5,A2,ablation-instructions-and-template,ablation-instructions-and-template,4,deepseek-r1-distill-8b,0.505692
F5,A2,ablation-instructions-and-template,ablation-instructions-and-template,5,deepseek-r1-distill-8b,0.501488
F5,A2,ablation-instructions-and-template,ablation-instructions-and-template,6,deepseek-r1-distill-8b,0.500668
F5,A2,ablation-instructions-and-template,ablation-instructions-and-template,7,deepseek-r1-distill-8b,0.498648
F5,A2,ablation-instructions-and-template,ablation-instructions-and-template,8,deepseek-r1-distill-8b,0.512876
F5,A2,ablation-instructions-and-template,ablation-instructions-and-template,9,deepseek-r1-distill-8b,0.519944
F5,A2,ablation-instructions-and-template,ablation-instructions-and-template,10,deepseek-r1-distill-8b,0.531032
F5,A2,ablation-instructions-and-template,ablation-instructions-and-template,11,deepseek-r1-distill-8b,0.54552
F5,A2,ablation-instructions-and-template,ablation-instructions-and-template,12,deepseek-r1-distill-8b,0.553068
F5,A2,ablation-instructions-and-template,ablation-instructions-and-template,13,deepseek-r1-distill-8b,0.551612
F5,A2,ablation-instructions-and-template,ablation-instructions-and-template,14,deepseek-r1-distill-8b,0.55972
F5,A2,ablation-instructions-and-template,ablation-instructions-and-template,15,deepseek-r1-distill-8b,0.554416
F5,A2,ablation-instructions-and-template,ablation-instructions-and-template,16,deepseek-r1-distill-8b,0.5470079999999999
F5,A2,ablation-instructions-and-template,ablation-instructions-and-template,17,deepseek-r1-distill-8b,0.54767
F5,A2,ablation-instructions-and-template,ablation-instructions-and-template,18,deepseek-r1-distill-8b,0.54492
F5,A2,ablation-instructions-and-template,ablation-instructions-and-template,19,deepseek-r1-distill-8b,0.547716
F5,A2,ablation-instructions-and-template,ablation-instructions-and-template,20,deepseek-r1-distill-8b,0.545692
F5,A2,ablation-instructions-and-template,ablation-instructions-and-template,21,deepseek-r1-distill-8b,0.5461159999999999
F5,A2,ablation-instructions-and-template,ablation-instructions-and-template,22,deepseek-r1-distill-8b,0.543984
F5,A2,ablation-instructions-and-template,ablation-instructions-and-template,23,deepseek-r1-distill-8b,0.54308
F5,A2,ablation-instructions-and-template,ablation-instructions-and-template,24,deepseek-r1-distill-8b,0.54558
F5,A2,ablation-instructions-and-template,ablation-instructions-and-template,25,deepseek-r1-distill-8b,0.551216
F5,A2,ablation-instructions-and-template,ablation-instructions-and-template,26,deepseek-r1-distill-8b,0.551032
F5,A2,ablation-instructions-and-template,ablation-instructions-and-template,27,deepseek-r1-distill-8b,0.552352
F5,A2,ablation-instructions-and-template,ablation-instructions-and-template,28,deepseek-r1-distill-8b,0.5518080000000001
F5,A2,ablation-instructions-and-template,ablation-instructions-and-template,29,deepseek-r1-distill-8b,0.5509
F5,A2,ablation-instructions-and-template,ablation-instructions-and-template,30,deepseek-r1-distill-8b,0.550608
F5,A2,ablation-instructions-and-template,ablation-instructions-and-template,31,deepseek-r1-distill-8b,0.545332
F5,A2,ablation-instructions-and-template,ablation-instructions-and-template,32,deepseek-r1-distill-8b,0.537652
F5,A3,ablation-instructions-and-template,ablation-instructions-and-template,0,deepseek-r1-distill-8b,0.5
F5,A3,ablation-instructions-and-template,ablation-instructions-and-template,1,deepseek-r1-distill-8b,0.4950159999999999
F5,A3,ablation-instructions-and-template,ablation-instructions-and-template,2,deepseek-r1-distill-8b,0.496652
F5,A3,ablation-instructions-and-template,ablation-instructions-and-template,3,deepseek-r1-distill-8b,0.495596
F5,A3,ablation-instructions-and-template,ablation-instructions-and-template,4,deepseek-r1-distill-8b,0.4973719999999999
F5,A3,ablation-instructions-and-template,ablation-instructions-and-template,5,deepseek-r1-distill-8b,0.503636
F5,A3,ablation-instructions-and-template,ablation-instructions-and-template,6,deepseek-r1-distill-8b,0.5014799999999999
F5,A3,ablation-instructions-and-template,ablation-instructions-and-template,7,deepseek-r1-distill-8b,0.502544
F5,A3,ablation-instructions-and-template,ablation-instructions-and-template,8,deepseek-r1-distill-8b,0.518668
F5,A3,ablation-instructions-and-template,ablation-instructions-and-template,9,deepseek-r1-distill-8b,0.52254
F5,A3,ablation-instructions-and-template,ablation-instructions-and-template,10,deepseek-r1-distill-8b,0.5272680000000001
F5,A3,ablation-instructions-and-template,ablation-instructions-and-template,11,deepseek-r1-distill-8b,0.53588
F5,A3,ablation-instructions-and-template,ablation-instructions-and-template,12,deepseek-r1-distill-8b,0.5411239999999999
F5,A3,ablation-instructions-and-template,ablation-instructions-and-template,13,deepseek-r1-distill-8b,0.543304
F5,A3,ablation-instructions-and-template,ablation-instructions-and-template,14,deepseek-r1-distill-8b,0.5429080000000001
F5,A3,ablation-instructions-and-template,ablation-instructions-and-template,15,deepseek-r1-distill-8b,0.5385880000000001
F5,A3,ablation-instructions-and-template,ablation-instructions-and-template,16,deepseek-r1-distill-8b,0.5341319999999999
F5,A3,ablation-instructions-and-template,ablation-instructions-and-template,17,deepseek-r1-distill-8b,0.5383800000000001
F5,A3,ablation-instructions-and-template,ablation-instructions-and-template,18,deepseek-r1-distill-8b,0.540084
F5,A3,ablation-instructions-and-template,ablation-instructions-and-template,19,deepseek-r1-distill-8b,0.539868
F5,A3,ablation-instructions-and-template,ablation-instructions-and-template,20,deepseek-r1-distill-8b,0.539768
F5,A3,ablation-instructions-and-template,ablation-instructions-and-template,21,deepseek-r1-distill-8b,0.539036
F5,A3,ablation-instructions-and-template,ablation-instructions-and-template,22,deepseek-r1-distill-8b,0.537288
F5,A3,ablation-instructions-and-template,ablation-instructions-and-template,23,deepseek-r1-distill-8b,0.536072
F5,A3,ablation-instructions-and-template,ablation-instructions-and-template,24,deepseek-r1-distill-8b,0.537776
F5,A3,ablation-instructions-and-template,ablation-instructions-and-template,25,deepseek-r1-distill-8b,0.542548
F5,A3,ablation-instructions-and-template,ablation-instructions-and-template,26,deepseek-r1-distill-8b,0.5429200000000001
F5,A3,ablation-instructions-and-template,ablation-instructions-and-template,27,deepseek-r1-distill-8b,0.548624
F5,A3,ablation-instructions-and-template,ablation-instructions-and-template,28,deepseek-r1-distill-8b,0.5482
F5,A3,ablation-instructions-and-template,ablation-instructions-and-template,29,deepseek-r1-distill-8b,0.553596
F5,A3,ablation-instructions-and-template,ablation-instructions-and-template,30,deepseek-r1-distill-8b,0.549504
F5,A3,ablation-instructions-and-template,ablation-instructions-and-template,31,deepseek-r1-distill-8b,0.547408
F5,A3,ablation-instructions-and-template,ablation-instructions-and-template,32,deepseek-r1-distill-8b,0.529548
F5,F0,ablation-instructions-and-template,ablation-instructions-and-template,0,deepseek-r1-distill-8b,0.5
F5,F0,ablation-instructions-and-template,ablation-instructions-and-template,1,deepseek-r1-distill-8b,0.5157522790399789
F5,F0,ablation-instructions-and-template,ablation-instructions-and-template,2,deepseek-r1-distill-8b,0.5164408356686078
F5,F0,ablation-instructions-and-template,ablation-instructions-and-template,3,deepseek-r1-distill-8b,0.5062650407018054
F5,F0,ablation-instructions-and-template,ablation-instructions-and-template,4,deepseek-r1-distill-8b,0.4904076227754192
F5,F0,ablation-instructions-and-template,ablation-instructions-and-template,5,deepseek-r1-distill-8b,0.5107042381278957
F5,F0,ablation-instructions-and-template,ablation-instructions-and-template,6,deepseek-r1-distill-8b,0.5200196809000438
F5,F0,ablation-instructions-and-template,ablation-instructions-and-template,7,deepseek-r1-distill-8b,0.5386533151733967
F5,F0,ablation-instructions-and-template,ablation-instructions-and-template,8,deepseek-r1-distill-8b,0.5930382939188492
F5,F0,ablation-instructions-and-template,ablation-instructions-and-template,9,deepseek-r1-distill-8b,0.6939290195695764
F5,F0,ablation-instructions-and-template,ablation-instructions-and-template,10,deepseek-r1-distill-8b,0.7250817403303148
F5,F0,ablation-instructions-and-template,ablation-instructions-and-template,11,deepseek-r1-distill-8b,0.7106729026166525
F5,F0,ablation-instructions-and-template,ablation-instructions-and-template,12,deepseek-r1-distill-8b,0.6873416903859078
F5,F0,ablation-instructions-and-template,ablation-instructions-and-template,13,deepseek-r1-distill-8b,0.7209833853072185
F5,F0,ablation-instructions-and-template,ablation-instructions-and-template,14,deepseek-r1-distill-8b,0.6766587549081993
F5,F0,ablation-instructions-and-template,ablation-instructions-and-template,15,deepseek-r1-distill-8b,0.668277880015228
F5,F0,ablation-instructions-and-template,ablation-instructions-and-template,16,deepseek-r1-distill-8b,0.6198466484059433
F5,F0,ablation-instructions-and-template,ablation-instructions-and-template,17,deepseek-r1-distill-8b,0.6182991139471887
F5,F0,ablation-instructions-and-template,ablation-instructions-and-template,18,deepseek-r1-distill-8b,0.5858105108650387
F5,F0,ablation-instructions-and-template,ablation-instructions-and-template,19,deepseek-r1-distill-8b,0.619905746080656
F5,F0,ablation-instructions-and-template,ablation-instructions-and-template,20,deepseek-r1-distill-8b,0.6254293171194969
F5,F0,ablation-instructions-and-template,ablation-instructions-and-template,21,deepseek-r1-distill-8b,0.6246046984025762
F5,F0,ablation-instructions-and-template,ablation-instructions-and-template,22,deepseek-r1-distill-8b,0.6273809147495426
F5,F0,ablation-instructions-and-template,ablation-instructions-and-template,23,deepseek-r1-distill-8b,0.6317307784812998
F5,F0,ablation-instructions-and-template,ablation-instructions-and-template,24,deepseek-r1-distill-8b,0.63882112508229
F5,F0,ablation-instructions-and-template,ablation-instructions-and-template,25,deepseek-r1-distill-8b,0.6144852523814301
F5,F0,ablation-instructions-and-template,ablation-instructions-and-template,26,deepseek-r1-distill-8b,0.6169646059903052
F5,F0,ablation-instructions-and-template,ablation-instructions-and-template,27,deepseek-r1-distill-8b,0.5938409228033188
F5,F0,ablation-instructions-and-template,ablation-instructions-and-template,28,deepseek-r1-distill-8b,0.5679685105599299
F5,F0,ablation-instructions-and-template,ablation-instructions-and-template,29,deepseek-r1-distill-8b,0.5694871833635923
F5,F0,ablation-instructions-and-template,ablation-instructions-and-template,30,deepseek-r1-distill-8b,0.5443967845367497
F5,F0,ablation-instructions-and-template,ablation-instructions-and-template,31,deepseek-r1-distill-8b,0.5557036815102616
F5,F0,ablation-instructions-and-template,ablation-instructions-and-template,32,deepseek-r1-distill-8b,0.5427063161670622
F5,F1,ablation-instructions-and-template,ablation-instructions-and-template,0,deepseek-r1-distill-8b,0.5
F5,F1,ablation-instructions-and-template,ablation-instructions-and-template,1,deepseek-r1-distill-8b,0.4902921761550503
F5,F1,ablation-instructions-and-template,ablation-instructions-and-template,2,deepseek-r1-distill-8b,0.4876561449899603
F5,F1,ablation-instructions-and-template,ablation-instructions-and-template,3,deepseek-r1-distill-8b,0.4998659994585003
F5,F1,ablation-instructions-and-template,ablation-instructions-and-template,4,deepseek-r1-distill-8b,0.5161316036497624
F5,F1,ablation-instructions-and-template,ablation-instructions-and-template,5,deepseek-r1-distill-8b,0.496456201064033
F5,F1,ablation-instructions-and-template,ablation-instructions-and-template,6,deepseek-r1-distill-8b,0.4838299141434479
F5,F1,ablation-instructions-and-template,ablation-instructions-and-template,7,deepseek-r1-distill-8b,0.4677814595476416
F5,F1,ablation-instructions-and-template,ablation-instructions-and-template,8,deepseek-r1-distill-8b,0.4444048932874662
F5,F1,ablation-instructions-and-template,ablation-instructions-and-template,9,deepseek-r1-distill-8b,0.3539455944057866
F5,F1,ablation-instructions-and-template,ablation-instructions-and-template,10,deepseek-r1-distill-8b,0.3836579811409699
F5,F1,ablation-instructions-and-template,ablation-instructions-and-template,11,deepseek-r1-distill-8b,0.4701948436591631
F5,F1,ablation-instructions-and-template,ablation-instructions-and-template,12,deepseek-r1-distill-8b,0.4160242657801099
F5,F1,ablation-instructions-and-template,ablation-instructions-and-template,13,deepseek-r1-distill-8b,0.4068971109483252
F5,F1,ablation-instructions-and-template,ablation-instructions-and-template,14,deepseek-r1-distill-8b,0.4359456796163874
F5,F1,ablation-instructions-and-template,ablation-instructions-and-template,15,deepseek-r1-distill-8b,0.4483548169415166
F5,F1,ablation-instructions-and-template,ablation-instructions-and-template,16,deepseek-r1-distill-8b,0.5036001478816232
F5,F1,ablation-instructions-and-template,ablation-instructions-and-template,17,deepseek-r1-distill-8b,0.4841625103592725
F5,F1,ablation-instructions-and-template,ablation-instructions-and-template,18,deepseek-r1-distill-8b,0.5111770195255969
F5,F1,ablation-instructions-and-template,ablation-instructions-and-template,19,deepseek-r1-distill-8b,0.5791695814647702
F5,F1,ablation-instructions-and-template,ablation-instructions-and-template,20,deepseek-r1-distill-8b,0.5895267925492951
F5,F1,ablation-instructions-and-template,ablation-instructions-and-template,21,deepseek-r1-distill-8b,0.6291772091879018
F5,F1,ablation-instructions-and-template,ablation-instructions-and-template,22,deepseek-r1-distill-8b,0.6147986074938601
F5,F1,ablation-instructions-and-template,ablation-instructions-and-template,23,deepseek-r1-distill-8b,0.6338555460418989
F5,F1,ablation-instructions-and-template,ablation-instructions-and-template,24,deepseek-r1-distill-8b,0.6179926306574
F5,F1,ablation-instructions-and-template,ablation-instructions-and-template,25,deepseek-r1-distill-8b,0.6324495711295489
F5,F1,ablation-instructions-and-template,ablation-instructions-and-template,26,deepseek-r1-distill-8b,0.605723678514147
F5,F1,ablation-instructions-and-template,ablation-instructions-and-template,27,deepseek-r1-distill-8b,0.6187732697094181
F5,F1,ablation-instructions-and-template,ablation-instructions-and-template,28,deepseek-r1-distill-8b,0.6285917298988879
F5,F1,ablation-instructions-and-template,ablation-instructions-and-template,29,deepseek-r1-distill-8b,0.6803406774792505
F5,F1,ablation-instructions-and-template,ablation-instructions-and-template,30,deepseek-r1-distill-8b,0.6577639913744883
F5,F1,ablation-instructions-and-template,ablation-instructions-and-template,31,deepseek-r1-distill-8b,0.6051711839738101
F5,F1,ablation-instructions-and-template,ablation-instructions-and-template,32,deepseek-r1-distill-8b,0.608870973283728
F5,F2,ablation-instructions-and-template,ablation-instructions-and-template,0,deepseek-r1-distill-8b,0.5
F5,F2,ablation-instructions-and-template,ablation-instructions-and-template,1,deepseek-r1-distill-8b,0.469231414124894
F5,F2,ablation-instructions-and-template,ablation-instructions-and-template,2,deepseek-r1-distill-8b,0.4755823526097121
F5,F2,ablation-instructions-and-template,ablation-instructions-and-template,3,deepseek-r1-distill-8b,0.4694155789716729
F5,F2,ablation-instructions-and-template,ablation-instructions-and-template,4,deepseek-r1-distill-8b,0.4927674066703408
F5,F2,ablation-instructions-and-template,ablation-instructions-and-template,5,deepseek-r1-distill-8b,0.5163817379938951
F5,F2,ablation-instructions-and-template,ablation-instructions-and-template,6,deepseek-r1-distill-8b,0.5146294232204384
F5,F2,ablation-instructions-and-template,ablation-instructions-and-template,7,deepseek-r1-distill-8b,0.5182838585009256
F5,F2,ablation-instructions-and-template,ablation-instructions-and-template,8,deepseek-r1-distill-8b,0.5415655936086552
F5,F2,ablation-instructions-and-template,ablation-instructions-and-template,9,deepseek-r1-distill-8b,0.5689305657296707
F5,F2,ablation-instructions-and-template,ablation-instructions-and-template,10,deepseek-r1-distill-8b,0.5914811389083972
F5,F2,ablation-instructions-and-template,ablation-instructions-and-template,11,deepseek-r1-distill-8b,0.6604371303818397
F5,F2,ablation-instructions-and-template,ablation-instructions-and-template,12,deepseek-r1-distill-8b,0.6690104163087592
F5,F2,ablation-instructions-and-template,ablation-instructions-and-template,13,deepseek-r1-distill-8b,0.7261063290860889
F5,F2,ablation-instructions-and-template,ablation-instructions-and-template,14,deepseek-r1-distill-8b,0.7511108301299185
F5,F2,ablation-instructions-and-template,ablation-instructions-and-template,15,deepseek-r1-distill-8b,0.763759106882955
F5,F2,ablation-instructions-and-template,ablation-instructions-and-template,16,deepseek-r1-distill-8b,0.7601074203315241
F5,F2,ablation-instructions-and-template,ablation-instructions-and-template,17,deepseek-r1-distill-8b,0.7125008074391603
F5,F2,ablation-instructions-and-template,ablation-instructions-and-template,18,deepseek-r1-distill-8b,0.7045336162691775
F5,F2,ablation-instructions-and-template,ablation-instructions-and-template,19,deepseek-r1-distill-8b,0.724960796251833
F5,F2,ablation-instructions-and-template,ablation-instructions-and-template,20,deepseek-r1-distill-8b,0.7449454308564077
F5,F2,ablation-instructions-and-template,ablation-instructions-and-template,21,deepseek-r1-distill-8b,0.7757751759530188
F5,F2,ablation-instructions-and-template,ablation-instructions-and-template,22,deepseek-r1-distill-8b,0.7955948868142093
F5,F2,ablation-instructions-and-template,ablation-instructions-and-template,23,deepseek-r1-distill-8b,0.8039262845841653
F5,F2,ablation-instructions-and-template,ablation-instructions-and-template,24,deepseek-r1-distill-8b,0.8111485701798629
F5,F2,ablation-instructions-and-template,ablation-instructions-and-template,25,deepseek-r1-distill-8b,0.7924324740348182
F5,F2,ablation-instructions-and-template,ablation-instructions-and-template,26,deepseek-r1-distill-8b,0.7966902553431857
F5,F2,ablation-instructions-and-template,ablation-instructions-and-template,27,deepseek-r1-distill-8b,0.7955564046074196
F5,F2,ablation-instructions-and-template,ablation-instructions-and-template,28,deepseek-r1-distill-8b,0.7955385378685531
F5,F2,ablation-instructions-and-template,ablation-instructions-and-template,29,deepseek-r1-distill-8b,0.82101513312782
F5,F2,ablation-instructions-and-template,ablation-instructions-and-template,30,deepseek-r1-distill-8b,0.820223499159576
F5,F2,ablation-instructions-and-template,ablation-instructions-and-template,31,deepseek-r1-distill-8b,0.8234903636431106
F5,F2,ablation-instructions-and-template,ablation-instructions-and-template,32,deepseek-r1-distill-8b,0.8585531514865814
F5,F3,ablation-instructions-and-template,ablation-instructions-and-template,0,deepseek-r1-distill-8b,0.5
F5,F3,ablation-instructions-and-template,ablation-instructions-and-template,1,deepseek-r1-distill-8b,0.4963321680038397
F5,F3,ablation-instructions-and-template,ablation-instructions-and-template,2,deepseek-r1-distill-8b,0.4996152308464621
F5,F3,ablation-instructions-and-template,ablation-instructions-and-template,3,deepseek-r1-distill-8b,0.4950315681046412
F5,F3,ablation-instructions-and-template,ablation-instructions-and-template,4,deepseek-r1-distill-8b,0.5008271534798061
F5,F3,ablation-instructions-and-template,ablation-instructions-and-template,5,deepseek-r1-distill-8b,0.5084984884784685
F5,F3,ablation-instructions-and-template,ablation-instructions-and-template,6,deepseek-r1-distill-8b,0.5078902726550374
F5,F3,ablation-instructions-and-template,ablation-instructions-and-template,7,deepseek-r1-distill-8b,0.5123291459627796
F5,F3,ablation-instructions-and-template,ablation-instructions-and-template,8,deepseek-r1-distill-8b,0.5225986747508269
F5,F3,ablation-instructions-and-template,ablation-instructions-and-template,9,deepseek-r1-distill-8b,0.5663180698215733
F5,F3,ablation-instructions-and-template,ablation-instructions-and-template,10,deepseek-r1-distill-8b,0.566839111383656
F5,F3,ablation-instructions-and-template,ablation-instructions-and-template,11,deepseek-r1-distill-8b,0.5599112626139653
F5,F3,ablation-instructions-and-template,ablation-instructions-and-template,12,deepseek-r1-distill-8b,0.5605806006206406
F5,F3,ablation-instructions-and-template,ablation-instructions-and-template,13,deepseek-r1-distill-8b,0.5555229904579253
F5,F3,ablation-instructions-and-template,ablation-instructions-and-template,14,deepseek-r1-distill-8b,0.5553060568075583
F5,F3,ablation-instructions-and-template,ablation-instructions-and-template,15,deepseek-r1-distill-8b,0.5529693858022187
F5,F3,ablation-instructions-and-template,ablation-instructions-and-template,16,deepseek-r1-distill-8b,0.543053564074585
F5,F3,ablation-instructions-and-template,ablation-instructions-and-template,17,deepseek-r1-distill-8b,0.5420510600690781
F5,F3,ablation-instructions-and-template,ablation-instructions-and-template,18,deepseek-r1-distill-8b,0.5394062731400069
F5,F3,ablation-instructions-and-template,ablation-instructions-and-template,19,deepseek-r1-distill-8b,0.5429313197080965
F5,F3,ablation-instructions-and-template,ablation-instructions-and-template,20,deepseek-r1-distill-8b,0.542028515001488
F5,F3,ablation-instructions-and-template,ablation-instructions-and-template,21,deepseek-r1-distill-8b,0.5469994519043568
F5,F3,ablation-instructions-and-template,ablation-instructions-and-template,22,deepseek-r1-distill-8b,0.5492780067354642
F5,F3,ablation-instructions-and-template,ablation-instructions-and-template,23,deepseek-r1-distill-8b,0.5554182811440068
F5,F3,ablation-instructions-and-template,ablation-instructions-and-template,24,deepseek-r1-distill-8b,0.5549042536029524
F5,F3,ablation-instructions-and-template,ablation-instructions-and-template,25,deepseek-r1-distill-8b,0.5435204974744514
F5,F3,ablation-instructions-and-template,ablation-instructions-and-template,26,deepseek-r1-distill-8b,0.5462168875582288
F5,F3,ablation-instructions-and-template,ablation-instructions-and-template,27,deepseek-r1-distill-8b,0.5493556619682746
F5,F3,ablation-instructions-and-template,ablation-instructions-and-template,28,deepseek-r1-distill-8b,0.5509012516019524
F5,F3,ablation-instructions-and-template,ablation-instructions-and-template,29,deepseek-r1-distill-8b,0.5535866196526857
F5,F3,ablation-instructions-and-template,ablation-instructions-and-template,30,deepseek-r1-distill-8b,0.5578501424347271
F5,F3,ablation-instructions-and-template,ablation-instructions-and-template,31,deepseek-r1-distill-8b,0.5633701769837905
F5,F3,ablation-instructions-and-template,ablation-instructions-and-template,32,deepseek-r1-distill-8b,0.5706387067748429
F5,F4,ablation-instructions-and-template,ablation-instructions-and-template,0,deepseek-r1-distill-8b,0.5
F5,F4,ablation-instructions-and-template,ablation-instructions-and-template,1,deepseek-r1-distill-8b,0.5258382929307592
F5,F4,ablation-instructions-and-template,ablation-instructions-and-template,2,deepseek-r1-distill-8b,0.5325075402009645
F5,F4,ablation-instructions-and-template,ablation-instructions-and-template,3,deepseek-r1-distill-8b,0.5331073289140498
F5,F4,ablation-instructions-and-template,ablation-instructions-and-template,4,deepseek-r1-distill-8b,0.5414700972564959
F5,F4,ablation-instructions-and-template,ablation-instructions-and-template,5,deepseek-r1-distill-8b,0.5653951145949259
F5,F4,ablation-instructions-and-template,ablation-instructions-and-template,6,deepseek-r1-distill-8b,0.5615322736730053
F5,F4,ablation-instructions-and-template,ablation-instructions-and-template,7,deepseek-r1-distill-8b,0.5562823583490588
F5,F4,ablation-instructions-and-template,ablation-instructions-and-template,8,deepseek-r1-distill-8b,0.5776126594732343
F5,F4,ablation-instructions-and-template,ablation-instructions-and-template,9,deepseek-r1-distill-8b,0.647706286995371
F5,F4,ablation-instructions-and-template,ablation-instructions-and-template,10,deepseek-r1-distill-8b,0.653665868292447
F5,F4,ablation-instructions-and-template,ablation-instructions-and-template,11,deepseek-r1-distill-8b,0.6464139691295302
F5,F4,ablation-instructions-and-template,ablation-instructions-and-template,12,deepseek-r1-distill-8b,0.6388606635376848
F5,F4,ablation-instructions-and-template,ablation-instructions-and-template,13,deepseek-r1-distill-8b,0.6327639876776181
F5,F4,ablation-instructions-and-template,ablation-instructions-and-template,14,deepseek-r1-distill-8b,0.6315674343962194
F5,F4,ablation-instructions-and-template,ablation-instructions-and-template,15,deepseek-r1-distill-8b,0.6267590442089643
F5,F4,ablation-instructions-and-template,ablation-instructions-and-template,16,deepseek-r1-distill-8b,0.6155092256576506
F5,F4,ablation-instructions-and-template,ablation-instructions-and-template,17,deepseek-r1-distill-8b,0.6061797390364672
F5,F4,ablation-instructions-and-template,ablation-instructions-and-template,18,deepseek-r1-distill-8b,0.6020366606990211
F5,F4,ablation-instructions-and-template,ablation-instructions-and-template,19,deepseek-r1-distill-8b,0.6017765842486411
F5,F4,ablation-instructions-and-template,ablation-instructions-and-template,20,deepseek-r1-distill-8b,0.6007836567152143
F5,F4,ablation-instructions-and-template,ablation-instructions-and-template,21,deepseek-r1-distill-8b,0.5979137433267205
F5,F4,ablation-instructions-and-template,ablation-instructions-and-template,22,deepseek-r1-distill-8b,0.6012745762165126
F5,F4,ablation-instructions-and-template,ablation-instructions-and-template,23,deepseek-r1-distill-8b,0.6034146626667312
F5,F4,ablation-instructions-and-template,ablation-instructions-and-template,24,deepseek-r1-distill-8b,0.6052069724681859
F5,F4,ablation-instructions-and-template,ablation-instructions-and-template,25,deepseek-r1-distill-8b,0.6138378816470702
F5,F4,ablation-instructions-and-template,ablation-instructions-and-template,26,deepseek-r1-distill-8b,0.6193065434428477
F5,F4,ablation-instructions-and-template,ablation-instructions-and-template,27,deepseek-r1-distill-8b,0.6231754326543121
F5,F4,ablation-instructions-and-template,ablation-instructions-and-template,28,deepseek-r1-distill-8b,0.6281289817906163
F5,F4,ablation-instructions-and-template,ablation-instructions-and-template,29,deepseek-r1-distill-8b,0.6381419251302398
F5,F4,ablation-instructions-and-template,ablation-instructions-and-template,30,deepseek-r1-distill-8b,0.6414342107385365
F5,F4,ablation-instructions-and-template,ablation-instructions-and-template,31,deepseek-r1-distill-8b,0.6349191948516959
F5,F4,ablation-instructions-and-template,ablation-instructions-and-template,32,deepseek-r1-distill-8b,0.634905082176094
A1,A1,ablation-instructions-and-template,ablation-instructions-and-template,0,deepseek-r1-distill-8b,0.5
A1,A1,ablation-instructions-and-template,ablation-instructions-and-template,1,deepseek-r1-distill-8b,0.4322666666666667
A1,A1,ablation-instructions-and-template,ablation-instructions-and-template,2,deepseek-r1-distill-8b,0.4364
A1,A1,ablation-instructions-and-template,ablation-instructions-and-template,3,deepseek-r1-distill-8b,0.4329333333333333
A1,A1,ablation-instructions-and-template,ablation-instructions-and-template,4,deepseek-r1-distill-8b,0.4263111111111111
A1,A1,ablation-instructions-and-template,ablation-instructions-and-template,5,deepseek-r1-distill-8b,0.4306222222222222
A1,A1,ablation-instructions-and-template,ablation-instructions-and-template,6,deepseek-r1-distill-8b,0.4328888888888889
A1,A1,ablation-instructions-and-template,ablation-instructions-and-template,7,deepseek-r1-distill-8b,0.4335111111111111
A1,A1,ablation-instructions-and-template,ablation-instructions-and-template,8,deepseek-r1-distill-8b,0.4376444444444445
A1,A1,ablation-instructions-and-template,ablation-instructions-and-template,9,deepseek-r1-distill-8b,0.4433777777777777
A1,A1,ablation-instructions-and-template,ablation-instructions-and-template,10,deepseek-r1-distill-8b,0.4502222222222222
A1,A1,ablation-instructions-and-template,ablation-instructions-and-template,11,deepseek-r1-distill-8b,0.4538222222222222
A1,A1,ablation-instructions-and-template,ablation-instructions-and-template,12,deepseek-r1-distill-8b,0.4625777777777777
A1,A1,ablation-instructions-and-template,ablation-instructions-and-template,13,deepseek-r1-distill-8b,0.4608888888888888
A1,A1,ablation-instructions-and-template,ablation-instructions-and-template,14,deepseek-r1-distill-8b,0.4654666666666666
A1,A1,ablation-instructions-and-template,ablation-instructions-and-template,15,deepseek-r1-distill-8b,0.4708888888888888
A1,A1,ablation-instructions-and-template,ablation-instructions-and-template,16,deepseek-r1-distill-8b,0.4750666666666666
A1,A1,ablation-instructions-and-template,ablation-instructions-and-template,17,deepseek-r1-distill-8b,0.4742666666666667
A1,A1,ablation-instructions-and-template,ablation-instructions-and-template,18,deepseek-r1-distill-8b,0.4745777777777777
A1,A1,ablation-instructions-and-template,ablation-instructions-and-template,19,deepseek-r1-distill-8b,0.4866222222222222
A1,A1,ablation-instructions-and-template,ablation-instructions-and-template,20,deepseek-r1-distill-8b,0.4872444444444445
A1,A1,ablation-instructions-and-template,ablation-instructions-and-template,21,deepseek-r1-distill-8b,0.4928
A1,A1,ablation-instructions-and-template,ablation-instructions-and-template,22,deepseek-r1-distill-8b,0.4997333333333335
A1,A1,ablation-instructions-and-template,ablation-instructions-and-template,23,deepseek-r1-distill-8b,0.5064888888888889
A1,A1,ablation-instructions-and-template,ablation-instructions-and-template,24,deepseek-r1-distill-8b,0.5107111111111111
A1,A1,ablation-instructions-and-template,ablation-instructions-and-template,25,deepseek-r1-distill-8b,0.5049333333333333
A1,A1,ablation-instructions-and-template,ablation-instructions-and-template,26,deepseek-r1-distill-8b,0.4992
A1,A1,ablation-instructions-and-template,ablation-instructions-and-template,27,deepseek-r1-distill-8b,0.469111111111111
A1,A1,ablation-instructions-and-template,ablation-instructions-and-template,28,deepseek-r1-distill-8b,0.4316888888888889
A1,A1,ablation-instructions-and-template,ablation-instructions-and-template,29,deepseek-r1-distill-8b,0.3761333333333333
A1,A1,ablation-instructions-and-template,ablation-instructions-and-template,30,deepseek-r1-distill-8b,0.3668888888888889
A1,A1,ablation-instructions-and-template,ablation-instructions-and-template,31,deepseek-r1-distill-8b,0.3753777777777778
A1,A1,ablation-instructions-and-template,ablation-instructions-and-template,32,deepseek-r1-distill-8b,0.4023555555555555
A2,A2,ablation-instructions-and-template,ablation-instructions-and-template,0,deepseek-r1-distill-8b,0.5
A2,A2,ablation-instructions-and-template,ablation-instructions-and-template,1,deepseek-r1-distill-8b,0.4572888888888888
A2,A2,ablation-instructions-and-template,ablation-instructions-and-template,2,deepseek-r1-distill-8b,0.4449333333333333
A2,A2,ablation-instructions-and-template,ablation-instructions-and-template,3,deepseek-r1-distill-8b,0.4387999999999999
A2,A2,ablation-instructions-and-template,ablation-instructions-and-template,4,deepseek-r1-distill-8b,0.4604888888888889
A2,A2,ablation-instructions-and-template,ablation-instructions-and-template,5,deepseek-r1-distill-8b,0.4584444444444444
A2,A2,ablation-instructions-and-template,ablation-instructions-and-template,6,deepseek-r1-distill-8b,0.4701777777777778
A2,A2,ablation-instructions-and-template,ablation-instructions-and-template,7,deepseek-r1-distill-8b,0.474
A2,A2,ablation-instructions-and-template,ablation-instructions-and-template,8,deepseek-r1-distill-8b,0.4856888888888888
A2,A2,ablation-instructions-and-template,ablation-instructions-and-template,9,deepseek-r1-distill-8b,0.4868
A2,A2,ablation-instructions-and-template,ablation-instructions-and-template,10,deepseek-r1-distill-8b,0.488
A2,A2,ablation-instructions-and-template,ablation-instructions-and-template,11,deepseek-r1-distill-8b,0.5080888888888889
A2,A2,ablation-instructions-and-template,ablation-instructions-and-template,12,deepseek-r1-distill-8b,0.5243111111111111
A2,A2,ablation-instructions-and-template,ablation-instructions-and-template,13,deepseek-r1-distill-8b,0.5316444444444445
A2,A2,ablation-instructions-and-template,ablation-instructions-and-template,14,deepseek-r1-distill-8b,0.5206222222222223
A2,A2,ablation-instructions-and-template,ablation-instructions-and-template,15,deepseek-r1-distill-8b,0.5176
A2,A2,ablation-instructions-and-template,ablation-instructions-and-template,16,deepseek-r1-distill-8b,0.5147111111111111
A2,A2,ablation-instructions-and-template,ablation-instructions-and-template,17,deepseek-r1-distill-8b,0.5132
A2,A2,ablation-instructions-and-template,ablation-instructions-and-template,18,deepseek-r1-distill-8b,0.5130222222222223
A2,A2,ablation-instructions-and-template,ablation-instructions-and-template,19,deepseek-r1-distill-8b,0.5156
A2,A2,ablation-instructions-and-template,ablation-instructions-and-template,20,deepseek-r1-distill-8b,0.5158222222222222
A2,A2,ablation-instructions-and-template,ablation-instructions-and-template,21,deepseek-r1-distill-8b,0.5163111111111112
A2,A2,ablation-instructions-and-template,ablation-instructions-and-template,22,deepseek-r1-distill-8b,0.517511111111111
A2,A2,ablation-instructions-and-template,ablation-instructions-and-template,23,deepseek-r1-distill-8b,0.5187999999999999
A2,A2,ablation-instructions-and-template,ablation-instructions-and-template,24,deepseek-r1-distill-8b,0.5204888888888888
A2,A2,ablation-instructions-and-template,ablation-instructions-and-template,25,deepseek-r1-distill-8b,0.5198222222222222
A2,A2,ablation-instructions-and-template,ablation-instructions-and-template,26,deepseek-r1-distill-8b,0.5203555555555555
A2,A2,ablation-instructions-and-template,ablation-instructions-and-template,27,deepseek-r1-distill-8b,0.5000444444444445
A2,A2,ablation-instructions-and-template,ablation-instructions-and-template,28,deepseek-r1-distill-8b,0.4832888888888889
A2,A2,ablation-instructions-and-template,ablation-instructions-and-template,29,deepseek-r1-distill-8b,0.4624
A2,A2,ablation-instructions-and-template,ablation-instructions-and-template,30,deepseek-r1-distill-8b,0.4558222222222222
A2,A2,ablation-instructions-and-template,ablation-instructions-and-template,31,deepseek-r1-distill-8b,0.4479111111111111
A2,A2,ablation-instructions-and-template,ablation-instructions-and-template,32,deepseek-r1-distill-8b,0.4348
A3,A3,ablation-instructions-and-template,ablation-instructions-and-template,0,deepseek-r1-distill-8b,0.5
A3,A3,ablation-instructions-and-template,ablation-instructions-and-template,1,deepseek-r1-distill-8b,0.4569333333333333
A3,A3,ablation-instructions-and-template,ablation-instructions-and-template,2,deepseek-r1-distill-8b,0.4506222222222222
A3,A3,ablation-instructions-and-template,ablation-instructions-and-template,3,deepseek-r1-distill-8b,0.4429777777777777
A3,A3,ablation-instructions-and-template,ablation-instructions-and-template,4,deepseek-r1-distill-8b,0.4503111111111111
A3,A3,ablation-instructions-and-template,ablation-instructions-and-template,5,deepseek-r1-distill-8b,0.4694222222222222
A3,A3,ablation-instructions-and-template,ablation-instructions-and-template,6,deepseek-r1-distill-8b,0.4756
A3,A3,ablation-instructions-and-template,ablation-instructions-and-template,7,deepseek-r1-distill-8b,0.4788444444444444
A3,A3,ablation-instructions-and-template,ablation-instructions-and-template,8,deepseek-r1-distill-8b,0.4957333333333333
A3,A3,ablation-instructions-and-template,ablation-instructions-and-template,9,deepseek-r1-distill-8b,0.4886222222222223
A3,A3,ablation-instructions-and-template,ablation-instructions-and-template,10,deepseek-r1-distill-8b,0.4788888888888889
A3,A3,ablation-instructions-and-template,ablation-instructions-and-template,11,deepseek-r1-distill-8b,0.4867999999999999
A3,A3,ablation-instructions-and-template,ablation-instructions-and-template,12,deepseek-r1-distill-8b,0.4968444444444444
A3,A3,ablation-instructions-and-template,ablation-instructions-and-template,13,deepseek-r1-distill-8b,0.4968444444444445
A3,A3,ablation-instructions-and-template,ablation-instructions-and-template,14,deepseek-r1-distill-8b,0.4896888888888889
A3,A3,ablation-instructions-and-template,ablation-instructions-and-template,15,deepseek-r1-distill-8b,0.4938666666666667
A3,A3,ablation-instructions-and-template,ablation-instructions-and-template,16,deepseek-r1-distill-8b,0.4954222222222222
A3,A3,ablation-instructions-and-template,ablation-instructions-and-template,17,deepseek-r1-distill-8b,0.5080444444444444
A3,A3,ablation-instructions-and-template,ablation-instructions-and-template,18,deepseek-r1-distill-8b,0.5066666666666666
A3,A3,ablation-instructions-and-template,ablation-instructions-and-template,19,deepseek-r1-distill-8b,0.5081333333333333
A3,A3,ablation-instructions-and-template,ablation-instructions-and-template,20,deepseek-r1-distill-8b,0.5104888888888889
A3,A3,ablation-instructions-and-template,ablation-instructions-and-template,21,deepseek-r1-distill-8b,0.5085333333333333
A3,A3,ablation-instructions-and-template,ablation-instructions-and-template,22,deepseek-r1-distill-8b,0.5063555555555554
A3,A3,ablation-instructions-and-template,ablation-instructions-and-template,23,deepseek-r1-distill-8b,0.5113777777777778
A3,A3,ablation-instructions-and-template,ablation-instructions-and-template,24,deepseek-r1-distill-8b,0.5131555555555555
A3,A3,ablation-instructions-and-template,ablation-instructions-and-template,25,deepseek-r1-distill-8b,0.5104
A3,A3,ablation-instructions-and-template,ablation-instructions-and-template,26,deepseek-r1-distill-8b,0.5110222222222222
A3,A3,ablation-instructions-and-template,ablation-instructions-and-template,27,deepseek-r1-distill-8b,0.4836444444444445
A3,A3,ablation-instructions-and-template,ablation-instructions-and-template,28,deepseek-r1-distill-8b,0.4643111111111111
A3,A3,ablation-instructions-and-template,ablation-instructions-and-template,29,deepseek-r1-distill-8b,0.3968
A3,A3,ablation-instructions-and-template,ablation-instructions-and-template,30,deepseek-r1-distill-8b,0.3861777777777777
A3,A3,ablation-instructions-and-template,ablation-instructions-and-template,31,deepseek-r1-distill-8b,0.3801333333333332
A3,A3,ablation-instructions-and-template,ablation-instructions-and-template,32,deepseek-r1-distill-8b,0.3371555555555555
F0,F0,ablation-instructions-and-template,ablation-instructions-and-template,0,deepseek-r1-distill-8b,0.5
F0,F0,ablation-instructions-and-template,ablation-instructions-and-template,1,deepseek-r1-distill-8b,0.49615478515625
F0,F0,ablation-instructions-and-template,ablation-instructions-and-template,2,deepseek-r1-distill-8b,0.48529052734375
F0,F0,ablation-instructions-and-template,ablation-instructions-and-template,3,deepseek-r1-distill-8b,0.4970245361328125
F0,F0,ablation-instructions-and-template,ablation-instructions-and-template,4,deepseek-r1-distill-8b,0.5451812744140625
F0,F0,ablation-instructions-and-template,ablation-instructions-and-template,5,deepseek-r1-distill-8b,0.6334075927734375
F0,F0,ablation-instructions-and-template,ablation-instructions-and-template,6,deepseek-r1-distill-8b,0.6641387939453125
F0,F0,ablation-instructions-and-template,ablation-instructions-and-template,7,deepseek-r1-distill-8b,0.745513916015625
F0,F0,ablation-instructions-and-template,ablation-instructions-and-template,8,deepseek-r1-distill-8b,0.83526611328125
F0,F0,ablation-instructions-and-template,ablation-instructions-and-template,9,deepseek-r1-distill-8b,0.93292236328125
F0,F0,ablation-instructions-and-template,ablation-instructions-and-template,10,deepseek-r1-distill-8b,0.9624481201171876
F0,F0,ablation-instructions-and-template,ablation-instructions-and-template,11,deepseek-r1-distill-8b,0.97576904296875
F0,F0,ablation-instructions-and-template,ablation-instructions-and-template,12,deepseek-r1-distill-8b,0.978546142578125
F0,F0,ablation-instructions-and-template,ablation-instructions-and-template,13,deepseek-r1-distill-8b,0.9730682373046876
F0,F0,ablation-instructions-and-template,ablation-instructions-and-template,14,deepseek-r1-distill-8b,0.9669647216796876
F0,F0,ablation-instructions-and-template,ablation-instructions-and-template,15,deepseek-r1-distill-8b,0.969085693359375
F0,F0,ablation-instructions-and-template,ablation-instructions-and-template,16,deepseek-r1-distill-8b,0.9722442626953124
F0,F0,ablation-instructions-and-template,ablation-instructions-and-template,17,deepseek-r1-distill-8b,0.971435546875
F0,F0,ablation-instructions-and-template,ablation-instructions-and-template,18,deepseek-r1-distill-8b,0.9715118408203124
F0,F0,ablation-instructions-and-template,ablation-instructions-and-template,19,deepseek-r1-distill-8b,0.9771728515625
F0,F0,ablation-instructions-and-template,ablation-instructions-and-template,20,deepseek-r1-distill-8b,0.9777679443359376
F0,F0,ablation-instructions-and-template,ablation-instructions-and-template,21,deepseek-r1-distill-8b,0.9805908203125
F0,F0,ablation-instructions-and-template,ablation-instructions-and-template,22,deepseek-r1-distill-8b,0.98065185546875
F0,F0,ablation-instructions-and-template,ablation-instructions-and-template,23,deepseek-r1-distill-8b,0.9798431396484376
F0,F0,ablation-instructions-and-template,ablation-instructions-and-template,24,deepseek-r1-distill-8b,0.98248291015625
F0,F0,ablation-instructions-and-template,ablation-instructions-and-template,25,deepseek-r1-distill-8b,0.98101806640625
F0,F0,ablation-instructions-and-template,ablation-instructions-and-template,26,deepseek-r1-distill-8b,0.981414794921875
F0,F0,ablation-instructions-and-template,ablation-instructions-and-template,27,deepseek-r1-distill-8b,0.9827728271484376
F0,F0,ablation-instructions-and-template,ablation-instructions-and-template,28,deepseek-r1-distill-8b,0.9842681884765624
F0,F0,ablation-instructions-and-template,ablation-instructions-and-template,29,deepseek-r1-distill-8b,0.987274169921875
F0,F0,ablation-instructions-and-template,ablation-instructions-and-template,30,deepseek-r1-distill-8b,0.98638916015625
F0,F0,ablation-instructions-and-template,ablation-instructions-and-template,31,deepseek-r1-distill-8b,0.9853363037109376
F0,F0,ablation-instructions-and-template,ablation-instructions-and-template,32,deepseek-r1-distill-8b,0.9872589111328124
F1,F1,ablation-instructions-and-template,ablation-instructions-and-template,0,deepseek-r1-distill-8b,0.5
F1,F1,ablation-instructions-and-template,ablation-instructions-and-template,1,deepseek-r1-distill-8b,0.471221923828125
F1,F1,ablation-instructions-and-template,ablation-instructions-and-template,2,deepseek-r1-distill-8b,0.478118896484375
F1,F1,ablation-instructions-and-template,ablation-instructions-and-template,3,deepseek-r1-distill-8b,0.4975738525390625
F1,F1,ablation-instructions-and-template,ablation-instructions-and-template,4,deepseek-r1-distill-8b,0.5321807861328125
F1,F1,ablation-instructions-and-template,ablation-instructions-and-template,5,deepseek-r1-distill-8b,0.60504150390625
F1,F1,ablation-instructions-and-template,ablation-instructions-and-template,6,deepseek-r1-distill-8b,0.6142120361328125
F1,F1,ablation-instructions-and-template,ablation-instructions-and-template,7,deepseek-r1-distill-8b,0.703887939453125
F1,F1,ablation-instructions-and-template,ablation-instructions-and-template,8,deepseek-r1-distill-8b,0.7907562255859375
F1,F1,ablation-instructions-and-template,ablation-instructions-and-template,9,deepseek-r1-distill-8b,0.8962249755859375
F1,F1,ablation-instructions-and-template,ablation-instructions-and-template,10,deepseek-r1-distill-8b,0.927886962890625
F1,F1,ablation-instructions-and-template,ablation-instructions-and-template,11,deepseek-r1-distill-8b,0.957489013671875
F1,F1,ablation-instructions-and-template,ablation-instructions-and-template,12,deepseek-r1-distill-8b,0.9662933349609376
F1,F1,ablation-instructions-and-template,ablation-instructions-and-template,13,deepseek-r1-distill-8b,0.9588470458984376
F1,F1,ablation-instructions-and-template,ablation-instructions-and-template,14,deepseek-r1-distill-8b,0.9658355712890624
F1,F1,ablation-instructions-and-template,ablation-instructions-and-template,15,deepseek-r1-distill-8b,0.96954345703125
F1,F1,ablation-instructions-and-template,ablation-instructions-and-template,16,deepseek-r1-distill-8b,0.978057861328125
F1,F1,ablation-instructions-and-template,ablation-instructions-and-template,17,deepseek-r1-distill-8b,0.9821929931640624
F1,F1,ablation-instructions-and-template,ablation-instructions-and-template,18,deepseek-r1-distill-8b,0.986083984375
F1,F1,ablation-instructions-and-template,ablation-instructions-and-template,19,deepseek-r1-distill-8b,0.9918365478515624
F1,F1,ablation-instructions-and-template,ablation-instructions-and-template,20,deepseek-r1-distill-8b,0.99298095703125
F1,F1,ablation-instructions-and-template,ablation-instructions-and-template,21,deepseek-r1-distill-8b,0.991668701171875
F1,F1,ablation-instructions-and-template,ablation-instructions-and-template,22,deepseek-r1-distill-8b,0.992156982421875
F1,F1,ablation-instructions-and-template,ablation-instructions-and-template,23,deepseek-r1-distill-8b,0.9935455322265624
F1,F1,ablation-instructions-and-template,ablation-instructions-and-template,24,deepseek-r1-distill-8b,0.994964599609375
F1,F1,ablation-instructions-and-template,ablation-instructions-and-template,25,deepseek-r1-distill-8b,0.9960479736328124
F1,F1,ablation-instructions-and-template,ablation-instructions-and-template,26,deepseek-r1-distill-8b,0.99609375
F1,F1,ablation-instructions-and-template,ablation-instructions-and-template,27,deepseek-r1-distill-8b,0.9962615966796876
F1,F1,ablation-instructions-and-template,ablation-instructions-and-template,28,deepseek-r1-distill-8b,0.996734619140625
F1,F1,ablation-instructions-and-template,ablation-instructions-and-template,29,deepseek-r1-distill-8b,0.9972991943359376
F1,F1,ablation-instructions-and-template,ablation-instructions-and-template,30,deepseek-r1-distill-8b,0.9973602294921876
F1,F1,ablation-instructions-and-template,ablation-instructions-and-template,31,deepseek-r1-distill-8b,0.99700927734375
F1,F1,ablation-instructions-and-template,ablation-instructions-and-template,32,deepseek-r1-distill-8b,0.9962310791015624
F2,F2,ablation-instructions-and-template,ablation-instructions-and-template,0,deepseek-r1-distill-8b,0.5
F2,F2,ablation-instructions-and-template,ablation-instructions-and-template,1,deepseek-r1-distill-8b,0.554443359375
F2,F2,ablation-instructions-and-template,ablation-instructions-and-template,2,deepseek-r1-distill-8b,0.553314208984375
F2,F2,ablation-instructions-and-template,ablation-instructions-and-template,3,deepseek-r1-distill-8b,0.5519866943359375
F2,F2,ablation-instructions-and-template,ablation-instructions-and-template,4,deepseek-r1-distill-8b,0.5687408447265625
F2,F2,ablation-instructions-and-template,ablation-instructions-and-template,5,deepseek-r1-distill-8b,0.6105194091796875
F2,F2,ablation-instructions-and-template,ablation-instructions-and-template,6,deepseek-r1-distill-8b,0.63897705078125
F2,F2,ablation-instructions-and-template,ablation-instructions-and-template,7,deepseek-r1-distill-8b,0.650787353515625
F2,F2,ablation-instructions-and-template,ablation-instructions-and-template,8,deepseek-r1-distill-8b,0.7215728759765625
F2,F2,ablation-instructions-and-template,ablation-instructions-and-template,9,deepseek-r1-distill-8b,0.83905029296875
F2,F2,ablation-instructions-and-template,ablation-instructions-and-template,10,deepseek-r1-distill-8b,0.8593597412109375
F2,F2,ablation-instructions-and-template,ablation-instructions-and-template,11,deepseek-r1-distill-8b,0.9172210693359376
F2,F2,ablation-instructions-and-template,ablation-instructions-and-template,12,deepseek-r1-distill-8b,0.9307708740234376
F2,F2,ablation-instructions-and-template,ablation-instructions-and-template,13,deepseek-r1-distill-8b,0.9374237060546876
F2,F2,ablation-instructions-and-template,ablation-instructions-and-template,14,deepseek-r1-distill-8b,0.94964599609375
F2,F2,ablation-instructions-and-template,ablation-instructions-and-template,15,deepseek-r1-distill-8b,0.953460693359375
F2,F2,ablation-instructions-and-template,ablation-instructions-and-template,16,deepseek-r1-distill-8b,0.9599456787109376
F2,F2,ablation-instructions-and-template,ablation-instructions-and-template,17,deepseek-r1-distill-8b,0.9578094482421876
F2,F2,ablation-instructions-and-template,ablation-instructions-and-template,18,deepseek-r1-distill-8b,0.960968017578125
F2,F2,ablation-instructions-and-template,ablation-instructions-and-template,19,deepseek-r1-distill-8b,0.9680328369140624
F2,F2,ablation-instructions-and-template,ablation-instructions-and-template,20,deepseek-r1-distill-8b,0.9674835205078124
F2,F2,ablation-instructions-and-template,ablation-instructions-and-template,21,deepseek-r1-distill-8b,0.969940185546875
F2,F2,ablation-instructions-and-template,ablation-instructions-and-template,22,deepseek-r1-distill-8b,0.9700775146484376
F2,F2,ablation-instructions-and-template,ablation-instructions-and-template,23,deepseek-r1-distill-8b,0.970611572265625
F2,F2,ablation-instructions-and-template,ablation-instructions-and-template,24,deepseek-r1-distill-8b,0.9742889404296876
F2,F2,ablation-instructions-and-template,ablation-instructions-and-template,25,deepseek-r1-distill-8b,0.9709014892578124
F2,F2,ablation-instructions-and-template,ablation-instructions-and-template,26,deepseek-r1-distill-8b,0.9708709716796876
F2,F2,ablation-instructions-and-template,ablation-instructions-and-template,27,deepseek-r1-distill-8b,0.97607421875
F2,F2,ablation-instructions-and-template,ablation-instructions-and-template,28,deepseek-r1-distill-8b,0.977264404296875
F2,F2,ablation-instructions-and-template,ablation-instructions-and-template,29,deepseek-r1-distill-8b,0.9821319580078124
F2,F2,ablation-instructions-and-template,ablation-instructions-and-template,30,deepseek-r1-distill-8b,0.9823150634765624
F2,F2,ablation-instructions-and-template,ablation-instructions-and-template,31,deepseek-r1-distill-8b,0.9794158935546876
F2,F2,ablation-instructions-and-template,ablation-instructions-and-template,32,deepseek-r1-distill-8b,0.9742279052734376
F3,F3,ablation-instructions-and-template,ablation-instructions-and-template,0,deepseek-r1-distill-8b,0.5
F3,F3,ablation-instructions-and-template,ablation-instructions-and-template,1,deepseek-r1-distill-8b,0.4769222222222221
F3,F3,ablation-instructions-and-template,ablation-instructions-and-template,2,deepseek-r1-distill-8b,0.4953555555555555
F3,F3,ablation-instructions-and-template,ablation-instructions-and-template,3,deepseek-r1-distill-8b,0.4783111111111111
F3,F3,ablation-instructions-and-template,ablation-instructions-and-template,4,deepseek-r1-distill-8b,0.5195000000000001
F3,F3,ablation-instructions-and-template,ablation-instructions-and-template,5,deepseek-r1-distill-8b,0.5275222222222222
F3,F3,ablation-instructions-and-template,ablation-instructions-and-template,6,deepseek-r1-distill-8b,0.5268222222222222
F3,F3,ablation-instructions-and-template,ablation-instructions-and-template,7,deepseek-r1-distill-8b,0.5159777777777778
F3,F3,ablation-instructions-and-template,ablation-instructions-and-template,8,deepseek-r1-distill-8b,0.5044444444444445
F3,F3,ablation-instructions-and-template,ablation-instructions-and-template,9,deepseek-r1-distill-8b,0.5389666666666667
F3,F3,ablation-instructions-and-template,ablation-instructions-and-template,10,deepseek-r1-distill-8b,0.5441888888888888
F3,F3,ablation-instructions-and-template,ablation-instructions-and-template,11,deepseek-r1-distill-8b,0.5888666666666666
F3,F3,ablation-instructions-and-template,ablation-instructions-and-template,12,deepseek-r1-distill-8b,0.5935222222222223
F3,F3,ablation-instructions-and-template,ablation-instructions-and-template,13,deepseek-r1-distill-8b,0.5861888888888889
F3,F3,ablation-instructions-and-template,ablation-instructions-and-template,14,deepseek-r1-distill-8b,0.5780666666666666
F3,F3,ablation-instructions-and-template,ablation-instructions-and-template,15,deepseek-r1-distill-8b,0.5844666666666667
F3,F3,ablation-instructions-and-template,ablation-instructions-and-template,16,deepseek-r1-distill-8b,0.5870555555555556
F3,F3,ablation-instructions-and-template,ablation-instructions-and-template,17,deepseek-r1-distill-8b,0.5801222222222222
F3,F3,ablation-instructions-and-template,ablation-instructions-and-template,18,deepseek-r1-distill-8b,0.5842555555555555
F3,F3,ablation-instructions-and-template,ablation-instructions-and-template,19,deepseek-r1-distill-8b,0.5818666666666668
F3,F3,ablation-instructions-and-template,ablation-instructions-and-template,20,deepseek-r1-distill-8b,0.5855555555555556
F3,F3,ablation-instructions-and-template,ablation-instructions-and-template,21,deepseek-r1-distill-8b,0.5924777777777778
F3,F3,ablation-instructions-and-template,ablation-instructions-and-template,22,deepseek-r1-distill-8b,0.5955222222222223
F3,F3,ablation-instructions-and-template,ablation-instructions-and-template,23,deepseek-r1-distill-8b,0.6029111111111111
F3,F3,ablation-instructions-and-template,ablation-instructions-and-template,24,deepseek-r1-distill-8b,0.6051
F3,F3,ablation-instructions-and-template,ablation-instructions-and-template,25,deepseek-r1-distill-8b,0.5969222222222221
F3,F3,ablation-instructions-and-template,ablation-instructions-and-template,26,deepseek-r1-distill-8b,0.6002888888888889
F3,F3,ablation-instructions-and-template,ablation-instructions-and-template,27,deepseek-r1-distill-8b,0.6141666666666666
F3,F3,ablation-instructions-and-template,ablation-instructions-and-template,28,deepseek-r1-distill-8b,0.6168333333333332
F3,F3,ablation-instructions-and-template,ablation-instructions-and-template,29,deepseek-r1-distill-8b,0.6482222222222223
F3,F3,ablation-instructions-and-template,ablation-instructions-and-template,30,deepseek-r1-distill-8b,0.6515555555555556
F3,F3,ablation-instructions-and-template,ablation-instructions-and-template,31,deepseek-r1-distill-8b,0.6510888888888888
F3,F3,ablation-instructions-and-template,ablation-instructions-and-template,32,deepseek-r1-distill-8b,0.6802333333333334
F4,F4,ablation-instructions-and-template,ablation-instructions-and-template,0,deepseek-r1-distill-8b,0.5
F4,F4,ablation-instructions-and-template,ablation-instructions-and-template,1,deepseek-r1-distill-8b,0.5180031543271328
F4,F4,ablation-instructions-and-template,ablation-instructions-and-template,2,deepseek-r1-distill-8b,0.5691994496705853
F4,F4,ablation-instructions-and-template,ablation-instructions-and-template,3,deepseek-r1-distill-8b,0.5698034697598461
F4,F4,ablation-instructions-and-template,ablation-instructions-and-template,4,deepseek-r1-distill-8b,0.5439648326081363
F4,F4,ablation-instructions-and-template,ablation-instructions-and-template,5,deepseek-r1-distill-8b,0.5776221742486102
F4,F4,ablation-instructions-and-template,ablation-instructions-and-template,6,deepseek-r1-distill-8b,0.593293139897764
F4,F4,ablation-instructions-and-template,ablation-instructions-and-template,7,deepseek-r1-distill-8b,0.5851276831355354
F4,F4,ablation-instructions-and-template,ablation-instructions-and-template,8,deepseek-r1-distill-8b,0.602644265724097
F4,F4,ablation-instructions-and-template,ablation-instructions-and-template,9,deepseek-r1-distill-8b,0.6756523976241876
F4,F4,ablation-instructions-and-template,ablation-instructions-and-template,10,deepseek-r1-distill-8b,0.6758649232111498
F4,F4,ablation-instructions-and-template,ablation-instructions-and-template,11,deepseek-r1-distill-8b,0.6756859542958131
F4,F4,ablation-instructions-and-template,ablation-instructions-and-template,12,deepseek-r1-distill-8b,0.6641089025849822
F4,F4,ablation-instructions-and-template,ablation-instructions-and-template,13,deepseek-r1-distill-8b,0.663180501336674
F4,F4,ablation-instructions-and-template,ablation-instructions-and-template,14,deepseek-r1-distill-8b,0.659712978602029
F4,F4,ablation-instructions-and-template,ablation-instructions-and-template,15,deepseek-r1-distill-8b,0.6646234382165748
F4,F4,ablation-instructions-and-template,ablation-instructions-and-template,16,deepseek-r1-distill-8b,0.6605071531638349
F4,F4,ablation-instructions-and-template,ablation-instructions-and-template,17,deepseek-r1-distill-8b,0.6459994854643684
F4,F4,ablation-instructions-and-template,ablation-instructions-and-template,18,deepseek-r1-distill-8b,0.6369615552398742
F4,F4,ablation-instructions-and-template,ablation-instructions-and-template,19,deepseek-r1-distill-8b,0.6380801109607275
F4,F4,ablation-instructions-and-template,ablation-instructions-and-template,20,deepseek-r1-distill-8b,0.6409995413921545
F4,F4,ablation-instructions-and-template,ablation-instructions-and-template,21,deepseek-r1-distill-8b,0.6478562879609848
F4,F4,ablation-instructions-and-template,ablation-instructions-and-template,22,deepseek-r1-distill-8b,0.6541313855549715
F4,F4,ablation-instructions-and-template,ablation-instructions-and-template,23,deepseek-r1-distill-8b,0.6564020536683035
F4,F4,ablation-instructions-and-template,ablation-instructions-and-template,24,deepseek-r1-distill-8b,0.6594557107862329
F4,F4,ablation-instructions-and-template,ablation-instructions-and-template,25,deepseek-r1-distill-8b,0.6459435576783257
F4,F4,ablation-instructions-and-template,ablation-instructions-and-template,26,deepseek-r1-distill-8b,0.6454290220467332
F4,F4,ablation-instructions-and-template,ablation-instructions-and-template,27,deepseek-r1-distill-8b,0.652252211943938
F4,F4,ablation-instructions-and-template,ablation-instructions-and-template,28,deepseek-r1-distill-8b,0.6570284448719813
F4,F4,ablation-instructions-and-template,ablation-instructions-and-template,29,deepseek-r1-distill-8b,0.6787172402993255
F4,F4,ablation-instructions-and-template,ablation-instructions-and-template,30,deepseek-r1-distill-8b,0.6798917238062214
F4,F4,ablation-instructions-and-template,ablation-instructions-and-template,31,deepseek-r1-distill-8b,0.6670954463596603
F4,F4,ablation-instructions-and-template,ablation-instructions-and-template,32,deepseek-r1-distill-8b,0.6752609031218891
F5,F5,ablation-instructions-and-template,ablation-instructions-and-template,0,deepseek-r1-distill-8b,0.5
F5,F5,ablation-instructions-and-template,ablation-instructions-and-template,1,deepseek-r1-distill-8b,0.5422354172354172
F5,F5,ablation-instructions-and-template,ablation-instructions-and-template,2,deepseek-r1-distill-8b,0.5384361634361634
F5,F5,ablation-instructions-and-template,ablation-instructions-and-template,3,deepseek-r1-distill-8b,0.5422467922467922
F5,F5,ablation-instructions-and-template,ablation-instructions-and-template,4,deepseek-r1-distill-8b,0.5192351442351443
F5,F5,ablation-instructions-and-template,ablation-instructions-and-template,5,deepseek-r1-distill-8b,0.5466489216489216
F5,F5,ablation-instructions-and-template,ablation-instructions-and-template,6,deepseek-r1-distill-8b,0.5498566748566748
F5,F5,ablation-instructions-and-template,ablation-instructions-and-template,7,deepseek-r1-distill-8b,0.5550436800436801
F5,F5,ablation-instructions-and-template,ablation-instructions-and-template,8,deepseek-r1-distill-8b,0.5816270816270817
F5,F5,ablation-instructions-and-template,ablation-instructions-and-template,9,deepseek-r1-distill-8b,0.6449403949403949
F5,F5,ablation-instructions-and-template,ablation-instructions-and-template,10,deepseek-r1-distill-8b,0.6541427791427792
F5,F5,ablation-instructions-and-template,ablation-instructions-and-template,11,deepseek-r1-distill-8b,0.6607175357175357
F5,F5,ablation-instructions-and-template,ablation-instructions-and-template,12,deepseek-r1-distill-8b,0.661900536900537
F5,F5,ablation-instructions-and-template,ablation-instructions-and-template,13,deepseek-r1-distill-8b,0.6607744107744107
F5,F5,ablation-instructions-and-template,ablation-instructions-and-template,14,deepseek-r1-distill-8b,0.6751751751751751
F5,F5,ablation-instructions-and-template,ablation-instructions-and-template,15,deepseek-r1-distill-8b,0.6770748020748021
F5,F5,ablation-instructions-and-template,ablation-instructions-and-template,16,deepseek-r1-distill-8b,0.6756188006188006
F5,F5,ablation-instructions-and-template,ablation-instructions-and-template,17,deepseek-r1-distill-8b,0.6687141687141687
F5,F5,ablation-instructions-and-template,ablation-instructions-and-template,18,deepseek-r1-distill-8b,0.6668031668031669
F5,F5,ablation-instructions-and-template,ablation-instructions-and-template,19,deepseek-r1-distill-8b,0.6686459186459187
F5,F5,ablation-instructions-and-template,ablation-instructions-and-template,20,deepseek-r1-distill-8b,0.6693739193739193
F5,F5,ablation-instructions-and-template,ablation-instructions-and-template,21,deepseek-r1-distill-8b,0.6637091637091638
F5,F5,ablation-instructions-and-template,ablation-instructions-and-template,22,deepseek-r1-distill-8b,0.6662799162799163
F5,F5,ablation-instructions-and-template,ablation-instructions-and-template,23,deepseek-r1-distill-8b,0.6676562926562928
F5,F5,ablation-instructions-and-template,ablation-instructions-and-template,24,deepseek-r1-distill-8b,0.6704886704886706
F5,F5,ablation-instructions-and-template,ablation-instructions-and-template,25,deepseek-r1-distill-8b,0.6395941395941396
F5,F5,ablation-instructions-and-template,ablation-instructions-and-template,26,deepseek-r1-distill-8b,0.6401515151515152
F5,F5,ablation-instructions-and-template,ablation-instructions-and-template,27,deepseek-r1-distill-8b,0.6401287651287652
F5,F5,ablation-instructions-and-template,ablation-instructions-and-template,28,deepseek-r1-distill-8b,0.6310856310856311
F5,F5,ablation-instructions-and-template,ablation-instructions-and-template,29,deepseek-r1-distill-8b,0.6368641368641368
F5,F5,ablation-instructions-and-template,ablation-instructions-and-template,30,deepseek-r1-distill-8b,0.6351692601692601
F5,F5,ablation-instructions-and-template,ablation-instructions-and-template,31,deepseek-r1-distill-8b,0.6293566293566293
F5,F5,ablation-instructions-and-template,ablation-instructions-and-template,32,deepseek-r1-distill-8b,0.6183683683683684
A1,A1,ablation-filler-token,ablation-filler-token,0,deepseek-r1-distill-8b,0.5
A1,A1,ablation-filler-token,ablation-filler-token,1,deepseek-r1-distill-8b,0.5535600907029479
A1,A1,ablation-filler-token,ablation-filler-token,2,deepseek-r1-distill-8b,0.5691609977324263
A1,A1,ablation-filler-token,ablation-filler-token,3,deepseek-r1-distill-8b,0.5626757369614513
A1,A1,ablation-filler-token,ablation-filler-token,4,deepseek-r1-distill-8b,0.5663038548752835
A1,A1,ablation-filler-token,ablation-filler-token,5,deepseek-r1-distill-8b,0.5701587301587302
A1,A1,ablation-filler-token,ablation-filler-token,6,deepseek-r1-distill-8b,0.5763265306122449
A1,A1,ablation-filler-token,ablation-filler-token,7,deepseek-r1-distill-8b,0.5804988662131519
A1,A1,ablation-filler-token,ablation-filler-token,8,deepseek-r1-distill-8b,0.5833560090702947
A1,A1,ablation-filler-token,ablation-filler-token,9,deepseek-r1-distill-8b,0.5850340136054422
A1,A1,ablation-filler-token,ablation-filler-token,10,deepseek-r1-distill-8b,0.5860770975056688
A1,A1,ablation-filler-token,ablation-filler-token,11,deepseek-r1-distill-8b,0.5867120181405896
A1,A1,ablation-filler-token,ablation-filler-token,12,deepseek-r1-distill-8b,0.586031746031746
A1,A1,ablation-filler-token,ablation-filler-token,13,deepseek-r1-distill-8b,0.5868480725623582
A1,A1,ablation-filler-token,ablation-filler-token,14,deepseek-r1-distill-8b,0.5856235827664399
A1,A1,ablation-filler-token,ablation-filler-token,15,deepseek-r1-distill-8b,0.583718820861678
A1,A1,ablation-filler-token,ablation-filler-token,16,deepseek-r1-distill-8b,0.5810884353741497
A1,A1,ablation-filler-token,ablation-filler-token,17,deepseek-r1-distill-8b,0.5819047619047619
A1,A1,ablation-filler-token,ablation-filler-token,18,deepseek-r1-distill-8b,0.584625850340136
A1,A1,ablation-filler-token,ablation-filler-token,19,deepseek-r1-distill-8b,0.586530612244898
A1,A1,ablation-filler-token,ablation-filler-token,20,deepseek-r1-distill-8b,0.5898866213151926
A1,A1,ablation-filler-token,ablation-filler-token,21,deepseek-r1-distill-8b,0.595328798185941
A1,A1,ablation-filler-token,ablation-filler-token,22,deepseek-r1-distill-8b,0.5977777777777777
A1,A1,ablation-filler-token,ablation-filler-token,23,deepseek-r1-distill-8b,0.6002721088435373
A1,A1,ablation-filler-token,ablation-filler-token,24,deepseek-r1-distill-8b,0.6103401360544218
A1,A1,ablation-filler-token,ablation-filler-token,25,deepseek-r1-distill-8b,0.6272562358276643
A1,A1,ablation-filler-token,ablation-filler-token,26,deepseek-r1-distill-8b,0.6466666666666667
A1,A1,ablation-filler-token,ablation-filler-token,27,deepseek-r1-distill-8b,0.6580952380952381
A1,A1,ablation-filler-token,ablation-filler-token,28,deepseek-r1-distill-8b,0.6734240362811792
A1,A1,ablation-filler-token,ablation-filler-token,29,deepseek-r1-distill-8b,0.6775510204081632
A1,A1,ablation-filler-token,ablation-filler-token,30,deepseek-r1-distill-8b,0.67718820861678
A1,A1,ablation-filler-token,ablation-filler-token,31,deepseek-r1-distill-8b,0.6901133786848073
A1,A1,ablation-filler-token,ablation-filler-token,32,deepseek-r1-distill-8b,0.6538775510204081
A2,A2,ablation-filler-token,ablation-filler-token,0,deepseek-r1-distill-8b,0.5
A2,A2,ablation-filler-token,ablation-filler-token,1,deepseek-r1-distill-8b,0.5985784313725491
A2,A2,ablation-filler-token,ablation-filler-token,2,deepseek-r1-distill-8b,0.5789215686274509
A2,A2,ablation-filler-token,ablation-filler-token,3,deepseek-r1-distill-8b,0.583921568627451
A2,A2,ablation-filler-token,ablation-filler-token,4,deepseek-r1-distill-8b,0.5972549019607843
A2,A2,ablation-filler-token,ablation-filler-token,5,deepseek-r1-distill-8b,0.6113725490196078
A2,A2,ablation-filler-token,ablation-filler-token,6,deepseek-r1-distill-8b,0.6268627450980393
A2,A2,ablation-filler-token,ablation-filler-token,7,deepseek-r1-distill-8b,0.6366666666666667
A2,A2,ablation-filler-token,ablation-filler-token,8,deepseek-r1-distill-8b,0.6387254901960784
A2,A2,ablation-filler-token,ablation-filler-token,9,deepseek-r1-distill-8b,0.6414215686274509
A2,A2,ablation-filler-token,ablation-filler-token,10,deepseek-r1-distill-8b,0.6380882352941176
A2,A2,ablation-filler-token,ablation-filler-token,11,deepseek-r1-distill-8b,0.6351470588235293
A2,A2,ablation-filler-token,ablation-filler-token,12,deepseek-r1-distill-8b,0.631078431372549
A2,A2,ablation-filler-token,ablation-filler-token,13,deepseek-r1-distill-8b,0.6294117647058823
A2,A2,ablation-filler-token,ablation-filler-token,14,deepseek-r1-distill-8b,0.6282843137254901
A2,A2,ablation-filler-token,ablation-filler-token,15,deepseek-r1-distill-8b,0.6274019607843138
A2,A2,ablation-filler-token,ablation-filler-token,16,deepseek-r1-distill-8b,0.6261764705882353
A2,A2,ablation-filler-token,ablation-filler-token,17,deepseek-r1-distill-8b,0.6226470588235294
A2,A2,ablation-filler-token,ablation-filler-token,18,deepseek-r1-distill-8b,0.6186764705882353
A2,A2,ablation-filler-token,ablation-filler-token,19,deepseek-r1-distill-8b,0.6144117647058823
A2,A2,ablation-filler-token,ablation-filler-token,20,deepseek-r1-distill-8b,0.611078431372549
A2,A2,ablation-filler-token,ablation-filler-token,21,deepseek-r1-distill-8b,0.6111764705882353
A2,A2,ablation-filler-token,ablation-filler-token,22,deepseek-r1-distill-8b,0.6105882352941177
A2,A2,ablation-filler-token,ablation-filler-token,23,deepseek-r1-distill-8b,0.6109803921568627
A2,A2,ablation-filler-token,ablation-filler-token,24,deepseek-r1-distill-8b,0.6094117647058823
A2,A2,ablation-filler-token,ablation-filler-token,25,deepseek-r1-distill-8b,0.6129901960784314
A2,A2,ablation-filler-token,ablation-filler-token,26,deepseek-r1-distill-8b,0.6154901960784315
A2,A2,ablation-filler-token,ablation-filler-token,27,deepseek-r1-distill-8b,0.621078431372549
A2,A2,ablation-filler-token,ablation-filler-token,28,deepseek-r1-distill-8b,0.6256372549019608
A2,A2,ablation-filler-token,ablation-filler-token,29,deepseek-r1-distill-8b,0.6263235294117647
A2,A2,ablation-filler-token,ablation-filler-token,30,deepseek-r1-distill-8b,0.623578431372549
A2,A2,ablation-filler-token,ablation-filler-token,31,deepseek-r1-distill-8b,0.6181862745098039
A2,A2,ablation-filler-token,ablation-filler-token,32,deepseek-r1-distill-8b,0.5844607843137255
A3,A3,ablation-filler-token,ablation-filler-token,0,deepseek-r1-distill-8b,0.5
A3,A3,ablation-filler-token,ablation-filler-token,1,deepseek-r1-distill-8b,0.5178666666666667
A3,A3,ablation-filler-token,ablation-filler-token,2,deepseek-r1-distill-8b,0.5243555555555556
A3,A3,ablation-filler-token,ablation-filler-token,3,deepseek-r1-distill-8b,0.5298222222222222
A3,A3,ablation-filler-token,ablation-filler-token,4,deepseek-r1-distill-8b,0.5262666666666667
A3,A3,ablation-filler-token,ablation-filler-token,5,deepseek-r1-distill-8b,0.523911111111111
A3,A3,ablation-filler-token,ablation-filler-token,6,deepseek-r1-distill-8b,0.5230666666666666
A3,A3,ablation-filler-token,ablation-filler-token,7,deepseek-r1-distill-8b,0.5217777777777777
A3,A3,ablation-filler-token,ablation-filler-token,8,deepseek-r1-distill-8b,0.5210222222222223
A3,A3,ablation-filler-token,ablation-filler-token,9,deepseek-r1-distill-8b,0.5207555555555555
A3,A3,ablation-filler-token,ablation-filler-token,10,deepseek-r1-distill-8b,0.5199555555555556
A3,A3,ablation-filler-token,ablation-filler-token,11,deepseek-r1-distill-8b,0.5212444444444444
A3,A3,ablation-filler-token,ablation-filler-token,12,deepseek-r1-distill-8b,0.5221777777777779
A3,A3,ablation-filler-token,ablation-filler-token,13,deepseek-r1-distill-8b,0.5231111111111112
A3,A3,ablation-filler-token,ablation-filler-token,14,deepseek-r1-distill-8b,0.5244888888888889
A3,A3,ablation-filler-token,ablation-filler-token,15,deepseek-r1-distill-8b,0.5267999999999999
A3,A3,ablation-filler-token,ablation-filler-token,16,deepseek-r1-distill-8b,0.5285777777777778
A3,A3,ablation-filler-token,ablation-filler-token,17,deepseek-r1-distill-8b,0.5280444444444444
A3,A3,ablation-filler-token,ablation-filler-token,18,deepseek-r1-distill-8b,0.5281777777777779
A3,A3,ablation-filler-token,ablation-filler-token,19,deepseek-r1-distill-8b,0.5283555555555556
A3,A3,ablation-filler-token,ablation-filler-token,20,deepseek-r1-distill-8b,0.5279111111111111
A3,A3,ablation-filler-token,ablation-filler-token,21,deepseek-r1-distill-8b,0.5294222222222222
A3,A3,ablation-filler-token,ablation-filler-token,22,deepseek-r1-distill-8b,0.5311555555555556
A3,A3,ablation-filler-token,ablation-filler-token,23,deepseek-r1-distill-8b,0.5351555555555556
A3,A3,ablation-filler-token,ablation-filler-token,24,deepseek-r1-distill-8b,0.5320444444444444
A3,A3,ablation-filler-token,ablation-filler-token,25,deepseek-r1-distill-8b,0.5328444444444445
A3,A3,ablation-filler-token,ablation-filler-token,26,deepseek-r1-distill-8b,0.5353333333333333
A3,A3,ablation-filler-token,ablation-filler-token,27,deepseek-r1-distill-8b,0.5345333333333333
A3,A3,ablation-filler-token,ablation-filler-token,28,deepseek-r1-distill-8b,0.5320444444444445
A3,A3,ablation-filler-token,ablation-filler-token,29,deepseek-r1-distill-8b,0.5279111111111111
A3,A3,ablation-filler-token,ablation-filler-token,30,deepseek-r1-distill-8b,0.5272
A3,A3,ablation-filler-token,ablation-filler-token,31,deepseek-r1-distill-8b,0.5061777777777778
A3,A3,ablation-filler-token,ablation-filler-token,32,deepseek-r1-distill-8b,0.5323555555555556
F0,F0,ablation-filler-token,ablation-filler-token,0,deepseek-r1-distill-8b,0.5
F0,F0,ablation-filler-token,ablation-filler-token,1,deepseek-r1-distill-8b,0.5166438753910422
F0,F0,ablation-filler-token,ablation-filler-token,2,deepseek-r1-distill-8b,0.5158945731787272
F0,F0,ablation-filler-token,ablation-filler-token,3,deepseek-r1-distill-8b,0.5176367008223592
F0,F0,ablation-filler-token,ablation-filler-token,4,deepseek-r1-distill-8b,0.5126351085551579
F0,F0,ablation-filler-token,ablation-filler-token,5,deepseek-r1-distill-8b,0.51894797969391
F0,F0,ablation-filler-token,ablation-filler-token,6,deepseek-r1-distill-8b,0.5376056047805481
F0,F0,ablation-filler-token,ablation-filler-token,7,deepseek-r1-distill-8b,0.5407526740722702
F0,F0,ablation-filler-token,ablation-filler-token,8,deepseek-r1-distill-8b,0.5455669407863926
F0,F0,ablation-filler-token,ablation-filler-token,9,deepseek-r1-distill-8b,0.5511679748234457
F0,F0,ablation-filler-token,ablation-filler-token,10,deepseek-r1-distill-8b,0.5651049959725006
F0,F0,ablation-filler-token,ablation-filler-token,11,deepseek-r1-distill-8b,0.5726729483168799
F0,F0,ablation-filler-token,ablation-filler-token,12,deepseek-r1-distill-8b,0.5940093288125433
F0,F0,ablation-filler-token,ablation-filler-token,13,deepseek-r1-distill-8b,0.6564074705430568
F0,F0,ablation-filler-token,ablation-filler-token,14,deepseek-r1-distill-8b,0.7147593803270704
F0,F0,ablation-filler-token,ablation-filler-token,15,deepseek-r1-distill-8b,0.7447876664855853
F0,F0,ablation-filler-token,ablation-filler-token,16,deepseek-r1-distill-8b,0.8080849708708765
F0,F0,ablation-filler-token,ablation-filler-token,17,deepseek-r1-distill-8b,0.8459809302586965
F0,F0,ablation-filler-token,ablation-filler-token,18,deepseek-r1-distill-8b,0.8713073450349363
F0,F0,ablation-filler-token,ablation-filler-token,19,deepseek-r1-distill-8b,0.8883165052544817
F0,F0,ablation-filler-token,ablation-filler-token,20,deepseek-r1-distill-8b,0.9086975254294438
F0,F0,ablation-filler-token,ablation-filler-token,21,deepseek-r1-distill-8b,0.9210797444879456
F0,F0,ablation-filler-token,ablation-filler-token,22,deepseek-r1-distill-8b,0.9331247775509058
F0,F0,ablation-filler-token,ablation-filler-token,23,deepseek-r1-distill-8b,0.942547252870764
F0,F0,ablation-filler-token,ablation-filler-token,24,deepseek-r1-distill-8b,0.950452391210685
F0,F0,ablation-filler-token,ablation-filler-token,25,deepseek-r1-distill-8b,0.9594440177584624
F0,F0,ablation-filler-token,ablation-filler-token,26,deepseek-r1-distill-8b,0.9698031208437142
F0,F0,ablation-filler-token,ablation-filler-token,27,deepseek-r1-distill-8b,0.9769214918607048
F0,F0,ablation-filler-token,ablation-filler-token,28,deepseek-r1-distill-8b,0.980031096041811
F0,F0,ablation-filler-token,ablation-filler-token,29,deepseek-r1-distill-8b,0.98276604911676
F0,F0,ablation-filler-token,ablation-filler-token,30,deepseek-r1-distill-8b,0.983627746660922
F0,F0,ablation-filler-token,ablation-filler-token,31,deepseek-r1-distill-8b,0.9866249555101811
F0,F0,ablation-filler-token,ablation-filler-token,32,deepseek-r1-distill-8b,0.9747672480002996
F1,F1,ablation-filler-token,ablation-filler-token,0,deepseek-r1-distill-8b,0.5
F1,F1,ablation-filler-token,ablation-filler-token,1,deepseek-r1-distill-8b,0.5481161825726142
F1,F1,ablation-filler-token,ablation-filler-token,2,deepseek-r1-distill-8b,0.5752365145228217
F1,F1,ablation-filler-token,ablation-filler-token,3,deepseek-r1-distill-8b,0.5754190871369295
F1,F1,ablation-filler-token,ablation-filler-token,4,deepseek-r1-distill-8b,0.6046473029045644
F1,F1,ablation-filler-token,ablation-filler-token,5,deepseek-r1-distill-8b,0.612
F1,F1,ablation-filler-token,ablation-filler-token,6,deepseek-r1-distill-8b,0.6151369294605809
F1,F1,ablation-filler-token,ablation-filler-token,7,deepseek-r1-distill-8b,0.6190871369294606
F1,F1,ablation-filler-token,ablation-filler-token,8,deepseek-r1-distill-8b,0.6212448132780082
F1,F1,ablation-filler-token,ablation-filler-token,9,deepseek-r1-distill-8b,0.6228215767634855
F1,F1,ablation-filler-token,ablation-filler-token,10,deepseek-r1-distill-8b,0.6268713692946057
F1,F1,ablation-filler-token,ablation-filler-token,11,deepseek-r1-distill-8b,0.6311203319502076
F1,F1,ablation-filler-token,ablation-filler-token,12,deepseek-r1-distill-8b,0.6349543568464731
F1,F1,ablation-filler-token,ablation-filler-token,13,deepseek-r1-distill-8b,0.646058091286307
F1,F1,ablation-filler-token,ablation-filler-token,14,deepseek-r1-distill-8b,0.6588879668049793
F1,F1,ablation-filler-token,ablation-filler-token,15,deepseek-r1-distill-8b,0.6682157676348548
F1,F1,ablation-filler-token,ablation-filler-token,16,deepseek-r1-distill-8b,0.692331950207469
F1,F1,ablation-filler-token,ablation-filler-token,17,deepseek-r1-distill-8b,0.7041161825726143
F1,F1,ablation-filler-token,ablation-filler-token,18,deepseek-r1-distill-8b,0.722240663900415
F1,F1,ablation-filler-token,ablation-filler-token,19,deepseek-r1-distill-8b,0.7388713692946058
F1,F1,ablation-filler-token,ablation-filler-token,20,deepseek-r1-distill-8b,0.7537759336099584
F1,F1,ablation-filler-token,ablation-filler-token,21,deepseek-r1-distill-8b,0.769609958506224
F1,F1,ablation-filler-token,ablation-filler-token,22,deepseek-r1-distill-8b,0.7984730290456431
F1,F1,ablation-filler-token,ablation-filler-token,23,deepseek-r1-distill-8b,0.8239170124481328
F1,F1,ablation-filler-token,ablation-filler-token,24,deepseek-r1-distill-8b,0.8536763485477178
F1,F1,ablation-filler-token,ablation-filler-token,25,deepseek-r1-distill-8b,0.884
F1,F1,ablation-filler-token,ablation-filler-token,26,deepseek-r1-distill-8b,0.9128796680497924
F1,F1,ablation-filler-token,ablation-filler-token,27,deepseek-r1-distill-8b,0.9399834024896264
F1,F1,ablation-filler-token,ablation-filler-token,28,deepseek-r1-distill-8b,0.9554688796680498
F1,F1,ablation-filler-token,ablation-filler-token,29,deepseek-r1-distill-8b,0.961941908713693
F1,F1,ablation-filler-token,ablation-filler-token,30,deepseek-r1-distill-8b,0.973195020746888
F1,F1,ablation-filler-token,ablation-filler-token,31,deepseek-r1-distill-8b,0.9758672199170124
F1,F1,ablation-filler-token,ablation-filler-token,32,deepseek-r1-distill-8b,0.949311203319502
F2,F2,ablation-filler-token,ablation-filler-token,0,deepseek-r1-distill-8b,0.5
F2,F2,ablation-filler-token,ablation-filler-token,1,deepseek-r1-distill-8b,0.615280255724056
F2,F2,ablation-filler-token,ablation-filler-token,2,deepseek-r1-distill-8b,0.6166741005055011
F2,F2,ablation-filler-token,ablation-filler-token,3,deepseek-r1-distill-8b,0.62271409455843
F2,F2,ablation-filler-token,ablation-filler-token,4,deepseek-r1-distill-8b,0.6217476955099613
F2,F2,ablation-filler-token,ablation-filler-token,5,deepseek-r1-distill-8b,0.6179750223015165
F2,F2,ablation-filler-token,ablation-filler-token,6,deepseek-r1-distill-8b,0.6134775498067202
F2,F2,ablation-filler-token,ablation-filler-token,7,deepseek-r1-distill-8b,0.6176219149568837
F2,F2,ablation-filler-token,ablation-filler-token,8,deepseek-r1-distill-8b,0.6181794528694617
F2,F2,ablation-filler-token,ablation-filler-token,9,deepseek-r1-distill-8b,0.618421052631579
F2,F2,ablation-filler-token,ablation-filler-token,10,deepseek-r1-distill-8b,0.6239964317573594
F2,F2,ablation-filler-token,ablation-filler-token,11,deepseek-r1-distill-8b,0.6307612250966399
F2,F2,ablation-filler-token,ablation-filler-token,12,deepseek-r1-distill-8b,0.6343480523342254
F2,F2,ablation-filler-token,ablation-filler-token,13,deepseek-r1-distill-8b,0.6476732084448409
F2,F2,ablation-filler-token,ablation-filler-token,14,deepseek-r1-distill-8b,0.6678374962830806
F2,F2,ablation-filler-token,ablation-filler-token,15,deepseek-r1-distill-8b,0.6663321439191198
F2,F2,ablation-filler-token,ablation-filler-token,16,deepseek-r1-distill-8b,0.6900089206066012
F2,F2,ablation-filler-token,ablation-filler-token,17,deepseek-r1-distill-8b,0.7046164139161463
F2,F2,ablation-filler-token,ablation-filler-token,18,deepseek-r1-distill-8b,0.7235541183467142
F2,F2,ablation-filler-token,ablation-filler-token,19,deepseek-r1-distill-8b,0.7423431460005947
F2,F2,ablation-filler-token,ablation-filler-token,20,deepseek-r1-distill-8b,0.7598312518584598
F2,F2,ablation-filler-token,ablation-filler-token,21,deepseek-r1-distill-8b,0.8035793933987511
F2,F2,ablation-filler-token,ablation-filler-token,22,deepseek-r1-distill-8b,0.8249145108534047
F2,F2,ablation-filler-token,ablation-filler-token,23,deepseek-r1-distill-8b,0.8470301813856675
F2,F2,ablation-filler-token,ablation-filler-token,24,deepseek-r1-distill-8b,0.8536834671424325
F2,F2,ablation-filler-token,ablation-filler-token,25,deepseek-r1-distill-8b,0.870948557835266
F2,F2,ablation-filler-token,ablation-filler-token,26,deepseek-r1-distill-8b,0.8891614629794825
F2,F2,ablation-filler-token,ablation-filler-token,27,deepseek-r1-distill-8b,0.9383920606601248
F2,F2,ablation-filler-token,ablation-filler-token,28,deepseek-r1-distill-8b,0.9502676181980374
F2,F2,ablation-filler-token,ablation-filler-token,29,deepseek-r1-distill-8b,0.953557091882248
F2,F2,ablation-filler-token,ablation-filler-token,30,deepseek-r1-distill-8b,0.9613997918525126
F2,F2,ablation-filler-token,ablation-filler-token,31,deepseek-r1-distill-8b,0.9637600356824264
F2,F2,ablation-filler-token,ablation-filler-token,32,deepseek-r1-distill-8b,0.961009515313708
F3,F3,ablation-filler-token,ablation-filler-token,0,deepseek-r1-distill-8b,0.5
F3,F3,ablation-filler-token,ablation-filler-token,1,deepseek-r1-distill-8b,0.5034843815660457
F3,F3,ablation-filler-token,ablation-filler-token,2,deepseek-r1-distill-8b,0.5037820423028436
F3,F3,ablation-filler-token,ablation-filler-token,3,deepseek-r1-distill-8b,0.5130270345986833
F3,F3,ablation-filler-token,ablation-filler-token,4,deepseek-r1-distill-8b,0.4928036139515338
F3,F3,ablation-filler-token,ablation-filler-token,5,deepseek-r1-distill-8b,0.4899145538590839
F3,F3,ablation-filler-token,ablation-filler-token,6,deepseek-r1-distill-8b,0.4856597562683848
F3,F3,ablation-filler-token,ablation-filler-token,7,deepseek-r1-distill-8b,0.4816325815940608
F3,F3,ablation-filler-token,ablation-filler-token,8,deepseek-r1-distill-8b,0.4770626138114582
F3,F3,ablation-filler-token,ablation-filler-token,9,deepseek-r1-distill-8b,0.4790061633281972
F3,F3,ablation-filler-token,ablation-filler-token,10,deepseek-r1-distill-8b,0.478445860764813
F3,F3,ablation-filler-token,ablation-filler-token,11,deepseek-r1-distill-8b,0.4796189942568987
F3,F3,ablation-filler-token,ablation-filler-token,12,deepseek-r1-distill-8b,0.4763797450623336
F3,F3,ablation-filler-token,ablation-filler-token,13,deepseek-r1-distill-8b,0.4776579352850539
F3,F3,ablation-filler-token,ablation-filler-token,14,deepseek-r1-distill-8b,0.4789886538730914
F3,F3,ablation-filler-token,ablation-filler-token,15,deepseek-r1-distill-8b,0.4765023112480739
F3,F3,ablation-filler-token,ablation-filler-token,16,deepseek-r1-distill-8b,0.4804419386468693
F3,F3,ablation-filler-token,ablation-filler-token,17,deepseek-r1-distill-8b,0.4781657094831209
F3,F3,ablation-filler-token,ablation-filler-token,18,deepseek-r1-distill-8b,0.4853971144417985
F3,F3,ablation-filler-token,ablation-filler-token,19,deepseek-r1-distill-8b,0.4850119064294719
F3,F3,ablation-filler-token,ablation-filler-token,20,deepseek-r1-distill-8b,0.4848543213335201
F3,F3,ablation-filler-token,ablation-filler-token,21,deepseek-r1-distill-8b,0.4867628519400476
F3,F3,ablation-filler-token,ablation-filler-token,22,deepseek-r1-distill-8b,0.4847667740579913
F3,F3,ablation-filler-token,ablation-filler-token,23,deepseek-r1-distill-8b,0.4913853480879675
F3,F3,ablation-filler-token,ablation-filler-token,24,deepseek-r1-distill-8b,0.4914728953634963
F3,F3,ablation-filler-token,ablation-filler-token,25,deepseek-r1-distill-8b,0.5024688331699118
F3,F3,ablation-filler-token,ablation-filler-token,26,deepseek-r1-distill-8b,0.5035894382966801
F3,F3,ablation-filler-token,ablation-filler-token,27,deepseek-r1-distill-8b,0.5099278610449642
F3,F3,ablation-filler-token,ablation-filler-token,28,deepseek-r1-distill-8b,0.5208537610309567
F3,F3,ablation-filler-token,ablation-filler-token,29,deepseek-r1-distill-8b,0.5238303683989354
F3,F3,ablation-filler-token,ablation-filler-token,30,deepseek-r1-distill-8b,0.540797030396414
F3,F3,ablation-filler-token,ablation-filler-token,31,deepseek-r1-distill-8b,0.552773497688752
F3,F3,ablation-filler-token,ablation-filler-token,32,deepseek-r1-distill-8b,0.5740124667320352
F4,F4,ablation-filler-token,ablation-filler-token,0,deepseek-r1-distill-8b,0.5
F4,F4,ablation-filler-token,ablation-filler-token,1,deepseek-r1-distill-8b,0.4690719732192672
F4,F4,ablation-filler-token,ablation-filler-token,2,deepseek-r1-distill-8b,0.4722583844770938
F4,F4,ablation-filler-token,ablation-filler-token,3,deepseek-r1-distill-8b,0.578265451614903
F4,F4,ablation-filler-token,ablation-filler-token,4,deepseek-r1-distill-8b,0.5848490484160932
F4,F4,ablation-filler-token,ablation-filler-token,5,deepseek-r1-distill-8b,0.5858905213563945
F4,F4,ablation-filler-token,ablation-filler-token,6,deepseek-r1-distill-8b,0.5797904655632012
F4,F4,ablation-filler-token,ablation-filler-token,7,deepseek-r1-distill-8b,0.5762444981712231
F4,F4,ablation-filler-token,ablation-filler-token,8,deepseek-r1-distill-8b,0.5780174818672122
F4,F4,ablation-filler-token,ablation-filler-token,9,deepseek-r1-distill-8b,0.5788357820345917
F4,F4,ablation-filler-token,ablation-filler-token,10,deepseek-r1-distill-8b,0.5762073027090694
F4,F4,ablation-filler-token,ablation-filler-token,11,deepseek-r1-distill-8b,0.5827165085859525
F4,F4,ablation-filler-token,ablation-filler-token,12,deepseek-r1-distill-8b,0.5805343748062737
F4,F4,ablation-filler-token,ablation-filler-token,13,deepseek-r1-distill-8b,0.5824933358130309
F4,F4,ablation-filler-token,ablation-filler-token,14,deepseek-r1-distill-8b,0.5902547889157522
F4,F4,ablation-filler-token,ablation-filler-token,15,deepseek-r1-distill-8b,0.5848242514413242
F4,F4,ablation-filler-token,ablation-filler-token,16,deepseek-r1-distill-8b,0.5901679995040605
F4,F4,ablation-filler-token,ablation-filler-token,17,deepseek-r1-distill-8b,0.5945446655508029
F4,F4,ablation-filler-token,ablation-filler-token,18,deepseek-r1-distill-8b,0.5993676771433885
F4,F4,ablation-filler-token,ablation-filler-token,19,deepseek-r1-distill-8b,0.6041410947864361
F4,F4,ablation-filler-token,ablation-filler-token,20,deepseek-r1-distill-8b,0.6117909615026966
F4,F4,ablation-filler-token,ablation-filler-token,21,deepseek-r1-distill-8b,0.6164403942718988
F4,F4,ablation-filler-token,ablation-filler-token,22,deepseek-r1-distill-8b,0.6234579381315479
F4,F4,ablation-filler-token,ablation-filler-token,23,deepseek-r1-distill-8b,0.6286653028330544
F4,F4,ablation-filler-token,ablation-filler-token,24,deepseek-r1-distill-8b,0.6319756989647264
F4,F4,ablation-filler-token,ablation-filler-token,25,deepseek-r1-distill-8b,0.6370342818176182
F4,F4,ablation-filler-token,ablation-filler-token,26,deepseek-r1-distill-8b,0.6396875581179096
F4,F4,ablation-filler-token,ablation-filler-token,27,deepseek-r1-distill-8b,0.6479449507160127
F4,F4,ablation-filler-token,ablation-filler-token,28,deepseek-r1-distill-8b,0.653177112392288
F4,F4,ablation-filler-token,ablation-filler-token,29,deepseek-r1-distill-8b,0.6651912466679064
F4,F4,ablation-filler-token,ablation-filler-token,30,deepseek-r1-distill-8b,0.6670510197755875
F4,F4,ablation-filler-token,ablation-filler-token,31,deepseek-r1-distill-8b,0.662649556754076
F4,F4,ablation-filler-token,ablation-filler-token,32,deepseek-r1-distill-8b,0.6643481495257578
F5,F5,ablation-filler-token,ablation-filler-token,0,deepseek-r1-distill-8b,0.5
F5,F5,ablation-filler-token,ablation-filler-token,1,deepseek-r1-distill-8b,0.5103410717225831
F5,F5,ablation-filler-token,ablation-filler-token,2,deepseek-r1-distill-8b,0.503501906100789
F5,F5,ablation-filler-token,ablation-filler-token,3,deepseek-r1-distill-8b,0.5260964828957533
F5,F5,ablation-filler-token,ablation-filler-token,4,deepseek-r1-distill-8b,0.5295413959496941
F5,F5,ablation-filler-token,ablation-filler-token,5,deepseek-r1-distill-8b,0.5365958686373595
F5,F5,ablation-filler-token,ablation-filler-token,6,deepseek-r1-distill-8b,0.5364185569360539
F5,F5,ablation-filler-token,ablation-filler-token,7,deepseek-r1-distill-8b,0.5346454399229961
F5,F5,ablation-filler-token,ablation-filler-token,8,deepseek-r1-distill-8b,0.5291741074255607
F5,F5,ablation-filler-token,ablation-filler-token,9,deepseek-r1-distill-8b,0.5316311410007979
F5,F5,ablation-filler-token,ablation-filler-token,10,deepseek-r1-distill-8b,0.5317577922160163
F5,F5,ablation-filler-token,ablation-filler-token,11,deepseek-r1-distill-8b,0.5324163785351521
F5,F5,ablation-filler-token,ablation-filler-token,12,deepseek-r1-distill-8b,0.5353420216066973
F5,F5,ablation-filler-token,ablation-filler-token,13,deepseek-r1-distill-8b,0.5320364248894969
F5,F5,ablation-filler-token,ablation-filler-token,14,deepseek-r1-distill-8b,0.5343288118849501
F5,F5,ablation-filler-token,ablation-filler-token,15,deepseek-r1-distill-8b,0.5365958686373595
F5,F5,ablation-filler-token,ablation-filler-token,16,deepseek-r1-distill-8b,0.536557873272794
F5,F5,ablation-filler-token,ablation-filler-token,17,deepseek-r1-distill-8b,0.5388882556328127
F5,F5,ablation-filler-token,ablation-filler-token,18,deepseek-r1-distill-8b,0.5382549995567207
F5,F5,ablation-filler-token,ablation-filler-token,19,deepseek-r1-distill-8b,0.5387362741745507
F5,F5,ablation-filler-token,ablation-filler-token,20,deepseek-r1-distill-8b,0.5397748141393417
F5,F5,ablation-filler-token,ablation-filler-token,21,deepseek-r1-distill-8b,0.5394835163443393
F5,F5,ablation-filler-token,ablation-filler-token,22,deepseek-r1-distill-8b,0.537989032004762
F5,F5,ablation-filler-token,ablation-filler-token,23,deepseek-r1-distill-8b,0.5346454399229961
F5,F5,ablation-filler-token,ablation-filler-token,24,deepseek-r1-distill-8b,0.5356586496447433
F5,F5,ablation-filler-token,ablation-filler-token,25,deepseek-r1-distill-8b,0.5387489392960726
F5,F5,ablation-filler-token,ablation-filler-token,26,deepseek-r1-distill-8b,0.5411173170206569
F5,F5,ablation-filler-token,ablation-filler-token,27,deepseek-r1-distill-8b,0.5420925313778386
F5,F5,ablation-filler-token,ablation-filler-token,28,deepseek-r1-distill-8b,0.5471459148650532
F5,F5,ablation-filler-token,ablation-filler-token,29,deepseek-r1-distill-8b,0.5490963435794166
F5,F5,ablation-filler-token,ablation-filler-token,30,deepseek-r1-distill-8b,0.5527565636992288
F5,F5,ablation-filler-token,ablation-filler-token,31,deepseek-r1-distill-8b,0.5568473979507833
F5,F5,ablation-filler-token,ablation-filler-token,32,deepseek-r1-distill-8b,0.5904479653482275
