condition,layer,task_i,task_j,cosine_similarity
no-prompt,0,A1,A1,0.9999999999986352
no-prompt,0,A1,A2,0.0661546217858928
no-prompt,0,A1,A3,0.03563382515602191
no-prompt,0,A1,F0,-1.14723456493399e-12
no-prompt,0,A1,F1,-7.857135436713324e-13
no-prompt,0,A1,F2,-4.605817722939944e-13
no-prompt,0,A1,F3,0.00021627942653810485
no-prompt,0,A1,F4,0.0002163450608790539
no-prompt,0,A1,F5,-0.00021633830900862937
no-prompt,0,A2,A1,0.0661546217858928
no-prompt,0,A2,A2,0.9999999999987655
no-prompt,0,A2,A3,0.04716172902579883
no-prompt,0,A2,F0,7.25316981309576e-13
no-prompt,0,A2,F1,-1.957038928255357e-12
no-prompt,0,A2,F2,-3.783404833228396e-13
no-prompt,0,A2,F3,-5.0083664588137616e-05
no-prompt,0,A2,F4,-5.013449876786448e-05
no-prompt,0,A2,F5,5.002858816045209e-05
no-prompt,0,A3,A1,0.03563382515602191
no-prompt,0,A3,A2,0.04716172902579883
no-prompt,0,A3,A3,0.9999999999990481
no-prompt,0,A3,F0,4.0410931837729303e-13
no-prompt,0,A3,F1,-2.616281944959981e-14
no-prompt,0,A3,F2,1.6078153173150125e-12
no-prompt,0,A3,F3,-0.00022839909406273233
no-prompt,0,A3,F4,-0.00022833301671245547
no-prompt,0,A3,F5,0.00022840856234894948
no-prompt,0,F0,A1,-1.14723456493399e-12
no-prompt,0,F0,A2,7.25316981309576e-13
no-prompt,0,F0,A3,4.0410931837729303e-13
no-prompt,0,F0,F0,1.4552907804367238e-31
no-prompt,0,F0,F1,3.365178111776242e-33
no-prompt,0,F0,F2,2.9018883495369004e-33
no-prompt,0,F0,F3,1.8363659085238914e-14
no-prompt,0,F0,F4,3.682582242102954e-15
no-prompt,0,F0,F5,-3.708423086509357e-15
no-prompt,0,F1,A1,-7.857135436713324e-13
no-prompt,0,F1,A2,-1.957038928255357e-12
no-prompt,0,F1,A3,-2.616281944959981e-14
no-prompt,0,F1,F0,3.365178111776242e-33
no-prompt,0,F1,F1,1.3900282779395356e-31
no-prompt,0,F1,F2,1.4858472201576527e-33
no-prompt,0,F1,F3,3.033612330333031e-14
no-prompt,0,F1,F4,6.078744221518368e-15
no-prompt,0,F1,F5,-6.126390395163911e-15
no-prompt,0,F2,A1,-4.605817722939944e-13
no-prompt,0,F2,A2,-3.783404833228396e-13
no-prompt,0,F2,A3,1.6078153173150125e-12
no-prompt,0,F2,F0,2.9018883495369004e-33
no-prompt,0,F2,F1,1.4858472201576527e-33
no-prompt,0,F2,F2,1.4099606368737361e-31
no-prompt,0,F2,F3,9.822444573072239e-15
no-prompt,0,F2,F4,1.9671463286619494e-15
no-prompt,0,F2,F5,-1.984961254899255e-15
no-prompt,0,F3,A1,0.00021627942653810485
no-prompt,0,F3,A2,-5.0083664588137616e-05
no-prompt,0,F3,A3,-0.00022839909406273233
no-prompt,0,F3,F0,1.8363659085238914e-14
no-prompt,0,F3,F1,3.033612330333031e-14
no-prompt,0,F3,F2,9.822444573072239e-15
no-prompt,0,F3,F3,0.9999999996233288
no-prompt,0,F3,F4,0.9999999972834286
no-prompt,0,F3,F5,-0.9999999979500895
no-prompt,0,F4,A1,0.0002163450608790539
no-prompt,0,F4,A2,-5.013449876786448e-05
no-prompt,0,F4,A3,-0.00022833301671245547
no-prompt,0,F4,F0,3.682582242102954e-15
no-prompt,0,F4,F1,6.078744221518368e-15
no-prompt,0,F4,F2,1.9671463286619494e-15
no-prompt,0,F4,F3,0.9999999972834286
no-prompt,0,F4,F4,0.9999999906368876
no-prompt,0,F4,F5,-0.9999999896873111
no-prompt,0,F5,A1,-0.00021633830900862937
no-prompt,0,F5,A2,5.002858816045209e-05
no-prompt,0,F5,A3,0.00022840856234894948
no-prompt,0,F5,F0,-3.708423086509357e-15
no-prompt,0,F5,F1,-6.126390395163911e-15
no-prompt,0,F5,F2,-1.984961254899255e-15
no-prompt,0,F5,F3,-0.9999999979500895
no-prompt,0,F5,F4,-0.9999999896873111
no-prompt,0,F5,F5,0.999999990763181
no-prompt,1,A1,A1,0.9999999999958669
no-prompt,1,A1,A2,0.14266718435722273
no-prompt,1,A1,A3,0.1389555215178179
no-prompt,1,A1,F0,0.0021453132666159197
no-prompt,1,A1,F1,0.011101757921776811
no-prompt,1,A1,F2,0.015851223914126262
no-prompt,1,A1,F3,0.0042665853059909555
no-prompt,1,A1,F4,0.0002577640369369011
no-prompt,1,A1,F5,-0.009002588519713094
no-prompt,1,A2,A1,0.14266718435722273
no-prompt,1,A2,A2,0.9999999999962886
no-prompt,1,A2,A3,0.1761589032784712
no-prompt,1,A2,F0,0.005457853609958941
no-prompt,1,A2,F1,-0.0027987457767684356
no-prompt,1,A2,F2,0.012769223083764316
no-prompt,1,A2,F3,0.0015994171557502
no-prompt,1,A2,F4,0.004872385286818097
no-prompt,1,A2,F5,0.009964888761282327
no-prompt,1,A3,A1,0.1389555215178179
no-prompt,1,A3,A2,0.1761589032784712
no-prompt,1,A3,A3,0.9999999999965553
no-prompt,1,A3,F0,0.008009430698483623
no-prompt,1,A3,F1,-0.012602844377851332
no-prompt,1,A3,F2,-0.006684626908940619
no-prompt,1,A3,F3,-0.0019701227399069672
no-prompt,1,A3,F4,0.0024776828866817724
no-prompt,1,A3,F5,0.010673319240534045
no-prompt,1,F0,A1,0.0021453132666159197
no-prompt,1,F0,A2,0.005457853609958941
no-prompt,1,F0,A3,0.008009430698483623
no-prompt,1,F0,F0,0.9999999998807318
no-prompt,1,F0,F1,-0.3875777180975847
no-prompt,1,F0,F2,0.12036163346288634
no-prompt,1,F0,F3,0.04085047018972449
no-prompt,1,F0,F4,0.06684012845685203
no-prompt,1,F0,F5,0.044487244811261394
no-prompt,1,F1,A1,0.011101757921776811
no-prompt,1,F1,A2,-0.0027987457767684356
no-prompt,1,F1,A3,-0.012602844377851332
no-prompt,1,F1,F0,-0.3875777180975847
no-prompt,1,F1,F1,0.9999999998811891
no-prompt,1,F1,F2,-0.1530682129982214
no-prompt,1,F1,F3,-0.011336568128110945
no-prompt,1,F1,F4,-0.07887527806235263
no-prompt,1,F1,F5,-0.042311617527782674
no-prompt,1,F2,A1,0.015851223914126262
no-prompt,1,F2,A2,0.012769223083764316
no-prompt,1,F2,A3,-0.006684626908940619
no-prompt,1,F2,F0,0.12036163346288634
no-prompt,1,F2,F1,-0.1530682129982214
no-prompt,1,F2,F2,0.9999999999191896
no-prompt,1,F2,F3,-0.007464937800598495
no-prompt,1,F2,F4,0.040790042691113436
no-prompt,1,F2,F5,-0.00761952663861285
no-prompt,1,F3,A1,0.0042665853059909555
no-prompt,1,F3,A2,0.0015994171557502
no-prompt,1,F3,A3,-0.0019701227399069672
no-prompt,1,F3,F0,0.04085047018972449
no-prompt,1,F3,F1,-0.011336568128110945
no-prompt,1,F3,F2,-0.007464937800598495
no-prompt,1,F3,F3,0.9999999999433904
no-prompt,1,F3,F4,0.06099480181012331
no-prompt,1,F3,F5,0.07300587377998002
no-prompt,1,F4,A1,0.0002577640369369011
no-prompt,1,F4,A2,0.004872385286818097
no-prompt,1,F4,A3,0.0024776828866817724
no-prompt,1,F4,F0,0.06684012845685203
no-prompt,1,F4,F1,-0.07887527806235263
no-prompt,1,F4,F2,0.040790042691113436
no-prompt,1,F4,F3,0.06099480181012331
no-prompt,1,F4,F4,0.9999999999372372
no-prompt,1,F4,F5,0.18250993559414694
no-prompt,1,F5,A1,-0.009002588519713094
no-prompt,1,F5,A2,0.009964888761282327
no-prompt,1,F5,A3,0.010673319240534045
no-prompt,1,F5,F0,0.044487244811261394
no-prompt,1,F5,F1,-0.042311617527782674
no-prompt,1,F5,F2,-0.00761952663861285
no-prompt,1,F5,F3,0.07300587377998002
no-prompt,1,F5,F4,0.18250993559414694
no-prompt,1,F5,F5,0.9999999999450859
no-prompt,2,A1,A1,0.9999999999989304
no-prompt,2,A1,A2,0.03494613008926869
no-prompt,2,A1,A3,0.041836683682999844
no-prompt,2,A1,F0,0.008576453655702556
no-prompt,2,A1,F1,-0.004448016670810949
no-prompt,2,A1,F2,0.01628489519395021
no-prompt,2,A1,F3,0.008841425883768649
no-prompt,2,A1,F4,0.0071043259960507366
no-prompt,2,A1,F5,0.01192185137935299
no-prompt,2,A2,A1,0.03494613008926869
no-prompt,2,A2,A2,0.9999999999989146
no-prompt,2,A2,A3,0.053805383199295294
no-prompt,2,A2,F0,0.008842753769684844
no-prompt,2,A2,F1,-0.007638903890548808
no-prompt,2,A2,F2,0.0021705893759176873
no-prompt,2,A2,F3,0.011385761715071932
no-prompt,2,A2,F4,-0.0005162269116531769
no-prompt,2,A2,F5,0.02244460003917755
no-prompt,2,A3,A1,0.041836683682999844
no-prompt,2,A3,A2,0.053805383199295294
no-prompt,2,A3,A3,0.9999999999990247
no-prompt,2,A3,F0,-0.001660580428407531
no-prompt,2,A3,F1,-0.003478059546290949
no-prompt,2,A3,F2,-0.009709524293775154
no-prompt,2,A3,F3,0.002398127716543738
no-prompt,2,A3,F4,-0.010882013794912864
no-prompt,2,A3,F5,-0.012842741557656072
no-prompt,2,F0,A1,0.008576453655702556
no-prompt,2,F0,A2,0.008842753769684844
no-prompt,2,F0,A3,-0.001660580428407531
no-prompt,2,F0,F0,0.9999999999912818
no-prompt,2,F0,F1,-0.36218685442614157
no-prompt,2,F0,F2,0.07590997230639114
no-prompt,2,F0,F3,0.020068776588092932
no-prompt,2,F0,F4,0.034096529465474805
no-prompt,2,F0,F5,0.02832991739827353
no-prompt,2,F1,A1,-0.004448016670810949
no-prompt,2,F1,A2,-0.007638903890548808
no-prompt,2,F1,A3,-0.003478059546290949
no-prompt,2,F1,F0,-0.36218685442614157
no-prompt,2,F1,F1,0.9999999999899477
no-prompt,2,F1,F2,-0.061428017146000165
no-prompt,2,F1,F3,-0.03160565339734202
no-prompt,2,F1,F4,-0.04697055221906557
no-prompt,2,F1,F5,-0.019091417566242923
no-prompt,2,F2,A1,0.01628489519395021
no-prompt,2,F2,A2,0.0021705893759176873
no-prompt,2,F2,A3,-0.009709524293775154
no-prompt,2,F2,F0,0.07590997230639114
no-prompt,2,F2,F1,-0.061428017146000165
no-prompt,2,F2,F2,0.9999999999911318
no-prompt,2,F2,F3,0.0031309520786085873
no-prompt,2,F2,F4,0.02145022350826148
no-prompt,2,F2,F5,-0.010363834630378758
no-prompt,2,F3,A1,0.008841425883768649
no-prompt,2,F3,A2,0.011385761715071932
no-prompt,2,F3,A3,0.002398127716543738
no-prompt,2,F3,F0,0.020068776588092932
no-prompt,2,F3,F1,-0.03160565339734202
no-prompt,2,F3,F2,0.0031309520786085873
no-prompt,2,F3,F3,0.999999999994389
no-prompt,2,F3,F4,0.0027180591493145777
no-prompt,2,F3,F5,0.003947765410816662
no-prompt,2,F4,A1,0.0071043259960507366
no-prompt,2,F4,A2,-0.0005162269116531769
no-prompt,2,F4,A3,-0.010882013794912864
no-prompt,2,F4,F0,0.034096529465474805
no-prompt,2,F4,F1,-0.04697055221906557
no-prompt,2,F4,F2,0.02145022350826148
no-prompt,2,F4,F3,0.0027180591493145777
no-prompt,2,F4,F4,0.9999999999932995
no-prompt,2,F4,F5,0.10832624773867928
no-prompt,2,F5,A1,0.01192185137935299
no-prompt,2,F5,A2,0.02244460003917755
no-prompt,2,F5,A3,-0.012842741557656072
no-prompt,2,F5,F0,0.02832991739827353
no-prompt,2,F5,F1,-0.019091417566242923
no-prompt,2,F5,F2,-0.010363834630378758
no-prompt,2,F5,F3,0.003947765410816662
no-prompt,2,F5,F4,0.10832624773867928
no-prompt,2,F5,F5,0.9999999999935987
no-prompt,3,A1,A1,0.9999999999989716
no-prompt,3,A1,A2,0.02581082854975419
no-prompt,3,A1,A3,0.037335019050970954
no-prompt,3,A1,F0,0.0033835484654746533
no-prompt,3,A1,F1,-0.004727997676487414
no-prompt,3,A1,F2,0.025246874608900165
no-prompt,3,A1,F3,0.011816896180829312
no-prompt,3,A1,F4,-0.009485733376380865
no-prompt,3,A1,F5,-0.010151280546321676
no-prompt,3,A2,A1,0.02581082854975419
no-prompt,3,A2,A2,0.9999999999989375
no-prompt,3,A2,A3,0.08127891747161814
no-prompt,3,A2,F0,-0.0022074986927559624
no-prompt,3,A2,F1,-0.005216411768772682
no-prompt,3,A2,F2,-0.006194669717783739
no-prompt,3,A2,F3,0.008940754946933416
no-prompt,3,A2,F4,-0.004713569112448927
no-prompt,3,A2,F5,0.005490806251940157
no-prompt,3,A3,A1,0.037335019050970954
no-prompt,3,A3,A2,0.08127891747161814
no-prompt,3,A3,A3,0.9999999999990009
no-prompt,3,A3,F0,-0.002546818613523938
no-prompt,3,A3,F1,-0.019373128391333365
no-prompt,3,A3,F2,-0.011126809661708025
no-prompt,3,A3,F3,-0.003996676919680063
no-prompt,3,A3,F4,-0.008127903386431674
no-prompt,3,A3,F5,-0.009186304948695205
no-prompt,3,F0,A1,0.0033835484654746533
no-prompt,3,F0,A2,-0.0022074986927559624
no-prompt,3,F0,A3,-0.002546818613523938
no-prompt,3,F0,F0,0.9999999999952758
no-prompt,3,F0,F1,-0.5377836601957502
no-prompt,3,F0,F2,0.07589977320881072
no-prompt,3,F0,F3,0.028542887164214856
no-prompt,3,F0,F4,0.0504966939018655
no-prompt,3,F0,F5,0.033824575585728996
no-prompt,3,F1,A1,-0.004727997676487414
no-prompt,3,F1,A2,-0.005216411768772682
no-prompt,3,F1,A3,-0.019373128391333365
no-prompt,3,F1,F0,-0.5377836601957502
no-prompt,3,F1,F1,0.9999999999951227
no-prompt,3,F1,F2,-0.0605420640450524
no-prompt,3,F1,F3,-0.031047272256313915
no-prompt,3,F1,F4,-0.05834635022242843
no-prompt,3,F1,F5,-0.047216538959149935
no-prompt,3,F2,A1,0.025246874608900165
no-prompt,3,F2,A2,-0.006194669717783739
no-prompt,3,F2,A3,-0.011126809661708025
no-prompt,3,F2,F0,0.07589977320881072
no-prompt,3,F2,F1,-0.0605420640450524
no-prompt,3,F2,F2,0.9999999999921683
no-prompt,3,F2,F3,0.010834003332553308
no-prompt,3,F2,F4,0.01252916695627925
no-prompt,3,F2,F5,0.0058722035952845615
no-prompt,3,F3,A1,0.011816896180829312
no-prompt,3,F3,A2,0.008940754946933416
no-prompt,3,F3,A3,-0.003996676919680063
no-prompt,3,F3,F0,0.028542887164214856
no-prompt,3,F3,F1,-0.031047272256313915
no-prompt,3,F3,F2,0.010834003332553308
no-prompt,3,F3,F3,0.9999999999951434
no-prompt,3,F3,F4,0.0094016407445916
no-prompt,3,F3,F5,0.028352829767621605
no-prompt,3,F4,A1,-0.009485733376380865
no-prompt,3,F4,A2,-0.004713569112448927
no-prompt,3,F4,A3,-0.008127903386431674
no-prompt,3,F4,F0,0.0504966939018655
no-prompt,3,F4,F1,-0.05834635022242843
no-prompt,3,F4,F2,0.01252916695627925
no-prompt,3,F4,F3,0.0094016407445916
no-prompt,3,F4,F4,0.9999999999944549
no-prompt,3,F4,F5,0.12920703167568562
no-prompt,3,F5,A1,-0.010151280546321676
no-prompt,3,F5,A2,0.005490806251940157
no-prompt,3,F5,A3,-0.009186304948695205
no-prompt,3,F5,F0,0.033824575585728996
no-prompt,3,F5,F1,-0.047216538959149935
no-prompt,3,F5,F2,0.0058722035952845615
no-prompt,3,F5,F3,0.028352829767621605
no-prompt,3,F5,F4,0.12920703167568562
no-prompt,3,F5,F5,0.9999999999943983
no-prompt,4,A1,A1,0.9999999999989401
no-prompt,4,A1,A2,0.0341247924838416
no-prompt,4,A1,A3,0.046352194213165665
no-prompt,4,A1,F0,-0.0016219218671145834
no-prompt,4,A1,F1,0.008003362899351416
no-prompt,4,A1,F2,0.014839875790599978
no-prompt,4,A1,F3,0.011249948851524035
no-prompt,4,A1,F4,-0.005011309031537363
no-prompt,4,A1,F5,-0.002244951006114368
no-prompt,4,A2,A1,0.0341247924838416
no-prompt,4,A2,A2,0.9999999999988862
no-prompt,4,A2,A3,0.07992480836284627
no-prompt,4,A2,F0,0.008079820509334385
no-prompt,4,A2,F1,-0.01194196020692876
no-prompt,4,A2,F2,-0.003576615659601433
no-prompt,4,A2,F3,-0.007474380059606381
no-prompt,4,A2,F4,-0.00905853065563186
no-prompt,4,A2,F5,0.00597240133456553
no-prompt,4,A3,A1,0.046352194213165665
no-prompt,4,A3,A2,0.07992480836284627
no-prompt,4,A3,A3,0.999999999998959
no-prompt,4,A3,F0,0.01087636331295383
no-prompt,4,A3,F1,-0.00840501499294729
no-prompt,4,A3,F2,-0.013211328537935142
no-prompt,4,A3,F3,-0.003836755119734913
no-prompt,4,A3,F4,0.004081090014117789
no-prompt,4,A3,F5,-0.005320638375367365
no-prompt,4,F0,A1,-0.0016219218671145834
no-prompt,4,F0,A2,0.008079820509334385
no-prompt,4,F0,A3,0.01087636331295383
no-prompt,4,F0,F0,0.999999999997004
no-prompt,4,F0,F1,-0.5131404943126734
no-prompt,4,F0,F2,0.1124597130316936
no-prompt,4,F0,F3,0.04454050526258911
no-prompt,4,F0,F4,0.05595645223785998
no-prompt,4,F0,F5,0.03492360084336038
no-prompt,4,F1,A1,0.008003362899351416
no-prompt,4,F1,A2,-0.01194196020692876
no-prompt,4,F1,A3,-0.00840501499294729
no-prompt,4,F1,F0,-0.5131404943126734
no-prompt,4,F1,F1,0.9999999999968184
no-prompt,4,F1,F2,-0.10987986018926382
no-prompt,4,F1,F3,-0.04207572516246155
no-prompt,4,F1,F4,-0.04454982724824087
no-prompt,4,F1,F5,-0.0355012285623192
no-prompt,4,F2,A1,0.014839875790599978
no-prompt,4,F2,A2,-0.003576615659601433
no-prompt,4,F2,A3,-0.013211328537935142
no-prompt,4,F2,F0,0.1124597130316936
no-prompt,4,F2,F1,-0.10987986018926382
no-prompt,4,F2,F2,0.9999999999947184
no-prompt,4,F2,F3,0.027037588898063607
no-prompt,4,F2,F4,0.026758492928102836
no-prompt,4,F2,F5,0.019224305325078798
no-prompt,4,F3,A1,0.011249948851524035
no-prompt,4,F3,A2,-0.007474380059606381
no-prompt,4,F3,A3,-0.003836755119734913
no-prompt,4,F3,F0,0.04454050526258911
no-prompt,4,F3,F1,-0.04207572516246155
no-prompt,4,F3,F2,0.027037588898063607
no-prompt,4,F3,F3,0.9999999999961457
no-prompt,4,F3,F4,0.017950141686086832
no-prompt,4,F3,F5,0.03110652362463547
no-prompt,4,F4,A1,-0.005011309031537363
no-prompt,4,F4,A2,-0.00905853065563186
no-prompt,4,F4,A3,0.004081090014117789
no-prompt,4,F4,F0,0.05595645223785998
no-prompt,4,F4,F1,-0.04454982724824087
no-prompt,4,F4,F2,0.026758492928102836
no-prompt,4,F4,F3,0.017950141686086832
no-prompt,4,F4,F4,0.9999999999948598
no-prompt,4,F4,F5,0.12477602330352273
no-prompt,4,F5,A1,-0.002244951006114368
no-prompt,4,F5,A2,0.00597240133456553
no-prompt,4,F5,A3,-0.005320638375367365
no-prompt,4,F5,F0,0.03492360084336038
no-prompt,4,F5,F1,-0.0355012285623192
no-prompt,4,F5,F2,0.019224305325078798
no-prompt,4,F5,F3,0.03110652362463547
no-prompt,4,F5,F4,0.12477602330352273
no-prompt,4,F5,F5,0.9999999999945922
no-prompt,5,A1,A1,0.9999999999988053
no-prompt,5,A1,A2,0.028836920127160992
no-prompt,5,A1,A3,0.05215615315741186
no-prompt,5,A1,F0,-0.007115182835880453
no-prompt,5,A1,F1,0.005045033489067599
no-prompt,5,A1,F2,-0.002020739090723999
no-prompt,5,A1,F3,-0.00265962288894226
no-prompt,5,A1,F4,-0.005725645168907105
no-prompt,5,A1,F5,-0.004242433073772542
no-prompt,5,A2,A1,0.028836920127160992
no-prompt,5,A2,A2,0.9999999999986844
no-prompt,5,A2,A3,0.0932814461043931
no-prompt,5,A2,F0,0.0011765231895486878
no-prompt,5,A2,F1,-0.004507397129084926
no-prompt,5,A2,F2,-0.003149185377606419
no-prompt,5,A2,F3,-0.013710224888771147
no-prompt,5,A2,F4,-0.005684570393944786
no-prompt,5,A2,F5,0.0013006914196473521
no-prompt,5,A3,A1,0.05215615315741186
no-prompt,5,A3,A2,0.0932814461043931
no-prompt,5,A3,A3,0.9999999999988269
no-prompt,5,A3,F0,-0.0008045359617446726
no-prompt,5,A3,F1,-0.003710988959463493
no-prompt,5,A3,F2,-0.015314208075402078
no-prompt,5,A3,F3,-0.0012540763679794464
no-prompt,5,A3,F4,0.008957159067975238
no-prompt,5,A3,F5,-0.00815497762896987
no-prompt,5,F0,A1,-0.007115182835880453
no-prompt,5,F0,A2,0.0011765231895486878
no-prompt,5,F0,A3,-0.0008045359617446726
no-prompt,5,F0,F0,0.9999999999986408
no-prompt,5,F0,F1,-0.3917866966781863
no-prompt,5,F0,F2,0.09348750695459937
no-prompt,5,F0,F3,0.028201117455439427
no-prompt,5,F0,F4,0.019483519988216697
no-prompt,5,F0,F5,-0.0023545568724667562
no-prompt,5,F1,A1,0.005045033489067599
no-prompt,5,F1,A2,-0.004507397129084926
no-prompt,5,F1,A3,-0.003710988959463493
no-prompt,5,F1,F0,-0.3917866966781863
no-prompt,5,F1,F1,0.999999999998508
no-prompt,5,F1,F2,-0.08904976586292786
no-prompt,5,F1,F3,-0.004449150832494817
no-prompt,5,F1,F4,-0.008508010256343264
no-prompt,5,F1,F5,-0.005545717683403293
no-prompt,5,F2,A1,-0.002020739090723999
no-prompt,5,F2,A2,-0.003149185377606419
no-prompt,5,F2,A3,-0.015314208075402078
no-prompt,5,F2,F0,0.09348750695459937
no-prompt,5,F2,F1,-0.08904976586292786
no-prompt,5,F2,F2,0.9999999999973547
no-prompt,5,F2,F3,0.029943012716618235
no-prompt,5,F2,F4,0.02791994921645698
no-prompt,5,F2,F5,0.022663746127336154
no-prompt,5,F3,A1,-0.00265962288894226
no-prompt,5,F3,A2,-0.013710224888771147
no-prompt,5,F3,A3,-0.0012540763679794464
no-prompt,5,F3,F0,0.028201117455439427
no-prompt,5,F3,F1,-0.004449150832494817
no-prompt,5,F3,F2,0.029943012716618235
no-prompt,5,F3,F3,0.999999999996551
no-prompt,5,F3,F4,0.06026770243037844
no-prompt,5,F3,F5,0.020908031956018917
no-prompt,5,F4,A1,-0.005725645168907105
no-prompt,5,F4,A2,-0.005684570393944786
no-prompt,5,F4,A3,0.008957159067975238
no-prompt,5,F4,F0,0.019483519988216697
no-prompt,5,F4,F1,-0.008508010256343264
no-prompt,5,F4,F2,0.02791994921645698
no-prompt,5,F4,F3,0.06026770243037844
no-prompt,5,F4,F4,0.9999999999954153
no-prompt,5,F4,F5,0.14815706267810358
no-prompt,5,F5,A1,-0.004242433073772542
no-prompt,5,F5,A2,0.0013006914196473521
no-prompt,5,F5,A3,-0.00815497762896987
no-prompt,5,F5,F0,-0.0023545568724667562
no-prompt,5,F5,F1,-0.005545717683403293
no-prompt,5,F5,F2,0.022663746127336154
no-prompt,5,F5,F3,0.020908031956018917
no-prompt,5,F5,F4,0.14815706267810358
no-prompt,5,F5,F5,0.9999999999951197
no-prompt,6,A1,A1,0.9999999999988465
no-prompt,6,A1,A2,0.043203117152577804
no-prompt,6,A1,A3,0.05346015885059593
no-prompt,6,A1,F0,-0.0035023339425397323
no-prompt,6,A1,F1,0.0004033173915388419
no-prompt,6,A1,F2,0.0009417779390237449
no-prompt,6,A1,F3,0.00515037779049732
no-prompt,6,A1,F4,-0.012973437423014628
no-prompt,6,A1,F5,0.0021987351846338133
no-prompt,6,A2,A1,0.043203117152577804
no-prompt,6,A2,A2,0.9999999999986102
no-prompt,6,A2,A3,0.0968853131814605
no-prompt,6,A2,F0,0.008461612531819273
no-prompt,6,A2,F1,-0.005411476148415626
no-prompt,6,A2,F2,0.0020966889850846217
no-prompt,6,A2,F3,-0.009538039026475873
no-prompt,6,A2,F4,-0.010839844881580098
no-prompt,6,A2,F5,-0.0021379832089629875
no-prompt,6,A3,A1,0.05346015885059593
no-prompt,6,A3,A2,0.0968853131814605
no-prompt,6,A3,A3,0.999999999998804
no-prompt,6,A3,F0,0.004760248718290146
no-prompt,6,A3,F1,-0.0070526654835274755
no-prompt,6,A3,F2,0.0005962441111817938
no-prompt,6,A3,F3,-0.007320902852802122
no-prompt,6,A3,F4,0.0044881769619126485
no-prompt,6,A3,F5,-0.003474482141169097
no-prompt,6,F0,A1,-0.0035023339425397323
no-prompt,6,F0,A2,0.008461612531819273
no-prompt,6,F0,A3,0.004760248718290146
no-prompt,6,F0,F0,0.9999999999988263
no-prompt,6,F0,F1,-0.19503966140456175
no-prompt,6,F0,F2,0.05986676765912277
no-prompt,6,F0,F3,0.020029871450730843
no-prompt,6,F0,F4,0.00803546799603987
no-prompt,6,F0,F5,0.005515723137179439
no-prompt,6,F1,A1,0.0004033173915388419
no-prompt,6,F1,A2,-0.005411476148415626
no-prompt,6,F1,A3,-0.0070526654835274755
no-prompt,6,F1,F0,-0.19503966140456175
no-prompt,6,F1,F1,0.9999999999987721
no-prompt,6,F1,F2,-0.05208430148605976
no-prompt,6,F1,F3,-0.014002994502593777
no-prompt,6,F1,F4,-0.01120050391914494
no-prompt,6,F1,F5,0.00656669835308445
no-prompt,6,F2,A1,0.0009417779390237449
no-prompt,6,F2,A2,0.0020966889850846217
no-prompt,6,F2,A3,0.0005962441111817938
no-prompt,6,F2,F0,0.05986676765912277
no-prompt,6,F2,F1,-0.05208430148605976
no-prompt,6,F2,F2,0.9999999999978398
no-prompt,6,F2,F3,0.003950037966922373
no-prompt,6,F2,F4,0.0020658575323233563
no-prompt,6,F2,F5,0.02130240881253546
no-prompt,6,F3,A1,0.00515037779049732
no-prompt,6,F3,A2,-0.009538039026475873
no-prompt,6,F3,A3,-0.007320902852802122
no-prompt,6,F3,F0,0.020029871450730843
no-prompt,6,F3,F1,-0.014002994502593777
no-prompt,6,F3,F2,0.003950037966922373
no-prompt,6,F3,F3,0.9999999999966571
no-prompt,6,F3,F4,0.06578422004468847
no-prompt,6,F3,F5,0.005703446280902063
no-prompt,6,F4,A1,-0.012973437423014628
no-prompt,6,F4,A2,-0.010839844881580098
no-prompt,6,F4,A3,0.0044881769619126485
no-prompt,6,F4,F0,0.00803546799603987
no-prompt,6,F4,F1,-0.01120050391914494
no-prompt,6,F4,F2,0.0020658575323233563
no-prompt,6,F4,F3,0.06578422004468847
no-prompt,6,F4,F4,0.9999999999954994
no-prompt,6,F4,F5,0.12008940356721368
no-prompt,6,F5,A1,0.0021987351846338133
no-prompt,6,F5,A2,-0.0021379832089629875
no-prompt,6,F5,A3,-0.003474482141169097
no-prompt,6,F5,F0,0.005515723137179439
no-prompt,6,F5,F1,0.00656669835308445
no-prompt,6,F5,F2,0.02130240881253546
no-prompt,6,F5,F3,0.005703446280902063
no-prompt,6,F5,F4,0.12008940356721368
no-prompt,6,F5,F5,0.999999999995111
no-prompt,7,A1,A1,0.9999999999988411
no-prompt,7,A1,A2,0.04104970848749988
no-prompt,7,A1,A3,0.061433189753368776
no-prompt,7,A1,F0,-0.002676503452393388
no-prompt,7,A1,F1,-5.223645669576695e-05
no-prompt,7,A1,F2,0.0006674855133115277
no-prompt,7,A1,F3,0.010866596502888987
no-prompt,7,A1,F4,0.002039319972657
no-prompt,7,A1,F5,-0.009895364279626893
no-prompt,7,A2,A1,0.04104970848749988
no-prompt,7,A2,A2,0.999999999998646
no-prompt,7,A2,A3,0.08092707947035453
no-prompt,7,A2,F0,0.0007602510207819416
no-prompt,7,A2,F1,-0.01133336624365549
no-prompt,7,A2,F2,0.0009018361118218298
no-prompt,7,A2,F3,-0.0023260345602327402
no-prompt,7,A2,F4,-0.00790860233027869
no-prompt,7,A2,F5,0.0019100112654231196
no-prompt,7,A3,A1,0.061433189753368776
no-prompt,7,A3,A2,0.08092707947035453
no-prompt,7,A3,A3,0.9999999999987417
no-prompt,7,A3,F0,0.008151394145510719
no-prompt,7,A3,F1,0.004656570389275958
no-prompt,7,A3,F2,-0.0023557976839209183
no-prompt,7,A3,F3,-0.0050542739635106755
no-prompt,7,A3,F4,0.005177048738067327
no-prompt,7,A3,F5,0.00652872112681591
no-prompt,7,F0,A1,-0.002676503452393388
no-prompt,7,F0,A2,0.0007602510207819416
no-prompt,7,F0,A3,0.008151394145510719
no-prompt,7,F0,F0,0.9999999999989148
no-prompt,7,F0,F1,-0.12716876223463802
no-prompt,7,F0,F2,0.02194893490810782
no-prompt,7,F0,F3,0.015185343656975913
no-prompt,7,F0,F4,0.010274913833476527
no-prompt,7,F0,F5,0.024971730762020868
no-prompt,7,F1,A1,-5.223645669576695e-05
no-prompt,7,F1,A2,-0.01133336624365549
no-prompt,7,F1,A3,0.004656570389275958
no-prompt,7,F1,F0,-0.12716876223463802
no-prompt,7,F1,F1,0.999999999998858
no-prompt,7,F1,F2,-0.03328917696160243
no-prompt,7,F1,F3,0.006076750788984496
no-prompt,7,F1,F4,-0.004357426772705863
no-prompt,7,F1,F5,0.0061363788235694865
no-prompt,7,F2,A1,0.0006674855133115277
no-prompt,7,F2,A2,0.0009018361118218298
no-prompt,7,F2,A3,-0.0023557976839209183
no-prompt,7,F2,F0,0.02194893490810782
no-prompt,7,F2,F1,-0.03328917696160243
no-prompt,7,F2,F2,0.9999999999980035
no-prompt,7,F2,F3,0.010720739034656824
no-prompt,7,F2,F4,-0.007864783700009812
no-prompt,7,F2,F5,0.01778226500514491
no-prompt,7,F3,A1,0.010866596502888987
no-prompt,7,F3,A2,-0.0023260345602327402
no-prompt,7,F3,A3,-0.0050542739635106755
no-prompt,7,F3,F0,0.015185343656975913
no-prompt,7,F3,F1,0.006076750788984496
no-prompt,7,F3,F2,0.010720739034656824
no-prompt,7,F3,F3,0.9999999999967898
no-prompt,7,F3,F4,0.10173252566117957
no-prompt,7,F3,F5,0.04860300751822777
no-prompt,7,F4,A1,0.002039319972657
no-prompt,7,F4,A2,-0.00790860233027869
no-prompt,7,F4,A3,0.005177048738067327
no-prompt,7,F4,F0,0.010274913833476527
no-prompt,7,F4,F1,-0.004357426772705863
no-prompt,7,F4,F2,-0.007864783700009812
no-prompt,7,F4,F3,0.10173252566117957
no-prompt,7,F4,F4,0.9999999999955832
no-prompt,7,F4,F5,0.1438838206880675
no-prompt,7,F5,A1,-0.009895364279626893
no-prompt,7,F5,A2,0.0019100112654231196
no-prompt,7,F5,A3,0.00652872112681591
no-prompt,7,F5,F0,0.024971730762020868
no-prompt,7,F5,F1,0.0061363788235694865
no-prompt,7,F5,F2,0.01778226500514491
no-prompt,7,F5,F3,0.04860300751822777
no-prompt,7,F5,F4,0.1438838206880675
no-prompt,7,F5,F5,0.9999999999953467
no-prompt,8,A1,A1,0.9999999999986341
no-prompt,8,A1,A2,0.051784975310214525
no-prompt,8,A1,A3,0.06505012169822322
no-prompt,8,A1,F0,0.010556484132922492
no-prompt,8,A1,F1,-0.0003304561301759896
no-prompt,8,A1,F2,-0.00766763955207375
no-prompt,8,A1,F3,0.004195520319270187
no-prompt,8,A1,F4,-0.018246437710235208
no-prompt,8,A1,F5,0.010445005027004767
no-prompt,8,A2,A1,0.051784975310214525
no-prompt,8,A2,A2,0.9999999999984589
no-prompt,8,A2,A3,0.0736520753812952
no-prompt,8,A2,F0,-0.0007989957048711098
no-prompt,8,A2,F1,-0.0018866083453638104
no-prompt,8,A2,F2,0.0014037631880863917
no-prompt,8,A2,F3,-0.018253643987393372
no-prompt,8,A2,F4,-0.011466272924433186
no-prompt,8,A2,F5,-0.002212577535740483
no-prompt,8,A3,A1,0.06505012169822322
no-prompt,8,A3,A2,0.0736520753812952
no-prompt,8,A3,A3,0.9999999999985427
no-prompt,8,A3,F0,-0.0016900310325433715
no-prompt,8,A3,F1,-0.000362210371220049
no-prompt,8,A3,F2,-0.006245070634578053
no-prompt,8,A3,F3,0.002708551162042324
no-prompt,8,A3,F4,-0.00045798293787133925
no-prompt,8,A3,F5,-0.011422342039602755
no-prompt,8,F0,A1,0.010556484132922492
no-prompt,8,F0,A2,-0.0007989957048711098
no-prompt,8,F0,A3,-0.0016900310325433715
no-prompt,8,F0,F0,0.9999999999984339
no-prompt,8,F0,F1,-0.08969132360240609
no-prompt,8,F0,F2,0.00444400742957505
no-prompt,8,F0,F3,0.018768731890297288
no-prompt,8,F0,F4,0.016048960114665327
no-prompt,8,F0,F5,0.010043150199823391
no-prompt,8,F1,A1,-0.0003304561301759896
no-prompt,8,F1,A2,-0.0018866083453638104
no-prompt,8,F1,A3,-0.000362210371220049
no-prompt,8,F1,F0,-0.08969132360240609
no-prompt,8,F1,F1,0.9999999999987074
no-prompt,8,F1,F2,-0.017229579155063346
no-prompt,8,F1,F3,0.020728500728737893
no-prompt,8,F1,F4,-0.0020504867044610973
no-prompt,8,F1,F5,0.010882390039087636
no-prompt,8,F2,A1,-0.00766763955207375
no-prompt,8,F2,A2,0.0014037631880863917
no-prompt,8,F2,A3,-0.006245070634578053
no-prompt,8,F2,F0,0.00444400742957505
no-prompt,8,F2,F1,-0.017229579155063346
no-prompt,8,F2,F2,0.9999999999985365
no-prompt,8,F2,F3,0.014078012846624076
no-prompt,8,F2,F4,-0.004255963369446569
no-prompt,8,F2,F5,0.016170428157172616
no-prompt,8,F3,A1,0.004195520319270187
no-prompt,8,F3,A2,-0.018253643987393372
no-prompt,8,F3,A3,0.002708551162042324
no-prompt,8,F3,F0,0.018768731890297288
no-prompt,8,F3,F1,0.020728500728737893
no-prompt,8,F3,F2,0.014078012846624076
no-prompt,8,F3,F3,0.9999999999972873
no-prompt,8,F3,F4,0.15428388207822802
no-prompt,8,F3,F5,0.0735582349931382
no-prompt,8,F4,A1,-0.018246437710235208
no-prompt,8,F4,A2,-0.011466272924433186
no-prompt,8,F4,A3,-0.00045798293787133925
no-prompt,8,F4,F0,0.016048960114665327
no-prompt,8,F4,F1,-0.0020504867044610973
no-prompt,8,F4,F2,-0.004255963369446569
no-prompt,8,F4,F3,0.15428388207822802
no-prompt,8,F4,F4,0.9999999999959533
no-prompt,8,F4,F5,0.15373782350457793
no-prompt,8,F5,A1,0.010445005027004767
no-prompt,8,F5,A2,-0.002212577535740483
no-prompt,8,F5,A3,-0.011422342039602755
no-prompt,8,F5,F0,0.010043150199823391
no-prompt,8,F5,F1,0.010882390039087636
no-prompt,8,F5,F2,0.016170428157172616
no-prompt,8,F5,F3,0.0735582349931382
no-prompt,8,F5,F4,0.15373782350457793
no-prompt,8,F5,F5,0.9999999999956597
no-prompt,9,A1,A1,0.9999999999986248
no-prompt,9,A1,A2,0.060297900917309015
no-prompt,9,A1,A3,0.06333406835237836
no-prompt,9,A1,F0,-0.0046611769546113626
no-prompt,9,A1,F1,-0.0013134483690923596
no-prompt,9,A1,F2,-0.0003229394987266228
no-prompt,9,A1,F3,-0.0014752010112818886
no-prompt,9,A1,F4,-0.0009734497663670378
no-prompt,9,A1,F5,0.013920563761944652
no-prompt,9,A2,A1,0.060297900917309015
no-prompt,9,A2,A2,0.9999999999984175
no-prompt,9,A2,A3,0.06564522633692745
no-prompt,9,A2,F0,-0.0026457305449271197
no-prompt,9,A2,F1,0.006734151076263635
no-prompt,9,A2,F2,-0.0007530648524894325
no-prompt,9,A2,F3,0.002122615150014313
no-prompt,9,A2,F4,-0.012392095445101538
no-prompt,9,A2,F5,-0.001320940861929043
no-prompt,9,A3,A1,0.06333406835237836
no-prompt,9,A3,A2,0.06564522633692745
no-prompt,9,A3,A3,0.9999999999985091
no-prompt,9,A3,F0,0.004239079063810532
no-prompt,9,A3,F1,0.004591249357264474
no-prompt,9,A3,F2,-0.006026800536785692
no-prompt,9,A3,F3,0.00728993200733263
no-prompt,9,A3,F4,0.008023683228963945
no-prompt,9,A3,F5,-0.012184995805488432
no-prompt,9,F0,A1,-0.0046611769546113626
no-prompt,9,F0,A2,-0.0026457305449271197
no-prompt,9,F0,A3,0.004239079063810532
no-prompt,9,F0,F0,0.9999999999981447
no-prompt,9,F0,F1,-0.06310023997286673
no-prompt,9,F0,F2,0.016977354918435446
no-prompt,9,F0,F3,0.019940970584297668
no-prompt,9,F0,F4,0.02579573397205091
no-prompt,9,F0,F5,0.001888833750841544
no-prompt,9,F1,A1,-0.0013134483690923596
no-prompt,9,F1,A2,0.006734151076263635
no-prompt,9,F1,A3,0.004591249357264474
no-prompt,9,F1,F0,-0.06310023997286673
no-prompt,9,F1,F1,0.9999999999982895
no-prompt,9,F1,F2,-0.01351666349609773
no-prompt,9,F1,F3,0.027605153009502736
no-prompt,9,F1,F4,0.009638015319184363
no-prompt,9,F1,F5,-0.0039300896640692435
no-prompt,9,F2,A1,-0.0003229394987266228
no-prompt,9,F2,A2,-0.0007530648524894325
no-prompt,9,F2,A3,-0.006026800536785692
no-prompt,9,F2,F0,0.016977354918435446
no-prompt,9,F2,F1,-0.01351666349609773
no-prompt,9,F2,F2,0.9999999999987768
no-prompt,9,F2,F3,0.022705669970172756
no-prompt,9,F2,F4,0.00197721813038748
no-prompt,9,F2,F5,0.023381752346735417
no-prompt,9,F3,A1,-0.0014752010112818886
no-prompt,9,F3,A2,0.002122615150014313
no-prompt,9,F3,A3,0.00728993200733263
no-prompt,9,F3,F0,0.019940970584297668
no-prompt,9,F3,F1,0.027605153009502736
no-prompt,9,F3,F2,0.022705669970172756
no-prompt,9,F3,F3,0.9999999999979474
no-prompt,9,F3,F4,0.2044842204528929
no-prompt,9,F3,F5,0.09080601887264832
no-prompt,9,F4,A1,-0.0009734497663670378
no-prompt,9,F4,A2,-0.012392095445101538
no-prompt,9,F4,A3,0.008023683228963945
no-prompt,9,F4,F0,0.02579573397205091
no-prompt,9,F4,F1,0.009638015319184363
no-prompt,9,F4,F2,0.00197721813038748
no-prompt,9,F4,F3,0.2044842204528929
no-prompt,9,F4,F4,0.9999999999963909
no-prompt,9,F4,F5,0.17995878826238657
no-prompt,9,F5,A1,0.013920563761944652
no-prompt,9,F5,A2,-0.001320940861929043
no-prompt,9,F5,A3,-0.012184995805488432
no-prompt,9,F5,F0,0.001888833750841544
no-prompt,9,F5,F1,-0.0039300896640692435
no-prompt,9,F5,F2,0.023381752346735417
no-prompt,9,F5,F3,0.09080601887264832
no-prompt,9,F5,F4,0.17995878826238657
no-prompt,9,F5,F5,0.9999999999965045
no-prompt,10,A1,A1,0.999999999998505
no-prompt,10,A1,A2,0.058879337902837815
no-prompt,10,A1,A3,0.058355134941693934
no-prompt,10,A1,F0,-0.0067929381590707385
no-prompt,10,A1,F1,0.0031812421210869767
no-prompt,10,A1,F2,-0.0025426155425269975
no-prompt,10,A1,F3,0.00011888057488553707
no-prompt,10,A1,F4,-0.0019168101704286808
no-prompt,10,A1,F5,0.003560959791834718
no-prompt,10,A2,A1,0.058879337902837815
no-prompt,10,A2,A2,0.9999999999982885
no-prompt,10,A2,A3,0.07760472667540357
no-prompt,10,A2,F0,0.009180683030747639
no-prompt,10,A2,F1,-0.0058967001570953016
no-prompt,10,A2,F2,0.0002697163848945836
no-prompt,10,A2,F3,-0.006140919887987079
no-prompt,10,A2,F4,-0.01283244479309637
no-prompt,10,A2,F5,0.007053940905063311
no-prompt,10,A3,A1,0.058355134941693934
no-prompt,10,A3,A2,0.07760472667540357
no-prompt,10,A3,A3,0.9999999999983955
no-prompt,10,A3,F0,0.004006732390061404
no-prompt,10,A3,F1,0.0009154259631273806
no-prompt,10,A3,F2,-0.015240183074931302
no-prompt,10,A3,F3,-0.004687359170075284
no-prompt,10,A3,F4,0.0036389745060914558
no-prompt,10,A3,F5,-0.008685274811007797
no-prompt,10,F0,A1,-0.0067929381590707385
no-prompt,10,F0,A2,0.009180683030747639
no-prompt,10,F0,A3,0.004006732390061404
no-prompt,10,F0,F0,0.9999999999973163
no-prompt,10,F0,F1,-0.06626429108702016
no-prompt,10,F0,F2,0.018117861054526323
no-prompt,10,F0,F3,0.008332062772720035
no-prompt,10,F0,F4,0.0037472591312626164
no-prompt,10,F0,F5,0.0029036202188432174
no-prompt,10,F1,A1,0.0031812421210869767
no-prompt,10,F1,A2,-0.0058967001570953016
no-prompt,10,F1,A3,0.0009154259631273806
no-prompt,10,F1,F0,-0.06626429108702016
no-prompt,10,F1,F1,0.9999999999973073
no-prompt,10,F1,F2,-0.007612362022205102
no-prompt,10,F1,F3,0.005959002352170355
no-prompt,10,F1,F4,3.632341952402063e-05
no-prompt,10,F1,F5,0.00020667339055328252
no-prompt,10,F2,A1,-0.0025426155425269975
no-prompt,10,F2,A2,0.0002697163848945836
no-prompt,10,F2,A3,-0.015240183074931302
no-prompt,10,F2,F0,0.018117861054526323
no-prompt,10,F2,F1,-0.007612362022205102
no-prompt,10,F2,F2,0.9999999999987274
no-prompt,10,F2,F3,0.006388187507332077
no-prompt,10,F2,F4,0.008619000108914657
no-prompt,10,F2,F5,0.006476653716871967
no-prompt,10,F3,A1,0.00011888057488553707
no-prompt,10,F3,A2,-0.006140919887987079
no-prompt,10,F3,A3,-0.004687359170075284
no-prompt,10,F3,F0,0.008332062772720035
no-prompt,10,F3,F1,0.005959002352170355
no-prompt,10,F3,F2,0.006388187507332077
no-prompt,10,F3,F3,0.9999999999981546
no-prompt,10,F3,F4,0.20253274609481625
no-prompt,10,F3,F5,0.09941069854613571
no-prompt,10,F4,A1,-0.0019168101704286808
no-prompt,10,F4,A2,-0.01283244479309637
no-prompt,10,F4,A3,0.0036389745060914558
no-prompt,10,F4,F0,0.0037472591312626164
no-prompt,10,F4,F1,3.632341952402063e-05
no-prompt,10,F4,F2,0.008619000108914657
no-prompt,10,F4,F3,0.20253274609481625
no-prompt,10,F4,F4,0.9999999999969538
no-prompt,10,F4,F5,0.19265510549067583
no-prompt,10,F5,A1,0.003560959791834718
no-prompt,10,F5,A2,0.007053940905063311
no-prompt,10,F5,A3,-0.008685274811007797
no-prompt,10,F5,F0,0.0029036202188432174
no-prompt,10,F5,F1,0.00020667339055328252
no-prompt,10,F5,F2,0.006476653716871967
no-prompt,10,F5,F3,0.09941069854613571
no-prompt,10,F5,F4,0.19265510549067583
no-prompt,10,F5,F5,0.9999999999968403
no-prompt,11,A1,A1,0.9999999999983631
no-prompt,11,A1,A2,0.049368828010697835
no-prompt,11,A1,A3,0.05777849173674089
no-prompt,11,A1,F0,0.0018945732950531402
no-prompt,11,A1,F1,0.002188481776428313
no-prompt,11,A1,F2,0.005565538911928437
no-prompt,11,A1,F3,0.005502278352944954
no-prompt,11,A1,F4,0.0010145091617933602
no-prompt,11,A1,F5,-5.891484971380848e-05
no-prompt,11,A2,A1,0.049368828010697835
no-prompt,11,A2,A2,0.9999999999981135
no-prompt,11,A2,A3,0.08414676625632392
no-prompt,11,A2,F0,0.007748936478988781
no-prompt,11,A2,F1,-0.0007298515255053103
no-prompt,11,A2,F2,-0.006132075774336228
no-prompt,11,A2,F3,0.010307182125768517
no-prompt,11,A2,F4,-0.011962964415650016
no-prompt,11,A2,F5,-0.008303116019669534
no-prompt,11,A3,A1,0.05777849173674089
no-prompt,11,A3,A2,0.08414676625632392
no-prompt,11,A3,A3,0.9999999999982442
no-prompt,11,A3,F0,0.010550722662524634
no-prompt,11,A3,F1,0.0022789245989078078
no-prompt,11,A3,F2,-0.007354932090156212
no-prompt,11,A3,F3,-0.01205969435611808
no-prompt,11,A3,F4,-0.0022899124214197076
no-prompt,11,A3,F5,-0.002184090905233541
no-prompt,11,F0,A1,0.0018945732950531402
no-prompt,11,F0,A2,0.007748936478988781
no-prompt,11,F0,A3,0.010550722662524634
no-prompt,11,F0,F0,0.9999999999962121
no-prompt,11,F0,F1,-0.06303743819083098
no-prompt,11,F0,F2,0.015573438422856068
no-prompt,11,F0,F3,0.00015574226133380301
no-prompt,11,F0,F4,0.0072085903639389146
no-prompt,11,F0,F5,0.0035178708455746313
no-prompt,11,F1,A1,0.002188481776428313
no-prompt,11,F1,A2,-0.0007298515255053103
no-prompt,11,F1,A3,0.0022789245989078078
no-prompt,11,F1,F0,-0.06303743819083098
no-prompt,11,F1,F1,0.9999999999956397
no-prompt,11,F1,F2,-0.011285301602828791
no-prompt,11,F1,F3,0.0007664559763605902
no-prompt,11,F1,F4,0.006281025947847119
no-prompt,11,F1,F5,-0.013786876179383355
no-prompt,11,F2,A1,0.005565538911928437
no-prompt,11,F2,A2,-0.006132075774336228
no-prompt,11,F2,A3,-0.007354932090156212
no-prompt,11,F2,F0,0.015573438422856068
no-prompt,11,F2,F1,-0.011285301602828791
no-prompt,11,F2,F2,0.9999999999985257
no-prompt,11,F2,F3,0.004202635338435623
no-prompt,11,F2,F4,0.006894765912508501
no-prompt,11,F2,F5,0.01309101945445743
no-prompt,11,F3,A1,0.005502278352944954
no-prompt,11,F3,A2,0.010307182125768517
no-prompt,11,F3,A3,-0.01205969435611808
no-prompt,11,F3,F0,0.00015574226133380301
no-prompt,11,F3,F1,0.0007664559763605902
no-prompt,11,F3,F2,0.004202635338435623
no-prompt,11,F3,F3,0.9999999999983143
no-prompt,11,F3,F4,0.19049680313490572
no-prompt,11,F3,F5,0.07988045826820427
no-prompt,11,F4,A1,0.0010145091617933602
no-prompt,11,F4,A2,-0.011962964415650016
no-prompt,11,F4,A3,-0.0022899124214197076
no-prompt,11,F4,F0,0.0072085903639389146
no-prompt,11,F4,F1,0.006281025947847119
no-prompt,11,F4,F2,0.006894765912508501
no-prompt,11,F4,F3,0.19049680313490572
no-prompt,11,F4,F4,0.9999999999972312
no-prompt,11,F4,F5,0.1994094631919199
no-prompt,11,F5,A1,-5.891484971380848e-05
no-prompt,11,F5,A2,-0.008303116019669534
no-prompt,11,F5,A3,-0.002184090905233541
no-prompt,11,F5,F0,0.0035178708455746313
no-prompt,11,F5,F1,-0.013786876179383355
no-prompt,11,F5,F2,0.01309101945445743
no-prompt,11,F5,F3,0.07988045826820427
no-prompt,11,F5,F4,0.1994094631919199
no-prompt,11,F5,F5,0.9999999999971705
no-prompt,12,A1,A1,0.9999999999982933
no-prompt,12,A1,A2,0.05774090496990099
no-prompt,12,A1,A3,0.041339225480422494
no-prompt,12,A1,F0,0.0011692956122822179
no-prompt,12,A1,F1,0.0019948547064611286
no-prompt,12,A1,F2,0.005262820637196739
no-prompt,12,A1,F3,0.004048010369211574
no-prompt,12,A1,F4,0.00780340293256129
no-prompt,12,A1,F5,-0.002489206968832893
no-prompt,12,A2,A1,0.05774090496990099
no-prompt,12,A2,A2,0.9999999999980603
no-prompt,12,A2,A3,0.07869864727502703
no-prompt,12,A2,F0,0.008611530431256157
no-prompt,12,A2,F1,-0.013020642737639098
no-prompt,12,A2,F2,0.0027240450425466763
no-prompt,12,A2,F3,0.010870617638208855
no-prompt,12,A2,F4,-0.004829998350369457
no-prompt,12,A2,F5,0.002878931555674712
no-prompt,12,A3,A1,0.041339225480422494
no-prompt,12,A3,A2,0.07869864727502703
no-prompt,12,A3,A3,0.9999999999981912
no-prompt,12,A3,F0,0.0062617463888302955
no-prompt,12,A3,F1,0.008509696641737523
no-prompt,12,A3,F2,0.0045598654581149095
no-prompt,12,A3,F3,-0.016931964651395237
no-prompt,12,A3,F4,-0.007428928765299334
no-prompt,12,A3,F5,0.01785959998244381
no-prompt,12,F0,A1,0.0011692956122822179
no-prompt,12,F0,A2,0.008611530431256157
no-prompt,12,F0,A3,0.0062617463888302955
no-prompt,12,F0,F0,0.9999999999960234
no-prompt,12,F0,F1,-0.05955145271022698
no-prompt,12,F0,F2,0.009361288315869343
no-prompt,12,F0,F3,0.011411974604021116
no-prompt,12,F0,F4,0.0014207027372112567
no-prompt,12,F0,F5,0.0020273145007877803
no-prompt,12,F1,A1,0.0019948547064611286
no-prompt,12,F1,A2,-0.013020642737639098
no-prompt,12,F1,A3,0.008509696641737523
no-prompt,12,F1,F0,-0.05955145271022698
no-prompt,12,F1,F1,0.9999999999950335
no-prompt,12,F1,F2,-0.007158185419390961
no-prompt,12,F1,F3,0.00023914851472478255
no-prompt,12,F1,F4,0.0036321413432742794
no-prompt,12,F1,F5,-0.007812382006343411
no-prompt,12,F2,A1,0.005262820637196739
no-prompt,12,F2,A2,0.0027240450425466763
no-prompt,12,F2,A3,0.0045598654581149095
no-prompt,12,F2,F0,0.009361288315869343
no-prompt,12,F2,F1,-0.007158185419390961
no-prompt,12,F2,F2,0.9999999999984163
no-prompt,12,F2,F3,0.011320651811330634
no-prompt,12,F2,F4,0.0045484329216228065
no-prompt,12,F2,F5,0.014295772771366885
no-prompt,12,F3,A1,0.004048010369211574
no-prompt,12,F3,A2,0.010870617638208855
no-prompt,12,F3,A3,-0.016931964651395237
no-prompt,12,F3,F0,0.011411974604021116
no-prompt,12,F3,F1,0.00023914851472478255
no-prompt,12,F3,F2,0.011320651811330634
no-prompt,12,F3,F3,0.9999999999983539
no-prompt,12,F3,F4,0.18393588219899895
no-prompt,12,F3,F5,0.06359150393102539
no-prompt,12,F4,A1,0.00780340293256129
no-prompt,12,F4,A2,-0.004829998350369457
no-prompt,12,F4,A3,-0.007428928765299334
no-prompt,12,F4,F0,0.0014207027372112567
no-prompt,12,F4,F1,0.0036321413432742794
no-prompt,12,F4,F2,0.0045484329216228065
no-prompt,12,F4,F3,0.18393588219899895
no-prompt,12,F4,F4,0.9999999999973901
no-prompt,12,F4,F5,0.18382315182905185
no-prompt,12,F5,A1,-0.002489206968832893
no-prompt,12,F5,A2,0.002878931555674712
no-prompt,12,F5,A3,0.01785959998244381
no-prompt,12,F5,F0,0.0020273145007877803
no-prompt,12,F5,F1,-0.007812382006343411
no-prompt,12,F5,F2,0.014295772771366885
no-prompt,12,F5,F3,0.06359150393102539
no-prompt,12,F5,F4,0.18382315182905185
no-prompt,12,F5,F5,0.9999999999973458
no-prompt,13,A1,A1,0.9999999999980157
no-prompt,13,A1,A2,0.060743914467888765
no-prompt,13,A1,A3,0.04357881631485094
no-prompt,13,A1,F0,-0.001460968586479028
no-prompt,13,A1,F1,-0.0021459938938316178
no-prompt,13,A1,F2,0.005737538875954658
no-prompt,13,A1,F3,0.000863499192926603
no-prompt,13,A1,F4,-0.004143381614768311
no-prompt,13,A1,F5,-0.005498897411667997
no-prompt,13,A2,A1,0.060743914467888765
no-prompt,13,A2,A2,0.9999999999977414
no-prompt,13,A2,A3,0.0914901661284365
no-prompt,13,A2,F0,0.003975753591702012
no-prompt,13,A2,F1,-0.0060206375312880445
no-prompt,13,A2,F2,0.005060010884950366
no-prompt,13,A2,F3,0.01205351437653211
no-prompt,13,A2,F4,-0.009134948758330222
no-prompt,13,A2,F5,-0.007523921684812447
no-prompt,13,A3,A1,0.04357881631485094
no-prompt,13,A3,A2,0.0914901661284365
no-prompt,13,A3,A3,0.9999999999979324
no-prompt,13,A3,F0,0.004875776825182816
no-prompt,13,A3,F1,0.011927105885108856
no-prompt,13,A3,F2,-0.016509263034025255
no-prompt,13,A3,F3,-0.0019745205365446425
no-prompt,13,A3,F4,-0.0028583192984268585
no-prompt,13,A3,F5,-0.006379621205510708
no-prompt,13,F0,A1,-0.001460968586479028
no-prompt,13,F0,A2,0.003975753591702012
no-prompt,13,F0,A3,0.004875776825182816
no-prompt,13,F0,F0,0.9999999999943374
no-prompt,13,F0,F1,-0.06169875694616924
no-prompt,13,F0,F2,0.009907413950116576
no-prompt,13,F0,F3,-0.002920324409600521
no-prompt,13,F0,F4,0.0020813212906183407
no-prompt,13,F0,F5,0.0005062606565765849
no-prompt,13,F1,A1,-0.0021459938938316178
no-prompt,13,F1,A2,-0.0060206375312880445
no-prompt,13,F1,A3,0.011927105885108856
no-prompt,13,F1,F0,-0.06169875694616924
no-prompt,13,F1,F1,0.9999999999905518
no-prompt,13,F1,F2,-0.006162792788514635
no-prompt,13,F1,F3,0.011346221471582804
no-prompt,13,F1,F4,0.0038534632854267665
no-prompt,13,F1,F5,-0.01296737731798001
no-prompt,13,F2,A1,0.005737538875954658
no-prompt,13,F2,A2,0.005060010884950366
no-prompt,13,F2,A3,-0.016509263034025255
no-prompt,13,F2,F0,0.009907413950116576
no-prompt,13,F2,F1,-0.006162792788514635
no-prompt,13,F2,F2,0.9999999999974738
no-prompt,13,F2,F3,-0.00019118857296814237
no-prompt,13,F2,F4,0.0056979391337590906
no-prompt,13,F2,F5,0.009358818932100978
no-prompt,13,F3,A1,0.000863499192926603
no-prompt,13,F3,A2,0.01205351437653211
no-prompt,13,F3,A3,-0.0019745205365446425
no-prompt,13,F3,F0,-0.002920324409600521
no-prompt,13,F3,F1,0.011346221471582804
no-prompt,13,F3,F2,-0.00019118857296814237
no-prompt,13,F3,F3,0.9999999999983619
no-prompt,13,F3,F4,0.16722796217999297
no-prompt,13,F3,F5,0.06022203294422758
no-prompt,13,F4,A1,-0.004143381614768311
no-prompt,13,F4,A2,-0.009134948758330222
no-prompt,13,F4,A3,-0.0028583192984268585
no-prompt,13,F4,F0,0.0020813212906183407
no-prompt,13,F4,F1,0.0038534632854267665
no-prompt,13,F4,F2,0.0056979391337590906
no-prompt,13,F4,F3,0.16722796217999297
no-prompt,13,F4,F4,0.9999999999973308
no-prompt,13,F4,F5,0.17315962959049883
no-prompt,13,F5,A1,-0.005498897411667997
no-prompt,13,F5,A2,-0.007523921684812447
no-prompt,13,F5,A3,-0.006379621205510708
no-prompt,13,F5,F0,0.0005062606565765849
no-prompt,13,F5,F1,-0.01296737731798001
no-prompt,13,F5,F2,0.009358818932100978
no-prompt,13,F5,F3,0.06022203294422758
no-prompt,13,F5,F4,0.17315962959049883
no-prompt,13,F5,F5,0.9999999999974372
no-prompt,14,A1,A1,0.9999999999979352
no-prompt,14,A1,A2,0.04623180626717642
no-prompt,14,A1,A3,0.04165414780208694
no-prompt,14,A1,F0,0.003561268700255036
no-prompt,14,A1,F1,0.0009105359590886542
no-prompt,14,A1,F2,0.0031572338204119183
no-prompt,14,A1,F3,0.003555071681240172
no-prompt,14,A1,F4,-0.017981136819837124
no-prompt,14,A1,F5,-0.008538995674518695
no-prompt,14,A2,A1,0.04623180626717642
no-prompt,14,A2,A2,0.9999999999976575
no-prompt,14,A2,A3,0.10512760160304946
no-prompt,14,A2,F0,0.0025691747743417015
no-prompt,14,A2,F1,0.00441937674681452
no-prompt,14,A2,F2,0.004101719723806135
no-prompt,14,A2,F3,-0.008454728865478048
no-prompt,14,A2,F4,-0.00648097481466539
no-prompt,14,A2,F5,0.0011128285812488658
no-prompt,14,A3,A1,0.04165414780208694
no-prompt,14,A3,A2,0.10512760160304946
no-prompt,14,A3,A3,0.9999999999979715
no-prompt,14,A3,F0,0.014365177038014506
no-prompt,14,A3,F1,0.00031643830658581625
no-prompt,14,A3,F2,-0.012323098815580961
no-prompt,14,A3,F3,0.007545137548051157
no-prompt,14,A3,F4,0.010986478646414435
no-prompt,14,A3,F5,-0.0013272417245715133
no-prompt,14,F0,A1,0.003561268700255036
no-prompt,14,F0,A2,0.0025691747743417015
no-prompt,14,F0,A3,0.014365177038014506
no-prompt,14,F0,F0,0.9999999999941056
no-prompt,14,F0,F1,-0.0664538749112542
no-prompt,14,F0,F2,0.014740909740616709
no-prompt,14,F0,F3,0.006572467618885682
no-prompt,14,F0,F4,-0.0029037461495529607
no-prompt,14,F0,F5,-0.0043700191620642
no-prompt,14,F1,A1,0.0009105359590886542
no-prompt,14,F1,A2,0.00441937674681452
no-prompt,14,F1,A3,0.00031643830658581625
no-prompt,14,F1,F0,-0.0664538749112542
no-prompt,14,F1,F1,0.9999999999901731
no-prompt,14,F1,F2,-0.009598490760899641
no-prompt,14,F1,F3,0.005398736260102431
no-prompt,14,F1,F4,-0.00477475115355403
no-prompt,14,F1,F5,-0.003460618908812327
no-prompt,14,F2,A1,0.0031572338204119183
no-prompt,14,F2,A2,0.004101719723806135
no-prompt,14,F2,A3,-0.012323098815580961
no-prompt,14,F2,F0,0.014740909740616709
no-prompt,14,F2,F1,-0.009598490760899641
no-prompt,14,F2,F2,0.9999999999969523
no-prompt,14,F2,F3,0.015354576208263271
no-prompt,14,F2,F4,0.0031902186521751263
no-prompt,14,F2,F5,0.01300007841769213
no-prompt,14,F3,A1,0.003555071681240172
no-prompt,14,F3,A2,-0.008454728865478048
no-prompt,14,F3,A3,0.007545137548051157
no-prompt,14,F3,F0,0.006572467618885682
no-prompt,14,F3,F1,0.005398736260102431
no-prompt,14,F3,F2,0.015354576208263271
no-prompt,14,F3,F3,0.9999999999983008
no-prompt,14,F3,F4,0.17808079100241253
no-prompt,14,F3,F5,0.0415034269416481
no-prompt,14,F4,A1,-0.017981136819837124
no-prompt,14,F4,A2,-0.00648097481466539
no-prompt,14,F4,A3,0.010986478646414435
no-prompt,14,F4,F0,-0.0029037461495529607
no-prompt,14,F4,F1,-0.00477475115355403
no-prompt,14,F4,F2,0.0031902186521751263
no-prompt,14,F4,F3,0.17808079100241253
no-prompt,14,F4,F4,0.9999999999973429
no-prompt,14,F4,F5,0.15894532493757652
no-prompt,14,F5,A1,-0.008538995674518695
no-prompt,14,F5,A2,0.0011128285812488658
no-prompt,14,F5,A3,-0.0013272417245715133
no-prompt,14,F5,F0,-0.0043700191620642
no-prompt,14,F5,F1,-0.003460618908812327
no-prompt,14,F5,F2,0.01300007841769213
no-prompt,14,F5,F3,0.0415034269416481
no-prompt,14,F5,F4,0.15894532493757652
no-prompt,14,F5,F5,0.9999999999973627
no-prompt,15,A1,A1,0.9999999999978418
no-prompt,15,A1,A2,0.06039539494442643
no-prompt,15,A1,A3,0.06808052492563375
no-prompt,15,A1,F0,0.005840413915614306
no-prompt,15,A1,F1,0.0012603787460306688
no-prompt,15,A1,F2,-0.0028276384516994026
no-prompt,15,A1,F3,0.0020484671229684033
no-prompt,15,A1,F4,-0.00801784412461729
no-prompt,15,A1,F5,-0.006179770105051224
no-prompt,15,A2,A1,0.06039539494442643
no-prompt,15,A2,A2,0.9999999999975918
no-prompt,15,A2,A3,0.1011109801758542
no-prompt,15,A2,F0,0.0007933403105356275
no-prompt,15,A2,F1,0.0007918589437579431
no-prompt,15,A2,F2,0.0036307044915511364
no-prompt,15,A2,F3,-0.0002441341031163203
no-prompt,15,A2,F4,-0.013108011295200903
no-prompt,15,A2,F5,0.005483588851937214
no-prompt,15,A3,A1,0.06808052492563375
no-prompt,15,A3,A2,0.1011109801758542
no-prompt,15,A3,A3,0.9999999999979752
no-prompt,15,A3,F0,0.010185125093579328
no-prompt,15,A3,F1,-0.0003320537642169344
no-prompt,15,A3,F2,-0.017561751841609647
no-prompt,15,A3,F3,0.009295123613417977
no-prompt,15,A3,F4,0.01261445376327681
no-prompt,15,A3,F5,0.0039156956656098375
no-prompt,15,F0,A1,0.005840413915614306
no-prompt,15,F0,A2,0.0007933403105356275
no-prompt,15,F0,A3,0.010185125093579328
no-prompt,15,F0,F0,0.9999999999941063
no-prompt,15,F0,F1,-0.05710589462869629
no-prompt,15,F0,F2,0.008793658178203993
no-prompt,15,F0,F3,0.0005596238041607547
no-prompt,15,F0,F4,-6.575937545651857e-05
no-prompt,15,F0,F5,0.0065099962921033715
no-prompt,15,F1,A1,0.0012603787460306688
no-prompt,15,F1,A2,0.0007918589437579431
no-prompt,15,F1,A3,-0.0003320537642169344
no-prompt,15,F1,F0,-0.05710589462869629
no-prompt,15,F1,F1,0.9999999999891668
no-prompt,15,F1,F2,-0.00675978639006807
no-prompt,15,F1,F3,-0.008650374253100316
no-prompt,15,F1,F4,-0.0031258028086954466
no-prompt,15,F1,F5,-0.005536517531519894
no-prompt,15,F2,A1,-0.0028276384516994026
no-prompt,15,F2,A2,0.0036307044915511364
no-prompt,15,F2,A3,-0.017561751841609647
no-prompt,15,F2,F0,0.008793658178203993
no-prompt,15,F2,F1,-0.00675978639006807
no-prompt,15,F2,F2,0.999999999996433
no-prompt,15,F2,F3,0.00898519010002592
no-prompt,15,F2,F4,0.007556799962089815
no-prompt,15,F2,F5,0.01659711274190453
no-prompt,15,F3,A1,0.0020484671229684033
no-prompt,15,F3,A2,-0.0002441341031163203
no-prompt,15,F3,A3,0.009295123613417977
no-prompt,15,F3,F0,0.0005596238041607547
no-prompt,15,F3,F1,-0.008650374253100316
no-prompt,15,F3,F2,0.00898519010002592
no-prompt,15,F3,F3,0.9999999999981664
no-prompt,15,F3,F4,0.17768600982163402
no-prompt,15,F3,F5,0.03817636230822102
no-prompt,15,F4,A1,-0.00801784412461729
no-prompt,15,F4,A2,-0.013108011295200903
no-prompt,15,F4,A3,0.01261445376327681
no-prompt,15,F4,F0,-6.575937545651857e-05
no-prompt,15,F4,F1,-0.0031258028086954466
no-prompt,15,F4,F2,0.007556799962089815
no-prompt,15,F4,F3,0.17768600982163402
no-prompt,15,F4,F4,0.9999999999973026
no-prompt,15,F4,F5,0.14865880561949085
no-prompt,15,F5,A1,-0.006179770105051224
no-prompt,15,F5,A2,0.005483588851937214
no-prompt,15,F5,A3,0.0039156956656098375
no-prompt,15,F5,F0,0.0065099962921033715
no-prompt,15,F5,F1,-0.005536517531519894
no-prompt,15,F5,F2,0.01659711274190453
no-prompt,15,F5,F3,0.03817636230822102
no-prompt,15,F5,F4,0.14865880561949085
no-prompt,15,F5,F5,0.9999999999973119
no-prompt,16,A1,A1,0.9999999999978705
no-prompt,16,A1,A2,0.030146433814385788
no-prompt,16,A1,A3,0.05086293025844536
no-prompt,16,A1,F0,0.012126139503121322
no-prompt,16,A1,F1,-0.0017631251360384853
no-prompt,16,A1,F2,0.0010694655037105988
no-prompt,16,A1,F3,-0.0013950835878573484
no-prompt,16,A1,F4,-0.008756708231520197
no-prompt,16,A1,F5,-0.011005209122260705
no-prompt,16,A2,A1,0.030146433814385788
no-prompt,16,A2,A2,0.9999999999976517
no-prompt,16,A2,A3,0.09583056877661934
no-prompt,16,A2,F0,-0.0038115739413550048
no-prompt,16,A2,F1,-0.0009423284889785694
no-prompt,16,A2,F2,0.002566783368613595
no-prompt,16,A2,F3,-0.014175316061674943
no-prompt,16,A2,F4,-0.0010689059063651023
no-prompt,16,A2,F5,0.012739718954672656
no-prompt,16,A3,A1,0.05086293025844536
no-prompt,16,A3,A2,0.09583056877661934
no-prompt,16,A3,A3,0.9999999999980257
no-prompt,16,A3,F0,0.005178867467017251
no-prompt,16,A3,F1,0.009219552953238631
no-prompt,16,A3,F2,0.0004260347615809756
no-prompt,16,A3,F3,0.0054228601788902315
no-prompt,16,A3,F4,0.009295842193693948
no-prompt,16,A3,F5,0.004037861617891644
no-prompt,16,F0,A1,0.012126139503121322
no-prompt,16,F0,A2,-0.0038115739413550048
no-prompt,16,F0,A3,0.005178867467017251
no-prompt,16,F0,F0,0.9999999999940692
no-prompt,16,F0,F1,-0.054871328292237814
no-prompt,16,F0,F2,0.006779966272135201
no-prompt,16,F0,F3,0.004415214294698143
no-prompt,16,F0,F4,0.002989565073820813
no-prompt,16,F0,F5,0.003896871886187181
no-prompt,16,F1,A1,-0.0017631251360384853
no-prompt,16,F1,A2,-0.0009423284889785694
no-prompt,16,F1,A3,0.009219552953238631
no-prompt,16,F1,F0,-0.054871328292237814
no-prompt,16,F1,F1,0.999999999989446
no-prompt,16,F1,F2,-0.00532451410739104
no-prompt,16,F1,F3,-0.0003940110754873999
no-prompt,16,F1,F4,-0.005260785311856958
no-prompt,16,F1,F5,-0.00671498432178831
no-prompt,16,F2,A1,0.0010694655037105988
no-prompt,16,F2,A2,0.002566783368613595
no-prompt,16,F2,A3,0.0004260347615809756
no-prompt,16,F2,F0,0.006779966272135201
no-prompt,16,F2,F1,-0.00532451410739104
no-prompt,16,F2,F2,0.9999999999962327
no-prompt,16,F2,F3,0.013112370877888852
no-prompt,16,F2,F4,0.012847005095934564
no-prompt,16,F2,F5,0.014641969189411496
no-prompt,16,F3,A1,-0.0013950835878573484
no-prompt,16,F3,A2,-0.014175316061674943
no-prompt,16,F3,A3,0.0054228601788902315
no-prompt,16,F3,F0,0.004415214294698143
no-prompt,16,F3,F1,-0.0003940110754873999
no-prompt,16,F3,F2,0.013112370877888852
no-prompt,16,F3,F3,0.9999999999980115
no-prompt,16,F3,F4,0.18041922858930673
no-prompt,16,F3,F5,0.041144724494327156
no-prompt,16,F4,A1,-0.008756708231520197
no-prompt,16,F4,A2,-0.0010689059063651023
no-prompt,16,F4,A3,0.009295842193693948
no-prompt,16,F4,F0,0.002989565073820813
no-prompt,16,F4,F1,-0.005260785311856958
no-prompt,16,F4,F2,0.012847005095934564
no-prompt,16,F4,F3,0.18041922858930673
no-prompt,16,F4,F4,0.9999999999972623
no-prompt,16,F4,F5,0.15523759956762231
no-prompt,16,F5,A1,-0.011005209122260705
no-prompt,16,F5,A2,0.012739718954672656
no-prompt,16,F5,A3,0.004037861617891644
no-prompt,16,F5,F0,0.003896871886187181
no-prompt,16,F5,F1,-0.00671498432178831
no-prompt,16,F5,F2,0.014641969189411496
no-prompt,16,F5,F3,0.041144724494327156
no-prompt,16,F5,F4,0.15523759956762231
no-prompt,16,F5,F5,0.9999999999971527
no-prompt,17,A1,A1,0.9999999999977661
no-prompt,17,A1,A2,0.047254496318307
no-prompt,17,A1,A3,0.04162041297237273
no-prompt,17,A1,F0,0.009696136347504642
no-prompt,17,A1,F1,0.0033871224861986428
no-prompt,17,A1,F2,0.013159055388501104
no-prompt,17,A1,F3,0.0003663812158938803
no-prompt,17,A1,F4,-0.010313655479164765
no-prompt,17,A1,F5,-0.003997782687181745
no-prompt,17,A2,A1,0.047254496318307
no-prompt,17,A2,A2,0.999999999997607
no-prompt,17,A2,A3,0.08624679349721837
no-prompt,17,A2,F0,-0.005359485075469511
no-prompt,17,A2,F1,-0.0024647096494360633
no-prompt,17,A2,F2,0.002791369272194717
no-prompt,17,A2,F3,-0.01011313924707204
no-prompt,17,A2,F4,0.007982042604810996
no-prompt,17,A2,F5,0.009907877927650244
no-prompt,17,A3,A1,0.04162041297237273
no-prompt,17,A3,A2,0.08624679349721837
no-prompt,17,A3,A3,0.9999999999980079
no-prompt,17,A3,F0,0.00947355809305705
no-prompt,17,A3,F1,0.008582105729450467
no-prompt,17,A3,F2,0.003772351584089194
no-prompt,17,A3,F3,0.0057751129585200765
no-prompt,17,A3,F4,0.007524128101013306
no-prompt,17,A3,F5,-0.004254454139693105
no-prompt,17,F0,A1,0.009696136347504642
no-prompt,17,F0,A2,-0.005359485075469511
no-prompt,17,F0,A3,0.00947355809305705
no-prompt,17,F0,F0,0.9999999999936141
no-prompt,17,F0,F1,-0.06188363125392793
no-prompt,17,F0,F2,0.0037872697694162957
no-prompt,17,F0,F3,-9.791113631305506e-05
no-prompt,17,F0,F4,-0.003695646330411276
no-prompt,17,F0,F5,0.0014028225995074
no-prompt,17,F1,A1,0.0033871224861986428
no-prompt,17,F1,A2,-0.0024647096494360633
no-prompt,17,F1,A3,0.008582105729450467
no-prompt,17,F1,F0,-0.06188363125392793
no-prompt,17,F1,F1,0.9999999999891249
no-prompt,17,F1,F2,-0.004818255030197696
no-prompt,17,F1,F3,0.007811446931214923
no-prompt,17,F1,F4,0.0021832222052496227
no-prompt,17,F1,F5,0.003778973613141405
no-prompt,17,F2,A1,0.013159055388501104
no-prompt,17,F2,A2,0.002791369272194717
no-prompt,17,F2,A3,0.003772351584089194
no-prompt,17,F2,F0,0.0037872697694162957
no-prompt,17,F2,F1,-0.004818255030197696
no-prompt,17,F2,F2,0.9999999999954565
no-prompt,17,F2,F3,0.012557270189772393
no-prompt,17,F2,F4,0.007941910465145122
no-prompt,17,F2,F5,0.014302761969116399
no-prompt,17,F3,A1,0.0003663812158938803
no-prompt,17,F3,A2,-0.01011313924707204
no-prompt,17,F3,A3,0.0057751129585200765
no-prompt,17,F3,F0,-9.791113631305506e-05
no-prompt,17,F3,F1,0.007811446931214923
no-prompt,17,F3,F2,0.012557270189772393
no-prompt,17,F3,F3,0.9999999999977403
no-prompt,17,F3,F4,0.18003787071391225
no-prompt,17,F3,F5,0.04879219171732231
no-prompt,17,F4,A1,-0.010313655479164765
no-prompt,17,F4,A2,0.007982042604810996
no-prompt,17,F4,A3,0.007524128101013306
no-prompt,17,F4,F0,-0.003695646330411276
no-prompt,17,F4,F1,0.0021832222052496227
no-prompt,17,F4,F2,0.007941910465145122
no-prompt,17,F4,F3,0.18003787071391225
no-prompt,17,F4,F4,0.9999999999969696
no-prompt,17,F4,F5,0.15319416049528758
no-prompt,17,F5,A1,-0.003997782687181745
no-prompt,17,F5,A2,0.009907877927650244
no-prompt,17,F5,A3,-0.004254454139693105
no-prompt,17,F5,F0,0.0014028225995074
no-prompt,17,F5,F1,0.003778973613141405
no-prompt,17,F5,F2,0.014302761969116399
no-prompt,17,F5,F3,0.04879219171732231
no-prompt,17,F5,F4,0.15319416049528758
no-prompt,17,F5,F5,0.9999999999969773
no-prompt,18,A1,A1,0.9999999999977088
no-prompt,18,A1,A2,0.04168954994698062
no-prompt,18,A1,A3,0.0392001675463738
no-prompt,18,A1,F0,0.007501723263138471
no-prompt,18,A1,F1,0.004151964554974046
no-prompt,18,A1,F2,0.007542450382257752
no-prompt,18,A1,F3,-0.004547356446289505
no-prompt,18,A1,F4,-0.006414427477567431
no-prompt,18,A1,F5,-0.008695540966595212
no-prompt,18,A2,A1,0.04168954994698062
no-prompt,18,A2,A2,0.9999999999976412
no-prompt,18,A2,A3,0.07774584391570397
no-prompt,18,A2,F0,-0.003086949019057778
no-prompt,18,A2,F1,-0.004103957946424653
no-prompt,18,A2,F2,-0.00485575464154616
no-prompt,18,A2,F3,-0.004470400328596297
no-prompt,18,A2,F4,0.005334634912493994
no-prompt,18,A2,F5,0.005353382251643
no-prompt,18,A3,A1,0.0392001675463738
no-prompt,18,A3,A2,0.07774584391570397
no-prompt,18,A3,A3,0.9999999999980222
no-prompt,18,A3,F0,0.0034601665806151425
no-prompt,18,A3,F1,-0.0032779344278076046
no-prompt,18,A3,F2,0.002375220526295741
no-prompt,18,A3,F3,-0.0010079248202362475
no-prompt,18,A3,F4,-0.000446821001309628
no-prompt,18,A3,F5,-0.00964739744571595
no-prompt,18,F0,A1,0.007501723263138471
no-prompt,18,F0,A2,-0.003086949019057778
no-prompt,18,F0,A3,0.0034601665806151425
no-prompt,18,F0,F0,0.9999999999930563
no-prompt,18,F0,F1,-0.05888132286829032
no-prompt,18,F0,F2,0.008410062343963472
no-prompt,18,F0,F3,-7.821358409421424e-05
no-prompt,18,F0,F4,-0.0023915764488556023
no-prompt,18,F0,F5,0.00832897125438792
no-prompt,18,F1,A1,0.004151964554974046
no-prompt,18,F1,A2,-0.004103957946424653
no-prompt,18,F1,A3,-0.0032779344278076046
no-prompt,18,F1,F0,-0.05888132286829032
no-prompt,18,F1,F1,0.999999999988131
no-prompt,18,F1,F2,-0.004736362860743349
no-prompt,18,F1,F3,0.0014907856091307635
no-prompt,18,F1,F4,-0.00019265709860333076
no-prompt,18,F1,F5,0.007339206763562862
no-prompt,18,F2,A1,0.007542450382257752
no-prompt,18,F2,A2,-0.00485575464154616
no-prompt,18,F2,A3,0.002375220526295741
no-prompt,18,F2,F0,0.008410062343963472
no-prompt,18,F2,F1,-0.004736362860743349
no-prompt,18,F2,F2,0.9999999999949519
no-prompt,18,F2,F3,0.011286129691021692
no-prompt,18,F2,F4,0.0058706824042635
no-prompt,18,F2,F5,0.01780428930501182
no-prompt,18,F3,A1,-0.004547356446289505
no-prompt,18,F3,A2,-0.004470400328596297
no-prompt,18,F3,A3,-0.0010079248202362475
no-prompt,18,F3,F0,-7.821358409421424e-05
no-prompt,18,F3,F1,0.0014907856091307635
no-prompt,18,F3,F2,0.011286129691021692
no-prompt,18,F3,F3,0.9999999999976281
no-prompt,18,F3,F4,0.17784808027833626
no-prompt,18,F3,F5,0.04931552440461149
no-prompt,18,F4,A1,-0.006414427477567431
no-prompt,18,F4,A2,0.005334634912493994
no-prompt,18,F4,A3,-0.000446821001309628
no-prompt,18,F4,F0,-0.0023915764488556023
no-prompt,18,F4,F1,-0.00019265709860333076
no-prompt,18,F4,F2,0.0058706824042635
no-prompt,18,F4,F3,0.17784808027833626
no-prompt,18,F4,F4,0.9999999999967799
no-prompt,18,F4,F5,0.15039776412140088
no-prompt,18,F5,A1,-0.008695540966595212
no-prompt,18,F5,A2,0.005353382251643
no-prompt,18,F5,A3,-0.00964739744571595
no-prompt,18,F5,F0,0.00832897125438792
no-prompt,18,F5,F1,0.007339206763562862
no-prompt,18,F5,F2,0.01780428930501182
no-prompt,18,F5,F3,0.04931552440461149
no-prompt,18,F5,F4,0.15039776412140088
no-prompt,18,F5,F5,0.9999999999967408
no-prompt,19,A1,A1,0.9999999999976481
no-prompt,19,A1,A2,0.04302208850560634
no-prompt,19,A1,A3,0.044132712049097064
no-prompt,19,A1,F0,0.01195407150323058
no-prompt,19,A1,F1,0.0019496431018739147
no-prompt,19,A1,F2,0.009088064104397548
no-prompt,19,A1,F3,-0.0014984270663953136
no-prompt,19,A1,F4,-0.00920713532845765
no-prompt,19,A1,F5,-0.004277268155942004
no-prompt,19,A2,A1,0.04302208850560634
no-prompt,19,A2,A2,0.9999999999975634
no-prompt,19,A2,A3,0.08242039158574081
no-prompt,19,A2,F0,0.004418624072220695
no-prompt,19,A2,F1,-0.005529433799525669
no-prompt,19,A2,F2,-0.0035099445039629795
no-prompt,19,A2,F3,-0.0059227336799160465
no-prompt,19,A2,F4,0.002927023904774964
no-prompt,19,A2,F5,0.008757576502779934
no-prompt,19,A3,A1,0.044132712049097064
no-prompt,19,A3,A2,0.08242039158574081
no-prompt,19,A3,A3,0.9999999999979889
no-prompt,19,A3,F0,0.0010818384766586937
no-prompt,19,A3,F1,-0.00010333547727851421
no-prompt,19,A3,F2,0.009501535658270555
no-prompt,19,A3,F3,0.002353508867636241
no-prompt,19,A3,F4,-0.002463080359421824
no-prompt,19,A3,F5,-0.013108704781393359
no-prompt,19,F0,A1,0.01195407150323058
no-prompt,19,F0,A2,0.004418624072220695
no-prompt,19,F0,A3,0.0010818384766586937
no-prompt,19,F0,F0,0.9999999999925473
no-prompt,19,F0,F1,-0.06111039456888027
no-prompt,19,F0,F2,0.015547876587419567
no-prompt,19,F0,F3,-0.0024663728582227464
no-prompt,19,F0,F4,-0.001904337676376954
no-prompt,19,F0,F5,0.00787088113386529
no-prompt,19,F1,A1,0.0019496431018739147
no-prompt,19,F1,A2,-0.005529433799525669
no-prompt,19,F1,A3,-0.00010333547727851421
no-prompt,19,F1,F0,-0.06111039456888027
no-prompt,19,F1,F1,0.9999999999875034
no-prompt,19,F1,F2,-0.004854449227032827
no-prompt,19,F1,F3,0.0002266992232606829
no-prompt,19,F1,F4,0.0004758460449368408
no-prompt,19,F1,F5,0.004190383699527041
no-prompt,19,F2,A1,0.009088064104397548
no-prompt,19,F2,A2,-0.0035099445039629795
no-prompt,19,F2,A3,0.009501535658270555
no-prompt,19,F2,F0,0.015547876587419567
no-prompt,19,F2,F1,-0.004854449227032827
no-prompt,19,F2,F2,0.9999999999941259
no-prompt,19,F2,F3,0.011360186408647324
no-prompt,19,F2,F4,0.006600192468047563
no-prompt,19,F2,F5,0.015165602567390067
no-prompt,19,F3,A1,-0.0014984270663953136
no-prompt,19,F3,A2,-0.0059227336799160465
no-prompt,19,F3,A3,0.002353508867636241
no-prompt,19,F3,F0,-0.0024663728582227464
no-prompt,19,F3,F1,0.0002266992232606829
no-prompt,19,F3,F2,0.011360186408647324
no-prompt,19,F3,F3,0.9999999999974176
no-prompt,19,F3,F4,0.17799549452631674
no-prompt,19,F3,F5,0.04574806889074435
no-prompt,19,F4,A1,-0.00920713532845765
no-prompt,19,F4,A2,0.002927023904774964
no-prompt,19,F4,A3,-0.002463080359421824
no-prompt,19,F4,F0,-0.001904337676376954
no-prompt,19,F4,F1,0.0004758460449368408
no-prompt,19,F4,F2,0.006600192468047563
no-prompt,19,F4,F3,0.17799549452631674
no-prompt,19,F4,F4,0.9999999999965111
no-prompt,19,F4,F5,0.15503177251240757
no-prompt,19,F5,A1,-0.004277268155942004
no-prompt,19,F5,A2,0.008757576502779934
no-prompt,19,F5,A3,-0.013108704781393359
no-prompt,19,F5,F0,0.00787088113386529
no-prompt,19,F5,F1,0.004190383699527041
no-prompt,19,F5,F2,0.015165602567390067
no-prompt,19,F5,F3,0.04574806889074435
no-prompt,19,F5,F4,0.15503177251240757
no-prompt,19,F5,F5,0.9999999999965321
no-prompt,20,A1,A1,0.9999999999975789
no-prompt,20,A1,A2,0.05119853333115274
no-prompt,20,A1,A3,0.03759888172519554
no-prompt,20,A1,F0,0.017625494521132823
no-prompt,20,A1,F1,-2.7165551720843407e-05
no-prompt,20,A1,F2,0.0013996702925048688
no-prompt,20,A1,F3,-0.0031724719049050693
no-prompt,20,A1,F4,-0.008648187229015886
no-prompt,20,A1,F5,-0.00055870531636606
no-prompt,20,A2,A1,0.05119853333115274
no-prompt,20,A2,A2,0.999999999997496
no-prompt,20,A2,A3,0.08906926876578955
no-prompt,20,A2,F0,0.004826374700621116
no-prompt,20,A2,F1,-0.011034013880409968
no-prompt,20,A2,F2,-0.007286065987975194
no-prompt,20,A2,F3,-0.015482218564063649
no-prompt,20,A2,F4,0.002356567187486888
no-prompt,20,A2,F5,0.009207720859057592
no-prompt,20,A3,A1,0.03759888172519554
no-prompt,20,A3,A2,0.08906926876578955
no-prompt,20,A3,A3,0.9999999999979704
no-prompt,20,A3,F0,0.0009600137070226531
no-prompt,20,A3,F1,0.006637150253759584
no-prompt,20,A3,F2,0.01136455287652906
no-prompt,20,A3,F3,0.0041926218764480406
no-prompt,20,A3,F4,0.008000736588376417
no-prompt,20,A3,F5,-0.0030569130265435157
no-prompt,20,F0,A1,0.017625494521132823
no-prompt,20,F0,A2,0.004826374700621116
no-prompt,20,F0,A3,0.0009600137070226531
no-prompt,20,F0,F0,0.9999999999920047
no-prompt,20,F0,F1,-0.06263551093180132
no-prompt,20,F0,F2,0.01801195070927575
no-prompt,20,F0,F3,-0.0009022067088122077
no-prompt,20,F0,F4,-0.0038006129113723817
no-prompt,20,F0,F5,-0.0010094205443772193
no-prompt,20,F1,A1,-2.7165551720843407e-05
no-prompt,20,F1,A2,-0.011034013880409968
no-prompt,20,F1,A3,0.006637150253759584
no-prompt,20,F1,F0,-0.06263551093180132
no-prompt,20,F1,F1,0.9999999999867555
no-prompt,20,F1,F2,-0.00680836953499513
no-prompt,20,F1,F3,0.007207311345804914
no-prompt,20,F1,F4,-0.004997280966758879
no-prompt,20,F1,F5,-0.0027141258752893583
no-prompt,20,F2,A1,0.0013996702925048688
no-prompt,20,F2,A2,-0.007286065987975194
no-prompt,20,F2,A3,0.01136455287652906
no-prompt,20,F2,F0,0.01801195070927575
no-prompt,20,F2,F1,-0.00680836953499513
no-prompt,20,F2,F2,0.9999999999937669
no-prompt,20,F2,F3,0.009033705931345275
no-prompt,20,F2,F4,0.0032137627518666195
no-prompt,20,F2,F5,0.005716551636358526
no-prompt,20,F3,A1,-0.0031724719049050693
no-prompt,20,F3,A2,-0.015482218564063649
no-prompt,20,F3,A3,0.0041926218764480406
no-prompt,20,F3,F0,-0.0009022067088122077
no-prompt,20,F3,F1,0.007207311345804914
no-prompt,20,F3,F2,0.009033705931345275
no-prompt,20,F3,F3,0.99999999999726
no-prompt,20,F3,F4,0.1593727750153753
no-prompt,20,F3,F5,0.038759034723572484
no-prompt,20,F4,A1,-0.008648187229015886
no-prompt,20,F4,A2,0.002356567187486888
no-prompt,20,F4,A3,0.008000736588376417
no-prompt,20,F4,F0,-0.0038006129113723817
no-prompt,20,F4,F1,-0.004997280966758879
no-prompt,20,F4,F2,0.0032137627518666195
no-prompt,20,F4,F3,0.1593727750153753
no-prompt,20,F4,F4,0.9999999999963569
no-prompt,20,F4,F5,0.16558347928255576
no-prompt,20,F5,A1,-0.00055870531636606
no-prompt,20,F5,A2,0.009207720859057592
no-prompt,20,F5,A3,-0.0030569130265435157
no-prompt,20,F5,F0,-0.0010094205443772193
no-prompt,20,F5,F1,-0.0027141258752893583
no-prompt,20,F5,F2,0.005716551636358526
no-prompt,20,F5,F3,0.038759034723572484
no-prompt,20,F5,F4,0.16558347928255576
no-prompt,20,F5,F5,0.9999999999963647
no-prompt,21,A1,A1,0.9999999999974906
no-prompt,21,A1,A2,0.052927523660191336
no-prompt,21,A1,A3,0.03451554937019086
no-prompt,21,A1,F0,0.014197366735378691
no-prompt,21,A1,F1,-0.005511651160071992
no-prompt,21,A1,F2,0.001356704906449349
no-prompt,21,A1,F3,-0.004133436642717638
no-prompt,21,A1,F4,-0.010256036562147767
no-prompt,21,A1,F5,-0.008853509258864396
no-prompt,21,A2,A1,0.052927523660191336
no-prompt,21,A2,A2,0.9999999999975088
no-prompt,21,A2,A3,0.0769615416766452
no-prompt,21,A2,F0,-0.0003970769739429446
no-prompt,21,A2,F1,-0.01364657392983883
no-prompt,21,A2,F2,-0.006080484355494012
no-prompt,21,A2,F3,-0.016315585826924214
no-prompt,21,A2,F4,0.0014172794135267417
no-prompt,21,A2,F5,0.009397359803914943
no-prompt,21,A3,A1,0.03451554937019086
no-prompt,21,A3,A2,0.0769615416766452
no-prompt,21,A3,A3,0.9999999999979182
no-prompt,21,A3,F0,-0.0077126718761414415
no-prompt,21,A3,F1,0.004340403273875388
no-prompt,21,A3,F2,0.007637772410356336
no-prompt,21,A3,F3,-0.0035045010717530884
no-prompt,21,A3,F4,0.005445100050046948
no-prompt,21,A3,F5,0.01195951887076263
no-prompt,21,F0,A1,0.014197366735378691
no-prompt,21,F0,A2,-0.0003970769739429446
no-prompt,21,F0,A3,-0.0077126718761414415
no-prompt,21,F0,F0,0.9999999999915236
no-prompt,21,F0,F1,-0.059288635489165235
no-prompt,21,F0,F2,0.01762564185434972
no-prompt,21,F0,F3,0.00532758992366432
no-prompt,21,F0,F4,-0.007084052326855843
no-prompt,21,F0,F5,-0.006422159197103715
no-prompt,21,F1,A1,-0.005511651160071992
no-prompt,21,F1,A2,-0.01364657392983883
no-prompt,21,F1,A3,0.004340403273875388
no-prompt,21,F1,F0,-0.059288635489165235
no-prompt,21,F1,F1,0.9999999999860106
no-prompt,21,F1,F2,-0.0039601076545535034
no-prompt,21,F1,F3,0.002643555613885362
no-prompt,21,F1,F4,-0.006535491203656135
no-prompt,21,F1,F5,0.0063068545521163455
no-prompt,21,F2,A1,0.001356704906449349
no-prompt,21,F2,A2,-0.006080484355494012
no-prompt,21,F2,A3,0.007637772410356336
no-prompt,21,F2,F0,0.01762564185434972
no-prompt,21,F2,F1,-0.0039601076545535034
no-prompt,21,F2,F2,0.9999999999931293
no-prompt,21,F2,F3,0.01006401048450457
no-prompt,21,F2,F4,0.008220260145219267
no-prompt,21,F2,F5,0.010259253298571403
no-prompt,21,F3,A1,-0.004133436642717638
no-prompt,21,F3,A2,-0.016315585826924214
no-prompt,21,F3,A3,-0.0035045010717530884
no-prompt,21,F3,F0,0.00532758992366432
no-prompt,21,F3,F1,0.002643555613885362
no-prompt,21,F3,F2,0.01006401048450457
no-prompt,21,F3,F3,0.9999999999969774
no-prompt,21,F3,F4,0.15301658391825895
no-prompt,21,F3,F5,0.041065513895732104
no-prompt,21,F4,A1,-0.010256036562147767
no-prompt,21,F4,A2,0.0014172794135267417
no-prompt,21,F4,A3,0.005445100050046948
no-prompt,21,F4,F0,-0.007084052326855843
no-prompt,21,F4,F1,-0.006535491203656135
no-prompt,21,F4,F2,0.008220260145219267
no-prompt,21,F4,F3,0.15301658391825895
no-prompt,21,F4,F4,0.999999999996141
no-prompt,21,F4,F5,0.1585458358563062
no-prompt,21,F5,A1,-0.008853509258864396
no-prompt,21,F5,A2,0.009397359803914943
no-prompt,21,F5,A3,0.01195951887076263
no-prompt,21,F5,F0,-0.006422159197103715
no-prompt,21,F5,F1,0.0063068545521163455
no-prompt,21,F5,F2,0.010259253298571403
no-prompt,21,F5,F3,0.041065513895732104
no-prompt,21,F5,F4,0.1585458358563062
no-prompt,21,F5,F5,0.999999999996138
no-prompt,22,A1,A1,0.9999999999978603
no-prompt,22,A1,A2,0.1172715720996169
no-prompt,22,A1,A3,0.07359632541295986
no-prompt,22,A1,F0,0.01654642433474229
no-prompt,22,A1,F1,-0.0016117290280370058
no-prompt,22,A1,F2,0.0015318081471727303
no-prompt,22,A1,F3,-0.0104835679045496
no-prompt,22,A1,F4,-0.00037775803198967687
no-prompt,22,A1,F5,-0.0010076822145161503
no-prompt,22,A2,A1,0.1172715720996169
no-prompt,22,A2,A2,0.9999999999974337
no-prompt,22,A2,A3,0.08956615497277177
no-prompt,22,A2,F0,0.007543315441156662
no-prompt,22,A2,F1,-0.006531548281028627
no-prompt,22,A2,F2,-0.013864693252787424
no-prompt,22,A2,F3,-0.01759172272842447
no-prompt,22,A2,F4,-0.007517084397400976
no-prompt,22,A2,F5,0.0013260817968726694
no-prompt,22,A3,A1,0.07359632541295986
no-prompt,22,A3,A2,0.08956615497277177
no-prompt,22,A3,A3,0.9999999999978143
no-prompt,22,A3,F0,-0.009699434913163081
no-prompt,22,A3,F1,0.0007718064772308871
no-prompt,22,A3,F2,-0.005352392986053868
no-prompt,22,A3,F3,0.005732542631963673
no-prompt,22,A3,F4,0.011410357555222832
no-prompt,22,A3,F5,0.015495338602551688
no-prompt,22,F0,A1,0.01654642433474229
no-prompt,22,F0,A2,0.007543315441156662
no-prompt,22,F0,A3,-0.009699434913163081
no-prompt,22,F0,F0,0.9999999999906298
no-prompt,22,F0,F1,-0.062395251278590365
no-prompt,22,F0,F2,0.016209755982704136
no-prompt,22,F0,F3,0.00036189860428098596
no-prompt,22,F0,F4,-0.00513401271579766
no-prompt,22,F0,F5,-0.001462359412434768
no-prompt,22,F1,A1,-0.0016117290280370058
no-prompt,22,F1,A2,-0.006531548281028627
no-prompt,22,F1,A3,0.0007718064772308871
no-prompt,22,F1,F0,-0.062395251278590365
no-prompt,22,F1,F1,0.999999999984619
no-prompt,22,F1,F2,-0.004512513709544499
no-prompt,22,F1,F3,-0.004221394053465717
no-prompt,22,F1,F4,-0.006979062359937721
no-prompt,22,F1,F5,0.00011440073856129187
no-prompt,22,F2,A1,0.0015318081471727303
no-prompt,22,F2,A2,-0.013864693252787424
no-prompt,22,F2,A3,-0.005352392986053868
no-prompt,22,F2,F0,0.016209755982704136
no-prompt,22,F2,F1,-0.004512513709544499
no-prompt,22,F2,F2,0.9999999999923832
no-prompt,22,F2,F3,0.013150845250396974
no-prompt,22,F2,F4,0.0025680844124916047
no-prompt,22,F2,F5,0.012470160381989732
no-prompt,22,F3,A1,-0.0104835679045496
no-prompt,22,F3,A2,-0.01759172272842447
no-prompt,22,F3,A3,0.005732542631963673
no-prompt,22,F3,F0,0.00036189860428098596
no-prompt,22,F3,F1,-0.004221394053465717
no-prompt,22,F3,F2,0.013150845250396974
no-prompt,22,F3,F3,0.9999999999966969
no-prompt,22,F3,F4,0.14796332143596722
no-prompt,22,F3,F5,0.04176960749899323
no-prompt,22,F4,A1,-0.00037775803198967687
no-prompt,22,F4,A2,-0.007517084397400976
no-prompt,22,F4,A3,0.011410357555222832
no-prompt,22,F4,F0,-0.00513401271579766
no-prompt,22,F4,F1,-0.006979062359937721
no-prompt,22,F4,F2,0.0025680844124916047
no-prompt,22,F4,F3,0.14796332143596722
no-prompt,22,F4,F4,0.9999999999958208
no-prompt,22,F4,F5,0.15606036995585318
no-prompt,22,F5,A1,-0.0010076822145161503
no-prompt,22,F5,A2,0.0013260817968726694
no-prompt,22,F5,A3,0.015495338602551688
no-prompt,22,F5,F0,-0.001462359412434768
no-prompt,22,F5,F1,0.00011440073856129187
no-prompt,22,F5,F2,0.012470160381989732
no-prompt,22,F5,F3,0.04176960749899323
no-prompt,22,F5,F4,0.15606036995585318
no-prompt,22,F5,F5,0.999999999995878
no-prompt,23,A1,A1,0.9999999999957297
no-prompt,23,A1,A2,0.07037812955246336
no-prompt,23,A1,A3,0.04346403290017609
no-prompt,23,A1,F0,0.008551175619303675
no-prompt,23,A1,F1,-0.013627868385865317
no-prompt,23,A1,F2,0.005193595657830091
no-prompt,23,A1,F3,-0.008132257821329628
no-prompt,23,A1,F4,0.009366314985132504
no-prompt,23,A1,F5,0.004085392554713697
no-prompt,23,A2,A1,0.07037812955246336
no-prompt,23,A2,A2,0.9999999999973532
no-prompt,23,A2,A3,0.05815581930913133
no-prompt,23,A2,F0,0.015902056019744076
no-prompt,23,A2,F1,-0.013223700988230632
no-prompt,23,A2,F2,-0.012841551328099124
no-prompt,23,A2,F3,-0.011966592169428202
no-prompt,23,A2,F4,-0.007601828214244675
no-prompt,23,A2,F5,0.005175816600756933
no-prompt,23,A3,A1,0.04346403290017609
no-prompt,23,A3,A2,0.05815581930913133
no-prompt,23,A3,A3,0.9999999999978033
no-prompt,23,A3,F0,-0.014779764394833854
no-prompt,23,A3,F1,-0.0051501931959905605
no-prompt,23,A3,F2,0.0020579480553561823
no-prompt,23,A3,F3,0.0008685523674903042
no-prompt,23,A3,F4,0.0008314433621275637
no-prompt,23,A3,F5,0.010357926284398983
no-prompt,23,F0,A1,0.008551175619303675
no-prompt,23,F0,A2,0.015902056019744076
no-prompt,23,F0,A3,-0.014779764394833854
no-prompt,23,F0,F0,0.9999999999901521
no-prompt,23,F0,F1,-0.060370610647639274
no-prompt,23,F0,F2,0.010236559850337218
no-prompt,23,F0,F3,0.01184184655643162
no-prompt,23,F0,F4,-0.004015644684519779
no-prompt,23,F0,F5,-0.003151869584356254
no-prompt,23,F1,A1,-0.013627868385865317
no-prompt,23,F1,A2,-0.013223700988230632
no-prompt,23,F1,A3,-0.0051501931959905605
no-prompt,23,F1,F0,-0.060370610647639274
no-prompt,23,F1,F1,0.9999999999839195
no-prompt,23,F1,F2,-0.0033873210466208187
no-prompt,23,F1,F3,0.0020561051390159068
no-prompt,23,F1,F4,-0.008535112218320684
no-prompt,23,F1,F5,-0.006769832803711476
no-prompt,23,F2,A1,0.005193595657830091
no-prompt,23,F2,A2,-0.012841551328099124
no-prompt,23,F2,A3,0.0020579480553561823
no-prompt,23,F2,F0,0.010236559850337218
no-prompt,23,F2,F1,-0.0033873210466208187
no-prompt,23,F2,F2,0.9999999999916547
no-prompt,23,F2,F3,0.009579355906465047
no-prompt,23,F2,F4,-0.003937207505542599
no-prompt,23,F2,F5,0.009113331015951465
no-prompt,23,F3,A1,-0.008132257821329628
no-prompt,23,F3,A2,-0.011966592169428202
no-prompt,23,F3,A3,0.0008685523674903042
no-prompt,23,F3,F0,0.01184184655643162
no-prompt,23,F3,F1,0.0020561051390159068
no-prompt,23,F3,F2,0.009579355906465047
no-prompt,23,F3,F3,0.9999999999964645
no-prompt,23,F3,F4,0.14088446468675858
no-prompt,23,F3,F5,0.04116631757134321
no-prompt,23,F4,A1,0.009366314985132504
no-prompt,23,F4,A2,-0.007601828214244675
no-prompt,23,F4,A3,0.0008314433621275637
no-prompt,23,F4,F0,-0.004015644684519779
no-prompt,23,F4,F1,-0.008535112218320684
no-prompt,23,F4,F2,-0.003937207505542599
no-prompt,23,F4,F3,0.14088446468675858
no-prompt,23,F4,F4,0.9999999999954435
no-prompt,23,F4,F5,0.15562315118572886
no-prompt,23,F5,A1,0.004085392554713697
no-prompt,23,F5,A2,0.005175816600756933
no-prompt,23,F5,A3,0.010357926284398983
no-prompt,23,F5,F0,-0.003151869584356254
no-prompt,23,F5,F1,-0.006769832803711476
no-prompt,23,F5,F2,0.009113331015951465
no-prompt,23,F5,F3,0.04116631757134321
no-prompt,23,F5,F4,0.15562315118572886
no-prompt,23,F5,F5,0.9999999999956635
no-prompt,24,A1,A1,0.9999999999956506
no-prompt,24,A1,A2,0.060214273612578764
no-prompt,24,A1,A3,0.03914069954202811
no-prompt,24,A1,F0,0.004808463875598958
no-prompt,24,A1,F1,-0.012073523863367496
no-prompt,24,A1,F2,0.00024195856747388417
no-prompt,24,A1,F3,-0.0007353496823809542
no-prompt,24,A1,F4,0.00926012934314396
no-prompt,24,A1,F5,0.0002369980429326281
no-prompt,24,A2,A1,0.060214273612578764
no-prompt,24,A2,A2,0.9999999999972365
no-prompt,24,A2,A3,0.05573012330342221
no-prompt,24,A2,F0,0.008583665713359421
no-prompt,24,A2,F1,-0.013956239654775939
no-prompt,24,A2,F2,0.0010046901963153578
no-prompt,24,A2,F3,-0.010415745854746172
no-prompt,24,A2,F4,-0.0016342182062545636
no-prompt,24,A2,F5,-0.0012688880115509775
no-prompt,24,A3,A1,0.03914069954202811
no-prompt,24,A3,A2,0.05573012330342221
no-prompt,24,A3,A3,0.9999999999977803
no-prompt,24,A3,F0,-0.015079957254933003
no-prompt,24,A3,F1,0.003904540823620066
no-prompt,24,A3,F2,-0.0036221191074411463
no-prompt,24,A3,F3,0.015101949369065705
no-prompt,24,A3,F4,0.002895804795507409
no-prompt,24,A3,F5,0.005601929932444594
no-prompt,24,F0,A1,0.004808463875598958
no-prompt,24,F0,A2,0.008583665713359421
no-prompt,24,F0,A3,-0.015079957254933003
no-prompt,24,F0,F0,0.9999999999892745
no-prompt,24,F0,F1,-0.06709499984435854
no-prompt,24,F0,F2,0.0105212300778844
no-prompt,24,F0,F3,0.004018817122894419
no-prompt,24,F0,F4,-0.005856795988529018
no-prompt,24,F0,F5,-0.011182829220801315
no-prompt,24,F1,A1,-0.012073523863367496
no-prompt,24,F1,A2,-0.013956239654775939
no-prompt,24,F1,A3,0.003904540823620066
no-prompt,24,F1,F0,-0.06709499984435854
no-prompt,24,F1,F1,0.9999999999833189
no-prompt,24,F1,F2,-0.0008262000302430519
no-prompt,24,F1,F3,0.007061986765392741
no-prompt,24,F1,F4,-0.006018151055063362
no-prompt,24,F1,F5,0.0024075047169794814
no-prompt,24,F2,A1,0.00024195856747388417
no-prompt,24,F2,A2,0.0010046901963153578
no-prompt,24,F2,A3,-0.0036221191074411463
no-prompt,24,F2,F0,0.0105212300778844
no-prompt,24,F2,F1,-0.0008262000302430519
no-prompt,24,F2,F2,0.999999999990787
no-prompt,24,F2,F3,0.010991137189680845
no-prompt,24,F2,F4,-0.008000202889391036
no-prompt,24,F2,F5,0.010586162118139954
no-prompt,24,F3,A1,-0.0007353496823809542
no-prompt,24,F3,A2,-0.010415745854746172
no-prompt,24,F3,A3,0.015101949369065705
no-prompt,24,F3,F0,0.004018817122894419
no-prompt,24,F3,F1,0.007061986765392741
no-prompt,24,F3,F2,0.010991137189680845
no-prompt,24,F3,F3,0.9999999999962262
no-prompt,24,F3,F4,0.13677688867926432
no-prompt,24,F3,F5,0.04176936302411562
no-prompt,24,F4,A1,0.00926012934314396
no-prompt,24,F4,A2,-0.0016342182062545636
no-prompt,24,F4,A3,0.002895804795507409
no-prompt,24,F4,F0,-0.005856795988529018
no-prompt,24,F4,F1,-0.006018151055063362
no-prompt,24,F4,F2,-0.008000202889391036
no-prompt,24,F4,F3,0.13677688867926432
no-prompt,24,F4,F4,0.999999999995186
no-prompt,24,F4,F5,0.14776700953745014
no-prompt,24,F5,A1,0.0002369980429326281
no-prompt,24,F5,A2,-0.0012688880115509775
no-prompt,24,F5,A3,0.005601929932444594
no-prompt,24,F5,F0,-0.011182829220801315
no-prompt,24,F5,F1,0.0024075047169794814
no-prompt,24,F5,F2,0.010586162118139954
no-prompt,24,F5,F3,0.04176936302411562
no-prompt,24,F5,F4,0.14776700953745014
no-prompt,24,F5,F5,0.9999999999955113
no-prompt,25,A1,A1,0.9999999999953149
no-prompt,25,A1,A2,0.04825963332461436
no-prompt,25,A1,A3,0.034702378977664844
no-prompt,25,A1,F0,0.0076857012919507054
no-prompt,25,A1,F1,-0.003971116124480691
no-prompt,25,A1,F2,-0.0005553679944443303
no-prompt,25,A1,F3,-0.004053967755729799
no-prompt,25,A1,F4,0.005124638156049593
no-prompt,25,A1,F5,-0.0012576458268313587
no-prompt,25,A2,A1,0.04825963332461436
no-prompt,25,A2,A2,0.9999999999970896
no-prompt,25,A2,A3,0.04631833613213638
no-prompt,25,A2,F0,0.01399257574471277
no-prompt,25,A2,F1,-0.0016344859281648624
no-prompt,25,A2,F2,0.0077855121751111405
no-prompt,25,A2,F3,-0.009731066429078287
no-prompt,25,A2,F4,-0.009153791449189224
no-prompt,25,A2,F5,-0.0023435954345794032
no-prompt,25,A3,A1,0.034702378977664844
no-prompt,25,A3,A2,0.04631833613213638
no-prompt,25,A3,A3,0.9999999999976392
no-prompt,25,A3,F0,-0.004849423799629388
no-prompt,25,A3,F1,0.010674098810936295
no-prompt,25,A3,F2,-0.009611509192333582
no-prompt,25,A3,F3,0.01312297736442258
no-prompt,25,A3,F4,0.004578520686459771
no-prompt,25,A3,F5,-0.002508643093275826
no-prompt,25,F0,A1,0.0076857012919507054
no-prompt,25,F0,A2,0.01399257574471277
no-prompt,25,F0,A3,-0.004849423799629388
no-prompt,25,F0,F0,0.9999999999869827
no-prompt,25,F0,F1,-0.07850297398503994
no-prompt,25,F0,F2,0.011800263598117314
no-prompt,25,F0,F3,-0.0037180673733910622
no-prompt,25,F0,F4,-0.0030597810661299124
no-prompt,25,F0,F5,-0.016589059822790558
no-prompt,25,F1,A1,-0.003971116124480691
no-prompt,25,F1,A2,-0.0016344859281648624
no-prompt,25,F1,A3,0.010674098810936295
no-prompt,25,F1,F0,-0.07850297398503994
no-prompt,25,F1,F1,0.9999999999815253
no-prompt,25,F1,F2,0.0014338863219164886
no-prompt,25,F1,F3,0.00769029090090578
no-prompt,25,F1,F4,-0.004085597719609911
no-prompt,25,F1,F5,0.003017991301718375
no-prompt,25,F2,A1,-0.0005553679944443303
no-prompt,25,F2,A2,0.0077855121751111405
no-prompt,25,F2,A3,-0.009611509192333582
no-prompt,25,F2,F0,0.011800263598117314
no-prompt,25,F2,F1,0.0014338863219164886
no-prompt,25,F2,F2,0.9999999999895447
no-prompt,25,F2,F3,0.005070142734220556
no-prompt,25,F2,F4,-0.006337985247123355
no-prompt,25,F2,F5,0.003868668696045721
no-prompt,25,F3,A1,-0.004053967755729799
no-prompt,25,F3,A2,-0.009731066429078287
no-prompt,25,F3,A3,0.01312297736442258
no-prompt,25,F3,F0,-0.0037180673733910622
no-prompt,25,F3,F1,0.00769029090090578
no-prompt,25,F3,F2,0.005070142734220556
no-prompt,25,F3,F3,0.9999999999958528
no-prompt,25,F3,F4,0.13286955535858538
no-prompt,25,F3,F5,0.04285668487665111
no-prompt,25,F4,A1,0.005124638156049593
no-prompt,25,F4,A2,-0.009153791449189224
no-prompt,25,F4,A3,0.004578520686459771
no-prompt,25,F4,F0,-0.0030597810661299124
no-prompt,25,F4,F1,-0.004085597719609911
no-prompt,25,F4,F2,-0.006337985247123355
no-prompt,25,F4,F3,0.13286955535858538
no-prompt,25,F4,F4,0.9999999999947922
no-prompt,25,F4,F5,0.13463601254615892
no-prompt,25,F5,A1,-0.0012576458268313587
no-prompt,25,F5,A2,-0.0023435954345794032
no-prompt,25,F5,A3,-0.002508643093275826
no-prompt,25,F5,F0,-0.016589059822790558
no-prompt,25,F5,F1,0.003017991301718375
no-prompt,25,F5,F2,0.003868668696045721
no-prompt,25,F5,F3,0.04285668487665111
no-prompt,25,F5,F4,0.13463601254615892
no-prompt,25,F5,F5,0.9999999999953473
no-prompt,26,A1,A1,0.9999999999949359
no-prompt,26,A1,A2,0.06057123631170293
no-prompt,26,A1,A3,0.03982249907502356
no-prompt,26,A1,F0,0.00132312990920871
no-prompt,26,A1,F1,-0.009152044378793916
no-prompt,26,A1,F2,-0.0005304090703071686
no-prompt,26,A1,F3,0.0010134519696741175
no-prompt,26,A1,F4,0.014459984151107604
no-prompt,26,A1,F5,0.002804228149584164
no-prompt,26,A2,A1,0.06057123631170293
no-prompt,26,A2,A2,0.9999999999969216
no-prompt,26,A2,A3,0.04050836631739568
no-prompt,26,A2,F0,0.015408275203392113
no-prompt,26,A2,F1,-0.003074479350650881
no-prompt,26,A2,F2,-0.004046344176694832
no-prompt,26,A2,F3,-0.011678069125197898
no-prompt,26,A2,F4,-0.012750469266130325
no-prompt,26,A2,F5,0.0021663536866263367
no-prompt,26,A3,A1,0.03982249907502356
no-prompt,26,A3,A2,0.04050836631739568
no-prompt,26,A3,A3,0.9999999999975656
no-prompt,26,A3,F0,-0.0022518706634223123
no-prompt,26,A3,F1,0.0094814929463813
no-prompt,26,A3,F2,-0.010992266368578496
no-prompt,26,A3,F3,0.013055694288258165
no-prompt,26,A3,F4,0.0020193573417074534
no-prompt,26,A3,F5,-0.006872510972558266
no-prompt,26,F0,A1,0.00132312990920871
no-prompt,26,F0,A2,0.015408275203392113
no-prompt,26,F0,A3,-0.0022518706634223123
no-prompt,26,F0,F0,0.9999999999860348
no-prompt,26,F0,F1,-0.08481238307643374
no-prompt,26,F0,F2,0.0015945891224788083
no-prompt,26,F0,F3,0.005539265452698827
no-prompt,26,F0,F4,-0.006542636299728319
no-prompt,26,F0,F5,-0.011654405573523556
no-prompt,26,F1,A1,-0.009152044378793916
no-prompt,26,F1,A2,-0.003074479350650881
no-prompt,26,F1,A3,0.0094814929463813
no-prompt,26,F1,F0,-0.08481238307643374
no-prompt,26,F1,F1,0.9999999999808303
no-prompt,26,F1,F2,-0.003537893034725159
no-prompt,26,F1,F3,0.008052638179344512
no-prompt,26,F1,F4,-0.003588246172968457
no-prompt,26,F1,F5,0.0104220949115845
no-prompt,26,F2,A1,-0.0005304090703071686
no-prompt,26,F2,A2,-0.004046344176694832
no-prompt,26,F2,A3,-0.010992266368578496
no-prompt,26,F2,F0,0.0015945891224788083
no-prompt,26,F2,F1,-0.003537893034725159
no-prompt,26,F2,F2,0.9999999999881849
no-prompt,26,F2,F3,0.003590155175411064
no-prompt,26,F2,F4,0.00039069521951147983
no-prompt,26,F2,F5,0.009945046021665235
no-prompt,26,F3,A1,0.0010134519696741175
no-prompt,26,F3,A2,-0.011678069125197898
no-prompt,26,F3,A3,0.013055694288258165
no-prompt,26,F3,F0,0.005539265452698827
no-prompt,26,F3,F1,0.008052638179344512
no-prompt,26,F3,F2,0.003590155175411064
no-prompt,26,F3,F3,0.9999999999955369
no-prompt,26,F3,F4,0.12587335551784024
no-prompt,26,F3,F5,0.03408216566676893
no-prompt,26,F4,A1,0.014459984151107604
no-prompt,26,F4,A2,-0.012750469266130325
no-prompt,26,F4,A3,0.0020193573417074534
no-prompt,26,F4,F0,-0.006542636299728319
no-prompt,26,F4,F1,-0.003588246172968457
no-prompt,26,F4,F2,0.00039069521951147983
no-prompt,26,F4,F3,0.12587335551784024
no-prompt,26,F4,F4,0.9999999999945767
no-prompt,26,F4,F5,0.12432256750447267
no-prompt,26,F5,A1,0.002804228149584164
no-prompt,26,F5,A2,0.0021663536866263367
no-prompt,26,F5,A3,-0.006872510972558266
no-prompt,26,F5,F0,-0.011654405573523556
no-prompt,26,F5,F1,0.0104220949115845
no-prompt,26,F5,F2,0.009945046021665235
no-prompt,26,F5,F3,0.03408216566676893
no-prompt,26,F5,F4,0.12432256750447267
no-prompt,26,F5,F5,0.9999999999950864
no-prompt,27,A1,A1,0.9999999999946999
no-prompt,27,A1,A2,0.06246775606026825
no-prompt,27,A1,A3,0.03697643166714893
no-prompt,27,A1,F0,-0.00012750620979651102
no-prompt,27,A1,F1,-0.005575381539780604
no-prompt,27,A1,F2,0.002855557558332909
no-prompt,27,A1,F3,-0.007573964898496044
no-prompt,27,A1,F4,0.00046117574524922103
no-prompt,27,A1,F5,0.0003740508585414955
no-prompt,27,A2,A1,0.06246775606026825
no-prompt,27,A2,A2,0.9999999999967664
no-prompt,27,A2,A3,0.04701608868659902
no-prompt,27,A2,F0,0.014140477131868725
no-prompt,27,A2,F1,0.007131662306342782
no-prompt,27,A2,F2,0.0016050257210985346
no-prompt,27,A2,F3,-0.007484610965766417
no-prompt,27,A2,F4,-0.02088094392497352
no-prompt,27,A2,F5,-0.00892360927421082
no-prompt,27,A3,A1,0.03697643166714893
no-prompt,27,A3,A2,0.04701608868659902
no-prompt,27,A3,A3,0.9999999999974309
no-prompt,27,A3,F0,-0.007951630076546106
no-prompt,27,A3,F1,0.01829122214091705
no-prompt,27,A3,F2,-0.013187550142512211
no-prompt,27,A3,F3,0.015149043565089858
no-prompt,27,A3,F4,-0.0068423488991195365
no-prompt,27,A3,F5,-0.004282005125268975
no-prompt,27,F0,A1,-0.00012750620979651102
no-prompt,27,F0,A2,0.014140477131868725
no-prompt,27,F0,A3,-0.007951630076546106
no-prompt,27,F0,F0,0.9999999999850251
no-prompt,27,F0,F1,-0.09793204484442668
no-prompt,27,F0,F2,0.002534829063962365
no-prompt,27,F0,F3,0.0034625608644728756
no-prompt,27,F0,F4,-0.008007368951252838
no-prompt,27,F0,F5,-0.016596085723435405
no-prompt,27,F1,A1,-0.005575381539780604
no-prompt,27,F1,A2,0.007131662306342782
no-prompt,27,F1,A3,0.01829122214091705
no-prompt,27,F1,F0,-0.09793204484442668
no-prompt,27,F1,F1,0.9999999999793306
no-prompt,27,F1,F2,-0.00844344065262184
no-prompt,27,F1,F3,0.0024846833317339716
no-prompt,27,F1,F4,-0.011196886242901603
no-prompt,27,F1,F5,0.01178910500811665
no-prompt,27,F2,A1,0.002855557558332909
no-prompt,27,F2,A2,0.0016050257210985346
no-prompt,27,F2,A3,-0.013187550142512211
no-prompt,27,F2,F0,0.002534829063962365
no-prompt,27,F2,F1,-0.00844344065262184
no-prompt,27,F2,F2,0.9999999999868264
no-prompt,27,F2,F3,0.0017992665552258558
no-prompt,27,F2,F4,-0.009561425351026491
no-prompt,27,F2,F5,0.011862621962144463
no-prompt,27,F3,A1,-0.007573964898496044
no-prompt,27,F3,A2,-0.007484610965766417
no-prompt,27,F3,A3,0.015149043565089858
no-prompt,27,F3,F0,0.0034625608644728756
no-prompt,27,F3,F1,0.0024846833317339716
no-prompt,27,F3,F2,0.0017992665552258558
no-prompt,27,F3,F3,0.9999999999951661
no-prompt,27,F3,F4,0.125381076428892
no-prompt,27,F3,F5,0.019288850123676256
no-prompt,27,F4,A1,0.00046117574524922103
no-prompt,27,F4,A2,-0.02088094392497352
no-prompt,27,F4,A3,-0.0068423488991195365
no-prompt,27,F4,F0,-0.008007368951252838
no-prompt,27,F4,F1,-0.011196886242901603
no-prompt,27,F4,F2,-0.009561425351026491
no-prompt,27,F4,F3,0.125381076428892
no-prompt,27,F4,F4,0.9999999999942786
no-prompt,27,F4,F5,0.11322325717585198
no-prompt,27,F5,A1,0.0003740508585414955
no-prompt,27,F5,A2,-0.00892360927421082
no-prompt,27,F5,A3,-0.004282005125268975
no-prompt,27,F5,F0,-0.016596085723435405
no-prompt,27,F5,F1,0.01178910500811665
no-prompt,27,F5,F2,0.011862621962144463
no-prompt,27,F5,F3,0.019288850123676256
no-prompt,27,F5,F4,0.11322325717585198
no-prompt,27,F5,F5,0.9999999999948107
no-prompt,28,A1,A1,0.999999999994355
no-prompt,28,A1,A2,0.06520234339323887
no-prompt,28,A1,A3,0.0413001059756239
no-prompt,28,A1,F0,0.008991184382590526
no-prompt,28,A1,F1,-0.011340424650707412
no-prompt,28,A1,F2,0.010462934822762995
no-prompt,28,A1,F3,-0.012626825651470336
no-prompt,28,A1,F4,-0.0009587871772190395
no-prompt,28,A1,F5,-0.0076679177371884455
no-prompt,28,A2,A1,0.06520234339323887
no-prompt,28,A2,A2,0.9999999999965293
no-prompt,28,A2,A3,0.054063469587562384
no-prompt,28,A2,F0,0.008905612798293466
no-prompt,28,A2,F1,0.007789670624256856
no-prompt,28,A2,F2,0.006902164281370253
no-prompt,28,A2,F3,-0.007440661549766909
no-prompt,28,A2,F4,-0.017488253487300032
no-prompt,28,A2,F5,-0.014663994042190152
no-prompt,28,A3,A1,0.0413001059756239
no-prompt,28,A3,A2,0.054063469587562384
no-prompt,28,A3,A3,0.9999999999971995
no-prompt,28,A3,F0,-0.004911205819428393
no-prompt,28,A3,F1,0.01379434795101179
no-prompt,28,A3,F2,-0.009746290113318403
no-prompt,28,A3,F3,0.009316685940130636
no-prompt,28,A3,F4,-0.0065432157815163644
no-prompt,28,A3,F5,-0.0043704363871977054
no-prompt,28,F0,A1,0.008991184382590526
no-prompt,28,F0,A2,0.008905612798293466
no-prompt,28,F0,A3,-0.004911205819428393
no-prompt,28,F0,F0,0.9999999999841024
no-prompt,28,F0,F1,-0.10503976859118906
no-prompt,28,F0,F2,0.015823929711080282
no-prompt,28,F0,F3,2.0019434388038593e-05
no-prompt,28,F0,F4,0.001632725794938939
no-prompt,28,F0,F5,-0.014203282616934033
no-prompt,28,F1,A1,-0.011340424650707412
no-prompt,28,F1,A2,0.007789670624256856
no-prompt,28,F1,A3,0.01379434795101179
no-prompt,28,F1,F0,-0.10503976859118906
no-prompt,28,F1,F1,0.9999999999780942
no-prompt,28,F1,F2,-0.010876731841419192
no-prompt,28,F1,F3,0.0032796016605729284
no-prompt,28,F1,F4,-0.01087322617616538
no-prompt,28,F1,F5,0.014304227187766607
no-prompt,28,F2,A1,0.010462934822762995
no-prompt,28,F2,A2,0.006902164281370253
no-prompt,28,F2,A3,-0.009746290113318403
no-prompt,28,F2,F0,0.015823929711080282
no-prompt,28,F2,F1,-0.010876731841419192
no-prompt,28,F2,F2,0.9999999999853294
no-prompt,28,F2,F3,0.0007962391050902662
no-prompt,28,F2,F4,-0.0012527638757451837
no-prompt,28,F2,F5,0.01215098928605067
no-prompt,28,F3,A1,-0.012626825651470336
no-prompt,28,F3,A2,-0.007440661549766909
no-prompt,28,F3,A3,0.009316685940130636
no-prompt,28,F3,F0,2.0019434388038593e-05
no-prompt,28,F3,F1,0.0032796016605729284
no-prompt,28,F3,F2,0.0007962391050902662
no-prompt,28,F3,F3,0.9999999999946888
no-prompt,28,F3,F4,0.11953514306690718
no-prompt,28,F3,F5,0.01697539868365882
no-prompt,28,F4,A1,-0.0009587871772190395
no-prompt,28,F4,A2,-0.017488253487300032
no-prompt,28,F4,A3,-0.0065432157815163644
no-prompt,28,F4,F0,0.001632725794938939
no-prompt,28,F4,F1,-0.01087322617616538
no-prompt,28,F4,F2,-0.0012527638757451837
no-prompt,28,F4,F3,0.11953514306690718
no-prompt,28,F4,F4,0.9999999999939112
no-prompt,28,F4,F5,0.10820090959852935
no-prompt,28,F5,A1,-0.0076679177371884455
no-prompt,28,F5,A2,-0.014663994042190152
no-prompt,28,F5,A3,-0.0043704363871977054
no-prompt,28,F5,F0,-0.014203282616934033
no-prompt,28,F5,F1,0.014304227187766607
no-prompt,28,F5,F2,0.01215098928605067
no-prompt,28,F5,F3,0.01697539868365882
no-prompt,28,F5,F4,0.10820090959852935
no-prompt,28,F5,F5,0.9999999999945755
no-prompt,29,A1,A1,0.999999999993988
no-prompt,29,A1,A2,0.06554321969282352
no-prompt,29,A1,A3,0.03536374702753439
no-prompt,29,A1,F0,0.0025932800398525625
no-prompt,29,A1,F1,-0.0033015517550793894
no-prompt,29,A1,F2,0.009987643409787068
no-prompt,29,A1,F3,-0.012927500160750087
no-prompt,29,A1,F4,-0.0036549790086187976
no-prompt,29,A1,F5,-0.006988717769825149
no-prompt,29,A2,A1,0.06554321969282352
no-prompt,29,A2,A2,0.9999999999963158
no-prompt,29,A2,A3,0.05515565960000959
no-prompt,29,A2,F0,0.0154004568948816
no-prompt,29,A2,F1,-0.003127756029353123
no-prompt,29,A2,F2,0.002516073147754153
no-prompt,29,A2,F3,-0.011534285483175933
no-prompt,29,A2,F4,-0.017705681682983754
no-prompt,29,A2,F5,-0.007481739732169604
no-prompt,29,A3,A1,0.03536374702753439
no-prompt,29,A3,A2,0.05515565960000959
no-prompt,29,A3,A3,0.9999999999970018
no-prompt,29,A3,F0,4.303614375302417e-05
no-prompt,29,A3,F1,0.01566433256662968
no-prompt,29,A3,F2,-0.011500462443421526
no-prompt,29,A3,F3,0.008718998984391648
no-prompt,29,A3,F4,0.0055590219203118674
no-prompt,29,A3,F5,-0.008703252670220525
no-prompt,29,F0,A1,0.0025932800398525625
no-prompt,29,F0,A2,0.0154004568948816
no-prompt,29,F0,A3,4.303614375302417e-05
no-prompt,29,F0,F0,0.9999999999823335
no-prompt,29,F0,F1,-0.11705056711812556
no-prompt,29,F0,F2,0.015639125933235985
no-prompt,29,F0,F3,-0.0026641226782552724
no-prompt,29,F0,F4,0.007406888367953635
no-prompt,29,F0,F5,0.0030482792653037513
no-prompt,29,F1,A1,-0.0033015517550793894
no-prompt,29,F1,A2,-0.003127756029353123
no-prompt,29,F1,A3,0.01566433256662968
no-prompt,29,F1,F0,-0.11705056711812556
no-prompt,29,F1,F1,0.9999999999764146
no-prompt,29,F1,F2,-0.025962217667891564
no-prompt,29,F1,F3,-0.004677435344185252
no-prompt,29,F1,F4,-0.016334929871954295
no-prompt,29,F1,F5,0.0139651996584613
no-prompt,29,F2,A1,0.009987643409787068
no-prompt,29,F2,A2,0.002516073147754153
no-prompt,29,F2,A3,-0.011500462443421526
no-prompt,29,F2,F0,0.015639125933235985
no-prompt,29,F2,F1,-0.025962217667891564
no-prompt,29,F2,F2,0.9999999999834663
no-prompt,29,F2,F3,-0.0001749651587072326
no-prompt,29,F2,F4,0.005638886626295607
no-prompt,29,F2,F5,0.013314909617240862
no-prompt,29,F3,A1,-0.012927500160750087
no-prompt,29,F3,A2,-0.011534285483175933
no-prompt,29,F3,A3,0.008718998984391648
no-prompt,29,F3,F0,-0.0026641226782552724
no-prompt,29,F3,F1,-0.004677435344185252
no-prompt,29,F3,F2,-0.0001749651587072326
no-prompt,29,F3,F3,0.9999999999941704
no-prompt,29,F3,F4,0.10722625870780447
no-prompt,29,F3,F5,0.01774902157000288
no-prompt,29,F4,A1,-0.0036549790086187976
no-prompt,29,F4,A2,-0.017705681682983754
no-prompt,29,F4,A3,0.0055590219203118674
no-prompt,29,F4,F0,0.007406888367953635
no-prompt,29,F4,F1,-0.016334929871954295
no-prompt,29,F4,F2,0.005638886626295607
no-prompt,29,F4,F3,0.10722625870780447
no-prompt,29,F4,F4,0.999999999993517
no-prompt,29,F4,F5,0.09828373019977857
no-prompt,29,F5,A1,-0.006988717769825149
no-prompt,29,F5,A2,-0.007481739732169604
no-prompt,29,F5,A3,-0.008703252670220525
no-prompt,29,F5,F0,0.0030482792653037513
no-prompt,29,F5,F1,0.0139651996584613
no-prompt,29,F5,F2,0.013314909617240862
no-prompt,29,F5,F3,0.01774902157000288
no-prompt,29,F5,F4,0.09828373019977857
no-prompt,29,F5,F5,0.9999999999942607
no-prompt,30,A1,A1,0.9999999999919477
no-prompt,30,A1,A2,0.04612233707769335
no-prompt,30,A1,A3,0.03314207469937508
no-prompt,30,A1,F0,-0.011017140842487953
no-prompt,30,A1,F1,-0.00944399822479695
no-prompt,30,A1,F2,0.016703713136862038
no-prompt,30,A1,F3,-0.0027339310344123785
no-prompt,30,A1,F4,-2.7950687843550904e-05
no-prompt,30,A1,F5,-0.002724341762776324
no-prompt,30,A2,A1,0.04612233707769335
no-prompt,30,A2,A2,0.9999999999958982
no-prompt,30,A2,A3,0.044039408328606956
no-prompt,30,A2,F0,0.011381469728125555
no-prompt,30,A2,F1,-0.0030200011120341385
no-prompt,30,A2,F2,0.004344019751664654
no-prompt,30,A2,F3,-0.0011584182104867646
no-prompt,30,A2,F4,-0.016761767971974133
no-prompt,30,A2,F5,0.003284735137586425
no-prompt,30,A3,A1,0.03314207469937508
no-prompt,30,A3,A2,0.044039408328606956
no-prompt,30,A3,A3,0.9999999999966529
no-prompt,30,A3,F0,0.0010185882751950893
no-prompt,30,A3,F1,0.013568028150375906
no-prompt,30,A3,F2,-0.016119979617113388
no-prompt,30,A3,F3,0.011327166540618215
no-prompt,30,A3,F4,0.01065931519627695
no-prompt,30,A3,F5,-0.00885774482897269
no-prompt,30,F0,A1,-0.011017140842487953
no-prompt,30,F0,A2,0.011381469728125555
no-prompt,30,F0,A3,0.0010185882751950893
no-prompt,30,F0,F0,0.9999999999800412
no-prompt,30,F0,F1,-0.11939825642545024
no-prompt,30,F0,F2,0.020247435248637945
no-prompt,30,F0,F3,-0.0038766141414520727
no-prompt,30,F0,F4,0.008396604792543439
no-prompt,30,F0,F5,0.018148894573470194
no-prompt,30,F1,A1,-0.00944399822479695
no-prompt,30,F1,A2,-0.0030200011120341385
no-prompt,30,F1,A3,0.013568028150375906
no-prompt,30,F1,F0,-0.11939825642545024
no-prompt,30,F1,F1,0.9999999999734542
no-prompt,30,F1,F2,-0.03256183334266962
no-prompt,30,F1,F3,-0.008023759767493166
no-prompt,30,F1,F4,-0.01927785236462406
no-prompt,30,F1,F5,0.01184396411427374
no-prompt,30,F2,A1,0.016703713136862038
no-prompt,30,F2,A2,0.004344019751664654
no-prompt,30,F2,A3,-0.016119979617113388
no-prompt,30,F2,F0,0.020247435248637945
no-prompt,30,F2,F1,-0.03256183334266962
no-prompt,30,F2,F2,0.9999999999819924
no-prompt,30,F2,F3,0.002795536726046634
no-prompt,30,F2,F4,-0.0070843816882714935
no-prompt,30,F2,F5,0.008508818234883208
no-prompt,30,F3,A1,-0.0027339310344123785
no-prompt,30,F3,A2,-0.0011584182104867646
no-prompt,30,F3,A3,0.011327166540618215
no-prompt,30,F3,F0,-0.0038766141414520727
no-prompt,30,F3,F1,-0.008023759767493166
no-prompt,30,F3,F2,0.002795536726046634
no-prompt,30,F3,F3,0.9999999999933838
no-prompt,30,F3,F4,0.10172868677328475
no-prompt,30,F3,F5,0.025135717822818444
no-prompt,30,F4,A1,-2.7950687843550904e-05
no-prompt,30,F4,A2,-0.016761767971974133
no-prompt,30,F4,A3,0.01065931519627695
no-prompt,30,F4,F0,0.008396604792543439
no-prompt,30,F4,F1,-0.01927785236462406
no-prompt,30,F4,F2,-0.0070843816882714935
no-prompt,30,F4,F3,0.10172868677328475
no-prompt,30,F4,F4,0.9999999999928398
no-prompt,30,F4,F5,0.09777221418528466
no-prompt,30,F5,A1,-0.002724341762776324
no-prompt,30,F5,A2,0.003284735137586425
no-prompt,30,F5,A3,-0.00885774482897269
no-prompt,30,F5,F0,0.018148894573470194
no-prompt,30,F5,F1,0.01184396411427374
no-prompt,30,F5,F2,0.008508818234883208
no-prompt,30,F5,F3,0.025135717822818444
no-prompt,30,F5,F4,0.09777221418528466
no-prompt,30,F5,F5,0.9999999999936658
no-prompt,31,A1,A1,0.999999999990477
no-prompt,31,A1,A2,0.03579134060498902
no-prompt,31,A1,A3,0.03155547338664832
no-prompt,31,A1,F0,-0.008552926372275808
no-prompt,31,A1,F1,-0.005973974785383909
no-prompt,31,A1,F2,0.028143204784137874
no-prompt,31,A1,F3,-0.00251977162640258
no-prompt,31,A1,F4,0.011409607105266329
no-prompt,31,A1,F5,0.006618068192910268
no-prompt,31,A2,A1,0.03579134060498902
no-prompt,31,A2,A2,0.9999999999951309
no-prompt,31,A2,A3,0.031098300432554644
no-prompt,31,A2,F0,0.007181130401938506
no-prompt,31,A2,F1,0.00507491354710368
no-prompt,31,A2,F2,0.004630934184661229
no-prompt,31,A2,F3,-0.006454950010597085
no-prompt,31,A2,F4,-0.03081017719149637
no-prompt,31,A2,F5,0.01861467407478382
no-prompt,31,A3,A1,0.03155547338664832
no-prompt,31,A3,A2,0.031098300432554644
no-prompt,31,A3,A3,0.9999999999959829
no-prompt,31,A3,F0,-0.006481776241574459
no-prompt,31,A3,F1,0.008878696593554065
no-prompt,31,A3,F2,-0.007683531743582725
no-prompt,31,A3,F3,0.013076631536327609
no-prompt,31,A3,F4,0.0091766371483105
no-prompt,31,A3,F5,-5.605922096104736e-05
no-prompt,31,F0,A1,-0.008552926372275808
no-prompt,31,F0,A2,0.007181130401938506
no-prompt,31,F0,A3,-0.006481776241574459
no-prompt,31,F0,F0,0.9999999999755406
no-prompt,31,F0,F1,-0.1328959660321753
no-prompt,31,F0,F2,0.024711049381666
no-prompt,31,F0,F3,-0.002336186564157196
no-prompt,31,F0,F4,0.01360027608157638
no-prompt,31,F0,F5,0.017324161893606922
no-prompt,31,F1,A1,-0.005973974785383909
no-prompt,31,F1,A2,0.00507491354710368
no-prompt,31,F1,A3,0.008878696593554065
no-prompt,31,F1,F0,-0.1328959660321753
no-prompt,31,F1,F1,0.9999999999680409
no-prompt,31,F1,F2,-0.04429081606558701
no-prompt,31,F1,F3,-0.00498225883223853
no-prompt,31,F1,F4,-0.023416662373544582
no-prompt,31,F1,F5,0.01403981642567357
no-prompt,31,F2,A1,0.028143204784137874
no-prompt,31,F2,A2,0.004630934184661229
no-prompt,31,F2,A3,-0.007683531743582725
no-prompt,31,F2,F0,0.024711049381666
no-prompt,31,F2,F1,-0.04429081606558701
no-prompt,31,F2,F2,0.9999999999779321
no-prompt,31,F2,F3,0.01156446842527746
no-prompt,31,F2,F4,-0.015540488270197035
no-prompt,31,F2,F5,0.021113176871592563
no-prompt,31,F3,A1,-0.00251977162640258
no-prompt,31,F3,A2,-0.006454950010597085
no-prompt,31,F3,A3,0.013076631536327609
no-prompt,31,F3,F0,-0.002336186564157196
no-prompt,31,F3,F1,-0.00498225883223853
no-prompt,31,F3,F2,0.01156446842527746
no-prompt,31,F3,F3,0.9999999999920438
no-prompt,31,F3,F4,0.10696610903787426
no-prompt,31,F3,F5,0.03616315364404375
no-prompt,31,F4,A1,0.011409607105266329
no-prompt,31,F4,A2,-0.03081017719149637
no-prompt,31,F4,A3,0.0091766371483105
no-prompt,31,F4,F0,0.01360027608157638
no-prompt,31,F4,F1,-0.023416662373544582
no-prompt,31,F4,F2,-0.015540488270197035
no-prompt,31,F4,F3,0.10696610903787426
no-prompt,31,F4,F4,0.9999999999918028
no-prompt,31,F4,F5,0.08763448652830017
no-prompt,31,F5,A1,0.006618068192910268
no-prompt,31,F5,A2,0.01861467407478382
no-prompt,31,F5,A3,-5.605922096104736e-05
no-prompt,31,F5,F0,0.017324161893606922
no-prompt,31,F5,F1,0.01403981642567357
no-prompt,31,F5,F2,0.021113176871592563
no-prompt,31,F5,F3,0.03616315364404375
no-prompt,31,F5,F4,0.08763448652830017
no-prompt,31,F5,F5,0.9999999999925688
no-prompt,32,A1,A1,0.9999999999380798
no-prompt,32,A1,A2,0.008734077434895723
no-prompt,32,A1,A3,0.012832377525573197
no-prompt,32,A1,F0,-0.00330811149405084
no-prompt,32,A1,F1,-0.00981286511286191
no-prompt,32,A1,F2,0.03408092658089402
no-prompt,32,A1,F3,-0.00986525607143039
no-prompt,32,A1,F4,-0.0031573981339348797
no-prompt,32,A1,F5,0.0019359271860413898
no-prompt,32,A2,A1,0.008734077434895723
no-prompt,32,A2,A2,0.9999999999728784
no-prompt,32,A2,A3,0.0361671066072506
no-prompt,32,A2,F0,0.003045259950013167
no-prompt,32,A2,F1,0.009330544773691697
no-prompt,32,A2,F2,0.01043013384891332
no-prompt,32,A2,F3,-0.003847718638418354
no-prompt,32,A2,F4,-0.022792709046848814
no-prompt,32,A2,F5,0.007781232496085062
no-prompt,32,A3,A1,0.012832377525573197
no-prompt,32,A3,A2,0.0361671066072506
no-prompt,32,A3,A3,0.9999999999750994
no-prompt,32,A3,F0,-0.013765950315752859
no-prompt,32,A3,F1,0.012493417355349354
no-prompt,32,A3,F2,-0.024706842649631612
no-prompt,32,A3,F3,0.011025297535220335
no-prompt,32,A3,F4,0.01232461554059738
no-prompt,32,A3,F5,0.0043096370159353015
no-prompt,32,F0,A1,-0.00330811149405084
no-prompt,32,F0,A2,0.003045259950013167
no-prompt,32,F0,A3,-0.013765950315752859
no-prompt,32,F0,F0,0.999999999843917
no-prompt,32,F0,F1,-0.18833905169960913
no-prompt,32,F0,F2,0.05228009181171052
no-prompt,32,F0,F3,-0.0026718845179267
no-prompt,32,F0,F4,0.017853322480314227
no-prompt,32,F0,F5,0.016124966978891767
no-prompt,32,F1,A1,-0.00981286511286191
no-prompt,32,F1,A2,0.009330544773691697
no-prompt,32,F1,A3,0.012493417355349354
no-prompt,32,F1,F0,-0.18833905169960913
no-prompt,32,F1,F1,0.999999999809921
no-prompt,32,F1,F2,-0.06607885776234602
no-prompt,32,F1,F3,0.0010633841112590323
no-prompt,32,F1,F4,-0.03270956878299601
no-prompt,32,F1,F5,0.020706534269699036
no-prompt,32,F2,A1,0.03408092658089402
no-prompt,32,F2,A2,0.01043013384891332
no-prompt,32,F2,A3,-0.024706842649631612
no-prompt,32,F2,F0,0.05228009181171052
no-prompt,32,F2,F1,-0.06607885776234602
no-prompt,32,F2,F2,0.9999999998896935
no-prompt,32,F2,F3,-0.0034141033288441996
no-prompt,32,F2,F4,-0.02032823830742206
no-prompt,32,F2,F5,0.022027205429802247
no-prompt,32,F3,A1,-0.00986525607143039
no-prompt,32,F3,A2,-0.003847718638418354
no-prompt,32,F3,A3,0.011025297535220335
no-prompt,32,F3,F0,-0.0026718845179267
no-prompt,32,F3,F1,0.0010633841112590323
no-prompt,32,F3,F2,-0.0034141033288441996
no-prompt,32,F3,F3,0.999999999948794
no-prompt,32,F3,F4,0.05875008675022706
no-prompt,32,F3,F5,0.05917361717317269
no-prompt,32,F4,A1,-0.0031573981339348797
no-prompt,32,F4,A2,-0.022792709046848814
no-prompt,32,F4,A3,0.01232461554059738
no-prompt,32,F4,F0,0.017853322480314227
no-prompt,32,F4,F1,-0.03270956878299601
no-prompt,32,F4,F2,-0.02032823830742206
no-prompt,32,F4,F3,0.05875008675022706
no-prompt,32,F4,F4,0.9999999999626012
no-prompt,32,F4,F5,0.06018109740746812
no-prompt,32,F5,A1,0.0019359271860413898
no-prompt,32,F5,A2,0.007781232496085062
no-prompt,32,F5,A3,0.0043096370159353015
no-prompt,32,F5,F0,0.016124966978891767
no-prompt,32,F5,F1,0.020706534269699036
no-prompt,32,F5,F2,0.022027205429802247
no-prompt,32,F5,F3,0.05917361717317269
no-prompt,32,F5,F4,0.06018109740746812
no-prompt,32,F5,F5,0.9999999999681239
cot-zero-shot,0,A1,A1,0.9999999999949077
cot-zero-shot,0,A1,A2,0.8813915966644814
cot-zero-shot,0,A1,A3,0.8415629403037513
cot-zero-shot,0,A1,F0,0.8786792098516729
cot-zero-shot,0,A1,F1,0.8806621323135465
cot-zero-shot,0,A1,F2,0.8486807987761431
cot-zero-shot,0,A1,F3,0.8612963105097159
cot-zero-shot,0,A1,F4,0.8427068377286077
cot-zero-shot,0,A1,F5,0.6479978563520502
cot-zero-shot,0,A2,A1,0.8813915966644814
cot-zero-shot,0,A2,A2,0.9999999999937347
cot-zero-shot,0,A2,A3,0.9550287447384294
cot-zero-shot,0,A2,F0,0.9973662283722976
cot-zero-shot,0,A2,F1,0.9988835291274568
cot-zero-shot,0,A2,F2,0.962813745225744
cot-zero-shot,0,A2,F3,0.9773485386045815
cot-zero-shot,0,A2,F4,0.9556161729589756
cot-zero-shot,0,A2,F5,0.7021851619860572
cot-zero-shot,0,A3,A1,0.8415629403037513
cot-zero-shot,0,A3,A2,0.9550287447384294
cot-zero-shot,0,A3,A3,0.9999999999944265
cot-zero-shot,0,A3,F0,0.9525014563169716
cot-zero-shot,0,A3,F1,0.9539699507466621
cot-zero-shot,0,A3,F2,0.9193366076948586
cot-zero-shot,0,A3,F3,0.9331218113118921
cot-zero-shot,0,A3,F4,0.9123957111950346
cot-zero-shot,0,A3,F5,0.6709611049298714
cot-zero-shot,0,F0,A1,0.8786792098516729
cot-zero-shot,0,F0,A2,0.9973662283722976
cot-zero-shot,0,F0,A3,0.9525014563169716
cot-zero-shot,0,F0,F0,0.9999999999892687
cot-zero-shot,0,F0,F1,0.992826367852534
cot-zero-shot,0,F0,F2,0.9605148181607396
cot-zero-shot,0,F0,F3,0.9779951667715128
cot-zero-shot,0,F0,F4,0.9531261948984546
cot-zero-shot,0,F0,F5,0.7003515398002105
cot-zero-shot,0,F1,A1,0.8806621323135465
cot-zero-shot,0,F1,A2,0.9988835291274568
cot-zero-shot,0,F1,A3,0.9539699507466621
cot-zero-shot,0,F1,F0,0.992826367852534
cot-zero-shot,0,F1,F1,0.9999999999923794
cot-zero-shot,0,F1,F2,0.9615846268621853
cot-zero-shot,0,F1,F3,0.9741592727021658
cot-zero-shot,0,F1,F4,0.9545316949076295
cot-zero-shot,0,F1,F5,0.7013915436225268
cot-zero-shot,0,F2,A1,0.8486807987761431
cot-zero-shot,0,F2,A2,0.962813745225744
cot-zero-shot,0,F2,A3,0.9193366076948586
cot-zero-shot,0,F2,F0,0.9605148181607396
cot-zero-shot,0,F2,F1,0.9615846268621853
cot-zero-shot,0,F2,F2,0.9999999999884726
cot-zero-shot,0,F2,F3,0.9412322360169736
cot-zero-shot,0,F2,F4,0.9201764132747615
cot-zero-shot,0,F2,F5,0.6767118032235313
cot-zero-shot,0,F3,A1,0.8612963105097159
cot-zero-shot,0,F3,A2,0.9773485386045815
cot-zero-shot,0,F3,A3,0.9331218113118921
cot-zero-shot,0,F3,F0,0.9779951667715128
cot-zero-shot,0,F3,F1,0.9741592727021658
cot-zero-shot,0,F3,F2,0.9412322360169736
cot-zero-shot,0,F3,F3,0.9999999999929008
cot-zero-shot,0,F3,F4,0.9341259770081907
cot-zero-shot,0,F3,F5,0.6974414736876885
cot-zero-shot,0,F4,A1,0.8427068377286077
cot-zero-shot,0,F4,A2,0.9556161729589756
cot-zero-shot,0,F4,A3,0.9123957111950346
cot-zero-shot,0,F4,F0,0.9531261948984546
cot-zero-shot,0,F4,F1,0.9545316949076295
cot-zero-shot,0,F4,F2,0.9201764132747615
cot-zero-shot,0,F4,F3,0.9341259770081907
cot-zero-shot,0,F4,F4,0.9999999999928361
cot-zero-shot,0,F4,F5,0.6786144579149999
cot-zero-shot,0,F5,A1,0.6479978563520502
cot-zero-shot,0,F5,A2,0.7021851619860572
cot-zero-shot,0,F5,A3,0.6709611049298714
cot-zero-shot,0,F5,F0,0.7003515398002105
cot-zero-shot,0,F5,F1,0.7013915436225268
cot-zero-shot,0,F5,F2,0.6767118032235313
cot-zero-shot,0,F5,F3,0.6974414736876885
cot-zero-shot,0,F5,F4,0.6786144579149999
cot-zero-shot,0,F5,F5,0.9999999999948311
cot-zero-shot,1,A1,A1,0.9999999999985063
cot-zero-shot,1,A1,A2,0.6204837143446696
cot-zero-shot,1,A1,A3,0.5670113656563408
cot-zero-shot,1,A1,F0,0.030992332583770873
cot-zero-shot,1,A1,F1,0.05882849005942996
cot-zero-shot,1,A1,F2,0.02947089715426793
cot-zero-shot,1,A1,F3,0.06089902178376094
cot-zero-shot,1,A1,F4,-0.03014929308958766
cot-zero-shot,1,A1,F5,-0.0003160858856102252
cot-zero-shot,1,A2,A1,0.6204837143446696
cot-zero-shot,1,A2,A2,0.9999999999984341
cot-zero-shot,1,A2,A3,0.8404034367820339
cot-zero-shot,1,A2,F0,-0.059133433395692214
cot-zero-shot,1,A2,F1,-0.025259489074892245
cot-zero-shot,1,A2,F2,0.07287543568017445
cot-zero-shot,1,A2,F3,0.06426994762013123
cot-zero-shot,1,A2,F4,-0.0075978582800469135
cot-zero-shot,1,A2,F5,0.023446866258826936
cot-zero-shot,1,A3,A1,0.5670113656563408
cot-zero-shot,1,A3,A2,0.8404034367820339
cot-zero-shot,1,A3,A3,0.9999999999985636
cot-zero-shot,1,A3,F0,-0.04746025921485196
cot-zero-shot,1,A3,F1,-0.00655803872534293
cot-zero-shot,1,A3,F2,0.024605339471161877
cot-zero-shot,1,A3,F3,0.059385731516672834
cot-zero-shot,1,A3,F4,-0.012483377930728966
cot-zero-shot,1,A3,F5,0.03245849741065661
cot-zero-shot,1,F0,A1,0.030992332583770873
cot-zero-shot,1,F0,A2,-0.059133433395692214
cot-zero-shot,1,F0,A3,-0.04746025921485196
cot-zero-shot,1,F0,F0,0.9999999999964816
cot-zero-shot,1,F0,F1,0.28271025778834075
cot-zero-shot,1,F0,F2,0.2981161078810563
cot-zero-shot,1,F0,F3,0.08830704844807911
cot-zero-shot,1,F0,F4,0.087381838025819
cot-zero-shot,1,F0,F5,0.063661362467081
cot-zero-shot,1,F1,A1,0.05882849005942996
cot-zero-shot,1,F1,A2,-0.025259489074892245
cot-zero-shot,1,F1,A3,-0.00655803872534293
cot-zero-shot,1,F1,F0,0.28271025778834075
cot-zero-shot,1,F1,F1,0.9999999999958937
cot-zero-shot,1,F1,F2,0.15344456086372957
cot-zero-shot,1,F1,F3,0.19151276622332583
cot-zero-shot,1,F1,F4,0.07643685516687367
cot-zero-shot,1,F1,F5,-0.00479915071155027
cot-zero-shot,1,F2,A1,0.02947089715426793
cot-zero-shot,1,F2,A2,0.07287543568017445
cot-zero-shot,1,F2,A3,0.024605339471161877
cot-zero-shot,1,F2,F0,0.2981161078810563
cot-zero-shot,1,F2,F1,0.15344456086372957
cot-zero-shot,1,F2,F2,0.9999999999966689
cot-zero-shot,1,F2,F3,0.16230338410285966
cot-zero-shot,1,F2,F4,0.06317045208230501
cot-zero-shot,1,F2,F5,0.08339631395286097
cot-zero-shot,1,F3,A1,0.06089902178376094
cot-zero-shot,1,F3,A2,0.06426994762013123
cot-zero-shot,1,F3,A3,0.059385731516672834
cot-zero-shot,1,F3,F0,0.08830704844807911
cot-zero-shot,1,F3,F1,0.19151276622332583
cot-zero-shot,1,F3,F2,0.16230338410285966
cot-zero-shot,1,F3,F3,0.999999999995419
cot-zero-shot,1,F3,F4,0.2702427476461976
cot-zero-shot,1,F3,F5,0.15836117072645645
cot-zero-shot,1,F4,A1,-0.03014929308958766
cot-zero-shot,1,F4,A2,-0.0075978582800469135
cot-zero-shot,1,F4,A3,-0.012483377930728966
cot-zero-shot,1,F4,F0,0.087381838025819
cot-zero-shot,1,F4,F1,0.07643685516687367
cot-zero-shot,1,F4,F2,0.06317045208230501
cot-zero-shot,1,F4,F3,0.2702427476461976
cot-zero-shot,1,F4,F4,0.9999999999959751
cot-zero-shot,1,F4,F5,0.4012024121848432
cot-zero-shot,1,F5,A1,-0.0003160858856102252
cot-zero-shot,1,F5,A2,0.023446866258826936
cot-zero-shot,1,F5,A3,0.03245849741065661
cot-zero-shot,1,F5,F0,0.063661362467081
cot-zero-shot,1,F5,F1,-0.00479915071155027
cot-zero-shot,1,F5,F2,0.08339631395286097
cot-zero-shot,1,F5,F3,0.15836117072645645
cot-zero-shot,1,F5,F4,0.4012024121848432
cot-zero-shot,1,F5,F5,0.9999999999974104
cot-zero-shot,2,A1,A1,0.9999999999982736
cot-zero-shot,2,A1,A2,0.5332879257841835
cot-zero-shot,2,A1,A3,0.461954948449426
cot-zero-shot,2,A1,F0,0.017951136476538298
cot-zero-shot,2,A1,F1,0.033227170886922154
cot-zero-shot,2,A1,F2,0.011200964136604893
cot-zero-shot,2,A1,F3,0.04639298414739366
cot-zero-shot,2,A1,F4,-0.023392062074967433
cot-zero-shot,2,A1,F5,0.0014403641601529796
cot-zero-shot,2,A2,A1,0.5332879257841835
cot-zero-shot,2,A2,A2,0.9999999999980189
cot-zero-shot,2,A2,A3,0.7751905292010215
cot-zero-shot,2,A2,F0,-0.030172071986824953
cot-zero-shot,2,A2,F1,-0.014559630783641848
cot-zero-shot,2,A2,F2,0.0318074560163209
cot-zero-shot,2,A2,F3,0.03715144790616997
cot-zero-shot,2,A2,F4,-0.01253396316095776
cot-zero-shot,2,A2,F5,0.012977040661553115
cot-zero-shot,2,A3,A1,0.461954948449426
cot-zero-shot,2,A3,A2,0.7751905292010215
cot-zero-shot,2,A3,A3,0.9999999999981631
cot-zero-shot,2,A3,F0,-0.03376916771045421
cot-zero-shot,2,A3,F1,0.0008725861896494134
cot-zero-shot,2,A3,F2,0.015396416438260296
cot-zero-shot,2,A3,F3,0.021693308747933737
cot-zero-shot,2,A3,F4,-0.01520091469033904
cot-zero-shot,2,A3,F5,0.006725250368958134
cot-zero-shot,2,F0,A1,0.017951136476538298
cot-zero-shot,2,F0,A2,-0.030172071986824953
cot-zero-shot,2,F0,A3,-0.03376916771045421
cot-zero-shot,2,F0,F0,0.9999999999964277
cot-zero-shot,2,F0,F1,0.1937898304392517
cot-zero-shot,2,F0,F2,0.2527063123576676
cot-zero-shot,2,F0,F3,0.04997166196380488
cot-zero-shot,2,F0,F4,0.05042707417512993
cot-zero-shot,2,F0,F5,0.01986188548142486
cot-zero-shot,2,F1,A1,0.033227170886922154
cot-zero-shot,2,F1,A2,-0.014559630783641848
cot-zero-shot,2,F1,A3,0.0008725861896494134
cot-zero-shot,2,F1,F0,0.1937898304392517
cot-zero-shot,2,F1,F1,0.9999999999952144
cot-zero-shot,2,F1,F2,0.09075214223033717
cot-zero-shot,2,F1,F3,0.1319452738224776
cot-zero-shot,2,F1,F4,0.048703127177689105
cot-zero-shot,2,F1,F5,-0.026688411431143654
cot-zero-shot,2,F2,A1,0.011200964136604893
cot-zero-shot,2,F2,A2,0.0318074560163209
cot-zero-shot,2,F2,A3,0.015396416438260296
cot-zero-shot,2,F2,F0,0.2527063123576676
cot-zero-shot,2,F2,F1,0.09075214223033717
cot-zero-shot,2,F2,F2,0.9999999999967832
cot-zero-shot,2,F2,F3,0.12021067817324488
cot-zero-shot,2,F2,F4,0.041900867263415416
cot-zero-shot,2,F2,F5,0.05643831205063654
cot-zero-shot,2,F3,A1,0.04639298414739366
cot-zero-shot,2,F3,A2,0.03715144790616997
cot-zero-shot,2,F3,A3,0.021693308747933737
cot-zero-shot,2,F3,F0,0.04997166196380488
cot-zero-shot,2,F3,F1,0.1319452738224776
cot-zero-shot,2,F3,F2,0.12021067817324488
cot-zero-shot,2,F3,F3,0.999999999994599
cot-zero-shot,2,F3,F4,0.2125827111434747
cot-zero-shot,2,F3,F5,0.11311643514124692
cot-zero-shot,2,F4,A1,-0.023392062074967433
cot-zero-shot,2,F4,A2,-0.01253396316095776
cot-zero-shot,2,F4,A3,-0.01520091469033904
cot-zero-shot,2,F4,F0,0.05042707417512993
cot-zero-shot,2,F4,F1,0.048703127177689105
cot-zero-shot,2,F4,F2,0.041900867263415416
cot-zero-shot,2,F4,F3,0.2125827111434747
cot-zero-shot,2,F4,F4,0.9999999999953519
cot-zero-shot,2,F4,F5,0.30332559966627987
cot-zero-shot,2,F5,A1,0.0014403641601529796
cot-zero-shot,2,F5,A2,0.012977040661553115
cot-zero-shot,2,F5,A3,0.006725250368958134
cot-zero-shot,2,F5,F0,0.01986188548142486
cot-zero-shot,2,F5,F1,-0.026688411431143654
cot-zero-shot,2,F5,F2,0.05643831205063654
cot-zero-shot,2,F5,F3,0.11311643514124692
cot-zero-shot,2,F5,F4,0.30332559966627987
cot-zero-shot,2,F5,F5,0.999999999997542
cot-zero-shot,3,A1,A1,0.9999999999974042
cot-zero-shot,3,A1,A2,0.4639235621346599
cot-zero-shot,3,A1,A3,0.37567916076526137
cot-zero-shot,3,A1,F0,0.006784544972868405
cot-zero-shot,3,A1,F1,0.02339743885263959
cot-zero-shot,3,A1,F2,-0.006070023959948111
cot-zero-shot,3,A1,F3,0.019814100863916884
cot-zero-shot,3,A1,F4,-0.010458178219700277
cot-zero-shot,3,A1,F5,0.00754158852291381
cot-zero-shot,3,A2,A1,0.4639235621346599
cot-zero-shot,3,A2,A2,0.9999999999966873
cot-zero-shot,3,A2,A3,0.6876824793067327
cot-zero-shot,3,A2,F0,-0.023185292083286436
cot-zero-shot,3,A2,F1,-0.001281699939685606
cot-zero-shot,3,A2,F2,0.02931009280877973
cot-zero-shot,3,A2,F3,0.0214870893329763
cot-zero-shot,3,A2,F4,-0.020140860243505546
cot-zero-shot,3,A2,F5,0.017200657571963575
cot-zero-shot,3,A3,A1,0.37567916076526137
cot-zero-shot,3,A3,A2,0.6876824793067327
cot-zero-shot,3,A3,A3,0.9999999999969329
cot-zero-shot,3,A3,F0,-0.02115886860953924
cot-zero-shot,3,A3,F1,0.0015748092810099962
cot-zero-shot,3,A3,F2,0.0013437470015321038
cot-zero-shot,3,A3,F3,0.009868278416023842
cot-zero-shot,3,A3,F4,-0.002605124214602744
cot-zero-shot,3,A3,F5,-0.0051855648298653615
cot-zero-shot,3,F0,A1,0.006784544972868405
cot-zero-shot,3,F0,A2,-0.023185292083286436
cot-zero-shot,3,F0,A3,-0.02115886860953924
cot-zero-shot,3,F0,F0,0.9999999999958834
cot-zero-shot,3,F0,F1,0.11631424553263399
cot-zero-shot,3,F0,F2,0.21581066684538497
cot-zero-shot,3,F0,F3,0.03520831433265437
cot-zero-shot,3,F0,F4,0.03881544084856278
cot-zero-shot,3,F0,F5,0.01867580179904062
cot-zero-shot,3,F1,A1,0.02339743885263959
cot-zero-shot,3,F1,A2,-0.001281699939685606
cot-zero-shot,3,F1,A3,0.0015748092810099962
cot-zero-shot,3,F1,F0,0.11631424553263399
cot-zero-shot,3,F1,F1,0.9999999999924742
cot-zero-shot,3,F1,F2,0.05145346763742853
cot-zero-shot,3,F1,F3,0.1080370356031734
cot-zero-shot,3,F1,F4,0.029623181533345155
cot-zero-shot,3,F1,F5,-0.025322529316067318
cot-zero-shot,3,F2,A1,-0.006070023959948111
cot-zero-shot,3,F2,A2,0.02931009280877973
cot-zero-shot,3,F2,A3,0.0013437470015321038
cot-zero-shot,3,F2,F0,0.21581066684538497
cot-zero-shot,3,F2,F1,0.05145346763742853
cot-zero-shot,3,F2,F2,0.9999999999963102
cot-zero-shot,3,F2,F3,0.10085573594372589
cot-zero-shot,3,F2,F4,0.024951340497441767
cot-zero-shot,3,F2,F5,0.04171944926989415
cot-zero-shot,3,F3,A1,0.019814100863916884
cot-zero-shot,3,F3,A2,0.0214870893329763
cot-zero-shot,3,F3,A3,0.009868278416023842
cot-zero-shot,3,F3,F0,0.03520831433265437
cot-zero-shot,3,F3,F1,0.1080370356031734
cot-zero-shot,3,F3,F2,0.10085573594372589
cot-zero-shot,3,F3,F3,0.9999999999918084
cot-zero-shot,3,F3,F4,0.1683062398451968
cot-zero-shot,3,F3,F5,0.08149324546560707
cot-zero-shot,3,F4,A1,-0.010458178219700277
cot-zero-shot,3,F4,A2,-0.020140860243505546
cot-zero-shot,3,F4,A3,-0.002605124214602744
cot-zero-shot,3,F4,F0,0.03881544084856278
cot-zero-shot,3,F4,F1,0.029623181533345155
cot-zero-shot,3,F4,F2,0.024951340497441767
cot-zero-shot,3,F4,F3,0.1683062398451968
cot-zero-shot,3,F4,F4,0.9999999999932427
cot-zero-shot,3,F4,F5,0.24039049845325972
cot-zero-shot,3,F5,A1,0.00754158852291381
cot-zero-shot,3,F5,A2,0.017200657571963575
cot-zero-shot,3,F5,A3,-0.0051855648298653615
cot-zero-shot,3,F5,F0,0.01867580179904062
cot-zero-shot,3,F5,F1,-0.025322529316067318
cot-zero-shot,3,F5,F2,0.04171944926989415
cot-zero-shot,3,F5,F3,0.08149324546560707
cot-zero-shot,3,F5,F4,0.24039049845325972
cot-zero-shot,3,F5,F5,0.9999999999970618
cot-zero-shot,4,A1,A1,0.9999999999969488
cot-zero-shot,4,A1,A2,0.33937698366426866
cot-zero-shot,4,A1,A3,0.28210728313609507
cot-zero-shot,4,A1,F0,0.017925059398804545
cot-zero-shot,4,A1,F1,0.015335861138472623
cot-zero-shot,4,A1,F2,-0.0019894585529762043
cot-zero-shot,4,A1,F3,0.002566153504444616
cot-zero-shot,4,A1,F4,-0.003756328479947464
cot-zero-shot,4,A1,F5,0.005549357003698797
cot-zero-shot,4,A2,A1,0.33937698366426866
cot-zero-shot,4,A2,A2,0.9999999999955329
cot-zero-shot,4,A2,A3,0.6184295515484184
cot-zero-shot,4,A2,F0,-0.018574021067770386
cot-zero-shot,4,A2,F1,-0.009133640120884131
cot-zero-shot,4,A2,F2,0.014013692977108479
cot-zero-shot,4,A2,F3,0.022504728363084016
cot-zero-shot,4,A2,F4,-0.0031008832054724043
cot-zero-shot,4,A2,F5,0.011294505238694212
cot-zero-shot,4,A3,A1,0.28210728313609507
cot-zero-shot,4,A3,A2,0.6184295515484184
cot-zero-shot,4,A3,A3,0.9999999999957667
cot-zero-shot,4,A3,F0,-0.012200094527941232
cot-zero-shot,4,A3,F1,0.0016899936214704342
cot-zero-shot,4,A3,F2,0.0027679682060782664
cot-zero-shot,4,A3,F3,-0.0010186119198795608
cot-zero-shot,4,A3,F4,-0.0014185633518634777
cot-zero-shot,4,A3,F5,-0.0014571568031751822
cot-zero-shot,4,F0,A1,0.017925059398804545
cot-zero-shot,4,F0,A2,-0.018574021067770386
cot-zero-shot,4,F0,A3,-0.012200094527941232
cot-zero-shot,4,F0,F0,0.9999999999962802
cot-zero-shot,4,F0,F1,0.048803559005872764
cot-zero-shot,4,F0,F2,0.1876762917802745
cot-zero-shot,4,F0,F3,0.019551862100295168
cot-zero-shot,4,F0,F4,0.028133225562851517
cot-zero-shot,4,F0,F5,0.02071739630806541
cot-zero-shot,4,F1,A1,0.015335861138472623
cot-zero-shot,4,F1,A2,-0.009133640120884131
cot-zero-shot,4,F1,A3,0.0016899936214704342
cot-zero-shot,4,F1,F0,0.048803559005872764
cot-zero-shot,4,F1,F1,0.9999999999916903
cot-zero-shot,4,F1,F2,0.021806351566320187
cot-zero-shot,4,F1,F3,0.07232399731231466
cot-zero-shot,4,F1,F4,0.005429972562011897
cot-zero-shot,4,F1,F5,-0.013208066395957795
cot-zero-shot,4,F2,A1,-0.0019894585529762043
cot-zero-shot,4,F2,A2,0.014013692977108479
cot-zero-shot,4,F2,A3,0.0027679682060782664
cot-zero-shot,4,F2,F0,0.1876762917802745
cot-zero-shot,4,F2,F1,0.021806351566320187
cot-zero-shot,4,F2,F2,0.9999999999967912
cot-zero-shot,4,F2,F3,0.06198673277804231
cot-zero-shot,4,F2,F4,0.03950093272885731
cot-zero-shot,4,F2,F5,0.03831693199922274
cot-zero-shot,4,F3,A1,0.002566153504444616
cot-zero-shot,4,F3,A2,0.022504728363084016
cot-zero-shot,4,F3,A3,-0.0010186119198795608
cot-zero-shot,4,F3,F0,0.019551862100295168
cot-zero-shot,4,F3,F1,0.07232399731231466
cot-zero-shot,4,F3,F2,0.06198673277804231
cot-zero-shot,4,F3,F3,0.9999999999903814
cot-zero-shot,4,F3,F4,0.11952871914605516
cot-zero-shot,4,F3,F5,0.06455906717998423
cot-zero-shot,4,F4,A1,-0.003756328479947464
cot-zero-shot,4,F4,A2,-0.0031008832054724043
cot-zero-shot,4,F4,A3,-0.0014185633518634777
cot-zero-shot,4,F4,F0,0.028133225562851517
cot-zero-shot,4,F4,F1,0.005429972562011897
cot-zero-shot,4,F4,F2,0.03950093272885731
cot-zero-shot,4,F4,F3,0.11952871914605516
cot-zero-shot,4,F4,F4,0.9999999999922283
cot-zero-shot,4,F4,F5,0.1707839573144643
cot-zero-shot,4,F5,A1,0.005549357003698797
cot-zero-shot,4,F5,A2,0.011294505238694212
cot-zero-shot,4,F5,A3,-0.0014571568031751822
cot-zero-shot,4,F5,F0,0.02071739630806541
cot-zero-shot,4,F5,F1,-0.013208066395957795
cot-zero-shot,4,F5,F2,0.03831693199922274
cot-zero-shot,4,F5,F3,0.06455906717998423
cot-zero-shot,4,F5,F4,0.1707839573144643
cot-zero-shot,4,F5,F5,0.9999999999970236
cot-zero-shot,5,A1,A1,0.9999999999960067
cot-zero-shot,5,A1,A2,0.24676327108592422
cot-zero-shot,5,A1,A3,0.2219547929485426
cot-zero-shot,5,A1,F0,0.012617081247398066
cot-zero-shot,5,A1,F1,0.0162369871702003
cot-zero-shot,5,A1,F2,0.018540065498678652
cot-zero-shot,5,A1,F3,0.004286624557403692
cot-zero-shot,5,A1,F4,-6.270965747064024e-05
cot-zero-shot,5,A1,F5,-0.0009271415293494498
cot-zero-shot,5,A2,A1,0.24676327108592422
cot-zero-shot,5,A2,A2,0.9999999999932296
cot-zero-shot,5,A2,A3,0.5629666152326981
cot-zero-shot,5,A2,F0,-0.005962572042830992
cot-zero-shot,5,A2,F1,-0.007142200468088014
cot-zero-shot,5,A2,F2,-0.007024766725911708
cot-zero-shot,5,A2,F3,0.01815538489121483
cot-zero-shot,5,A2,F4,-0.011525635267963524
cot-zero-shot,5,A2,F5,0.018802893833820857
cot-zero-shot,5,A3,A1,0.2219547929485426
cot-zero-shot,5,A3,A2,0.5629666152326981
cot-zero-shot,5,A3,A3,0.9999999999931753
cot-zero-shot,5,A3,F0,-0.02198530786527409
cot-zero-shot,5,A3,F1,0.005823040310042789
cot-zero-shot,5,A3,F2,-0.00053822020222453
cot-zero-shot,5,A3,F3,-0.0034151722335345404
cot-zero-shot,5,A3,F4,0.0071956852215274685
cot-zero-shot,5,A3,F5,-0.003990649553261437
cot-zero-shot,5,F0,A1,0.012617081247398066
cot-zero-shot,5,F0,A2,-0.005962572042830992
cot-zero-shot,5,F0,A3,-0.02198530786527409
cot-zero-shot,5,F0,F0,0.9999999999965045
cot-zero-shot,5,F0,F1,-0.012915410051430718
cot-zero-shot,5,F0,F2,0.16535545388980769
cot-zero-shot,5,F0,F3,0.008884350759119036
cot-zero-shot,5,F0,F4,0.03335095383729564
cot-zero-shot,5,F0,F5,0.01177871753169969
cot-zero-shot,5,F1,A1,0.0162369871702003
cot-zero-shot,5,F1,A2,-0.007142200468088014
cot-zero-shot,5,F1,A3,0.005823040310042789
cot-zero-shot,5,F1,F0,-0.012915410051430718
cot-zero-shot,5,F1,F1,0.999999999990518
cot-zero-shot,5,F1,F2,0.021060262932656577
cot-zero-shot,5,F1,F3,0.0642990428114801
cot-zero-shot,5,F1,F4,0.004217137178403933
cot-zero-shot,5,F1,F5,0.0018644871853263655
cot-zero-shot,5,F2,A1,0.018540065498678652
cot-zero-shot,5,F2,A2,-0.007024766725911708
cot-zero-shot,5,F2,A3,-0.00053822020222453
cot-zero-shot,5,F2,F0,0.16535545388980769
cot-zero-shot,5,F2,F1,0.021060262932656577
cot-zero-shot,5,F2,F2,0.9999999999970957
cot-zero-shot,5,F2,F3,0.057127808255807114
cot-zero-shot,5,F2,F4,0.033298059266693714
cot-zero-shot,5,F2,F5,0.041314570704022106
cot-zero-shot,5,F3,A1,0.004286624557403692
cot-zero-shot,5,F3,A2,0.01815538489121483
cot-zero-shot,5,F3,A3,-0.0034151722335345404
cot-zero-shot,5,F3,F0,0.008884350759119036
cot-zero-shot,5,F3,F1,0.0642990428114801
cot-zero-shot,5,F3,F2,0.057127808255807114
cot-zero-shot,5,F3,F3,0.9999999999877307
cot-zero-shot,5,F3,F4,0.09973473362574771
cot-zero-shot,5,F3,F5,0.05697934977304895
cot-zero-shot,5,F4,A1,-6.270965747064024e-05
cot-zero-shot,5,F4,A2,-0.011525635267963524
cot-zero-shot,5,F4,A3,0.0071956852215274685
cot-zero-shot,5,F4,F0,0.03335095383729564
cot-zero-shot,5,F4,F1,0.004217137178403933
cot-zero-shot,5,F4,F2,0.033298059266693714
cot-zero-shot,5,F4,F3,0.09973473362574771
cot-zero-shot,5,F4,F4,0.9999999999906221
cot-zero-shot,5,F4,F5,0.13668375369617233
cot-zero-shot,5,F5,A1,-0.0009271415293494498
cot-zero-shot,5,F5,A2,0.018802893833820857
cot-zero-shot,5,F5,A3,-0.003990649553261437
cot-zero-shot,5,F5,F0,0.01177871753169969
cot-zero-shot,5,F5,F1,0.0018644871853263655
cot-zero-shot,5,F5,F2,0.041314570704022106
cot-zero-shot,5,F5,F3,0.05697934977304895
cot-zero-shot,5,F5,F4,0.13668375369617233
cot-zero-shot,5,F5,F5,0.9999999999968483
cot-zero-shot,6,A1,A1,0.9999999999949498
cot-zero-shot,6,A1,A2,0.19999210423770455
cot-zero-shot,6,A1,A3,0.1654299247580532
cot-zero-shot,6,A1,F0,0.008019127859144583
cot-zero-shot,6,A1,F1,0.011123431822951802
cot-zero-shot,6,A1,F2,0.011304472784964315
cot-zero-shot,6,A1,F3,0.007727294915382636
cot-zero-shot,6,A1,F4,0.008496198302512333
cot-zero-shot,6,A1,F5,-0.002239234503928877
cot-zero-shot,6,A2,A1,0.19999210423770455
cot-zero-shot,6,A2,A2,0.9999999999897564
cot-zero-shot,6,A2,A3,0.5146043865164106
cot-zero-shot,6,A2,F0,0.0009159366850838525
cot-zero-shot,6,A2,F1,-0.010856341242136597
cot-zero-shot,6,A2,F2,0.0003110341258420193
cot-zero-shot,6,A2,F3,0.021380177414401572
cot-zero-shot,6,A2,F4,-0.0057133274455881036
cot-zero-shot,6,A2,F5,0.031987006458054884
cot-zero-shot,6,A3,A1,0.1654299247580532
cot-zero-shot,6,A3,A2,0.5146043865164106
cot-zero-shot,6,A3,A3,0.9999999999893264
cot-zero-shot,6,A3,F0,-0.01646730076248594
cot-zero-shot,6,A3,F1,-0.0005374776394011117
cot-zero-shot,6,A3,F2,-0.011053058754197037
cot-zero-shot,6,A3,F3,-0.008638971168183261
cot-zero-shot,6,A3,F4,0.0069810061182202085
cot-zero-shot,6,A3,F5,-0.0015812708456060627
cot-zero-shot,6,F0,A1,0.008019127859144583
cot-zero-shot,6,F0,A2,0.0009159366850838525
cot-zero-shot,6,F0,A3,-0.01646730076248594
cot-zero-shot,6,F0,F0,0.9999999999963226
cot-zero-shot,6,F0,F1,-0.010527137184286233
cot-zero-shot,6,F0,F2,0.14748958266229012
cot-zero-shot,6,F0,F3,0.007060220277761356
cot-zero-shot,6,F0,F4,0.043630314446190754
cot-zero-shot,6,F0,F5,0.02045963690324761
cot-zero-shot,6,F1,A1,0.011123431822951802
cot-zero-shot,6,F1,A2,-0.010856341242136597
cot-zero-shot,6,F1,A3,-0.0005374776394011117
cot-zero-shot,6,F1,F0,-0.010527137184286233
cot-zero-shot,6,F1,F1,0.9999999999885756
cot-zero-shot,6,F1,F2,0.02630264391637875
cot-zero-shot,6,F1,F3,0.06447560480710508
cot-zero-shot,6,F1,F4,-0.0022035365241296714
cot-zero-shot,6,F1,F5,0.008111763429215952
cot-zero-shot,6,F2,A1,0.011304472784964315
cot-zero-shot,6,F2,A2,0.0003110341258420193
cot-zero-shot,6,F2,A3,-0.011053058754197037
cot-zero-shot,6,F2,F0,0.14748958266229012
cot-zero-shot,6,F2,F1,0.02630264391637875
cot-zero-shot,6,F2,F2,0.9999999999969119
cot-zero-shot,6,F2,F3,0.07070671599254338
cot-zero-shot,6,F2,F4,0.018872502871112487
cot-zero-shot,6,F2,F5,0.03614188505537349
cot-zero-shot,6,F3,A1,0.007727294915382636
cot-zero-shot,6,F3,A2,0.021380177414401572
cot-zero-shot,6,F3,A3,-0.008638971168183261
cot-zero-shot,6,F3,F0,0.007060220277761356
cot-zero-shot,6,F3,F1,0.06447560480710508
cot-zero-shot,6,F3,F2,0.07070671599254338
cot-zero-shot,6,F3,F3,0.9999999999849806
cot-zero-shot,6,F3,F4,0.08552596626334348
cot-zero-shot,6,F3,F5,0.039273607283655206
cot-zero-shot,6,F4,A1,0.008496198302512333
cot-zero-shot,6,F4,A2,-0.0057133274455881036
cot-zero-shot,6,F4,A3,0.0069810061182202085
cot-zero-shot,6,F4,F0,0.043630314446190754
cot-zero-shot,6,F4,F1,-0.0022035365241296714
cot-zero-shot,6,F4,F2,0.018872502871112487
cot-zero-shot,6,F4,F3,0.08552596626334348
cot-zero-shot,6,F4,F4,0.9999999999890258
cot-zero-shot,6,F4,F5,0.11297091539929617
cot-zero-shot,6,F5,A1,-0.002239234503928877
cot-zero-shot,6,F5,A2,0.031987006458054884
cot-zero-shot,6,F5,A3,-0.0015812708456060627
cot-zero-shot,6,F5,F0,0.02045963690324761
cot-zero-shot,6,F5,F1,0.008111763429215952
cot-zero-shot,6,F5,F2,0.03614188505537349
cot-zero-shot,6,F5,F3,0.039273607283655206
cot-zero-shot,6,F5,F4,0.11297091539929617
cot-zero-shot,6,F5,F5,0.999999999996583
cot-zero-shot,7,A1,A1,0.9999999999942849
cot-zero-shot,7,A1,A2,0.1672443215954087
cot-zero-shot,7,A1,A3,0.13768912683368018
cot-zero-shot,7,A1,F0,0.00803999082724275
cot-zero-shot,7,A1,F1,0.003026740833373473
cot-zero-shot,7,A1,F2,0.009702710064200025
cot-zero-shot,7,A1,F3,0.00408804523567913
cot-zero-shot,7,A1,F4,0.0008942948069324862
cot-zero-shot,7,A1,F5,0.0064771947125661904
cot-zero-shot,7,A2,A1,0.1672443215954087
cot-zero-shot,7,A2,A2,0.999999999987838
cot-zero-shot,7,A2,A3,0.48420816875072215
cot-zero-shot,7,A2,F0,-0.0041227162907822
cot-zero-shot,7,A2,F1,-0.005648948074639962
cot-zero-shot,7,A2,F2,0.00568922470613959
cot-zero-shot,7,A2,F3,0.018538385583002862
cot-zero-shot,7,A2,F4,-0.006594615379104642
cot-zero-shot,7,A2,F5,0.02982000193675483
cot-zero-shot,7,A3,A1,0.13768912683368018
cot-zero-shot,7,A3,A2,0.48420816875072215
cot-zero-shot,7,A3,A3,0.9999999999863646
cot-zero-shot,7,A3,F0,-0.016903933143016466
cot-zero-shot,7,A3,F1,-0.0043456298474198
cot-zero-shot,7,A3,F2,-6.246690020939862e-05
cot-zero-shot,7,A3,F3,-0.007375398582601927
cot-zero-shot,7,A3,F4,0.005320767837210055
cot-zero-shot,7,A3,F5,-0.005126673131942807
cot-zero-shot,7,F0,A1,0.00803999082724275
cot-zero-shot,7,F0,A2,-0.0041227162907822
cot-zero-shot,7,F0,A3,-0.016903933143016466
cot-zero-shot,7,F0,F0,0.9999999999962836
cot-zero-shot,7,F0,F1,-0.018189020514748192
cot-zero-shot,7,F0,F2,0.13354399146543708
cot-zero-shot,7,F0,F3,0.0025706071277723794
cot-zero-shot,7,F0,F4,0.04169680017902609
cot-zero-shot,7,F0,F5,0.026877893660353033
cot-zero-shot,7,F1,A1,0.003026740833373473
cot-zero-shot,7,F1,A2,-0.005648948074639962
cot-zero-shot,7,F1,A3,-0.0043456298474198
cot-zero-shot,7,F1,F0,-0.018189020514748192
cot-zero-shot,7,F1,F1,0.9999999999883665
cot-zero-shot,7,F1,F2,0.014637815241128413
cot-zero-shot,7,F1,F3,0.061009085586872534
cot-zero-shot,7,F1,F4,-0.01302752618403066
cot-zero-shot,7,F1,F5,0.01125460495146408
cot-zero-shot,7,F2,A1,0.009702710064200025
cot-zero-shot,7,F2,A2,0.00568922470613959
cot-zero-shot,7,F2,A3,-6.246690020939862e-05
cot-zero-shot,7,F2,F0,0.13354399146543708
cot-zero-shot,7,F2,F1,0.014637815241128413
cot-zero-shot,7,F2,F2,0.9999999999969557
cot-zero-shot,7,F2,F3,0.06407121964452493
cot-zero-shot,7,F2,F4,0.015346980099896329
cot-zero-shot,7,F2,F5,0.027941850389296925
cot-zero-shot,7,F3,A1,0.00408804523567913
cot-zero-shot,7,F3,A2,0.018538385583002862
cot-zero-shot,7,F3,A3,-0.007375398582601927
cot-zero-shot,7,F3,F0,0.0025706071277723794
cot-zero-shot,7,F3,F1,0.061009085586872534
cot-zero-shot,7,F3,F2,0.06407121964452493
cot-zero-shot,7,F3,F3,0.999999999983655
cot-zero-shot,7,F3,F4,0.09994050702659021
cot-zero-shot,7,F3,F5,0.02565484704706937
cot-zero-shot,7,F4,A1,0.0008942948069324862
cot-zero-shot,7,F4,A2,-0.006594615379104642
cot-zero-shot,7,F4,A3,0.005320767837210055
cot-zero-shot,7,F4,F0,0.04169680017902609
cot-zero-shot,7,F4,F1,-0.01302752618403066
cot-zero-shot,7,F4,F2,0.015346980099896329
cot-zero-shot,7,F4,F3,0.09994050702659021
cot-zero-shot,7,F4,F4,0.9999999999882428
cot-zero-shot,7,F4,F5,0.1142635530205277
cot-zero-shot,7,F5,A1,0.0064771947125661904
cot-zero-shot,7,F5,A2,0.02982000193675483
cot-zero-shot,7,F5,A3,-0.005126673131942807
cot-zero-shot,7,F5,F0,0.026877893660353033
cot-zero-shot,7,F5,F1,0.01125460495146408
cot-zero-shot,7,F5,F2,0.027941850389296925
cot-zero-shot,7,F5,F3,0.02565484704706937
cot-zero-shot,7,F5,F4,0.1142635530205277
cot-zero-shot,7,F5,F5,0.9999999999965312
cot-zero-shot,8,A1,A1,0.9999999999931255
cot-zero-shot,8,A1,A2,0.14953887146037095
cot-zero-shot,8,A1,A3,0.1212672270108843
cot-zero-shot,8,A1,F0,0.010926188078086225
cot-zero-shot,8,A1,F1,0.003351710394260668
cot-zero-shot,8,A1,F2,0.000981235900611873
cot-zero-shot,8,A1,F3,0.005386493311382381
cot-zero-shot,8,A1,F4,0.004769979191060845
cot-zero-shot,8,A1,F5,0.005905517525742517
cot-zero-shot,8,A2,A1,0.14953887146037095
cot-zero-shot,8,A2,A2,0.9999999999839135
cot-zero-shot,8,A2,A3,0.44482813607646327
cot-zero-shot,8,A2,F0,-0.011805321138866422
cot-zero-shot,8,A2,F1,-0.012801449635721524
cot-zero-shot,8,A2,F2,0.00456065579951595
cot-zero-shot,8,A2,F3,0.013324768191064694
cot-zero-shot,8,A2,F4,-0.005219719502835169
cot-zero-shot,8,A2,F5,0.029210792643301484
cot-zero-shot,8,A3,A1,0.1212672270108843
cot-zero-shot,8,A3,A2,0.44482813607646327
cot-zero-shot,8,A3,A3,0.9999999999794652
cot-zero-shot,8,A3,F0,-0.008627773503073402
cot-zero-shot,8,A3,F1,0.003205267026327011
cot-zero-shot,8,A3,F2,-0.0008791089585092629
cot-zero-shot,8,A3,F3,-0.012544977453196809
cot-zero-shot,8,A3,F4,-1.1194505204000392e-05
cot-zero-shot,8,A3,F5,-0.0003910658181309544
cot-zero-shot,8,F0,A1,0.010926188078086225
cot-zero-shot,8,F0,A2,-0.011805321138866422
cot-zero-shot,8,F0,A3,-0.008627773503073402
cot-zero-shot,8,F0,F0,0.9999999999962148
cot-zero-shot,8,F0,F1,-0.01142659875488904
cot-zero-shot,8,F0,F2,0.14347200948006245
cot-zero-shot,8,F0,F3,0.017035498179952483
cot-zero-shot,8,F0,F4,0.03551587105197003
cot-zero-shot,8,F0,F5,0.023694648292992105
cot-zero-shot,8,F1,A1,0.003351710394260668
cot-zero-shot,8,F1,A2,-0.012801449635721524
cot-zero-shot,8,F1,A3,0.003205267026327011
cot-zero-shot,8,F1,F0,-0.01142659875488904
cot-zero-shot,8,F1,F1,0.9999999999877441
cot-zero-shot,8,F1,F2,0.01947959558575884
cot-zero-shot,8,F1,F3,0.062069286632000856
cot-zero-shot,8,F1,F4,-0.002991811124863181
cot-zero-shot,8,F1,F5,0.00797231603519715
cot-zero-shot,8,F2,A1,0.000981235900611873
cot-zero-shot,8,F2,A2,0.00456065579951595
cot-zero-shot,8,F2,A3,-0.0008791089585092629
cot-zero-shot,8,F2,F0,0.14347200948006245
cot-zero-shot,8,F2,F1,0.01947959558575884
cot-zero-shot,8,F2,F2,0.9999999999968626
cot-zero-shot,8,F2,F3,0.081658163264794
cot-zero-shot,8,F2,F4,0.01941647344417428
cot-zero-shot,8,F2,F5,0.023541031620751787
cot-zero-shot,8,F3,A1,0.005386493311382381
cot-zero-shot,8,F3,A2,0.013324768191064694
cot-zero-shot,8,F3,A3,-0.012544977453196809
cot-zero-shot,8,F3,F0,0.017035498179952483
cot-zero-shot,8,F3,F1,0.062069286632000856
cot-zero-shot,8,F3,F2,0.081658163264794
cot-zero-shot,8,F3,F3,0.9999999999820394
cot-zero-shot,8,F3,F4,0.09940645082873487
cot-zero-shot,8,F3,F5,0.022769319390521105
cot-zero-shot,8,F4,A1,0.004769979191060845
cot-zero-shot,8,F4,A2,-0.005219719502835169
cot-zero-shot,8,F4,A3,-1.1194505204000392e-05
cot-zero-shot,8,F4,F0,0.03551587105197003
cot-zero-shot,8,F4,F1,-0.002991811124863181
cot-zero-shot,8,F4,F2,0.01941647344417428
cot-zero-shot,8,F4,F3,0.09940645082873487
cot-zero-shot,8,F4,F4,0.9999999999871693
cot-zero-shot,8,F4,F5,0.10679299981611369
cot-zero-shot,8,F5,A1,0.005905517525742517
cot-zero-shot,8,F5,A2,0.029210792643301484
cot-zero-shot,8,F5,A3,-0.0003910658181309544
cot-zero-shot,8,F5,F0,0.023694648292992105
cot-zero-shot,8,F5,F1,0.00797231603519715
cot-zero-shot,8,F5,F2,0.023541031620751787
cot-zero-shot,8,F5,F3,0.022769319390521105
cot-zero-shot,8,F5,F4,0.10679299981611369
cot-zero-shot,8,F5,F5,0.9999999999963254
cot-zero-shot,9,A1,A1,0.9999999999919329
cot-zero-shot,9,A1,A2,0.14596614198783958
cot-zero-shot,9,A1,A3,0.09142855607799966
cot-zero-shot,9,A1,F0,0.002750857671805093
cot-zero-shot,9,A1,F1,0.0014036016473366938
cot-zero-shot,9,A1,F2,0.0068519409180166245
cot-zero-shot,9,A1,F3,-0.006012735677472338
cot-zero-shot,9,A1,F4,-0.008291294217811622
cot-zero-shot,9,A1,F5,0.0027170828465965446
cot-zero-shot,9,A2,A1,0.14596614198783958
cot-zero-shot,9,A2,A2,0.9999999999793892
cot-zero-shot,9,A2,A3,0.36313673399989765
cot-zero-shot,9,A2,F0,0.0044825526175807295
cot-zero-shot,9,A2,F1,-0.019622394081380747
cot-zero-shot,9,A2,F2,0.01010834691107694
cot-zero-shot,9,A2,F3,0.020879130306509768
cot-zero-shot,9,A2,F4,-0.00599596725731617
cot-zero-shot,9,A2,F5,0.035941263969638135
cot-zero-shot,9,A3,A1,0.09142855607799966
cot-zero-shot,9,A3,A2,0.36313673399989765
cot-zero-shot,9,A3,A3,0.9999999999732778
cot-zero-shot,9,A3,F0,-0.0058035921213674705
cot-zero-shot,9,A3,F1,0.0002562261575523753
cot-zero-shot,9,A3,F2,-0.00403845862741044
cot-zero-shot,9,A3,F3,-0.005858659152785772
cot-zero-shot,9,A3,F4,0.004709355756496599
cot-zero-shot,9,A3,F5,-0.008575089274453671
cot-zero-shot,9,F0,A1,0.002750857671805093
cot-zero-shot,9,F0,A2,0.0044825526175807295
cot-zero-shot,9,F0,A3,-0.0058035921213674705
cot-zero-shot,9,F0,F0,0.9999999999961191
cot-zero-shot,9,F0,F1,-0.015427015642191884
cot-zero-shot,9,F0,F2,0.1482307550205283
cot-zero-shot,9,F0,F3,0.01649669242284281
cot-zero-shot,9,F0,F4,0.056825842762345646
cot-zero-shot,9,F0,F5,0.023972966782629744
cot-zero-shot,9,F1,A1,0.0014036016473366938
cot-zero-shot,9,F1,A2,-0.019622394081380747
cot-zero-shot,9,F1,A3,0.0002562261575523753
cot-zero-shot,9,F1,F0,-0.015427015642191884
cot-zero-shot,9,F1,F1,0.9999999999865697
cot-zero-shot,9,F1,F2,0.024450992809059754
cot-zero-shot,9,F1,F3,0.05626396835050344
cot-zero-shot,9,F1,F4,-0.009652964048214684
cot-zero-shot,9,F1,F5,0.004669211916311168
cot-zero-shot,9,F2,A1,0.0068519409180166245
cot-zero-shot,9,F2,A2,0.01010834691107694
cot-zero-shot,9,F2,A3,-0.00403845862741044
cot-zero-shot,9,F2,F0,0.1482307550205283
cot-zero-shot,9,F2,F1,0.024450992809059754
cot-zero-shot,9,F2,F2,0.9999999999969077
cot-zero-shot,9,F2,F3,0.08423271348658024
cot-zero-shot,9,F2,F4,0.013177682552356561
cot-zero-shot,9,F2,F5,0.025478964195047804
cot-zero-shot,9,F3,A1,-0.006012735677472338
cot-zero-shot,9,F3,A2,0.020879130306509768
cot-zero-shot,9,F3,A3,-0.005858659152785772
cot-zero-shot,9,F3,F0,0.01649669242284281
cot-zero-shot,9,F3,F1,0.05626396835050344
cot-zero-shot,9,F3,F2,0.08423271348658024
cot-zero-shot,9,F3,F3,0.9999999999806332
cot-zero-shot,9,F3,F4,0.0992239250021026
cot-zero-shot,9,F3,F5,0.020484626587404325
cot-zero-shot,9,F4,A1,-0.008291294217811622
cot-zero-shot,9,F4,A2,-0.00599596725731617
cot-zero-shot,9,F4,A3,0.004709355756496599
cot-zero-shot,9,F4,F0,0.056825842762345646
cot-zero-shot,9,F4,F1,-0.009652964048214684
cot-zero-shot,9,F4,F2,0.013177682552356561
cot-zero-shot,9,F4,F3,0.0992239250021026
cot-zero-shot,9,F4,F4,0.9999999999866087
cot-zero-shot,9,F4,F5,0.08843482951906247
cot-zero-shot,9,F5,A1,0.0027170828465965446
cot-zero-shot,9,F5,A2,0.035941263969638135
cot-zero-shot,9,F5,A3,-0.008575089274453671
cot-zero-shot,9,F5,F0,0.023972966782629744
cot-zero-shot,9,F5,F1,0.004669211916311168
cot-zero-shot,9,F5,F2,0.025478964195047804
cot-zero-shot,9,F5,F3,0.020484626587404325
cot-zero-shot,9,F5,F4,0.08843482951906247
cot-zero-shot,9,F5,F5,0.9999999999961147
cot-zero-shot,10,A1,A1,0.9999999999906556
cot-zero-shot,10,A1,A2,0.14479858519451502
cot-zero-shot,10,A1,A3,0.0707804376008148
cot-zero-shot,10,A1,F0,-0.0027711295388873976
cot-zero-shot,10,A1,F1,-0.007507077720725764
cot-zero-shot,10,A1,F2,0.009769624599959654
cot-zero-shot,10,A1,F3,-0.0037570408272011835
cot-zero-shot,10,A1,F4,0.0061403966137839276
cot-zero-shot,10,A1,F5,0.003903163988105479
cot-zero-shot,10,A2,A1,0.14479858519451502
cot-zero-shot,10,A2,A2,0.9999999999755792
cot-zero-shot,10,A2,A3,0.2981645388942543
cot-zero-shot,10,A2,F0,0.012205550587410558
cot-zero-shot,10,A2,F1,-0.016391907575206047
cot-zero-shot,10,A2,F2,0.0034396261239755116
cot-zero-shot,10,A2,F3,0.0195184376836211
cot-zero-shot,10,A2,F4,-0.008575065784290636
cot-zero-shot,10,A2,F5,0.04607296466579951
cot-zero-shot,10,A3,A1,0.0707804376008148
cot-zero-shot,10,A3,A2,0.2981645388942543
cot-zero-shot,10,A3,A3,0.9999999999739659
cot-zero-shot,10,A3,F0,-0.0036662406642157773
cot-zero-shot,10,A3,F1,0.00452017343307678
cot-zero-shot,10,A3,F2,-0.006234537479662145
cot-zero-shot,10,A3,F3,-0.015393798607977767
cot-zero-shot,10,A3,F4,0.010313486121315408
cot-zero-shot,10,A3,F5,-0.006879386351194298
cot-zero-shot,10,F0,A1,-0.0027711295388873976
cot-zero-shot,10,F0,A2,0.012205550587410558
cot-zero-shot,10,F0,A3,-0.0036662406642157773
cot-zero-shot,10,F0,F0,0.9999999999961917
cot-zero-shot,10,F0,F1,-0.013110787350122593
cot-zero-shot,10,F0,F2,0.13742375442595298
cot-zero-shot,10,F0,F3,0.01728614299552158
cot-zero-shot,10,F0,F4,0.05565173840737188
cot-zero-shot,10,F0,F5,0.023579699195185773
cot-zero-shot,10,F1,A1,-0.007507077720725764
cot-zero-shot,10,F1,A2,-0.016391907575206047
cot-zero-shot,10,F1,A3,0.00452017343307678
cot-zero-shot,10,F1,F0,-0.013110787350122593
cot-zero-shot,10,F1,F1,0.9999999999861153
cot-zero-shot,10,F1,F2,0.028744129566030854
cot-zero-shot,10,F1,F3,0.0346008478163388
cot-zero-shot,10,F1,F4,-0.014175938252442342
cot-zero-shot,10,F1,F5,0.0032009269150176
cot-zero-shot,10,F2,A1,0.009769624599959654
cot-zero-shot,10,F2,A2,0.0034396261239755116
cot-zero-shot,10,F2,A3,-0.006234537479662145
cot-zero-shot,10,F2,F0,0.13742375442595298
cot-zero-shot,10,F2,F1,0.028744129566030854
cot-zero-shot,10,F2,F2,0.9999999999968913
cot-zero-shot,10,F2,F3,0.08650337836720531
cot-zero-shot,10,F2,F4,0.023757658100111233
cot-zero-shot,10,F2,F5,0.042792872216568884
cot-zero-shot,10,F3,A1,-0.0037570408272011835
cot-zero-shot,10,F3,A2,0.0195184376836211
cot-zero-shot,10,F3,A3,-0.015393798607977767
cot-zero-shot,10,F3,F0,0.01728614299552158
cot-zero-shot,10,F3,F1,0.0346008478163388
cot-zero-shot,10,F3,F2,0.08650337836720531
cot-zero-shot,10,F3,F3,0.9999999999792922
cot-zero-shot,10,F3,F4,0.10200278405010542
cot-zero-shot,10,F3,F5,0.03510271657254968
cot-zero-shot,10,F4,A1,0.0061403966137839276
cot-zero-shot,10,F4,A2,-0.008575065784290636
cot-zero-shot,10,F4,A3,0.010313486121315408
cot-zero-shot,10,F4,F0,0.05565173840737188
cot-zero-shot,10,F4,F1,-0.014175938252442342
cot-zero-shot,10,F4,F2,0.023757658100111233
cot-zero-shot,10,F4,F3,0.10200278405010542
cot-zero-shot,10,F4,F4,0.9999999999863055
cot-zero-shot,10,F4,F5,0.08555293566234336
cot-zero-shot,10,F5,A1,0.003903163988105479
cot-zero-shot,10,F5,A2,0.04607296466579951
cot-zero-shot,10,F5,A3,-0.006879386351194298
cot-zero-shot,10,F5,F0,0.023579699195185773
cot-zero-shot,10,F5,F1,0.0032009269150176
cot-zero-shot,10,F5,F2,0.042792872216568884
cot-zero-shot,10,F5,F3,0.03510271657254968
cot-zero-shot,10,F5,F4,0.08555293566234336
cot-zero-shot,10,F5,F5,0.9999999999960953
cot-zero-shot,11,A1,A1,0.9999999999894997
cot-zero-shot,11,A1,A2,0.13165416784843997
cot-zero-shot,11,A1,A3,0.05621755526219975
cot-zero-shot,11,A1,F0,-0.007384827256676791
cot-zero-shot,11,A1,F1,0.016785249808348446
cot-zero-shot,11,A1,F2,0.00320954579113477
cot-zero-shot,11,A1,F3,0.0031183205523683363
cot-zero-shot,11,A1,F4,0.01660110052441825
cot-zero-shot,11,A1,F5,0.0016638014484366798
cot-zero-shot,11,A2,A1,0.13165416784843997
cot-zero-shot,11,A2,A2,0.9999999999709024
cot-zero-shot,11,A2,A3,0.2650162717337498
cot-zero-shot,11,A2,F0,0.025420118739235633
cot-zero-shot,11,A2,F1,-0.04323925340343404
cot-zero-shot,11,A2,F2,0.02001956403185647
cot-zero-shot,11,A2,F3,0.014007401330246205
cot-zero-shot,11,A2,F4,-0.017352624992753193
cot-zero-shot,11,A2,F5,0.03771489506115275
cot-zero-shot,11,A3,A1,0.05621755526219975
cot-zero-shot,11,A3,A2,0.2650162717337498
cot-zero-shot,11,A3,A3,0.999999999960846
cot-zero-shot,11,A3,F0,-0.00856844908202323
cot-zero-shot,11,A3,F1,0.0041275570234084605
cot-zero-shot,11,A3,F2,-0.018126542919822214
cot-zero-shot,11,A3,F3,-0.015531652672873306
cot-zero-shot,11,A3,F4,0.006430452973753582
cot-zero-shot,11,A3,F5,-0.010779996495590463
cot-zero-shot,11,F0,A1,-0.007384827256676791
cot-zero-shot,11,F0,A2,0.025420118739235633
cot-zero-shot,11,F0,A3,-0.00856844908202323
cot-zero-shot,11,F0,F0,0.9999999999961049
cot-zero-shot,11,F0,F1,-0.007730859224036492
cot-zero-shot,11,F0,F2,0.14045384146163326
cot-zero-shot,11,F0,F3,0.037928311408654325
cot-zero-shot,11,F0,F4,0.05748511304352725
cot-zero-shot,11,F0,F5,0.028237162871651456
cot-zero-shot,11,F1,A1,0.016785249808348446
cot-zero-shot,11,F1,A2,-0.04323925340343404
cot-zero-shot,11,F1,A3,0.0041275570234084605
cot-zero-shot,11,F1,F0,-0.007730859224036492
cot-zero-shot,11,F1,F1,0.9999999999868833
cot-zero-shot,11,F1,F2,0.015967651843796286
cot-zero-shot,11,F1,F3,0.04322460568785127
cot-zero-shot,11,F1,F4,0.006200581678536166
cot-zero-shot,11,F1,F5,-0.010804517219709675
cot-zero-shot,11,F2,A1,0.00320954579113477
cot-zero-shot,11,F2,A2,0.02001956403185647
cot-zero-shot,11,F2,A3,-0.018126542919822214
cot-zero-shot,11,F2,F0,0.14045384146163326
cot-zero-shot,11,F2,F1,0.015967651843796286
cot-zero-shot,11,F2,F2,0.9999999999969699
cot-zero-shot,11,F2,F3,0.06393843274011
cot-zero-shot,11,F2,F4,0.01050028817446732
cot-zero-shot,11,F2,F5,0.04119254353306314
cot-zero-shot,11,F3,A1,0.0031183205523683363
cot-zero-shot,11,F3,A2,0.014007401330246205
cot-zero-shot,11,F3,A3,-0.015531652672873306
cot-zero-shot,11,F3,F0,0.037928311408654325
cot-zero-shot,11,F3,F1,0.04322460568785127
cot-zero-shot,11,F3,F2,0.06393843274011
cot-zero-shot,11,F3,F3,0.9999999999783961
cot-zero-shot,11,F3,F4,0.10393290416048484
cot-zero-shot,11,F3,F5,0.04122179060551661
cot-zero-shot,11,F4,A1,0.01660110052441825
cot-zero-shot,11,F4,A2,-0.017352624992753193
cot-zero-shot,11,F4,A3,0.006430452973753582
cot-zero-shot,11,F4,F0,0.05748511304352725
cot-zero-shot,11,F4,F1,0.006200581678536166
cot-zero-shot,11,F4,F2,0.01050028817446732
cot-zero-shot,11,F4,F3,0.10393290416048484
cot-zero-shot,11,F4,F4,0.9999999999865059
cot-zero-shot,11,F4,F5,0.10875735219599625
cot-zero-shot,11,F5,A1,0.0016638014484366798
cot-zero-shot,11,F5,A2,0.03771489506115275
cot-zero-shot,11,F5,A3,-0.010779996495590463
cot-zero-shot,11,F5,F0,0.028237162871651456
cot-zero-shot,11,F5,F1,-0.010804517219709675
cot-zero-shot,11,F5,F2,0.04119254353306314
cot-zero-shot,11,F5,F3,0.04122179060551661
cot-zero-shot,11,F5,F4,0.10875735219599625
cot-zero-shot,11,F5,F5,0.9999999999960779
cot-zero-shot,12,A1,A1,0.9999999999893306
cot-zero-shot,12,A1,A2,0.11973341330190275
cot-zero-shot,12,A1,A3,0.05314680150716229
cot-zero-shot,12,A1,F0,-0.006252667162447007
cot-zero-shot,12,A1,F1,0.010845393123725663
cot-zero-shot,12,A1,F2,0.003188472772462369
cot-zero-shot,12,A1,F3,0.011053654402363198
cot-zero-shot,12,A1,F4,0.011362069237634432
cot-zero-shot,12,A1,F5,-0.01461967371000815
cot-zero-shot,12,A2,A1,0.11973341330190275
cot-zero-shot,12,A2,A2,0.9999999999729772
cot-zero-shot,12,A2,A3,0.2925473490442834
cot-zero-shot,12,A2,F0,0.014780949626989935
cot-zero-shot,12,A2,F1,-0.020573144819673053
cot-zero-shot,12,A2,F2,0.018989297178937024
cot-zero-shot,12,A2,F3,0.011513891880983038
cot-zero-shot,12,A2,F4,-0.01219164010627495
cot-zero-shot,12,A2,F5,0.039394371144029765
cot-zero-shot,12,A3,A1,0.05314680150716229
cot-zero-shot,12,A3,A2,0.2925473490442834
cot-zero-shot,12,A3,A3,0.999999999955799
cot-zero-shot,12,A3,F0,-0.006998913731627558
cot-zero-shot,12,A3,F1,-0.003935904295347673
cot-zero-shot,12,A3,F2,-0.018857842376245982
cot-zero-shot,12,A3,F3,-0.01918807763195195
cot-zero-shot,12,A3,F4,0.005630924123063332
cot-zero-shot,12,A3,F5,-0.006702610134271695
cot-zero-shot,12,F0,A1,-0.006252667162447007
cot-zero-shot,12,F0,A2,0.014780949626989935
cot-zero-shot,12,F0,A3,-0.006998913731627558
cot-zero-shot,12,F0,F0,0.9999999999961858
cot-zero-shot,12,F0,F1,-0.01785586539400222
cot-zero-shot,12,F0,F2,0.13651586465028476
cot-zero-shot,12,F0,F3,0.03983901521630299
cot-zero-shot,12,F0,F4,0.05837278353873109
cot-zero-shot,12,F0,F5,0.02424824687090901
cot-zero-shot,12,F1,A1,0.010845393123725663
cot-zero-shot,12,F1,A2,-0.020573144819673053
cot-zero-shot,12,F1,A3,-0.003935904295347673
cot-zero-shot,12,F1,F0,-0.01785586539400222
cot-zero-shot,12,F1,F1,0.9999999999875191
cot-zero-shot,12,F1,F2,0.032993670967742764
cot-zero-shot,12,F1,F3,0.037595882021319825
cot-zero-shot,12,F1,F4,0.018675933677392682
cot-zero-shot,12,F1,F5,-0.014386204154455816
cot-zero-shot,12,F2,A1,0.003188472772462369
cot-zero-shot,12,F2,A2,0.018989297178937024
cot-zero-shot,12,F2,A3,-0.018857842376245982
cot-zero-shot,12,F2,F0,0.13651586465028476
cot-zero-shot,12,F2,F1,0.032993670967742764
cot-zero-shot,12,F2,F2,0.999999999997121
cot-zero-shot,12,F2,F3,0.06180038061890662
cot-zero-shot,12,F2,F4,0.014841474275280049
cot-zero-shot,12,F2,F5,0.039159097086680666
cot-zero-shot,12,F3,A1,0.011053654402363198
cot-zero-shot,12,F3,A2,0.011513891880983038
cot-zero-shot,12,F3,A3,-0.01918807763195195
cot-zero-shot,12,F3,F0,0.03983901521630299
cot-zero-shot,12,F3,F1,0.037595882021319825
cot-zero-shot,12,F3,F2,0.06180038061890662
cot-zero-shot,12,F3,F3,0.99999999997955
cot-zero-shot,12,F3,F4,0.08446448962109658
cot-zero-shot,12,F3,F5,0.040938986757602575
cot-zero-shot,12,F4,A1,0.011362069237634432
cot-zero-shot,12,F4,A2,-0.01219164010627495
cot-zero-shot,12,F4,A3,0.005630924123063332
cot-zero-shot,12,F4,F0,0.05837278353873109
cot-zero-shot,12,F4,F1,0.018675933677392682
cot-zero-shot,12,F4,F2,0.014841474275280049
cot-zero-shot,12,F4,F3,0.08446448962109658
cot-zero-shot,12,F4,F4,0.99999999998665
cot-zero-shot,12,F4,F5,0.09447243238290336
cot-zero-shot,12,F5,A1,-0.01461967371000815
cot-zero-shot,12,F5,A2,0.039394371144029765
cot-zero-shot,12,F5,A3,-0.006702610134271695
cot-zero-shot,12,F5,F0,0.02424824687090901
cot-zero-shot,12,F5,F1,-0.014386204154455816
cot-zero-shot,12,F5,F2,0.039159097086680666
cot-zero-shot,12,F5,F3,0.040938986757602575
cot-zero-shot,12,F5,F4,0.09447243238290336
cot-zero-shot,12,F5,F5,0.9999999999961028
cot-zero-shot,13,A1,A1,0.9999999999893899
cot-zero-shot,13,A1,A2,0.12150711172510704
cot-zero-shot,13,A1,A3,0.06530620121568781
cot-zero-shot,13,A1,F0,-0.0125247737613669
cot-zero-shot,13,A1,F1,0.0053103689094007415
cot-zero-shot,13,A1,F2,0.004605271018923196
cot-zero-shot,13,A1,F3,0.009427419731577109
cot-zero-shot,13,A1,F4,0.004012431571051841
cot-zero-shot,13,A1,F5,-0.005841691465879021
cot-zero-shot,13,A2,A1,0.12150711172510704
cot-zero-shot,13,A2,A2,0.9999999999730327
cot-zero-shot,13,A2,A3,0.3418045421409704
cot-zero-shot,13,A2,F0,0.01133868962455599
cot-zero-shot,13,A2,F1,-0.024541911221110917
cot-zero-shot,13,A2,F2,0.012155130611236525
cot-zero-shot,13,A2,F3,0.027584051679897633
cot-zero-shot,13,A2,F4,-0.01080617209690681
cot-zero-shot,13,A2,F5,0.024122401636012595
cot-zero-shot,13,A3,A1,0.06530620121568781
cot-zero-shot,13,A3,A2,0.3418045421409704
cot-zero-shot,13,A3,A3,0.9999999999453383
cot-zero-shot,13,A3,F0,-0.010546366874023019
cot-zero-shot,13,A3,F1,-0.002066005299409136
cot-zero-shot,13,A3,F2,-0.016910925430006697
cot-zero-shot,13,A3,F3,-0.023722281989274376
cot-zero-shot,13,A3,F4,0.005902982162191604
cot-zero-shot,13,A3,F5,-0.014504677510648706
cot-zero-shot,13,F0,A1,-0.0125247737613669
cot-zero-shot,13,F0,A2,0.01133868962455599
cot-zero-shot,13,F0,A3,-0.010546366874023019
cot-zero-shot,13,F0,F0,0.9999999999961364
cot-zero-shot,13,F0,F1,-0.0154763600563063
cot-zero-shot,13,F0,F2,0.13459864549230774
cot-zero-shot,13,F0,F3,0.04462436375690246
cot-zero-shot,13,F0,F4,0.06752239597225558
cot-zero-shot,13,F0,F5,0.027265213585771338
cot-zero-shot,13,F1,A1,0.0053103689094007415
cot-zero-shot,13,F1,A2,-0.024541911221110917
cot-zero-shot,13,F1,A3,-0.002066005299409136
cot-zero-shot,13,F1,F0,-0.0154763600563063
cot-zero-shot,13,F1,F1,0.9999999999859902
cot-zero-shot,13,F1,F2,0.031464259096955924
cot-zero-shot,13,F1,F3,0.02599702810676126
cot-zero-shot,13,F1,F4,0.028450278859058285
cot-zero-shot,13,F1,F5,-0.0014477148152921375
cot-zero-shot,13,F2,A1,0.004605271018923196
cot-zero-shot,13,F2,A2,0.012155130611236525
cot-zero-shot,13,F2,A3,-0.016910925430006697
cot-zero-shot,13,F2,F0,0.13459864549230774
cot-zero-shot,13,F2,F1,0.031464259096955924
cot-zero-shot,13,F2,F2,0.9999999999970147
cot-zero-shot,13,F2,F3,0.06610130922638681
cot-zero-shot,13,F2,F4,0.01733345484053187
cot-zero-shot,13,F2,F5,0.04557904938579112
cot-zero-shot,13,F3,A1,0.009427419731577109
cot-zero-shot,13,F3,A2,0.027584051679897633
cot-zero-shot,13,F3,A3,-0.023722281989274376
cot-zero-shot,13,F3,F0,0.04462436375690246
cot-zero-shot,13,F3,F1,0.02599702810676126
cot-zero-shot,13,F3,F2,0.06610130922638681
cot-zero-shot,13,F3,F3,0.9999999999790902
cot-zero-shot,13,F3,F4,0.09377878896857525
cot-zero-shot,13,F3,F5,0.0329610335110303
cot-zero-shot,13,F4,A1,0.004012431571051841
cot-zero-shot,13,F4,A2,-0.01080617209690681
cot-zero-shot,13,F4,A3,0.005902982162191604
cot-zero-shot,13,F4,F0,0.06752239597225558
cot-zero-shot,13,F4,F1,0.028450278859058285
cot-zero-shot,13,F4,F2,0.01733345484053187
cot-zero-shot,13,F4,F3,0.09377878896857525
cot-zero-shot,13,F4,F4,0.9999999999862599
cot-zero-shot,13,F4,F5,0.11184997048443057
cot-zero-shot,13,F5,A1,-0.005841691465879021
cot-zero-shot,13,F5,A2,0.024122401636012595
cot-zero-shot,13,F5,A3,-0.014504677510648706
cot-zero-shot,13,F5,F0,0.027265213585771338
cot-zero-shot,13,F5,F1,-0.0014477148152921375
cot-zero-shot,13,F5,F2,0.04557904938579112
cot-zero-shot,13,F5,F3,0.0329610335110303
cot-zero-shot,13,F5,F4,0.11184997048443057
cot-zero-shot,13,F5,F5,0.9999999999960003
cot-zero-shot,14,A1,A1,0.9999999999889434
cot-zero-shot,14,A1,A2,0.13207334557578962
cot-zero-shot,14,A1,A3,0.06792807024971956
cot-zero-shot,14,A1,F0,0.0010513689585902337
cot-zero-shot,14,A1,F1,0.012657817441938102
cot-zero-shot,14,A1,F2,-0.001555608019528533
cot-zero-shot,14,A1,F3,0.008263601831626785
cot-zero-shot,14,A1,F4,0.004933734365206751
cot-zero-shot,14,A1,F5,0.0005620910455128874
cot-zero-shot,14,A2,A1,0.13207334557578962
cot-zero-shot,14,A2,A2,0.9999999999709045
cot-zero-shot,14,A2,A3,0.35103896503149074
cot-zero-shot,14,A2,F0,0.00938155940185249
cot-zero-shot,14,A2,F1,-0.025670808152548758
cot-zero-shot,14,A2,F2,0.007225502333979615
cot-zero-shot,14,A2,F3,0.018893424863873076
cot-zero-shot,14,A2,F4,-0.008663345239794881
cot-zero-shot,14,A2,F5,0.020005662317022426
cot-zero-shot,14,A3,A1,0.06792807024971956
cot-zero-shot,14,A3,A2,0.35103896503149074
cot-zero-shot,14,A3,A3,0.9999999999387171
cot-zero-shot,14,A3,F0,-0.0109829412023154
cot-zero-shot,14,A3,F1,-0.0031498804918726445
cot-zero-shot,14,A3,F2,-0.011427055626751835
cot-zero-shot,14,A3,F3,-0.017826979332372143
cot-zero-shot,14,A3,F4,0.005607540542626926
cot-zero-shot,14,A3,F5,-0.016731641208099727
cot-zero-shot,14,F0,A1,0.0010513689585902337
cot-zero-shot,14,F0,A2,0.00938155940185249
cot-zero-shot,14,F0,A3,-0.0109829412023154
cot-zero-shot,14,F0,F0,0.9999999999960779
cot-zero-shot,14,F0,F1,-0.008251325774719298
cot-zero-shot,14,F0,F2,0.13162261392042957
cot-zero-shot,14,F0,F3,0.043598278870629815
cot-zero-shot,14,F0,F4,0.07519195557140741
cot-zero-shot,14,F0,F5,0.03138071697231785
cot-zero-shot,14,F1,A1,0.012657817441938102
cot-zero-shot,14,F1,A2,-0.025670808152548758
cot-zero-shot,14,F1,A3,-0.0031498804918726445
cot-zero-shot,14,F1,F0,-0.008251325774719298
cot-zero-shot,14,F1,F1,0.9999999999856223
cot-zero-shot,14,F1,F2,0.02546613029900735
cot-zero-shot,14,F1,F3,0.03618492831681736
cot-zero-shot,14,F1,F4,0.01370689349972122
cot-zero-shot,14,F1,F5,0.007025815034268085
cot-zero-shot,14,F2,A1,-0.001555608019528533
cot-zero-shot,14,F2,A2,0.007225502333979615
cot-zero-shot,14,F2,A3,-0.011427055626751835
cot-zero-shot,14,F2,F0,0.13162261392042957
cot-zero-shot,14,F2,F1,0.02546613029900735
cot-zero-shot,14,F2,F2,0.9999999999968089
cot-zero-shot,14,F2,F3,0.07397875512315306
cot-zero-shot,14,F2,F4,0.020814524745674988
cot-zero-shot,14,F2,F5,0.04343031711375699
cot-zero-shot,14,F3,A1,0.008263601831626785
cot-zero-shot,14,F3,A2,0.018893424863873076
cot-zero-shot,14,F3,A3,-0.017826979332372143
cot-zero-shot,14,F3,F0,0.043598278870629815
cot-zero-shot,14,F3,F1,0.03618492831681736
cot-zero-shot,14,F3,F2,0.07397875512315306
cot-zero-shot,14,F3,F3,0.9999999999776623
cot-zero-shot,14,F3,F4,0.10773766693099891
cot-zero-shot,14,F3,F5,0.03486905778691727
cot-zero-shot,14,F4,A1,0.004933734365206751
cot-zero-shot,14,F4,A2,-0.008663345239794881
cot-zero-shot,14,F4,A3,0.005607540542626926
cot-zero-shot,14,F4,F0,0.07519195557140741
cot-zero-shot,14,F4,F1,0.01370689349972122
cot-zero-shot,14,F4,F2,0.020814524745674988
cot-zero-shot,14,F4,F3,0.10773766693099891
cot-zero-shot,14,F4,F4,0.9999999999856927
cot-zero-shot,14,F4,F5,0.12083439712558283
cot-zero-shot,14,F5,A1,0.0005620910455128874
cot-zero-shot,14,F5,A2,0.020005662317022426
cot-zero-shot,14,F5,A3,-0.016731641208099727
cot-zero-shot,14,F5,F0,0.03138071697231785
cot-zero-shot,14,F5,F1,0.007025815034268085
cot-zero-shot,14,F5,F2,0.04343031711375699
cot-zero-shot,14,F5,F3,0.03486905778691727
cot-zero-shot,14,F5,F4,0.12083439712558283
cot-zero-shot,14,F5,F5,0.9999999999957393
cot-zero-shot,15,A1,A1,0.9999999999883654
cot-zero-shot,15,A1,A2,0.13280687813312553
cot-zero-shot,15,A1,A3,0.06407382963305815
cot-zero-shot,15,A1,F0,-0.004133867455897699
cot-zero-shot,15,A1,F1,0.02126119885718026
cot-zero-shot,15,A1,F2,0.008661865963678298
cot-zero-shot,15,A1,F3,0.0027345253465447736
cot-zero-shot,15,A1,F4,0.00997728606432095
cot-zero-shot,15,A1,F5,-0.009205965729334617
cot-zero-shot,15,A2,A1,0.13280687813312553
cot-zero-shot,15,A2,A2,0.9999999999684908
cot-zero-shot,15,A2,A3,0.3426562647696307
cot-zero-shot,15,A2,F0,0.004647652882809342
cot-zero-shot,15,A2,F1,-0.02727062183547128
cot-zero-shot,15,A2,F2,0.024323859008814643
cot-zero-shot,15,A2,F3,0.02511869613945425
cot-zero-shot,15,A2,F4,-0.00949429431669003
cot-zero-shot,15,A2,F5,0.02846428842777988
cot-zero-shot,15,A3,A1,0.06407382963305815
cot-zero-shot,15,A3,A2,0.3426562647696307
cot-zero-shot,15,A3,A3,0.9999999999320633
cot-zero-shot,15,A3,F0,-0.010584129336762522
cot-zero-shot,15,A3,F1,-0.013833027196687003
cot-zero-shot,15,A3,F2,-0.01295423708022046
cot-zero-shot,15,A3,F3,-0.01585730431272439
cot-zero-shot,15,A3,F4,0.0023072308698685886
cot-zero-shot,15,A3,F5,-0.017645511724947768
cot-zero-shot,15,F0,A1,-0.004133867455897699
cot-zero-shot,15,F0,A2,0.004647652882809342
cot-zero-shot,15,F0,A3,-0.010584129336762522
cot-zero-shot,15,F0,F0,0.9999999999962093
cot-zero-shot,15,F0,F1,-0.0019047460069078486
cot-zero-shot,15,F0,F2,0.12707887981274427
cot-zero-shot,15,F0,F3,0.04097871976626536
cot-zero-shot,15,F0,F4,0.08016588102305097
cot-zero-shot,15,F0,F5,0.03681146450525005
cot-zero-shot,15,F1,A1,0.02126119885718026
cot-zero-shot,15,F1,A2,-0.02727062183547128
cot-zero-shot,15,F1,A3,-0.013833027196687003
cot-zero-shot,15,F1,F0,-0.0019047460069078486
cot-zero-shot,15,F1,F1,0.9999999999866004
cot-zero-shot,15,F1,F2,0.03682826599633043
cot-zero-shot,15,F1,F3,0.045323243432347914
cot-zero-shot,15,F1,F4,0.00913506279898676
cot-zero-shot,15,F1,F5,0.008272744414333873
cot-zero-shot,15,F2,A1,0.008661865963678298
cot-zero-shot,15,F2,A2,0.024323859008814643
cot-zero-shot,15,F2,A3,-0.01295423708022046
cot-zero-shot,15,F2,F0,0.12707887981274427
cot-zero-shot,15,F2,F1,0.03682826599633043
cot-zero-shot,15,F2,F2,0.9999999999967845
cot-zero-shot,15,F2,F3,0.06864371620954789
cot-zero-shot,15,F2,F4,0.01757112185368376
cot-zero-shot,15,F2,F5,0.05601497765200963
cot-zero-shot,15,F3,A1,0.0027345253465447736
cot-zero-shot,15,F3,A2,0.02511869613945425
cot-zero-shot,15,F3,A3,-0.01585730431272439
cot-zero-shot,15,F3,F0,0.04097871976626536
cot-zero-shot,15,F3,F1,0.045323243432347914
cot-zero-shot,15,F3,F2,0.06864371620954789
cot-zero-shot,15,F3,F3,0.9999999999769725
cot-zero-shot,15,F3,F4,0.12184870896037124
cot-zero-shot,15,F3,F5,0.034028258003950866
cot-zero-shot,15,F4,A1,0.00997728606432095
cot-zero-shot,15,F4,A2,-0.00949429431669003
cot-zero-shot,15,F4,A3,0.0023072308698685886
cot-zero-shot,15,F4,F0,0.08016588102305097
cot-zero-shot,15,F4,F1,0.00913506279898676
cot-zero-shot,15,F4,F2,0.01757112185368376
cot-zero-shot,15,F4,F3,0.12184870896037124
cot-zero-shot,15,F4,F4,0.9999999999854327
cot-zero-shot,15,F4,F5,0.1330396969962189
cot-zero-shot,15,F5,A1,-0.009205965729334617
cot-zero-shot,15,F5,A2,0.02846428842777988
cot-zero-shot,15,F5,A3,-0.017645511724947768
cot-zero-shot,15,F5,F0,0.03681146450525005
cot-zero-shot,15,F5,F1,0.008272744414333873
cot-zero-shot,15,F5,F2,0.05601497765200963
cot-zero-shot,15,F5,F3,0.034028258003950866
cot-zero-shot,15,F5,F4,0.1330396969962189
cot-zero-shot,15,F5,F5,0.9999999999956141
cot-zero-shot,16,A1,A1,0.9999999999876786
cot-zero-shot,16,A1,A2,0.1232695404079777
cot-zero-shot,16,A1,A3,0.07019885442411895
cot-zero-shot,16,A1,F0,-0.011224207293894506
cot-zero-shot,16,A1,F1,0.020541835627441732
cot-zero-shot,16,A1,F2,0.0022073396813960394
cot-zero-shot,16,A1,F3,0.009545337957085764
cot-zero-shot,16,A1,F4,0.014166980604623021
cot-zero-shot,16,A1,F5,-0.0042750277696398924
cot-zero-shot,16,A2,A1,0.1232695404079777
cot-zero-shot,16,A2,A2,0.9999999999662902
cot-zero-shot,16,A2,A3,0.3384673136581118
cot-zero-shot,16,A2,F0,-0.0041109121084362404
cot-zero-shot,16,A2,F1,-0.036708821557240826
cot-zero-shot,16,A2,F2,0.020472446674668625
cot-zero-shot,16,A2,F3,0.031170240179368553
cot-zero-shot,16,A2,F4,-0.009336568675749042
cot-zero-shot,16,A2,F5,0.03529556139472553
cot-zero-shot,16,A3,A1,0.07019885442411895
cot-zero-shot,16,A3,A2,0.3384673136581118
cot-zero-shot,16,A3,A3,0.9999999999306393
cot-zero-shot,16,A3,F0,-0.009093254673022683
cot-zero-shot,16,A3,F1,-0.010200372745284821
cot-zero-shot,16,A3,F2,-0.019642558953281868
cot-zero-shot,16,A3,F3,-0.01302019114471825
cot-zero-shot,16,A3,F4,-0.005220132813309811
cot-zero-shot,16,A3,F5,-0.02247067312932252
cot-zero-shot,16,F0,A1,-0.011224207293894506
cot-zero-shot,16,F0,A2,-0.0041109121084362404
cot-zero-shot,16,F0,A3,-0.009093254673022683
cot-zero-shot,16,F0,F0,0.9999999999961529
cot-zero-shot,16,F0,F1,0.009464520299217506
cot-zero-shot,16,F0,F2,0.13324517800596242
cot-zero-shot,16,F0,F3,0.043062445226763606
cot-zero-shot,16,F0,F4,0.08087346037842084
cot-zero-shot,16,F0,F5,0.0357044685462058
cot-zero-shot,16,F1,A1,0.020541835627441732
cot-zero-shot,16,F1,A2,-0.036708821557240826
cot-zero-shot,16,F1,A3,-0.010200372745284821
cot-zero-shot,16,F1,F0,0.009464520299217506
cot-zero-shot,16,F1,F1,0.9999999999867764
cot-zero-shot,16,F1,F2,0.0322752329435747
cot-zero-shot,16,F1,F3,0.04869388538372851
cot-zero-shot,16,F1,F4,0.010570328436639683
cot-zero-shot,16,F1,F5,-0.003723172201482356
cot-zero-shot,16,F2,A1,0.0022073396813960394
cot-zero-shot,16,F2,A2,0.020472446674668625
cot-zero-shot,16,F2,A3,-0.019642558953281868
cot-zero-shot,16,F2,F0,0.13324517800596242
cot-zero-shot,16,F2,F1,0.0322752329435747
cot-zero-shot,16,F2,F2,0.999999999996736
cot-zero-shot,16,F2,F3,0.06424584060129519
cot-zero-shot,16,F2,F4,0.03610721187334479
cot-zero-shot,16,F2,F5,0.053868836795395836
cot-zero-shot,16,F3,A1,0.009545337957085764
cot-zero-shot,16,F3,A2,0.031170240179368553
cot-zero-shot,16,F3,A3,-0.01302019114471825
cot-zero-shot,16,F3,F0,0.043062445226763606
cot-zero-shot,16,F3,F1,0.04869388538372851
cot-zero-shot,16,F3,F2,0.06424584060129519
cot-zero-shot,16,F3,F3,0.999999999975619
cot-zero-shot,16,F3,F4,0.1173130112366787
cot-zero-shot,16,F3,F5,0.0437441357802427
cot-zero-shot,16,F4,A1,0.014166980604623021
cot-zero-shot,16,F4,A2,-0.009336568675749042
cot-zero-shot,16,F4,A3,-0.005220132813309811
cot-zero-shot,16,F4,F0,0.08087346037842084
cot-zero-shot,16,F4,F1,0.010570328436639683
cot-zero-shot,16,F4,F2,0.03610721187334479
cot-zero-shot,16,F4,F3,0.1173130112366787
cot-zero-shot,16,F4,F4,0.999999999985289
cot-zero-shot,16,F4,F5,0.1428836405660319
cot-zero-shot,16,F5,A1,-0.0042750277696398924
cot-zero-shot,16,F5,A2,0.03529556139472553
cot-zero-shot,16,F5,A3,-0.02247067312932252
cot-zero-shot,16,F5,F0,0.0357044685462058
cot-zero-shot,16,F5,F1,-0.003723172201482356
cot-zero-shot,16,F5,F2,0.053868836795395836
cot-zero-shot,16,F5,F3,0.0437441357802427
cot-zero-shot,16,F5,F4,0.1428836405660319
cot-zero-shot,16,F5,F5,0.9999999999955691
cot-zero-shot,17,A1,A1,0.9999999999869734
cot-zero-shot,17,A1,A2,0.1292226239014593
cot-zero-shot,17,A1,A3,0.07016794527568113
cot-zero-shot,17,A1,F0,-0.0092844936536699
cot-zero-shot,17,A1,F1,0.02291347119923231
cot-zero-shot,17,A1,F2,-8.38291804832211e-05
cot-zero-shot,17,A1,F3,0.0010812959014140575
cot-zero-shot,17,A1,F4,0.018032350180503153
cot-zero-shot,17,A1,F5,0.012596267746632708
cot-zero-shot,17,A2,A1,0.1292226239014593
cot-zero-shot,17,A2,A2,0.9999999999654426
cot-zero-shot,17,A2,A3,0.333991140783909
cot-zero-shot,17,A2,F0,-0.006371959701791245
cot-zero-shot,17,A2,F1,-0.033872061707064624
cot-zero-shot,17,A2,F2,0.0026431498085758777
cot-zero-shot,17,A2,F3,0.027291461185501756
cot-zero-shot,17,A2,F4,-0.00604135605716754
cot-zero-shot,17,A2,F5,0.0364501538646166
cot-zero-shot,17,A3,A1,0.07016794527568113
cot-zero-shot,17,A3,A2,0.333991140783909
cot-zero-shot,17,A3,A3,0.9999999999143473
cot-zero-shot,17,A3,F0,-0.007010384379876843
cot-zero-shot,17,A3,F1,-0.009539300919621331
cot-zero-shot,17,A3,F2,-0.024857002602141402
cot-zero-shot,17,A3,F3,-0.008579859801569289
cot-zero-shot,17,A3,F4,0.0017338926239963159
cot-zero-shot,17,A3,F5,-0.024177295414051177
cot-zero-shot,17,F0,A1,-0.0092844936536699
cot-zero-shot,17,F0,A2,-0.006371959701791245
cot-zero-shot,17,F0,A3,-0.007010384379876843
cot-zero-shot,17,F0,F0,0.999999999996102
cot-zero-shot,17,F0,F1,0.018928389160687512
cot-zero-shot,17,F0,F2,0.14941740465232467
cot-zero-shot,17,F0,F3,0.04667732641096855
cot-zero-shot,17,F0,F4,0.08048642722746138
cot-zero-shot,17,F0,F5,0.04181127730167608
cot-zero-shot,17,F1,A1,0.02291347119923231
cot-zero-shot,17,F1,A2,-0.033872061707064624
cot-zero-shot,17,F1,A3,-0.009539300919621331
cot-zero-shot,17,F1,F0,0.018928389160687512
cot-zero-shot,17,F1,F1,0.9999999999871299
cot-zero-shot,17,F1,F2,0.03651372373501842
cot-zero-shot,17,F1,F3,0.04127885694224815
cot-zero-shot,17,F1,F4,0.0020422162104283053
cot-zero-shot,17,F1,F5,-0.009684164533284169
cot-zero-shot,17,F2,A1,-8.38291804832211e-05
cot-zero-shot,17,F2,A2,0.0026431498085758777
cot-zero-shot,17,F2,A3,-0.024857002602141402
cot-zero-shot,17,F2,F0,0.14941740465232467
cot-zero-shot,17,F2,F1,0.03651372373501842
cot-zero-shot,17,F2,F2,0.9999999999967839
cot-zero-shot,17,F2,F3,0.08040870321206198
cot-zero-shot,17,F2,F4,0.05515552994173409
cot-zero-shot,17,F2,F5,0.04893859759329613
cot-zero-shot,17,F3,A1,0.0010812959014140575
cot-zero-shot,17,F3,A2,0.027291461185501756
cot-zero-shot,17,F3,A3,-0.008579859801569289
cot-zero-shot,17,F3,F0,0.04667732641096855
cot-zero-shot,17,F3,F1,0.04127885694224815
cot-zero-shot,17,F3,F2,0.08040870321206198
cot-zero-shot,17,F3,F3,0.9999999999743913
cot-zero-shot,17,F3,F4,0.12641651891236752
cot-zero-shot,17,F3,F5,0.06268243919548763
cot-zero-shot,17,F4,A1,0.018032350180503153
cot-zero-shot,17,F4,A2,-0.00604135605716754
cot-zero-shot,17,F4,A3,0.0017338926239963159
cot-zero-shot,17,F4,F0,0.08048642722746138
cot-zero-shot,17,F4,F1,0.0020422162104283053
cot-zero-shot,17,F4,F2,0.05515552994173409
cot-zero-shot,17,F4,F3,0.12641651891236752
cot-zero-shot,17,F4,F4,0.9999999999847038
cot-zero-shot,17,F4,F5,0.13478348316819003
cot-zero-shot,17,F5,A1,0.012596267746632708
cot-zero-shot,17,F5,A2,0.0364501538646166
cot-zero-shot,17,F5,A3,-0.024177295414051177
cot-zero-shot,17,F5,F0,0.04181127730167608
cot-zero-shot,17,F5,F1,-0.009684164533284169
cot-zero-shot,17,F5,F2,0.04893859759329613
cot-zero-shot,17,F5,F3,0.06268243919548763
cot-zero-shot,17,F5,F4,0.13478348316819003
cot-zero-shot,17,F5,F5,0.9999999999954553
cot-zero-shot,18,A1,A1,0.9999999999862836
cot-zero-shot,18,A1,A2,0.13515904831778078
cot-zero-shot,18,A1,A3,0.07768938074512453
cot-zero-shot,18,A1,F0,-0.014621412749499938
cot-zero-shot,18,A1,F1,0.018290346730879432
cot-zero-shot,18,A1,F2,-0.003938866075699373
cot-zero-shot,18,A1,F3,0.005336332731304682
cot-zero-shot,18,A1,F4,0.02328605907786289
cot-zero-shot,18,A1,F5,0.00555302734270597
cot-zero-shot,18,A2,A1,0.13515904831778078
cot-zero-shot,18,A2,A2,0.9999999999636098
cot-zero-shot,18,A2,A3,0.3316649033757456
cot-zero-shot,18,A2,F0,0.00657578229904365
cot-zero-shot,18,A2,F1,-0.027964978395950822
cot-zero-shot,18,A2,F2,0.008708048482122602
cot-zero-shot,18,A2,F3,0.023610717846657955
cot-zero-shot,18,A2,F4,-0.007203272212469119
cot-zero-shot,18,A2,F5,0.03672238313517185
cot-zero-shot,18,A3,A1,0.07768938074512453
cot-zero-shot,18,A3,A2,0.3316649033757456
cot-zero-shot,18,A3,A3,0.9999999999000456
cot-zero-shot,18,A3,F0,-0.007720496138045589
cot-zero-shot,18,A3,F1,-0.009155498700796839
cot-zero-shot,18,A3,F2,-0.020870624910484338
cot-zero-shot,18,A3,F3,-0.00876526163550216
cot-zero-shot,18,A3,F4,-0.0006170363770334218
cot-zero-shot,18,A3,F5,-0.024890716141163376
cot-zero-shot,18,F0,A1,-0.014621412749499938
cot-zero-shot,18,F0,A2,0.00657578229904365
cot-zero-shot,18,F0,A3,-0.007720496138045589
cot-zero-shot,18,F0,F0,0.999999999996009
cot-zero-shot,18,F0,F1,0.017578591335344514
cot-zero-shot,18,F0,F2,0.15596974255135496
cot-zero-shot,18,F0,F3,0.047687378564441205
cot-zero-shot,18,F0,F4,0.06463886616378992
cot-zero-shot,18,F0,F5,0.044861231733150084
cot-zero-shot,18,F1,A1,0.018290346730879432
cot-zero-shot,18,F1,A2,-0.027964978395950822
cot-zero-shot,18,F1,A3,-0.009155498700796839
cot-zero-shot,18,F1,F0,0.017578591335344514
cot-zero-shot,18,F1,F1,0.9999999999870475
cot-zero-shot,18,F1,F2,0.04174339361253007
cot-zero-shot,18,F1,F3,0.04480000609334318
cot-zero-shot,18,F1,F4,0.010258943758324687
cot-zero-shot,18,F1,F5,-0.012423936189305951
cot-zero-shot,18,F2,A1,-0.003938866075699373
cot-zero-shot,18,F2,A2,0.008708048482122602
cot-zero-shot,18,F2,A3,-0.020870624910484338
cot-zero-shot,18,F2,F0,0.15596974255135496
cot-zero-shot,18,F2,F1,0.04174339361253007
cot-zero-shot,18,F2,F2,0.9999999999967155
cot-zero-shot,18,F2,F3,0.07744391132509625
cot-zero-shot,18,F2,F4,0.04523884816456122
cot-zero-shot,18,F2,F5,0.05260448552158965
cot-zero-shot,18,F3,A1,0.005336332731304682
cot-zero-shot,18,F3,A2,0.023610717846657955
cot-zero-shot,18,F3,A3,-0.00876526163550216
cot-zero-shot,18,F3,F0,0.047687378564441205
cot-zero-shot,18,F3,F1,0.04480000609334318
cot-zero-shot,18,F3,F2,0.07744391132509625
cot-zero-shot,18,F3,F3,0.9999999999731827
cot-zero-shot,18,F3,F4,0.13128458360404902
cot-zero-shot,18,F3,F5,0.07333355819614251
cot-zero-shot,18,F4,A1,0.02328605907786289
cot-zero-shot,18,F4,A2,-0.007203272212469119
cot-zero-shot,18,F4,A3,-0.0006170363770334218
cot-zero-shot,18,F4,F0,0.06463886616378992
cot-zero-shot,18,F4,F1,0.010258943758324687
cot-zero-shot,18,F4,F2,0.04523884816456122
cot-zero-shot,18,F4,F3,0.13128458360404902
cot-zero-shot,18,F4,F4,0.9999999999845296
cot-zero-shot,18,F4,F5,0.14032218023610613
cot-zero-shot,18,F5,A1,0.00555302734270597
cot-zero-shot,18,F5,A2,0.03672238313517185
cot-zero-shot,18,F5,A3,-0.024890716141163376
cot-zero-shot,18,F5,F0,0.044861231733150084
cot-zero-shot,18,F5,F1,-0.012423936189305951
cot-zero-shot,18,F5,F2,0.05260448552158965
cot-zero-shot,18,F5,F3,0.07333355819614251
cot-zero-shot,18,F5,F4,0.14032218023610613
cot-zero-shot,18,F5,F5,0.9999999999951699
cot-zero-shot,19,A1,A1,0.9999999999861613
cot-zero-shot,19,A1,A2,0.13672035847011307
cot-zero-shot,19,A1,A3,0.07504412039944175
cot-zero-shot,19,A1,F0,-0.017097100443823836
cot-zero-shot,19,A1,F1,0.02063148098601006
cot-zero-shot,19,A1,F2,0.005820016034944063
cot-zero-shot,19,A1,F3,0.011012309898250647
cot-zero-shot,19,A1,F4,0.019675197511502585
cot-zero-shot,19,A1,F5,0.007031074528504431
cot-zero-shot,19,A2,A1,0.13672035847011307
cot-zero-shot,19,A2,A2,0.9999999999638273
cot-zero-shot,19,A2,A3,0.32502563717742666
cot-zero-shot,19,A2,F0,0.002647182716424974
cot-zero-shot,19,A2,F1,-0.021945344502312378
cot-zero-shot,19,A2,F2,0.012866148603493895
cot-zero-shot,19,A2,F3,0.01241323899640828
cot-zero-shot,19,A2,F4,-0.0057691128416779295
cot-zero-shot,19,A2,F5,0.04149202390044316
cot-zero-shot,19,A3,A1,0.07504412039944175
cot-zero-shot,19,A3,A2,0.32502563717742666
cot-zero-shot,19,A3,A3,0.9999999998925609
cot-zero-shot,19,A3,F0,-0.006459939876559366
cot-zero-shot,19,A3,F1,-0.004279251212758174
cot-zero-shot,19,A3,F2,-0.025569695616148122
cot-zero-shot,19,A3,F3,-0.005601262418334442
cot-zero-shot,19,A3,F4,0.0026740743395758317
cot-zero-shot,19,A3,F5,-0.02298915716449437
cot-zero-shot,19,F0,A1,-0.017097100443823836
cot-zero-shot,19,F0,A2,0.002647182716424974
cot-zero-shot,19,F0,A3,-0.006459939876559366
cot-zero-shot,19,F0,F0,0.9999999999959501
cot-zero-shot,19,F0,F1,0.009942420050112328
cot-zero-shot,19,F0,F2,0.1641457172929307
cot-zero-shot,19,F0,F3,0.05227804201320438
cot-zero-shot,19,F0,F4,0.07489693853785791
cot-zero-shot,19,F0,F5,0.04839771665603288
cot-zero-shot,19,F1,A1,0.02063148098601006
cot-zero-shot,19,F1,A2,-0.021945344502312378
cot-zero-shot,19,F1,A3,-0.004279251212758174
cot-zero-shot,19,F1,F0,0.009942420050112328
cot-zero-shot,19,F1,F1,0.9999999999869422
cot-zero-shot,19,F1,F2,0.057866768649425415
cot-zero-shot,19,F1,F3,0.03557268766224279
cot-zero-shot,19,F1,F4,0.004106184075966632
cot-zero-shot,19,F1,F5,-0.014853616651964717
cot-zero-shot,19,F2,A1,0.005820016034944063
cot-zero-shot,19,F2,A2,0.012866148603493895
cot-zero-shot,19,F2,A3,-0.025569695616148122
cot-zero-shot,19,F2,F0,0.1641457172929307
cot-zero-shot,19,F2,F1,0.057866768649425415
cot-zero-shot,19,F2,F2,0.9999999999967064
cot-zero-shot,19,F2,F3,0.06989339809821153
cot-zero-shot,19,F2,F4,0.04085380540128086
cot-zero-shot,19,F2,F5,0.050574840442165585
cot-zero-shot,19,F3,A1,0.011012309898250647
cot-zero-shot,19,F3,A2,0.01241323899640828
cot-zero-shot,19,F3,A3,-0.005601262418334442
cot-zero-shot,19,F3,F0,0.05227804201320438
cot-zero-shot,19,F3,F1,0.03557268766224279
cot-zero-shot,19,F3,F2,0.06989339809821153
cot-zero-shot,19,F3,F3,0.9999999999731244
cot-zero-shot,19,F3,F4,0.13994346172782363
cot-zero-shot,19,F3,F5,0.07821719093051549
cot-zero-shot,19,F4,A1,0.019675197511502585
cot-zero-shot,19,F4,A2,-0.0057691128416779295
cot-zero-shot,19,F4,A3,0.0026740743395758317
cot-zero-shot,19,F4,F0,0.07489693853785791
cot-zero-shot,19,F4,F1,0.004106184075966632
cot-zero-shot,19,F4,F2,0.04085380540128086
cot-zero-shot,19,F4,F3,0.13994346172782363
cot-zero-shot,19,F4,F4,0.9999999999844499
cot-zero-shot,19,F4,F5,0.13356833274267002
cot-zero-shot,19,F5,A1,0.007031074528504431
cot-zero-shot,19,F5,A2,0.04149202390044316
cot-zero-shot,19,F5,A3,-0.02298915716449437
cot-zero-shot,19,F5,F0,0.04839771665603288
cot-zero-shot,19,F5,F1,-0.014853616651964717
cot-zero-shot,19,F5,F2,0.050574840442165585
cot-zero-shot,19,F5,F3,0.07821719093051549
cot-zero-shot,19,F5,F4,0.13356833274267002
cot-zero-shot,19,F5,F5,0.9999999999949409
cot-zero-shot,20,A1,A1,0.999999999985699
cot-zero-shot,20,A1,A2,0.13175597368836214
cot-zero-shot,20,A1,A3,0.06181680246149653
cot-zero-shot,20,A1,F0,-0.011497661394305907
cot-zero-shot,20,A1,F1,0.008463707235547147
cot-zero-shot,20,A1,F2,0.005795645552967251
cot-zero-shot,20,A1,F3,0.008500600367471738
cot-zero-shot,20,A1,F4,0.02729723885514139
cot-zero-shot,20,A1,F5,0.012039049294841656
cot-zero-shot,20,A2,A1,0.13175597368836214
cot-zero-shot,20,A2,A2,0.9999999999618214
cot-zero-shot,20,A2,A3,0.3051273750041977
cot-zero-shot,20,A2,F0,-0.010926919182789943
cot-zero-shot,20,A2,F1,-0.01903369000068007
cot-zero-shot,20,A2,F2,0.011358070648400265
cot-zero-shot,20,A2,F3,0.01673147575876757
cot-zero-shot,20,A2,F4,-0.0026975232684596463
cot-zero-shot,20,A2,F5,0.046068072178593655
cot-zero-shot,20,A3,A1,0.06181680246149653
cot-zero-shot,20,A3,A2,0.3051273750041977
cot-zero-shot,20,A3,A3,0.9999999998724192
cot-zero-shot,20,A3,F0,-0.002767062728057357
cot-zero-shot,20,A3,F1,-0.004706353467923118
cot-zero-shot,20,A3,F2,-0.020280696900056232
cot-zero-shot,20,A3,F3,-0.0070655896181292975
cot-zero-shot,20,A3,F4,-0.0020135413286396435
cot-zero-shot,20,A3,F5,-0.027395336740799487
cot-zero-shot,20,F0,A1,-0.011497661394305907
cot-zero-shot,20,F0,A2,-0.010926919182789943
cot-zero-shot,20,F0,A3,-0.002767062728057357
cot-zero-shot,20,F0,F0,0.9999999999959652
cot-zero-shot,20,F0,F1,0.014618337962983608
cot-zero-shot,20,F0,F2,0.1563771008225854
cot-zero-shot,20,F0,F3,0.05250023121314096
cot-zero-shot,20,F0,F4,0.06832035770799735
cot-zero-shot,20,F0,F5,0.04737582326313936
cot-zero-shot,20,F1,A1,0.008463707235547147
cot-zero-shot,20,F1,A2,-0.01903369000068007
cot-zero-shot,20,F1,A3,-0.004706353467923118
cot-zero-shot,20,F1,F0,0.014618337962983608
cot-zero-shot,20,F1,F1,0.9999999999866952
cot-zero-shot,20,F1,F2,0.056900321121501
cot-zero-shot,20,F1,F3,0.02742787268928004
cot-zero-shot,20,F1,F4,0.008804184260351263
cot-zero-shot,20,F1,F5,-0.015170103678536424
cot-zero-shot,20,F2,A1,0.005795645552967251
cot-zero-shot,20,F2,A2,0.011358070648400265
cot-zero-shot,20,F2,A3,-0.020280696900056232
cot-zero-shot,20,F2,F0,0.1563771008225854
cot-zero-shot,20,F2,F1,0.056900321121501
cot-zero-shot,20,F2,F2,0.9999999999967023
cot-zero-shot,20,F2,F3,0.06845647822358691
cot-zero-shot,20,F2,F4,0.0457956247823021
cot-zero-shot,20,F2,F5,0.04257643551351803
cot-zero-shot,20,F3,A1,0.008500600367471738
cot-zero-shot,20,F3,A2,0.01673147575876757
cot-zero-shot,20,F3,A3,-0.0070655896181292975
cot-zero-shot,20,F3,F0,0.05250023121314096
cot-zero-shot,20,F3,F1,0.02742787268928004
cot-zero-shot,20,F3,F2,0.06845647822358691
cot-zero-shot,20,F3,F3,0.9999999999722136
cot-zero-shot,20,F3,F4,0.14612496630166066
cot-zero-shot,20,F3,F5,0.07879349205899153
cot-zero-shot,20,F4,A1,0.02729723885514139
cot-zero-shot,20,F4,A2,-0.0026975232684596463
cot-zero-shot,20,F4,A3,-0.0020135413286396435
cot-zero-shot,20,F4,F0,0.06832035770799735
cot-zero-shot,20,F4,F1,0.008804184260351263
cot-zero-shot,20,F4,F2,0.0457956247823021
cot-zero-shot,20,F4,F3,0.14612496630166066
cot-zero-shot,20,F4,F4,0.9999999999842383
cot-zero-shot,20,F4,F5,0.13774027816293133
cot-zero-shot,20,F5,A1,0.012039049294841656
cot-zero-shot,20,F5,A2,0.046068072178593655
cot-zero-shot,20,F5,A3,-0.027395336740799487
cot-zero-shot,20,F5,F0,0.04737582326313936
cot-zero-shot,20,F5,F1,-0.015170103678536424
cot-zero-shot,20,F5,F2,0.04257643551351803
cot-zero-shot,20,F5,F3,0.07879349205899153
cot-zero-shot,20,F5,F4,0.13774027816293133
cot-zero-shot,20,F5,F5,0.9999999999947415
cot-zero-shot,21,A1,A1,0.9999999999847962
cot-zero-shot,21,A1,A2,0.13010824292567033
cot-zero-shot,21,A1,A3,0.04703715041676689
cot-zero-shot,21,A1,F0,-0.01406658481394869
cot-zero-shot,21,A1,F1,0.012999940390419865
cot-zero-shot,21,A1,F2,0.008587455313442198
cot-zero-shot,21,A1,F3,0.00903346281089478
cot-zero-shot,21,A1,F4,0.017306057933539395
cot-zero-shot,21,A1,F5,0.020793743833665435
cot-zero-shot,21,A2,A1,0.13010824292567033
cot-zero-shot,21,A2,A2,0.999999999958383
cot-zero-shot,21,A2,A3,0.25831532643635297
cot-zero-shot,21,A2,F0,0.0014899032717538294
cot-zero-shot,21,A2,F1,-0.010701721058433505
cot-zero-shot,21,A2,F2,0.0034938631072587416
cot-zero-shot,21,A2,F3,0.014252000318535173
cot-zero-shot,21,A2,F4,-0.007330455639434988
cot-zero-shot,21,A2,F5,0.04367214393053831
cot-zero-shot,21,A3,A1,0.04703715041676689
cot-zero-shot,21,A3,A2,0.25831532643635297
cot-zero-shot,21,A3,A3,0.9999999998176177
cot-zero-shot,21,A3,F0,-0.00399147195927173
cot-zero-shot,21,A3,F1,-0.011764924978520242
cot-zero-shot,21,A3,F2,-0.02082240949547012
cot-zero-shot,21,A3,F3,-0.0076826676515542635
cot-zero-shot,21,A3,F4,0.00611062693746711
cot-zero-shot,21,A3,F5,-0.024101763605838687
cot-zero-shot,21,F0,A1,-0.01406658481394869
cot-zero-shot,21,F0,A2,0.0014899032717538294
cot-zero-shot,21,F0,A3,-0.00399147195927173
cot-zero-shot,21,F0,F0,0.9999999999960432
cot-zero-shot,21,F0,F1,0.03264898890944451
cot-zero-shot,21,F0,F2,0.1404589800513525
cot-zero-shot,21,F0,F3,0.05272717643365823
cot-zero-shot,21,F0,F4,0.06432385095661027
cot-zero-shot,21,F0,F5,0.03543348381627624
cot-zero-shot,21,F1,A1,0.012999940390419865
cot-zero-shot,21,F1,A2,-0.010701721058433505
cot-zero-shot,21,F1,A3,-0.011764924978520242
cot-zero-shot,21,F1,F0,0.03264898890944451
cot-zero-shot,21,F1,F1,0.9999999999864916
cot-zero-shot,21,F1,F2,0.06035039789875593
cot-zero-shot,21,F1,F3,0.029673330255266472
cot-zero-shot,21,F1,F4,0.0043140760166849295
cot-zero-shot,21,F1,F5,-0.011890511775933955
cot-zero-shot,21,F2,A1,0.008587455313442198
cot-zero-shot,21,F2,A2,0.0034938631072587416
cot-zero-shot,21,F2,A3,-0.02082240949547012
cot-zero-shot,21,F2,F0,0.1404589800513525
cot-zero-shot,21,F2,F1,0.06035039789875593
cot-zero-shot,21,F2,F2,0.9999999999968392
cot-zero-shot,21,F2,F3,0.059280254971858126
cot-zero-shot,21,F2,F4,0.04942749927127008
cot-zero-shot,21,F2,F5,0.03931279227963158
cot-zero-shot,21,F3,A1,0.00903346281089478
cot-zero-shot,21,F3,A2,0.014252000318535173
cot-zero-shot,21,F3,A3,-0.0076826676515542635
cot-zero-shot,21,F3,F0,0.05272717643365823
cot-zero-shot,21,F3,F1,0.029673330255266472
cot-zero-shot,21,F3,F2,0.059280254971858126
cot-zero-shot,21,F3,F3,0.9999999999718321
cot-zero-shot,21,F3,F4,0.14274922620748418
cot-zero-shot,21,F3,F5,0.07206897498259487
cot-zero-shot,21,F4,A1,0.017306057933539395
cot-zero-shot,21,F4,A2,-0.007330455639434988
cot-zero-shot,21,F4,A3,0.00611062693746711
cot-zero-shot,21,F4,F0,0.06432385095661027
cot-zero-shot,21,F4,F1,0.0043140760166849295
cot-zero-shot,21,F4,F2,0.04942749927127008
cot-zero-shot,21,F4,F3,0.14274922620748418
cot-zero-shot,21,F4,F4,0.9999999999840382
cot-zero-shot,21,F4,F5,0.13867066079216725
cot-zero-shot,21,F5,A1,0.020793743833665435
cot-zero-shot,21,F5,A2,0.04367214393053831
cot-zero-shot,21,F5,A3,-0.024101763605838687
cot-zero-shot,21,F5,F0,0.03543348381627624
cot-zero-shot,21,F5,F1,-0.011890511775933955
cot-zero-shot,21,F5,F2,0.03931279227963158
cot-zero-shot,21,F5,F3,0.07206897498259487
cot-zero-shot,21,F5,F4,0.13867066079216725
cot-zero-shot,21,F5,F5,0.9999999999945508
cot-zero-shot,22,A1,A1,0.9999999999839405
cot-zero-shot,22,A1,A2,0.1266588939650614
cot-zero-shot,22,A1,A3,0.03917965574686549
cot-zero-shot,22,A1,F0,-0.008388237027127297
cot-zero-shot,22,A1,F1,0.011850366691280917
cot-zero-shot,22,A1,F2,0.0038367620058547217
cot-zero-shot,22,A1,F3,0.001766290219064123
cot-zero-shot,22,A1,F4,0.015051817523480227
cot-zero-shot,22,A1,F5,0.023846795065838783
cot-zero-shot,22,A2,A1,0.1266588939650614
cot-zero-shot,22,A2,A2,0.9999999999564098
cot-zero-shot,22,A2,A3,0.21506538841791656
cot-zero-shot,22,A2,F0,0.011414824749655128
cot-zero-shot,22,A2,F1,-0.010800305859204438
cot-zero-shot,22,A2,F2,0.006399455193860283
cot-zero-shot,22,A2,F3,-0.0016641599668529633
cot-zero-shot,22,A2,F4,-0.0005511251779273047
cot-zero-shot,22,A2,F5,0.04769932815368532
cot-zero-shot,22,A3,A1,0.03917965574686549
cot-zero-shot,22,A3,A2,0.21506538841791656
cot-zero-shot,22,A3,A3,0.999999999745009
cot-zero-shot,22,A3,F0,-0.0012638210951644733
cot-zero-shot,22,A3,F1,-0.008490585639309964
cot-zero-shot,22,A3,F2,-0.017495209802117016
cot-zero-shot,22,A3,F3,-0.008243015596269531
cot-zero-shot,22,A3,F4,0.007251149601937667
cot-zero-shot,22,A3,F5,-0.021761255011323893
cot-zero-shot,22,F0,A1,-0.008388237027127297
cot-zero-shot,22,F0,A2,0.011414824749655128
cot-zero-shot,22,F0,A3,-0.0012638210951644733
cot-zero-shot,22,F0,F0,0.9999999999959406
cot-zero-shot,22,F0,F1,0.03471022779549457
cot-zero-shot,22,F0,F2,0.13541836932401127
cot-zero-shot,22,F0,F3,0.05526580810058688
cot-zero-shot,22,F0,F4,0.058054166407472324
cot-zero-shot,22,F0,F5,0.03754677383556161
cot-zero-shot,22,F1,A1,0.011850366691280917
cot-zero-shot,22,F1,A2,-0.010800305859204438
cot-zero-shot,22,F1,A3,-0.008490585639309964
cot-zero-shot,22,F1,F0,0.03471022779549457
cot-zero-shot,22,F1,F1,0.9999999999860352
cot-zero-shot,22,F1,F2,0.055891242841723705
cot-zero-shot,22,F1,F3,0.024491695660207223
cot-zero-shot,22,F1,F4,0.00022527381039105825
cot-zero-shot,22,F1,F5,-0.008892732769782764
cot-zero-shot,22,F2,A1,0.0038367620058547217
cot-zero-shot,22,F2,A2,0.006399455193860283
cot-zero-shot,22,F2,A3,-0.017495209802117016
cot-zero-shot,22,F2,F0,0.13541836932401127
cot-zero-shot,22,F2,F1,0.055891242841723705
cot-zero-shot,22,F2,F2,0.9999999999968621
cot-zero-shot,22,F2,F3,0.05560422462574626
cot-zero-shot,22,F2,F4,0.05231749035756378
cot-zero-shot,22,F2,F5,0.040077266511136425
cot-zero-shot,22,F3,A1,0.001766290219064123
cot-zero-shot,22,F3,A2,-0.0016641599668529633
cot-zero-shot,22,F3,A3,-0.008243015596269531
cot-zero-shot,22,F3,F0,0.05526580810058688
cot-zero-shot,22,F3,F1,0.024491695660207223
cot-zero-shot,22,F3,F2,0.05560422462574626
cot-zero-shot,22,F3,F3,0.9999999999719842
cot-zero-shot,22,F3,F4,0.13871869940367512
cot-zero-shot,22,F3,F5,0.07152831504909447
cot-zero-shot,22,F4,A1,0.015051817523480227
cot-zero-shot,22,F4,A2,-0.0005511251779273047
cot-zero-shot,22,F4,A3,0.007251149601937667
cot-zero-shot,22,F4,F0,0.058054166407472324
cot-zero-shot,22,F4,F1,0.00022527381039105825
cot-zero-shot,22,F4,F2,0.05231749035756378
cot-zero-shot,22,F4,F3,0.13871869940367512
cot-zero-shot,22,F4,F4,0.9999999999839964
cot-zero-shot,22,F4,F5,0.1478411284670737
cot-zero-shot,22,F5,A1,0.023846795065838783
cot-zero-shot,22,F5,A2,0.04769932815368532
cot-zero-shot,22,F5,A3,-0.021761255011323893
cot-zero-shot,22,F5,F0,0.03754677383556161
cot-zero-shot,22,F5,F1,-0.008892732769782764
cot-zero-shot,22,F5,F2,0.040077266511136425
cot-zero-shot,22,F5,F3,0.07152831504909447
cot-zero-shot,22,F5,F4,0.1478411284670737
cot-zero-shot,22,F5,F5,0.9999999999943873
cot-zero-shot,23,A1,A1,0.9999999999844135
cot-zero-shot,23,A1,A2,0.1142272927437162
cot-zero-shot,23,A1,A3,0.025487498650862847
cot-zero-shot,23,A1,F0,-0.0050611466866212805
cot-zero-shot,23,A1,F1,0.013506101701739028
cot-zero-shot,23,A1,F2,0.006713958490014064
cot-zero-shot,23,A1,F3,0.004745964795751748
cot-zero-shot,23,A1,F4,0.026964062878943647
cot-zero-shot,23,A1,F5,0.01393963537403334
cot-zero-shot,23,A2,A1,0.1142272927437162
cot-zero-shot,23,A2,A2,0.999999999956913
cot-zero-shot,23,A2,A3,0.17328992271611654
cot-zero-shot,23,A2,F0,0.018538953888619508
cot-zero-shot,23,A2,F1,-0.007930234874903297
cot-zero-shot,23,A2,F2,-0.0008761663086603947
cot-zero-shot,23,A2,F3,-0.0012664290717468948
cot-zero-shot,23,A2,F4,0.000693059004112083
cot-zero-shot,23,A2,F5,0.04949997380082397
cot-zero-shot,23,A3,A1,0.025487498650862847
cot-zero-shot,23,A3,A2,0.17328992271611654
cot-zero-shot,23,A3,A3,0.9999999996732155
cot-zero-shot,23,A3,F0,-0.0016360178882223759
cot-zero-shot,23,A3,F1,-0.006480015748055272
cot-zero-shot,23,A3,F2,-0.013215157304560007
cot-zero-shot,23,A3,F3,-0.005082169436715042
cot-zero-shot,23,A3,F4,0.004473695934072671
cot-zero-shot,23,A3,F5,-0.02181676678653709
cot-zero-shot,23,F0,A1,-0.0050611466866212805
cot-zero-shot,23,F0,A2,0.018538953888619508
cot-zero-shot,23,F0,A3,-0.0016360178882223759
cot-zero-shot,23,F0,F0,0.9999999999959182
cot-zero-shot,23,F0,F1,0.037615138312144934
cot-zero-shot,23,F0,F2,0.13065486229192463
cot-zero-shot,23,F0,F3,0.057770744480063786
cot-zero-shot,23,F0,F4,0.051946246328311955
cot-zero-shot,23,F0,F5,0.04134016481670385
cot-zero-shot,23,F1,A1,0.013506101701739028
cot-zero-shot,23,F1,A2,-0.007930234874903297
cot-zero-shot,23,F1,A3,-0.006480015748055272
cot-zero-shot,23,F1,F0,0.037615138312144934
cot-zero-shot,23,F1,F1,0.9999999999861635
cot-zero-shot,23,F1,F2,0.0540851495512213
cot-zero-shot,23,F1,F3,0.00998295278887422
cot-zero-shot,23,F1,F4,0.004775673498809437
cot-zero-shot,23,F1,F5,-0.008463564295435917
cot-zero-shot,23,F2,A1,0.006713958490014064
cot-zero-shot,23,F2,A2,-0.0008761663086603947
cot-zero-shot,23,F2,A3,-0.013215157304560007
cot-zero-shot,23,F2,F0,0.13065486229192463
cot-zero-shot,23,F2,F1,0.0540851495512213
cot-zero-shot,23,F2,F2,0.9999999999968784
cot-zero-shot,23,F2,F3,0.057731380439589815
cot-zero-shot,23,F2,F4,0.04755133828090461
cot-zero-shot,23,F2,F5,0.03945602558082848
cot-zero-shot,23,F3,A1,0.004745964795751748
cot-zero-shot,23,F3,A2,-0.0012664290717468948
cot-zero-shot,23,F3,A3,-0.005082169436715042
cot-zero-shot,23,F3,F0,0.057770744480063786
cot-zero-shot,23,F3,F1,0.00998295278887422
cot-zero-shot,23,F3,F2,0.057731380439589815
cot-zero-shot,23,F3,F3,0.9999999999730099
cot-zero-shot,23,F3,F4,0.13170328211219284
cot-zero-shot,23,F3,F5,0.0659374920874625
cot-zero-shot,23,F4,A1,0.026964062878943647
cot-zero-shot,23,F4,A2,0.000693059004112083
cot-zero-shot,23,F4,A3,0.004473695934072671
cot-zero-shot,23,F4,F0,0.051946246328311955
cot-zero-shot,23,F4,F1,0.004775673498809437
cot-zero-shot,23,F4,F2,0.04755133828090461
cot-zero-shot,23,F4,F3,0.13170328211219284
cot-zero-shot,23,F4,F4,0.9999999999845787
cot-zero-shot,23,F4,F5,0.15299051472701344
cot-zero-shot,23,F5,A1,0.01393963537403334
cot-zero-shot,23,F5,A2,0.04949997380082397
cot-zero-shot,23,F5,A3,-0.02181676678653709
cot-zero-shot,23,F5,F0,0.04134016481670385
cot-zero-shot,23,F5,F1,-0.008463564295435917
cot-zero-shot,23,F5,F2,0.03945602558082848
cot-zero-shot,23,F5,F3,0.0659374920874625
cot-zero-shot,23,F5,F4,0.15299051472701344
cot-zero-shot,23,F5,F5,0.9999999999942919
cot-zero-shot,24,A1,A1,0.99999999998484
cot-zero-shot,24,A1,A2,0.11583212694853182
cot-zero-shot,24,A1,A3,0.017052059008176676
cot-zero-shot,24,A1,F0,-0.010662826524451675
cot-zero-shot,24,A1,F1,0.008758460910331155
cot-zero-shot,24,A1,F2,0.00845204870794591
cot-zero-shot,24,A1,F3,0.010553297198841197
cot-zero-shot,24,A1,F4,0.014298186047434344
cot-zero-shot,24,A1,F5,0.0017819315810115094
cot-zero-shot,24,A2,A1,0.11583212694853182
cot-zero-shot,24,A2,A2,0.9999999999622432
cot-zero-shot,24,A2,A3,0.14531832318250845
cot-zero-shot,24,A2,F0,0.01856591012456693
cot-zero-shot,24,A2,F1,-0.005709958225051517
cot-zero-shot,24,A2,F2,0.00484408618494387
cot-zero-shot,24,A2,F3,-0.007764306722780415
cot-zero-shot,24,A2,F4,-0.010129543349229178
cot-zero-shot,24,A2,F5,0.040636165532322015
cot-zero-shot,24,A3,A1,0.017052059008176676
cot-zero-shot,24,A3,A2,0.14531832318250845
cot-zero-shot,24,A3,A3,0.9999999996039256
cot-zero-shot,24,A3,F0,0.0012434578930003676
cot-zero-shot,24,A3,F1,-0.004104682297569036
cot-zero-shot,24,A3,F2,-0.01031649820386866
cot-zero-shot,24,A3,F3,-0.005087252821336014
cot-zero-shot,24,A3,F4,0.004560011686778084
cot-zero-shot,24,A3,F5,-0.025095774603810204
cot-zero-shot,24,F0,A1,-0.010662826524451675
cot-zero-shot,24,F0,A2,0.01856591012456693
cot-zero-shot,24,F0,A3,0.0012434578930003676
cot-zero-shot,24,F0,F0,0.999999999995844
cot-zero-shot,24,F0,F1,0.03943435921032749
cot-zero-shot,24,F0,F2,0.13938702223372818
cot-zero-shot,24,F0,F3,0.058305496886219846
cot-zero-shot,24,F0,F4,0.053556072740740125
cot-zero-shot,24,F0,F5,0.040332680211102825
cot-zero-shot,24,F1,A1,0.008758460910331155
cot-zero-shot,24,F1,A2,-0.005709958225051517
cot-zero-shot,24,F1,A3,-0.004104682297569036
cot-zero-shot,24,F1,F0,0.03943435921032749
cot-zero-shot,24,F1,F1,0.999999999986031
cot-zero-shot,24,F1,F2,0.050740837962214305
cot-zero-shot,24,F1,F3,0.022049023484398314
cot-zero-shot,24,F1,F4,0.007668159762980426
cot-zero-shot,24,F1,F5,-0.011461749943504136
cot-zero-shot,24,F2,A1,0.00845204870794591
cot-zero-shot,24,F2,A2,0.00484408618494387
cot-zero-shot,24,F2,A3,-0.01031649820386866
cot-zero-shot,24,F2,F0,0.13938702223372818
cot-zero-shot,24,F2,F1,0.050740837962214305
cot-zero-shot,24,F2,F2,0.999999999996791
cot-zero-shot,24,F2,F3,0.05368227818262415
cot-zero-shot,24,F2,F4,0.040071771001625206
cot-zero-shot,24,F2,F5,0.036842102703071915
cot-zero-shot,24,F3,A1,0.010553297198841197
cot-zero-shot,24,F3,A2,-0.007764306722780415
cot-zero-shot,24,F3,A3,-0.005087252821336014
cot-zero-shot,24,F3,F0,0.058305496886219846
cot-zero-shot,24,F3,F1,0.022049023484398314
cot-zero-shot,24,F3,F2,0.05368227818262415
cot-zero-shot,24,F3,F3,0.9999999999733572
cot-zero-shot,24,F3,F4,0.11137827352377637
cot-zero-shot,24,F3,F5,0.052362702252610624
cot-zero-shot,24,F4,A1,0.014298186047434344
cot-zero-shot,24,F4,A2,-0.010129543349229178
cot-zero-shot,24,F4,A3,0.004560011686778084
cot-zero-shot,24,F4,F0,0.053556072740740125
cot-zero-shot,24,F4,F1,0.007668159762980426
cot-zero-shot,24,F4,F2,0.040071771001625206
cot-zero-shot,24,F4,F3,0.11137827352377637
cot-zero-shot,24,F4,F4,0.9999999999846808
cot-zero-shot,24,F4,F5,0.15413700010773498
cot-zero-shot,24,F5,A1,0.0017819315810115094
cot-zero-shot,24,F5,A2,0.040636165532322015
cot-zero-shot,24,F5,A3,-0.025095774603810204
cot-zero-shot,24,F5,F0,0.040332680211102825
cot-zero-shot,24,F5,F1,-0.011461749943504136
cot-zero-shot,24,F5,F2,0.036842102703071915
cot-zero-shot,24,F5,F3,0.052362702252610624
cot-zero-shot,24,F5,F4,0.15413700010773498
cot-zero-shot,24,F5,F5,0.9999999999941444
cot-zero-shot,25,A1,A1,0.9999999999833118
cot-zero-shot,25,A1,A2,0.10615801168705391
cot-zero-shot,25,A1,A3,0.015089285411071542
cot-zero-shot,25,A1,F0,-0.011977974236057802
cot-zero-shot,25,A1,F1,0.00789527297794074
cot-zero-shot,25,A1,F2,0.012961819620451606
cot-zero-shot,25,A1,F3,0.012300649014202213
cot-zero-shot,25,A1,F4,0.009227450070950854
cot-zero-shot,25,A1,F5,0.011592007668359718
cot-zero-shot,25,A2,A1,0.10615801168705391
cot-zero-shot,25,A2,A2,0.99999999996115
cot-zero-shot,25,A2,A3,0.1339511794063139
cot-zero-shot,25,A2,F0,0.018426953202974567
cot-zero-shot,25,A2,F1,-0.014583043392403539
cot-zero-shot,25,A2,F2,0.01670959035545314
cot-zero-shot,25,A2,F3,0.0009610105415698208
cot-zero-shot,25,A2,F4,-0.006672564771797265
cot-zero-shot,25,A2,F5,0.03858111584010317
cot-zero-shot,25,A3,A1,0.015089285411071542
cot-zero-shot,25,A3,A2,0.1339511794063139
cot-zero-shot,25,A3,A3,0.9999999994718491
cot-zero-shot,25,A3,F0,-0.0034316360487551944
cot-zero-shot,25,A3,F1,-0.009194865190166107
cot-zero-shot,25,A3,F2,-0.012378944733260901
cot-zero-shot,25,A3,F3,-0.007943287896837884
cot-zero-shot,25,A3,F4,0.0005710052792148714
cot-zero-shot,25,A3,F5,-0.023534325446052395
cot-zero-shot,25,F0,A1,-0.011977974236057802
cot-zero-shot,25,F0,A2,0.018426953202974567
cot-zero-shot,25,F0,A3,-0.0034316360487551944
cot-zero-shot,25,F0,F0,0.9999999999955507
cot-zero-shot,25,F0,F1,0.0412754860020517
cot-zero-shot,25,F0,F2,0.1411777213966619
cot-zero-shot,25,F0,F3,0.04070682154876103
cot-zero-shot,25,F0,F4,0.050137547141486126
cot-zero-shot,25,F0,F5,0.029734215193113082
cot-zero-shot,25,F1,A1,0.00789527297794074
cot-zero-shot,25,F1,A2,-0.014583043392403539
cot-zero-shot,25,F1,A3,-0.009194865190166107
cot-zero-shot,25,F1,F0,0.0412754860020517
cot-zero-shot,25,F1,F1,0.9999999999853533
cot-zero-shot,25,F1,F2,0.04900197679074797
cot-zero-shot,25,F1,F3,0.023463406734445365
cot-zero-shot,25,F1,F4,0.00011277239464684901
cot-zero-shot,25,F1,F5,-0.008295943211935629
cot-zero-shot,25,F2,A1,0.012961819620451606
cot-zero-shot,25,F2,A2,0.01670959035545314
cot-zero-shot,25,F2,A3,-0.012378944733260901
cot-zero-shot,25,F2,F0,0.1411777213966619
cot-zero-shot,25,F2,F1,0.04900197679074797
cot-zero-shot,25,F2,F2,0.9999999999966597
cot-zero-shot,25,F2,F3,0.0485346877814051
cot-zero-shot,25,F2,F4,0.04062241541146234
cot-zero-shot,25,F2,F5,0.037689410925089754
cot-zero-shot,25,F3,A1,0.012300649014202213
cot-zero-shot,25,F3,A2,0.0009610105415698208
cot-zero-shot,25,F3,A3,-0.007943287896837884
cot-zero-shot,25,F3,F0,0.04070682154876103
cot-zero-shot,25,F3,F1,0.023463406734445365
cot-zero-shot,25,F3,F2,0.0485346877814051
cot-zero-shot,25,F3,F3,0.9999999999743995
cot-zero-shot,25,F3,F4,0.10826169863962991
cot-zero-shot,25,F3,F5,0.05131749654654467
cot-zero-shot,25,F4,A1,0.009227450070950854
cot-zero-shot,25,F4,A2,-0.006672564771797265
cot-zero-shot,25,F4,A3,0.0005710052792148714
cot-zero-shot,25,F4,F0,0.050137547141486126
cot-zero-shot,25,F4,F1,0.00011277239464684901
cot-zero-shot,25,F4,F2,0.04062241541146234
cot-zero-shot,25,F4,F3,0.10826169863962991
cot-zero-shot,25,F4,F4,0.9999999999847471
cot-zero-shot,25,F4,F5,0.1588500739476137
cot-zero-shot,25,F5,A1,0.011592007668359718
cot-zero-shot,25,F5,A2,0.03858111584010317
cot-zero-shot,25,F5,A3,-0.023534325446052395
cot-zero-shot,25,F5,F0,0.029734215193113082
cot-zero-shot,25,F5,F1,-0.008295943211935629
cot-zero-shot,25,F5,F2,0.037689410925089754
cot-zero-shot,25,F5,F3,0.05131749654654467
cot-zero-shot,25,F5,F4,0.1588500739476137
cot-zero-shot,25,F5,F5,0.9999999999939311
cot-zero-shot,26,A1,A1,0.9999999999834079
cot-zero-shot,26,A1,A2,0.08860691588867861
cot-zero-shot,26,A1,A3,0.014874005969000386
cot-zero-shot,26,A1,F0,-0.008710776296543571
cot-zero-shot,26,A1,F1,0.004307548204065606
cot-zero-shot,26,A1,F2,-0.0029397493875191584
cot-zero-shot,26,A1,F3,0.01021118346642402
cot-zero-shot,26,A1,F4,0.008982430453539098
cot-zero-shot,26,A1,F5,0.010312311416890674
cot-zero-shot,26,A2,A1,0.08860691588867861
cot-zero-shot,26,A2,A2,0.9999999999643848
cot-zero-shot,26,A2,A3,0.11803029422880255
cot-zero-shot,26,A2,F0,0.005884160166848611
cot-zero-shot,26,A2,F1,-0.017525442436550024
cot-zero-shot,26,A2,F2,0.01897190188013929
cot-zero-shot,26,A2,F3,-0.008527859986968684
cot-zero-shot,26,A2,F4,0.004985317065436255
cot-zero-shot,26,A2,F5,0.03532854943356876
cot-zero-shot,26,A3,A1,0.014874005969000386
cot-zero-shot,26,A3,A2,0.11803029422880255
cot-zero-shot,26,A3,A3,0.9999999993495915
cot-zero-shot,26,A3,F0,0.006220552015313227
cot-zero-shot,26,A3,F1,-0.0069205556273405685
cot-zero-shot,26,A3,F2,-0.013440612177405607
cot-zero-shot,26,A3,F3,-0.0018228368757602692
cot-zero-shot,26,A3,F4,-0.0020285178268207886
cot-zero-shot,26,A3,F5,-0.028462453145177022
cot-zero-shot,26,F0,A1,-0.008710776296543571
cot-zero-shot,26,F0,A2,0.005884160166848611
cot-zero-shot,26,F0,A3,0.006220552015313227
cot-zero-shot,26,F0,F0,0.9999999999954479
cot-zero-shot,26,F0,F1,0.048459088205940394
cot-zero-shot,26,F0,F2,0.13828639598274772
cot-zero-shot,26,F0,F3,0.04065645622547225
cot-zero-shot,26,F0,F4,0.042263643502557874
cot-zero-shot,26,F0,F5,0.0379470635798731
cot-zero-shot,26,F1,A1,0.004307548204065606
cot-zero-shot,26,F1,A2,-0.017525442436550024
cot-zero-shot,26,F1,A3,-0.0069205556273405685
cot-zero-shot,26,F1,F0,0.048459088205940394
cot-zero-shot,26,F1,F1,0.9999999999853221
cot-zero-shot,26,F1,F2,0.048740828557055346
cot-zero-shot,26,F1,F3,0.025237123282736883
cot-zero-shot,26,F1,F4,-0.0005136152044264764
cot-zero-shot,26,F1,F5,-0.01674136906278626
cot-zero-shot,26,F2,A1,-0.0029397493875191584
cot-zero-shot,26,F2,A2,0.01897190188013929
cot-zero-shot,26,F2,A3,-0.013440612177405607
cot-zero-shot,26,F2,F0,0.13828639598274772
cot-zero-shot,26,F2,F1,0.048740828557055346
cot-zero-shot,26,F2,F2,0.999999999996603
cot-zero-shot,26,F2,F3,0.054235461951059924
cot-zero-shot,26,F2,F4,0.04437312995307645
cot-zero-shot,26,F2,F5,0.04314689894776969
cot-zero-shot,26,F3,A1,0.01021118346642402
cot-zero-shot,26,F3,A2,-0.008527859986968684
cot-zero-shot,26,F3,A3,-0.0018228368757602692
cot-zero-shot,26,F3,F0,0.04065645622547225
cot-zero-shot,26,F3,F1,0.025237123282736883
cot-zero-shot,26,F3,F2,0.054235461951059924
cot-zero-shot,26,F3,F3,0.9999999999760352
cot-zero-shot,26,F3,F4,0.10175116012914168
cot-zero-shot,26,F3,F5,0.043026317150087104
cot-zero-shot,26,F4,A1,0.008982430453539098
cot-zero-shot,26,F4,A2,0.004985317065436255
cot-zero-shot,26,F4,A3,-0.0020285178268207886
cot-zero-shot,26,F4,F0,0.042263643502557874
cot-zero-shot,26,F4,F1,-0.0005136152044264764
cot-zero-shot,26,F4,F2,0.04437312995307645
cot-zero-shot,26,F4,F3,0.10175116012914168
cot-zero-shot,26,F4,F4,0.999999999985052
cot-zero-shot,26,F4,F5,0.15190365278200585
cot-zero-shot,26,F5,A1,0.010312311416890674
cot-zero-shot,26,F5,A2,0.03532854943356876
cot-zero-shot,26,F5,A3,-0.028462453145177022
cot-zero-shot,26,F5,F0,0.0379470635798731
cot-zero-shot,26,F5,F1,-0.01674136906278626
cot-zero-shot,26,F5,F2,0.04314689894776969
cot-zero-shot,26,F5,F3,0.043026317150087104
cot-zero-shot,26,F5,F4,0.15190365278200585
cot-zero-shot,26,F5,F5,0.9999999999939128
cot-zero-shot,27,A1,A1,0.9999999999838508
cot-zero-shot,27,A1,A2,0.07578775818005522
cot-zero-shot,27,A1,A3,0.012472881375583608
cot-zero-shot,27,A1,F0,-0.0054027199854393415
cot-zero-shot,27,A1,F1,-0.00265782322076
cot-zero-shot,27,A1,F2,0.004003820895558527
cot-zero-shot,27,A1,F3,0.012875819265657033
cot-zero-shot,27,A1,F4,0.0016567410987293123
cot-zero-shot,27,A1,F5,0.01101958814387466
cot-zero-shot,27,A2,A1,0.07578775818005522
cot-zero-shot,27,A2,A2,0.999999999968011
cot-zero-shot,27,A2,A3,0.10768195600875466
cot-zero-shot,27,A2,F0,0.004631632557783157
cot-zero-shot,27,A2,F1,-0.030480963938365555
cot-zero-shot,27,A2,F2,0.02009553166572118
cot-zero-shot,27,A2,F3,-0.007153725140653631
cot-zero-shot,27,A2,F4,0.006764533199887161
cot-zero-shot,27,A2,F5,0.03384929717881494
cot-zero-shot,27,A3,A1,0.012472881375583608
cot-zero-shot,27,A3,A2,0.10768195600875466
cot-zero-shot,27,A3,A3,0.9999999991318591
cot-zero-shot,27,A3,F0,0.007932191590858723
cot-zero-shot,27,A3,F1,-0.004108563466755004
cot-zero-shot,27,A3,F2,-0.010746877112192733
cot-zero-shot,27,A3,F3,-0.0024407625621375773
cot-zero-shot,27,A3,F4,-0.005003553323534126
cot-zero-shot,27,A3,F5,-0.02094407066942625
cot-zero-shot,27,F0,A1,-0.0054027199854393415
cot-zero-shot,27,F0,A2,0.004631632557783157
cot-zero-shot,27,F0,A3,0.007932191590858723
cot-zero-shot,27,F0,F0,0.9999999999953009
cot-zero-shot,27,F0,F1,0.03665628342864901
cot-zero-shot,27,F0,F2,0.1332216880377371
cot-zero-shot,27,F0,F3,0.040390922982864175
cot-zero-shot,27,F0,F4,0.042944516053610826
cot-zero-shot,27,F0,F5,0.030372630308930303
cot-zero-shot,27,F1,A1,-0.00265782322076
cot-zero-shot,27,F1,A2,-0.030480963938365555
cot-zero-shot,27,F1,A3,-0.004108563466755004
cot-zero-shot,27,F1,F0,0.03665628342864901
cot-zero-shot,27,F1,F1,0.9999999999850968
cot-zero-shot,27,F1,F2,0.043974889958340715
cot-zero-shot,27,F1,F3,0.030432834945313007
cot-zero-shot,27,F1,F4,-0.002625211637648054
cot-zero-shot,27,F1,F5,-0.015580576139536277
cot-zero-shot,27,F2,A1,0.004003820895558527
cot-zero-shot,27,F2,A2,0.02009553166572118
cot-zero-shot,27,F2,A3,-0.010746877112192733
cot-zero-shot,27,F2,F0,0.1332216880377371
cot-zero-shot,27,F2,F1,0.043974889958340715
cot-zero-shot,27,F2,F2,0.9999999999965348
cot-zero-shot,27,F2,F3,0.053213420005215624
cot-zero-shot,27,F2,F4,0.03678207897565537
cot-zero-shot,27,F2,F5,0.045803348382173696
cot-zero-shot,27,F3,A1,0.012875819265657033
cot-zero-shot,27,F3,A2,-0.007153725140653631
cot-zero-shot,27,F3,A3,-0.0024407625621375773
cot-zero-shot,27,F3,F0,0.040390922982864175
cot-zero-shot,27,F3,F1,0.030432834945313007
cot-zero-shot,27,F3,F2,0.053213420005215624
cot-zero-shot,27,F3,F3,0.9999999999768492
cot-zero-shot,27,F3,F4,0.10531862212459059
cot-zero-shot,27,F3,F5,0.04703216594308373
cot-zero-shot,27,F4,A1,0.0016567410987293123
cot-zero-shot,27,F4,A2,0.006764533199887161
cot-zero-shot,27,F4,A3,-0.005003553323534126
cot-zero-shot,27,F4,F0,0.042944516053610826
cot-zero-shot,27,F4,F1,-0.002625211637648054
cot-zero-shot,27,F4,F2,0.03678207897565537
cot-zero-shot,27,F4,F3,0.10531862212459059
cot-zero-shot,27,F4,F4,0.9999999999852378
cot-zero-shot,27,F4,F5,0.1439134970988716
cot-zero-shot,27,F5,A1,0.01101958814387466
cot-zero-shot,27,F5,A2,0.03384929717881494
cot-zero-shot,27,F5,A3,-0.02094407066942625
cot-zero-shot,27,F5,F0,0.030372630308930303
cot-zero-shot,27,F5,F1,-0.015580576139536277
cot-zero-shot,27,F5,F2,0.045803348382173696
cot-zero-shot,27,F5,F3,0.04703216594308373
cot-zero-shot,27,F5,F4,0.1439134970988716
cot-zero-shot,27,F5,F5,0.9999999999937048
cot-zero-shot,28,A1,A1,0.9999999999834813
cot-zero-shot,28,A1,A2,0.06884239934519068
cot-zero-shot,28,A1,A3,0.004684128551278589
cot-zero-shot,28,A1,F0,-0.0031193168383781005
cot-zero-shot,28,A1,F1,0.009540679083662398
cot-zero-shot,28,A1,F2,0.012973871149771835
cot-zero-shot,28,A1,F3,0.02194980357246245
cot-zero-shot,28,A1,F4,0.008815794561925076
cot-zero-shot,28,A1,F5,0.012560186043983313
cot-zero-shot,28,A2,A1,0.06884239934519068
cot-zero-shot,28,A2,A2,0.9999999999708004
cot-zero-shot,28,A2,A3,0.08825587261401278
cot-zero-shot,28,A2,F0,0.011181155079929183
cot-zero-shot,28,A2,F1,-0.022420653944133676
cot-zero-shot,28,A2,F2,0.017760490082329577
cot-zero-shot,28,A2,F3,-0.010653564979910133
cot-zero-shot,28,A2,F4,-0.0030425195243436814
cot-zero-shot,28,A2,F5,0.031805282584253795
cot-zero-shot,28,A3,A1,0.004684128551278589
cot-zero-shot,28,A3,A2,0.08825587261401278
cot-zero-shot,28,A3,A3,0.9999999989748455
cot-zero-shot,28,A3,F0,0.009339356479458405
cot-zero-shot,28,A3,F1,-0.005477784039306756
cot-zero-shot,28,A3,F2,-0.011819460390354825
cot-zero-shot,28,A3,F3,0.005027171517174505
cot-zero-shot,28,A3,F4,-0.004242661722266845
cot-zero-shot,28,A3,F5,-0.021668093062544493
cot-zero-shot,28,F0,A1,-0.0031193168383781005
cot-zero-shot,28,F0,A2,0.011181155079929183
cot-zero-shot,28,F0,A3,0.009339356479458405
cot-zero-shot,28,F0,F0,0.999999999995073
cot-zero-shot,28,F0,F1,0.03434432850516007
cot-zero-shot,28,F0,F2,0.12736645537907895
cot-zero-shot,28,F0,F3,0.036259712887041134
cot-zero-shot,28,F0,F4,0.035879080474750455
cot-zero-shot,28,F0,F5,0.029973412350182624
cot-zero-shot,28,F1,A1,0.009540679083662398
cot-zero-shot,28,F1,A2,-0.022420653944133676
cot-zero-shot,28,F1,A3,-0.005477784039306756
cot-zero-shot,28,F1,F0,0.03434432850516007
cot-zero-shot,28,F1,F1,0.9999999999848275
cot-zero-shot,28,F1,F2,0.04891429708163315
cot-zero-shot,28,F1,F3,0.025016490749501536
cot-zero-shot,28,F1,F4,0.0043659778626061645
cot-zero-shot,28,F1,F5,-0.013934317311097417
cot-zero-shot,28,F2,A1,0.012973871149771835
cot-zero-shot,28,F2,A2,0.017760490082329577
cot-zero-shot,28,F2,A3,-0.011819460390354825
cot-zero-shot,28,F2,F0,0.12736645537907895
cot-zero-shot,28,F2,F1,0.04891429708163315
cot-zero-shot,28,F2,F2,0.9999999999963989
cot-zero-shot,28,F2,F3,0.05609051846669552
cot-zero-shot,28,F2,F4,0.03523229382061231
cot-zero-shot,28,F2,F5,0.0521792444398085
cot-zero-shot,28,F3,A1,0.02194980357246245
cot-zero-shot,28,F3,A2,-0.010653564979910133
cot-zero-shot,28,F3,A3,0.005027171517174505
cot-zero-shot,28,F3,F0,0.036259712887041134
cot-zero-shot,28,F3,F1,0.025016490749501536
cot-zero-shot,28,F3,F2,0.05609051846669552
cot-zero-shot,28,F3,F3,0.9999999999780768
cot-zero-shot,28,F3,F4,0.09564526524943347
cot-zero-shot,28,F3,F5,0.04157523861042056
cot-zero-shot,28,F4,A1,0.008815794561925076
cot-zero-shot,28,F4,A2,-0.0030425195243436814
cot-zero-shot,28,F4,A3,-0.004242661722266845
cot-zero-shot,28,F4,F0,0.035879080474750455
cot-zero-shot,28,F4,F1,0.0043659778626061645
cot-zero-shot,28,F4,F2,0.03523229382061231
cot-zero-shot,28,F4,F3,0.09564526524943347
cot-zero-shot,28,F4,F4,0.9999999999852002
cot-zero-shot,28,F4,F5,0.1412618795111965
cot-zero-shot,28,F5,A1,0.012560186043983313
cot-zero-shot,28,F5,A2,0.031805282584253795
cot-zero-shot,28,F5,A3,-0.021668093062544493
cot-zero-shot,28,F5,F0,0.029973412350182624
cot-zero-shot,28,F5,F1,-0.013934317311097417
cot-zero-shot,28,F5,F2,0.0521792444398085
cot-zero-shot,28,F5,F3,0.04157523861042056
cot-zero-shot,28,F5,F4,0.1412618795111965
cot-zero-shot,28,F5,F5,0.9999999999935558
cot-zero-shot,29,A1,A1,0.9999999999836654
cot-zero-shot,29,A1,A2,0.07564160707211796
cot-zero-shot,29,A1,A3,0.0055301545604077695
cot-zero-shot,29,A1,F0,-0.0014962241782331877
cot-zero-shot,29,A1,F1,0.0146764482780199
cot-zero-shot,29,A1,F2,0.010182183841998543
cot-zero-shot,29,A1,F3,0.01951497706957778
cot-zero-shot,29,A1,F4,0.01276683706206394
cot-zero-shot,29,A1,F5,0.016892285364147892
cot-zero-shot,29,A2,A1,0.07564160707211796
cot-zero-shot,29,A2,A2,0.9999999999720499
cot-zero-shot,29,A2,A3,0.08004600255001912
cot-zero-shot,29,A2,F0,0.01632897594057236
cot-zero-shot,29,A2,F1,-0.020443353114349007
cot-zero-shot,29,A2,F2,0.0208540836656984
cot-zero-shot,29,A2,F3,-0.019040389437917565
cot-zero-shot,29,A2,F4,-0.00020138923909851869
cot-zero-shot,29,A2,F5,0.02911586652842461
cot-zero-shot,29,A3,A1,0.0055301545604077695
cot-zero-shot,29,A3,A2,0.08004600255001912
cot-zero-shot,29,A3,A3,0.999999998738694
cot-zero-shot,29,A3,F0,0.008312075638241162
cot-zero-shot,29,A3,F1,-0.009676650912011638
cot-zero-shot,29,A3,F2,-0.006106417392778489
cot-zero-shot,29,A3,F3,0.008555287394835525
cot-zero-shot,29,A3,F4,-0.004960529792731125
cot-zero-shot,29,A3,F5,-0.025393035670806613
cot-zero-shot,29,F0,A1,-0.0014962241782331877
cot-zero-shot,29,F0,A2,0.01632897594057236
cot-zero-shot,29,F0,A3,0.008312075638241162
cot-zero-shot,29,F0,F0,0.999999999994866
cot-zero-shot,29,F0,F1,0.03235940015570786
cot-zero-shot,29,F0,F2,0.13269083920785296
cot-zero-shot,29,F0,F3,0.028791833042141807
cot-zero-shot,29,F0,F4,0.03236718166633599
cot-zero-shot,29,F0,F5,0.021896142990440202
cot-zero-shot,29,F1,A1,0.0146764482780199
cot-zero-shot,29,F1,A2,-0.020443353114349007
cot-zero-shot,29,F1,A3,-0.009676650912011638
cot-zero-shot,29,F1,F0,0.03235940015570786
cot-zero-shot,29,F1,F1,0.9999999999844169
cot-zero-shot,29,F1,F2,0.04277555772471277
cot-zero-shot,29,F1,F3,0.017387426327055974
cot-zero-shot,29,F1,F4,0.008205494430757885
cot-zero-shot,29,F1,F5,-0.012554664694075833
cot-zero-shot,29,F2,A1,0.010182183841998543
cot-zero-shot,29,F2,A2,0.0208540836656984
cot-zero-shot,29,F2,A3,-0.006106417392778489
cot-zero-shot,29,F2,F0,0.13269083920785296
cot-zero-shot,29,F2,F1,0.04277555772471277
cot-zero-shot,29,F2,F2,0.9999999999962168
cot-zero-shot,29,F2,F3,0.055115591911494004
cot-zero-shot,29,F2,F4,0.036507701365697046
cot-zero-shot,29,F2,F5,0.053411979665891396
cot-zero-shot,29,F3,A1,0.01951497706957778
cot-zero-shot,29,F3,A2,-0.019040389437917565
cot-zero-shot,29,F3,A3,0.008555287394835525
cot-zero-shot,29,F3,F0,0.028791833042141807
cot-zero-shot,29,F3,F1,0.017387426327055974
cot-zero-shot,29,F3,F2,0.055115591911494004
cot-zero-shot,29,F3,F3,0.9999999999783415
cot-zero-shot,29,F3,F4,0.09061905774781238
cot-zero-shot,29,F3,F5,0.04690301506946843
cot-zero-shot,29,F4,A1,0.01276683706206394
cot-zero-shot,29,F4,A2,-0.00020138923909851869
cot-zero-shot,29,F4,A3,-0.004960529792731125
cot-zero-shot,29,F4,F0,0.03236718166633599
cot-zero-shot,29,F4,F1,0.008205494430757885
cot-zero-shot,29,F4,F2,0.036507701365697046
cot-zero-shot,29,F4,F3,0.09061905774781238
cot-zero-shot,29,F4,F4,0.9999999999851708
cot-zero-shot,29,F4,F5,0.14333128211844365
cot-zero-shot,29,F5,A1,0.016892285364147892
cot-zero-shot,29,F5,A2,0.02911586652842461
cot-zero-shot,29,F5,A3,-0.025393035670806613
cot-zero-shot,29,F5,F0,0.021896142990440202
cot-zero-shot,29,F5,F1,-0.012554664694075833
cot-zero-shot,29,F5,F2,0.053411979665891396
cot-zero-shot,29,F5,F3,0.04690301506946843
cot-zero-shot,29,F5,F4,0.14333128211844365
cot-zero-shot,29,F5,F5,0.9999999999934579
cot-zero-shot,30,A1,A1,0.9999999999824404
cot-zero-shot,30,A1,A2,0.07706136054555038
cot-zero-shot,30,A1,A3,0.003222645820598169
cot-zero-shot,30,A1,F0,-0.010020771502930443
cot-zero-shot,30,A1,F1,0.017730584961042413
cot-zero-shot,30,A1,F2,0.014531486863724106
cot-zero-shot,30,A1,F3,0.022564239756162664
cot-zero-shot,30,A1,F4,0.0008553287329881714
cot-zero-shot,30,A1,F5,0.013006980507688157
cot-zero-shot,30,A2,A1,0.07706136054555038
cot-zero-shot,30,A2,A2,0.9999999999704857
cot-zero-shot,30,A2,A3,0.06922588561016522
cot-zero-shot,30,A2,F0,0.009893846903610988
cot-zero-shot,30,A2,F1,-0.022328532076160465
cot-zero-shot,30,A2,F2,0.02579383152663217
cot-zero-shot,30,A2,F3,-0.02712577026697957
cot-zero-shot,30,A2,F4,-0.012256771925014712
cot-zero-shot,30,A2,F5,0.034601841869839244
cot-zero-shot,30,A3,A1,0.003222645820598169
cot-zero-shot,30,A3,A2,0.06922588561016522
cot-zero-shot,30,A3,A3,0.9999999979038304
cot-zero-shot,30,A3,F0,0.007276242122580152
cot-zero-shot,30,A3,F1,-0.014716759906842701
cot-zero-shot,30,A3,F2,-0.008137299830125533
cot-zero-shot,30,A3,F3,0.0112084497758109
cot-zero-shot,30,A3,F4,-0.0012843247744819286
cot-zero-shot,30,A3,F5,-0.029352533871776276
cot-zero-shot,30,F0,A1,-0.010020771502930443
cot-zero-shot,30,F0,A2,0.009893846903610988
cot-zero-shot,30,F0,A3,0.007276242122580152
cot-zero-shot,30,F0,F0,0.9999999999943971
cot-zero-shot,30,F0,F1,0.04214221890710986
cot-zero-shot,30,F0,F2,0.12649226733787453
cot-zero-shot,30,F0,F3,0.03322317673870338
cot-zero-shot,30,F0,F4,0.038114586914295326
cot-zero-shot,30,F0,F5,0.02781594968083463
cot-zero-shot,30,F1,A1,0.017730584961042413
cot-zero-shot,30,F1,A2,-0.022328532076160465
cot-zero-shot,30,F1,A3,-0.014716759906842701
cot-zero-shot,30,F1,F0,0.04214221890710986
cot-zero-shot,30,F1,F1,0.9999999999836037
cot-zero-shot,30,F1,F2,0.04457740193151506
cot-zero-shot,30,F1,F3,0.022830870639479448
cot-zero-shot,30,F1,F4,0.013661244879039827
cot-zero-shot,30,F1,F5,-0.013748942676321197
cot-zero-shot,30,F2,A1,0.014531486863724106
cot-zero-shot,30,F2,A2,0.02579383152663217
cot-zero-shot,30,F2,A3,-0.008137299830125533
cot-zero-shot,30,F2,F0,0.12649226733787453
cot-zero-shot,30,F2,F1,0.04457740193151506
cot-zero-shot,30,F2,F2,0.9999999999958631
cot-zero-shot,30,F2,F3,0.05410093627258187
cot-zero-shot,30,F2,F4,0.042213689868352215
cot-zero-shot,30,F2,F5,0.061921428455896814
cot-zero-shot,30,F3,A1,0.022564239756162664
cot-zero-shot,30,F3,A2,-0.02712577026697957
cot-zero-shot,30,F3,A3,0.0112084497758109
cot-zero-shot,30,F3,F0,0.03322317673870338
cot-zero-shot,30,F3,F1,0.022830870639479448
cot-zero-shot,30,F3,F2,0.05410093627258187
cot-zero-shot,30,F3,F3,0.9999999999777255
cot-zero-shot,30,F3,F4,0.09586113596952182
cot-zero-shot,30,F3,F5,0.05092709114985533
cot-zero-shot,30,F4,A1,0.0008553287329881714
cot-zero-shot,30,F4,A2,-0.012256771925014712
cot-zero-shot,30,F4,A3,-0.0012843247744819286
cot-zero-shot,30,F4,F0,0.038114586914295326
cot-zero-shot,30,F4,F1,0.013661244879039827
cot-zero-shot,30,F4,F2,0.042213689868352215
cot-zero-shot,30,F4,F3,0.09586113596952182
cot-zero-shot,30,F4,F4,0.9999999999845068
cot-zero-shot,30,F4,F5,0.1327192749609214
cot-zero-shot,30,F5,A1,0.013006980507688157
cot-zero-shot,30,F5,A2,0.034601841869839244
cot-zero-shot,30,F5,A3,-0.029352533871776276
cot-zero-shot,30,F5,F0,0.02781594968083463
cot-zero-shot,30,F5,F1,-0.013748942676321197
cot-zero-shot,30,F5,F2,0.061921428455896814
cot-zero-shot,30,F5,F3,0.05092709114985533
cot-zero-shot,30,F5,F4,0.1327192749609214
cot-zero-shot,30,F5,F5,0.9999999999929308
cot-zero-shot,31,A1,A1,0.9999999999821799
cot-zero-shot,31,A1,A2,0.06674159918852868
cot-zero-shot,31,A1,A3,0.0030072327409407674
cot-zero-shot,31,A1,F0,2.9238598375103295e-05
cot-zero-shot,31,A1,F1,0.009509341391271514
cot-zero-shot,31,A1,F2,0.017188279461854993
cot-zero-shot,31,A1,F3,0.027643490941045193
cot-zero-shot,31,A1,F4,-0.0018160745122864897
cot-zero-shot,31,A1,F5,0.006889167114261355
cot-zero-shot,31,A2,A1,0.06674159918852868
cot-zero-shot,31,A2,A2,0.9999999999690367
cot-zero-shot,31,A2,A3,0.06090896549956398
cot-zero-shot,31,A2,F0,0.017254349811400976
cot-zero-shot,31,A2,F1,-0.01385911358206187
cot-zero-shot,31,A2,F2,0.02737435833694497
cot-zero-shot,31,A2,F3,-0.02649331165530098
cot-zero-shot,31,A2,F4,-0.0011794597727908006
cot-zero-shot,31,A2,F5,0.028636924703476438
cot-zero-shot,31,A3,A1,0.0030072327409407674
cot-zero-shot,31,A3,A2,0.06090896549956398
cot-zero-shot,31,A3,A3,0.9999999973329019
cot-zero-shot,31,A3,F0,0.008505765406036495
cot-zero-shot,31,A3,F1,-0.01903450173568633
cot-zero-shot,31,A3,F2,-0.008567004541643363
cot-zero-shot,31,A3,F3,0.004193395789087058
cot-zero-shot,31,A3,F4,-0.00013349794644850626
cot-zero-shot,31,A3,F5,-0.02348298928029721
cot-zero-shot,31,F0,A1,2.9238598375103295e-05
cot-zero-shot,31,F0,A2,0.017254349811400976
cot-zero-shot,31,F0,A3,0.008505765406036495
cot-zero-shot,31,F0,F0,0.9999999999936796
cot-zero-shot,31,F0,F1,0.037664437211507015
cot-zero-shot,31,F0,F2,0.12614695522370534
cot-zero-shot,31,F0,F3,0.023815833881534743
cot-zero-shot,31,F0,F4,0.03617382341959278
cot-zero-shot,31,F0,F5,0.023125971144130546
cot-zero-shot,31,F1,A1,0.009509341391271514
cot-zero-shot,31,F1,A2,-0.01385911358206187
cot-zero-shot,31,F1,A3,-0.01903450173568633
cot-zero-shot,31,F1,F0,0.037664437211507015
cot-zero-shot,31,F1,F1,0.999999999983039
cot-zero-shot,31,F1,F2,0.04663385846017301
cot-zero-shot,31,F1,F3,0.02021744225400044
cot-zero-shot,31,F1,F4,0.0005964717202836658
cot-zero-shot,31,F1,F5,-0.016065218520715973
cot-zero-shot,31,F2,A1,0.017188279461854993
cot-zero-shot,31,F2,A2,0.02737435833694497
cot-zero-shot,31,F2,A3,-0.008567004541643363
cot-zero-shot,31,F2,F0,0.12614695522370534
cot-zero-shot,31,F2,F1,0.04663385846017301
cot-zero-shot,31,F2,F2,0.9999999999955371
cot-zero-shot,31,F2,F3,0.051406901179357145
cot-zero-shot,31,F2,F4,0.037170486480346404
cot-zero-shot,31,F2,F5,0.04543283663899665
cot-zero-shot,31,F3,A1,0.027643490941045193
cot-zero-shot,31,F3,A2,-0.02649331165530098
cot-zero-shot,31,F3,A3,0.004193395789087058
cot-zero-shot,31,F3,F0,0.023815833881534743
cot-zero-shot,31,F3,F1,0.02021744225400044
cot-zero-shot,31,F3,F2,0.051406901179357145
cot-zero-shot,31,F3,F3,0.9999999999780199
cot-zero-shot,31,F3,F4,0.08948857811469782
cot-zero-shot,31,F3,F5,0.030231324610096953
cot-zero-shot,31,F4,A1,-0.0018160745122864897
cot-zero-shot,31,F4,A2,-0.0011794597727908006
cot-zero-shot,31,F4,A3,-0.00013349794644850626
cot-zero-shot,31,F4,F0,0.03617382341959278
cot-zero-shot,31,F4,F1,0.0005964717202836658
cot-zero-shot,31,F4,F2,0.037170486480346404
cot-zero-shot,31,F4,F3,0.08948857811469782
cot-zero-shot,31,F4,F4,0.9999999999839989
cot-zero-shot,31,F4,F5,0.10946064833599538
cot-zero-shot,31,F5,A1,0.006889167114261355
cot-zero-shot,31,F5,A2,0.028636924703476438
cot-zero-shot,31,F5,A3,-0.02348298928029721
cot-zero-shot,31,F5,F0,0.023125971144130546
cot-zero-shot,31,F5,F1,-0.016065218520715973
cot-zero-shot,31,F5,F2,0.04543283663899665
cot-zero-shot,31,F5,F3,0.030231324610096953
cot-zero-shot,31,F5,F4,0.10946064833599538
cot-zero-shot,31,F5,F5,0.9999999999924115
cot-zero-shot,32,A1,A1,0.999999999838087
cot-zero-shot,32,A1,A2,0.0303756244088822
cot-zero-shot,32,A1,A3,-0.0018152892375661888
cot-zero-shot,32,A1,F0,0.011869995257797401
cot-zero-shot,32,A1,F1,0.0061306011241243335
cot-zero-shot,32,A1,F2,0.009694934182549155
cot-zero-shot,32,A1,F3,0.02893153686801057
cot-zero-shot,32,A1,F4,0.011917058743815165
cot-zero-shot,32,A1,F5,-0.005872762706275626
cot-zero-shot,32,A2,A1,0.0303756244088822
cot-zero-shot,32,A2,A2,0.9999999998031288
cot-zero-shot,32,A2,A3,0.022486015692721763
cot-zero-shot,32,A2,F0,0.011680759954850153
cot-zero-shot,32,A2,F1,-0.00727110684068508
cot-zero-shot,32,A2,F2,0.029192037952177636
cot-zero-shot,32,A2,F3,-0.0350731061545986
cot-zero-shot,32,A2,F4,0.001545077221866952
cot-zero-shot,32,A2,F5,0.015308129244446599
cot-zero-shot,32,A3,A1,-0.0018152892375661888
cot-zero-shot,32,A3,A2,0.022486015692721763
cot-zero-shot,32,A3,A3,0.9999999043204225
cot-zero-shot,32,A3,F0,0.008984550147210198
cot-zero-shot,32,A3,F1,-0.013483146950837542
cot-zero-shot,32,A3,F2,-0.016502986102535106
cot-zero-shot,32,A3,F3,-0.0015460997465243536
cot-zero-shot,32,A3,F4,0.0033242994805332215
cot-zero-shot,32,A3,F5,-0.018112338650077782
cot-zero-shot,32,F0,A1,0.011869995257797401
cot-zero-shot,32,F0,A2,0.011680759954850153
cot-zero-shot,32,F0,A3,0.008984550147210198
cot-zero-shot,32,F0,F0,0.9999999999671009
cot-zero-shot,32,F0,F1,0.02068696395554122
cot-zero-shot,32,F0,F2,0.10299376856879172
cot-zero-shot,32,F0,F3,0.03732154482650785
cot-zero-shot,32,F0,F4,0.035051105416980366
cot-zero-shot,32,F0,F5,0.013199776861575653
cot-zero-shot,32,F1,A1,0.0061306011241243335
cot-zero-shot,32,F1,A2,-0.00727110684068508
cot-zero-shot,32,F1,A3,-0.013483146950837542
cot-zero-shot,32,F1,F0,0.02068696395554122
cot-zero-shot,32,F1,F1,0.9999999999383868
cot-zero-shot,32,F1,F2,0.04229266934770212
cot-zero-shot,32,F1,F3,0.010421218200947404
cot-zero-shot,32,F1,F4,-0.006872846180641836
cot-zero-shot,32,F1,F5,-0.018796566570989454
cot-zero-shot,32,F2,A1,0.009694934182549155
cot-zero-shot,32,F2,A2,0.029192037952177636
cot-zero-shot,32,F2,A3,-0.016502986102535106
cot-zero-shot,32,F2,F0,0.10299376856879172
cot-zero-shot,32,F2,F1,0.04229266934770212
cot-zero-shot,32,F2,F2,0.9999999999745257
cot-zero-shot,32,F2,F3,0.05563707648121059
cot-zero-shot,32,F2,F4,0.02170381553150139
cot-zero-shot,32,F2,F5,0.032708710427030774
cot-zero-shot,32,F3,A1,0.02893153686801057
cot-zero-shot,32,F3,A2,-0.0350731061545986
cot-zero-shot,32,F3,A3,-0.0015460997465243536
cot-zero-shot,32,F3,F0,0.03732154482650785
cot-zero-shot,32,F3,F1,0.010421218200947404
cot-zero-shot,32,F3,F2,0.05563707648121059
cot-zero-shot,32,F3,F3,0.9999999999373342
cot-zero-shot,32,F3,F4,0.05467012876853684
cot-zero-shot,32,F3,F5,0.01855773258372029
cot-zero-shot,32,F4,A1,0.011917058743815165
cot-zero-shot,32,F4,A2,0.001545077221866952
cot-zero-shot,32,F4,A3,0.0033242994805332215
cot-zero-shot,32,F4,F0,0.035051105416980366
cot-zero-shot,32,F4,F1,-0.006872846180641836
cot-zero-shot,32,F4,F2,0.02170381553150139
cot-zero-shot,32,F4,F3,0.05467012876853684
cot-zero-shot,32,F4,F4,0.9999999999409313
cot-zero-shot,32,F4,F5,0.05721040766100896
cot-zero-shot,32,F5,A1,-0.005872762706275626
cot-zero-shot,32,F5,A2,0.015308129244446599
cot-zero-shot,32,F5,A3,-0.018112338650077782
cot-zero-shot,32,F5,F0,0.013199776861575653
cot-zero-shot,32,F5,F1,-0.018796566570989454
cot-zero-shot,32,F5,F2,0.032708710427030774
cot-zero-shot,32,F5,F3,0.01855773258372029
cot-zero-shot,32,F5,F4,0.05721040766100896
cot-zero-shot,32,F5,F5,0.9999999999622072
sentence-based-CoT,0,A1,A1,0.9999999999955045
sentence-based-CoT,0,A1,A2,0.8155272894404405
sentence-based-CoT,0,A1,A3,0.807587553068072
sentence-based-CoT,0,A1,F0,0.8247776255758964
sentence-based-CoT,0,A1,F1,0.8185595466574488
sentence-based-CoT,0,A1,F2,0.8152309261392523
sentence-based-CoT,0,A1,F3,0.8105146640805425
sentence-based-CoT,0,A1,F4,0.7688841676870922
sentence-based-CoT,0,A1,F5,0.6743740960339011
sentence-based-CoT,0,A2,A1,0.8155272894404405
sentence-based-CoT,0,A2,A2,0.9999999999939544
sentence-based-CoT,0,A2,A3,0.9682017335157351
sentence-based-CoT,0,A2,F0,0.9883241586708709
sentence-based-CoT,0,A2,F1,0.9876731191491274
sentence-based-CoT,0,A2,F2,0.9841495635058009
sentence-based-CoT,0,A2,F3,0.9508172071868026
sentence-based-CoT,0,A2,F4,0.9195363229272815
sentence-based-CoT,0,A2,F5,0.8008388680645403
sentence-based-CoT,0,A3,A1,0.807587553068072
sentence-based-CoT,0,A3,A2,0.9682017335157351
sentence-based-CoT,0,A3,A3,0.9999999999941434
sentence-based-CoT,0,A3,F0,0.978539225177395
sentence-based-CoT,0,A3,F1,0.9779696991473472
sentence-based-CoT,0,A3,F2,0.9744136153561003
sentence-based-CoT,0,A3,F3,0.9412001046483032
sentence-based-CoT,0,A3,F4,0.9102635802090984
sentence-based-CoT,0,A3,F5,0.7924184942743897
sentence-based-CoT,0,F0,A1,0.8247776255758964
sentence-based-CoT,0,F0,A2,0.9883241586708709
sentence-based-CoT,0,F0,A3,0.978539225177395
sentence-based-CoT,0,F0,F0,0.9999999999900453
sentence-based-CoT,0,F0,F1,0.9983987038813001
sentence-based-CoT,0,F0,F2,0.9948548575569982
sentence-based-CoT,0,F0,F3,0.9608110967900388
sentence-based-CoT,0,F0,F4,0.9295631230397944
sentence-based-CoT,0,F0,F5,0.808515065504254
sentence-based-CoT,0,F1,A1,0.8185595466574488
sentence-based-CoT,0,F1,A2,0.9876731191491274
sentence-based-CoT,0,F1,A3,0.9779696991473472
sentence-based-CoT,0,F1,F0,0.9983987038813001
sentence-based-CoT,0,F1,F1,0.9999999999923381
sentence-based-CoT,0,F1,F2,0.9965347820668267
sentence-based-CoT,0,F1,F3,0.9554068263835843
sentence-based-CoT,0,F1,F4,0.9289566044990287
sentence-based-CoT,0,F1,F5,0.8080356691494592
sentence-based-CoT,0,F2,A1,0.8152309261392523
sentence-based-CoT,0,F2,A2,0.9841495635058009
sentence-based-CoT,0,F2,A3,0.9744136153561003
sentence-based-CoT,0,F2,F0,0.9948548575569982
sentence-based-CoT,0,F2,F1,0.9965347820668267
sentence-based-CoT,0,F2,F2,0.9999999999915772
sentence-based-CoT,0,F2,F3,0.9516562452891073
sentence-based-CoT,0,F2,F4,0.9307713106190425
sentence-based-CoT,0,F2,F5,0.800849851252726
sentence-based-CoT,0,F3,A1,0.8105146640805425
sentence-based-CoT,0,F3,A2,0.9508172071868026
sentence-based-CoT,0,F3,A3,0.9412001046483032
sentence-based-CoT,0,F3,F0,0.9608110967900388
sentence-based-CoT,0,F3,F1,0.9554068263835843
sentence-based-CoT,0,F3,F2,0.9516562452891073
sentence-based-CoT,0,F3,F3,0.9999999999929098
sentence-based-CoT,0,F3,F4,0.8942538032643209
sentence-based-CoT,0,F3,F5,0.7774970213328739
sentence-based-CoT,0,F4,A1,0.7688841676870922
sentence-based-CoT,0,F4,A2,0.9195363229272815
sentence-based-CoT,0,F4,A3,0.9102635802090984
sentence-based-CoT,0,F4,F0,0.9295631230397944
sentence-based-CoT,0,F4,F1,0.9289566044990287
sentence-based-CoT,0,F4,F2,0.9307713106190425
sentence-based-CoT,0,F4,F3,0.8942538032643209
sentence-based-CoT,0,F4,F4,0.9999999999934196
sentence-based-CoT,0,F4,F5,0.7488610920300217
sentence-based-CoT,0,F5,A1,0.6743740960339011
sentence-based-CoT,0,F5,A2,0.8008388680645403
sentence-based-CoT,0,F5,A3,0.7924184942743897
sentence-based-CoT,0,F5,F0,0.808515065504254
sentence-based-CoT,0,F5,F1,0.8080356691494592
sentence-based-CoT,0,F5,F2,0.800849851252726
sentence-based-CoT,0,F5,F3,0.7774970213328739
sentence-based-CoT,0,F5,F4,0.7488610920300217
sentence-based-CoT,0,F5,F5,0.9999999999945567
sentence-based-CoT,1,A1,A1,0.9999999999981034
sentence-based-CoT,1,A1,A2,0.5412277738138884
sentence-based-CoT,1,A1,A3,0.4782642930479808
sentence-based-CoT,1,A1,F0,0.06255398664824861
sentence-based-CoT,1,A1,F1,0.06025532841224856
sentence-based-CoT,1,A1,F2,0.015067373065863785
sentence-based-CoT,1,A1,F3,0.05748469995641694
sentence-based-CoT,1,A1,F4,-0.020589333786646354
sentence-based-CoT,1,A1,F5,-0.011461425566015817
sentence-based-CoT,1,A2,A1,0.5412277738138884
sentence-based-CoT,1,A2,A2,0.9999999999975022
sentence-based-CoT,1,A2,A3,0.8710746466204125
sentence-based-CoT,1,A2,F0,-0.04682703734536856
sentence-based-CoT,1,A2,F1,-0.025946973730716298
sentence-based-CoT,1,A2,F2,0.07880011083857541
sentence-based-CoT,1,A2,F3,0.05783347582824502
sentence-based-CoT,1,A2,F4,-0.01340366824175033
sentence-based-CoT,1,A2,F5,0.030837930352294294
sentence-based-CoT,1,A3,A1,0.4782642930479808
sentence-based-CoT,1,A3,A2,0.8710746466204125
sentence-based-CoT,1,A3,A3,0.9999999999977601
sentence-based-CoT,1,A3,F0,-0.047671302840436205
sentence-based-CoT,1,A3,F1,-0.012811890259825792
sentence-based-CoT,1,A3,F2,0.03573629380275523
sentence-based-CoT,1,A3,F3,0.04868714558785901
sentence-based-CoT,1,A3,F4,0.0006914432299257397
sentence-based-CoT,1,A3,F5,0.03415701608031414
sentence-based-CoT,1,F0,A1,0.06255398664824861
sentence-based-CoT,1,F0,A2,-0.04682703734536856
sentence-based-CoT,1,F0,A3,-0.047671302840436205
sentence-based-CoT,1,F0,F0,0.9999999999964876
sentence-based-CoT,1,F0,F1,0.34556319530565566
sentence-based-CoT,1,F0,F2,0.2702892781748251
sentence-based-CoT,1,F0,F3,0.09601670114798974
sentence-based-CoT,1,F0,F4,0.09815535767118089
sentence-based-CoT,1,F0,F5,0.07102078892867339
sentence-based-CoT,1,F1,A1,0.06025532841224856
sentence-based-CoT,1,F1,A2,-0.025946973730716298
sentence-based-CoT,1,F1,A3,-0.012811890259825792
sentence-based-CoT,1,F1,F0,0.34556319530565566
sentence-based-CoT,1,F1,F1,0.9999999999963967
sentence-based-CoT,1,F1,F2,0.1943966270703004
sentence-based-CoT,1,F1,F3,0.22151934808352963
sentence-based-CoT,1,F1,F4,0.09443511206431027
sentence-based-CoT,1,F1,F5,0.023497719664527888
sentence-based-CoT,1,F2,A1,0.015067373065863785
sentence-based-CoT,1,F2,A2,0.07880011083857541
sentence-based-CoT,1,F2,A3,0.03573629380275523
sentence-based-CoT,1,F2,F0,0.2702892781748251
sentence-based-CoT,1,F2,F1,0.1943966270703004
sentence-based-CoT,1,F2,F2,0.9999999999965316
sentence-based-CoT,1,F2,F3,0.17995165768485114
sentence-based-CoT,1,F2,F4,0.07462037318621852
sentence-based-CoT,1,F2,F5,0.08990143292969797
sentence-based-CoT,1,F3,A1,0.05748469995641694
sentence-based-CoT,1,F3,A2,0.05783347582824502
sentence-based-CoT,1,F3,A3,0.04868714558785901
sentence-based-CoT,1,F3,F0,0.09601670114798974
sentence-based-CoT,1,F3,F1,0.22151934808352963
sentence-based-CoT,1,F3,F2,0.17995165768485114
sentence-based-CoT,1,F3,F3,0.9999999999961957
sentence-based-CoT,1,F3,F4,0.2890542204777693
sentence-based-CoT,1,F3,F5,0.18286344247255892
sentence-based-CoT,1,F4,A1,-0.020589333786646354
sentence-based-CoT,1,F4,A2,-0.01340366824175033
sentence-based-CoT,1,F4,A3,0.0006914432299257397
sentence-based-CoT,1,F4,F0,0.09815535767118089
sentence-based-CoT,1,F4,F1,0.09443511206431027
sentence-based-CoT,1,F4,F2,0.07462037318621852
sentence-based-CoT,1,F4,F3,0.2890542204777693
sentence-based-CoT,1,F4,F4,0.9999999999964423
sentence-based-CoT,1,F4,F5,0.45836597184537897
sentence-based-CoT,1,F5,A1,-0.011461425566015817
sentence-based-CoT,1,F5,A2,0.030837930352294294
sentence-based-CoT,1,F5,A3,0.03415701608031414
sentence-based-CoT,1,F5,F0,0.07102078892867339
sentence-based-CoT,1,F5,F1,0.023497719664527888
sentence-based-CoT,1,F5,F2,0.08990143292969797
sentence-based-CoT,1,F5,F3,0.18286344247255892
sentence-based-CoT,1,F5,F4,0.45836597184537897
sentence-based-CoT,1,F5,F5,0.9999999999970375
sentence-based-CoT,2,A1,A1,0.999999999997803
sentence-based-CoT,2,A1,A2,0.46428209166597517
sentence-based-CoT,2,A1,A3,0.3819178587477806
sentence-based-CoT,2,A1,F0,0.03689129825279261
sentence-based-CoT,2,A1,F1,0.03258765228423812
sentence-based-CoT,2,A1,F2,-0.007539538347133613
sentence-based-CoT,2,A1,F3,0.04135833121975451
sentence-based-CoT,2,A1,F4,-0.015740019218474927
sentence-based-CoT,2,A1,F5,-0.0016943952311877814
sentence-based-CoT,2,A2,A1,0.46428209166597517
sentence-based-CoT,2,A2,A2,0.9999999999967869
sentence-based-CoT,2,A2,A3,0.8010689560522672
sentence-based-CoT,2,A2,F0,-0.028189176654090552
sentence-based-CoT,2,A2,F1,-0.015104282639923541
sentence-based-CoT,2,A2,F2,0.04691130790656887
sentence-based-CoT,2,A2,F3,0.03280246890001618
sentence-based-CoT,2,A2,F4,-0.016212105232123224
sentence-based-CoT,2,A2,F5,0.015385236993389974
sentence-based-CoT,2,A3,A1,0.3819178587477806
sentence-based-CoT,2,A3,A2,0.8010689560522672
sentence-based-CoT,2,A3,A3,0.9999999999971043
sentence-based-CoT,2,A3,F0,-0.032274320375273016
sentence-based-CoT,2,A3,F1,-0.0027300134052657505
sentence-based-CoT,2,A3,F2,0.024223464204507824
sentence-based-CoT,2,A3,F3,0.017502634279867955
sentence-based-CoT,2,A3,F4,0.0010279494133816924
sentence-based-CoT,2,A3,F5,0.0077442430531358955
sentence-based-CoT,2,F0,A1,0.03689129825279261
sentence-based-CoT,2,F0,A2,-0.028189176654090552
sentence-based-CoT,2,F0,A3,-0.032274320375273016
sentence-based-CoT,2,F0,F0,0.9999999999962791
sentence-based-CoT,2,F0,F1,0.25553060012552653
sentence-based-CoT,2,F0,F2,0.22241976692389112
sentence-based-CoT,2,F0,F3,0.05618591825378527
sentence-based-CoT,2,F0,F4,0.04809376415116176
sentence-based-CoT,2,F0,F5,0.02334101248712712
sentence-based-CoT,2,F1,A1,0.03258765228423812
sentence-based-CoT,2,F1,A2,-0.015104282639923541
sentence-based-CoT,2,F1,A3,-0.0027300134052657505
sentence-based-CoT,2,F1,F0,0.25553060012552653
sentence-based-CoT,2,F1,F1,0.9999999999958299
sentence-based-CoT,2,F1,F2,0.13113826537590909
sentence-based-CoT,2,F1,F3,0.15774169677769861
sentence-based-CoT,2,F1,F4,0.066667042683202
sentence-based-CoT,2,F1,F5,-0.014250618868388317
sentence-based-CoT,2,F2,A1,-0.007539538347133613
sentence-based-CoT,2,F2,A2,0.04691130790656887
sentence-based-CoT,2,F2,A3,0.024223464204507824
sentence-based-CoT,2,F2,F0,0.22241976692389112
sentence-based-CoT,2,F2,F1,0.13113826537590909
sentence-based-CoT,2,F2,F2,0.9999999999959951
sentence-based-CoT,2,F2,F3,0.14087817874814837
sentence-based-CoT,2,F2,F4,0.038757955675774614
sentence-based-CoT,2,F2,F5,0.06000792053797942
sentence-based-CoT,2,F3,A1,0.04135833121975451
sentence-based-CoT,2,F3,A2,0.03280246890001618
sentence-based-CoT,2,F3,A3,0.017502634279867955
sentence-based-CoT,2,F3,F0,0.05618591825378527
sentence-based-CoT,2,F3,F1,0.15774169677769861
sentence-based-CoT,2,F3,F2,0.14087817874814837
sentence-based-CoT,2,F3,F3,0.9999999999956769
sentence-based-CoT,2,F3,F4,0.23426275062594226
sentence-based-CoT,2,F3,F5,0.12736188913900912
sentence-based-CoT,2,F4,A1,-0.015740019218474927
sentence-based-CoT,2,F4,A2,-0.016212105232123224
sentence-based-CoT,2,F4,A3,0.0010279494133816924
sentence-based-CoT,2,F4,F0,0.04809376415116176
sentence-based-CoT,2,F4,F1,0.066667042683202
sentence-based-CoT,2,F4,F2,0.038757955675774614
sentence-based-CoT,2,F4,F3,0.23426275062594226
sentence-based-CoT,2,F4,F4,0.9999999999958895
sentence-based-CoT,2,F4,F5,0.3509556094416274
sentence-based-CoT,2,F5,A1,-0.0016943952311877814
sentence-based-CoT,2,F5,A2,0.015385236993389974
sentence-based-CoT,2,F5,A3,0.0077442430531358955
sentence-based-CoT,2,F5,F0,0.02334101248712712
sentence-based-CoT,2,F5,F1,-0.014250618868388317
sentence-based-CoT,2,F5,F2,0.06000792053797942
sentence-based-CoT,2,F5,F3,0.12736188913900912
sentence-based-CoT,2,F5,F4,0.3509556094416274
sentence-based-CoT,2,F5,F5,0.9999999999968643
sentence-based-CoT,3,A1,A1,0.9999999999967607
sentence-based-CoT,3,A1,A2,0.3926500625059638
sentence-based-CoT,3,A1,A3,0.2964465312581489
sentence-based-CoT,3,A1,F0,0.01883482290171783
sentence-based-CoT,3,A1,F1,0.020672978204971562
sentence-based-CoT,3,A1,F2,-0.017562419364209436
sentence-based-CoT,3,A1,F3,0.023792465862419863
sentence-based-CoT,3,A1,F4,-0.008510861312269713
sentence-based-CoT,3,A1,F5,-0.0020233687850578852
sentence-based-CoT,3,A2,A1,0.3926500625059638
sentence-based-CoT,3,A2,A2,0.9999999999946215
sentence-based-CoT,3,A2,A3,0.7027673521538547
sentence-based-CoT,3,A2,F0,-0.01735537930751103
sentence-based-CoT,3,A2,F1,-0.002139234303890425
sentence-based-CoT,3,A2,F2,0.041716373580627075
sentence-based-CoT,3,A2,F3,0.018750168504267105
sentence-based-CoT,3,A2,F4,-0.02383050856219024
sentence-based-CoT,3,A2,F5,0.013936210791238926
sentence-based-CoT,3,A3,A1,0.2964465312581489
sentence-based-CoT,3,A3,A2,0.7027673521538547
sentence-based-CoT,3,A3,A3,0.9999999999951896
sentence-based-CoT,3,A3,F0,-0.022576862317065686
sentence-based-CoT,3,A3,F1,-0.0007635984762303525
sentence-based-CoT,3,A3,F2,0.0186806552514332
sentence-based-CoT,3,A3,F3,0.005900097969396745
sentence-based-CoT,3,A3,F4,0.013171316258622027
sentence-based-CoT,3,A3,F5,0.0013905286859966389
sentence-based-CoT,3,F0,A1,0.01883482290171783
sentence-based-CoT,3,F0,A2,-0.01735537930751103
sentence-based-CoT,3,F0,A3,-0.022576862317065686
sentence-based-CoT,3,F0,F0,0.9999999999954968
sentence-based-CoT,3,F0,F1,0.17365849466611522
sentence-based-CoT,3,F0,F2,0.17756011275588715
sentence-based-CoT,3,F0,F3,0.041472880195024535
sentence-based-CoT,3,F0,F4,0.03350435550368468
sentence-based-CoT,3,F0,F5,0.02029774000571928
sentence-based-CoT,3,F1,A1,0.020672978204971562
sentence-based-CoT,3,F1,A2,-0.002139234303890425
sentence-based-CoT,3,F1,A3,-0.0007635984762303525
sentence-based-CoT,3,F1,F0,0.17365849466611522
sentence-based-CoT,3,F1,F1,0.9999999999934356
sentence-based-CoT,3,F1,F2,0.08164495608062598
sentence-based-CoT,3,F1,F3,0.1277704410897287
sentence-based-CoT,3,F1,F4,0.03852931469151451
sentence-based-CoT,3,F1,F5,-0.018959003511350155
sentence-based-CoT,3,F2,A1,-0.017562419364209436
sentence-based-CoT,3,F2,A2,0.041716373580627075
sentence-based-CoT,3,F2,A3,0.0186806552514332
sentence-based-CoT,3,F2,F0,0.17756011275588715
sentence-based-CoT,3,F2,F1,0.08164495608062598
sentence-based-CoT,3,F2,F2,0.9999999999942748
sentence-based-CoT,3,F2,F3,0.11039824405158802
sentence-based-CoT,3,F2,F4,0.021502299939612012
sentence-based-CoT,3,F2,F5,0.04943686132073231
sentence-based-CoT,3,F3,A1,0.023792465862419863
sentence-based-CoT,3,F3,A2,0.018750168504267105
sentence-based-CoT,3,F3,A3,0.005900097969396745
sentence-based-CoT,3,F3,F0,0.041472880195024535
sentence-based-CoT,3,F3,F1,0.1277704410897287
sentence-based-CoT,3,F3,F2,0.11039824405158802
sentence-based-CoT,3,F3,F3,0.9999999999936661
sentence-based-CoT,3,F3,F4,0.18371505998757912
sentence-based-CoT,3,F3,F5,0.09107102660100236
sentence-based-CoT,3,F4,A1,-0.008510861312269713
sentence-based-CoT,3,F4,A2,-0.02383050856219024
sentence-based-CoT,3,F4,A3,0.013171316258622027
sentence-based-CoT,3,F4,F0,0.03350435550368468
sentence-based-CoT,3,F4,F1,0.03852931469151451
sentence-based-CoT,3,F4,F2,0.021502299939612012
sentence-based-CoT,3,F4,F3,0.18371505998757912
sentence-based-CoT,3,F4,F4,0.9999999999940216
sentence-based-CoT,3,F4,F5,0.2654799015292877
sentence-based-CoT,3,F5,A1,-0.0020233687850578852
sentence-based-CoT,3,F5,A2,0.013936210791238926
sentence-based-CoT,3,F5,A3,0.0013905286859966389
sentence-based-CoT,3,F5,F0,0.02029774000571928
sentence-based-CoT,3,F5,F1,-0.018959003511350155
sentence-based-CoT,3,F5,F2,0.04943686132073231
sentence-based-CoT,3,F5,F3,0.09107102660100236
sentence-based-CoT,3,F5,F4,0.2654799015292877
sentence-based-CoT,3,F5,F5,0.9999999999957601
sentence-based-CoT,4,A1,A1,0.9999999999960604
sentence-based-CoT,4,A1,A2,0.28875447515579944
sentence-based-CoT,4,A1,A3,0.218380534368772
sentence-based-CoT,4,A1,F0,0.02262472732524921
sentence-based-CoT,4,A1,F1,0.010260814240302759
sentence-based-CoT,4,A1,F2,-0.011740272399358077
sentence-based-CoT,4,A1,F3,0.009754056239501065
sentence-based-CoT,4,A1,F4,-0.00396206148974345
sentence-based-CoT,4,A1,F5,0.0022136107498060245
sentence-based-CoT,4,A2,A1,0.28875447515579944
sentence-based-CoT,4,A2,A2,0.9999999999925805
sentence-based-CoT,4,A2,A3,0.6355569243989259
sentence-based-CoT,4,A2,F0,-0.016227008199029128
sentence-based-CoT,4,A2,F1,-0.006334719968276253
sentence-based-CoT,4,A2,F2,0.019393449951291924
sentence-based-CoT,4,A2,F3,0.01979138210808622
sentence-based-CoT,4,A2,F4,-0.01424375503044747
sentence-based-CoT,4,A2,F5,0.0083342604482061
sentence-based-CoT,4,A3,A1,0.218380534368772
sentence-based-CoT,4,A3,A2,0.6355569243989259
sentence-based-CoT,4,A3,A3,0.9999999999933162
sentence-based-CoT,4,A3,F0,-0.02060841744825722
sentence-based-CoT,4,A3,F1,0.002883817353933401
sentence-based-CoT,4,A3,F2,0.010917321034240484
sentence-based-CoT,4,A3,F3,-0.005271190020182219
sentence-based-CoT,4,A3,F4,0.012637805745908176
sentence-based-CoT,4,A3,F5,0.0020314317617259837
sentence-based-CoT,4,F0,A1,0.02262472732524921
sentence-based-CoT,4,F0,A2,-0.016227008199029128
sentence-based-CoT,4,F0,A3,-0.02060841744825722
sentence-based-CoT,4,F0,F0,0.9999999999957899
sentence-based-CoT,4,F0,F1,0.08495525911518013
sentence-based-CoT,4,F0,F2,0.1618288250153071
sentence-based-CoT,4,F0,F3,0.017730213125642505
sentence-based-CoT,4,F0,F4,0.02732983873922301
sentence-based-CoT,4,F0,F5,0.022367625129665596
sentence-based-CoT,4,F1,A1,0.010260814240302759
sentence-based-CoT,4,F1,A2,-0.006334719968276253
sentence-based-CoT,4,F1,A3,0.002883817353933401
sentence-based-CoT,4,F1,F0,0.08495525911518013
sentence-based-CoT,4,F1,F1,0.9999999999927123
sentence-based-CoT,4,F1,F2,0.05199174468657972
sentence-based-CoT,4,F1,F3,0.0810668561236127
sentence-based-CoT,4,F1,F4,0.01174675755019626
sentence-based-CoT,4,F1,F5,-0.011222268085999455
sentence-based-CoT,4,F2,A1,-0.011740272399358077
sentence-based-CoT,4,F2,A2,0.019393449951291924
sentence-based-CoT,4,F2,A3,0.010917321034240484
sentence-based-CoT,4,F2,F0,0.1618288250153071
sentence-based-CoT,4,F2,F1,0.05199174468657972
sentence-based-CoT,4,F2,F2,0.9999999999936653
sentence-based-CoT,4,F2,F3,0.0628362662895751
sentence-based-CoT,4,F2,F4,0.021764002415912455
sentence-based-CoT,4,F2,F5,0.0326995686336302
sentence-based-CoT,4,F3,A1,0.009754056239501065
sentence-based-CoT,4,F3,A2,0.01979138210808622
sentence-based-CoT,4,F3,A3,-0.005271190020182219
sentence-based-CoT,4,F3,F0,0.017730213125642505
sentence-based-CoT,4,F3,F1,0.0810668561236127
sentence-based-CoT,4,F3,F2,0.0628362662895751
sentence-based-CoT,4,F3,F3,0.9999999999928143
sentence-based-CoT,4,F3,F4,0.13354840024590792
sentence-based-CoT,4,F3,F5,0.06823885673154427
sentence-based-CoT,4,F4,A1,-0.00396206148974345
sentence-based-CoT,4,F4,A2,-0.01424375503044747
sentence-based-CoT,4,F4,A3,0.012637805745908176
sentence-based-CoT,4,F4,F0,0.02732983873922301
sentence-based-CoT,4,F4,F1,0.01174675755019626
sentence-based-CoT,4,F4,F2,0.021764002415912455
sentence-based-CoT,4,F4,F3,0.13354840024590792
sentence-based-CoT,4,F4,F4,0.999999999992816
sentence-based-CoT,4,F4,F5,0.1940252845618875
sentence-based-CoT,4,F5,A1,0.0022136107498060245
sentence-based-CoT,4,F5,A2,0.0083342604482061
sentence-based-CoT,4,F5,A3,0.0020314317617259837
sentence-based-CoT,4,F5,F0,0.022367625129665596
sentence-based-CoT,4,F5,F1,-0.011222268085999455
sentence-based-CoT,4,F5,F2,0.0326995686336302
sentence-based-CoT,4,F5,F3,0.06823885673154427
sentence-based-CoT,4,F5,F4,0.1940252845618875
sentence-based-CoT,4,F5,F5,0.9999999999952394
sentence-based-CoT,5,A1,A1,0.9999999999948701
sentence-based-CoT,5,A1,A2,0.21050791249406944
sentence-based-CoT,5,A1,A3,0.16587221607009725
sentence-based-CoT,5,A1,F0,0.0122767262202078
sentence-based-CoT,5,A1,F1,0.00848597284651133
sentence-based-CoT,5,A1,F2,0.011250078465025602
sentence-based-CoT,5,A1,F3,0.004374209389143915
sentence-based-CoT,5,A1,F4,0.0017831420131796938
sentence-based-CoT,5,A1,F5,-0.00012988270004059526
sentence-based-CoT,5,A2,A1,0.21050791249406944
sentence-based-CoT,5,A2,A2,0.9999999999884466
sentence-based-CoT,5,A2,A3,0.5907793579848283
sentence-based-CoT,5,A2,F0,-0.0121139071018829
sentence-based-CoT,5,A2,F1,-0.0075458033952234315
sentence-based-CoT,5,A2,F2,-0.01024149480724563
sentence-based-CoT,5,A2,F3,0.0157817477111222
sentence-based-CoT,5,A2,F4,-0.019853495368955785
sentence-based-CoT,5,A2,F5,0.012814511464476758
sentence-based-CoT,5,A3,A1,0.16587221607009725
sentence-based-CoT,5,A3,A2,0.5907793579848283
sentence-based-CoT,5,A3,A3,0.999999999989152
sentence-based-CoT,5,A3,F0,-0.021806463942749064
sentence-based-CoT,5,A3,F1,0.011191713499935245
sentence-based-CoT,5,A3,F2,0.007978263509384612
sentence-based-CoT,5,A3,F3,-0.006209728407091351
sentence-based-CoT,5,A3,F4,0.014023345788363768
sentence-based-CoT,5,A3,F5,0.00172028894782239
sentence-based-CoT,5,F0,A1,0.0122767262202078
sentence-based-CoT,5,F0,A2,-0.0121139071018829
sentence-based-CoT,5,F0,A3,-0.021806463942749064
sentence-based-CoT,5,F0,F0,0.9999999999960013
sentence-based-CoT,5,F0,F1,0.009093946020390507
sentence-based-CoT,5,F0,F2,0.14161205813710612
sentence-based-CoT,5,F0,F3,0.006294076027365652
sentence-based-CoT,5,F0,F4,0.03564314858160967
sentence-based-CoT,5,F0,F5,0.011039398523996182
sentence-based-CoT,5,F1,A1,0.00848597284651133
sentence-based-CoT,5,F1,A2,-0.0075458033952234315
sentence-based-CoT,5,F1,A3,0.011191713499935245
sentence-based-CoT,5,F1,F0,0.009093946020390507
sentence-based-CoT,5,F1,F1,0.999999999991538
sentence-based-CoT,5,F1,F2,0.03242875766581758
sentence-based-CoT,5,F1,F3,0.06679665756128372
sentence-based-CoT,5,F1,F4,0.005521837594412597
sentence-based-CoT,5,F1,F5,-0.0004016854390992625
sentence-based-CoT,5,F2,A1,0.011250078465025602
sentence-based-CoT,5,F2,A2,-0.01024149480724563
sentence-based-CoT,5,F2,A3,0.007978263509384612
sentence-based-CoT,5,F2,F0,0.14161205813710612
sentence-based-CoT,5,F2,F1,0.03242875766581758
sentence-based-CoT,5,F2,F2,0.9999999999926857
sentence-based-CoT,5,F2,F3,0.0524365423160994
sentence-based-CoT,5,F2,F4,0.012633768637193041
sentence-based-CoT,5,F2,F5,0.032069264688838424
sentence-based-CoT,5,F3,A1,0.004374209389143915
sentence-based-CoT,5,F3,A2,0.0157817477111222
sentence-based-CoT,5,F3,A3,-0.006209728407091351
sentence-based-CoT,5,F3,F0,0.006294076027365652
sentence-based-CoT,5,F3,F1,0.06679665756128372
sentence-based-CoT,5,F3,F2,0.0524365423160994
sentence-based-CoT,5,F3,F3,0.999999999991085
sentence-based-CoT,5,F3,F4,0.11244170022638583
sentence-based-CoT,5,F3,F5,0.053976600616055026
sentence-based-CoT,5,F4,A1,0.0017831420131796938
sentence-based-CoT,5,F4,A2,-0.019853495368955785
sentence-based-CoT,5,F4,A3,0.014023345788363768
sentence-based-CoT,5,F4,F0,0.03564314858160967
sentence-based-CoT,5,F4,F1,0.005521837594412597
sentence-based-CoT,5,F4,F2,0.012633768637193041
sentence-based-CoT,5,F4,F3,0.11244170022638583
sentence-based-CoT,5,F4,F4,0.999999999991098
sentence-based-CoT,5,F4,F5,0.1489145486432659
sentence-based-CoT,5,F5,A1,-0.00012988270004059526
sentence-based-CoT,5,F5,A2,0.012814511464476758
sentence-based-CoT,5,F5,A3,0.00172028894782239
sentence-based-CoT,5,F5,F0,0.011039398523996182
sentence-based-CoT,5,F5,F1,-0.0004016854390992625
sentence-based-CoT,5,F5,F2,0.032069264688838424
sentence-based-CoT,5,F5,F3,0.053976600616055026
sentence-based-CoT,5,F5,F4,0.1489145486432659
sentence-based-CoT,5,F5,F5,0.9999999999945347
sentence-based-CoT,6,A1,A1,0.9999999999935778
sentence-based-CoT,6,A1,A2,0.16382464135439334
sentence-based-CoT,6,A1,A3,0.12691871342160696
sentence-based-CoT,6,A1,F0,0.003373250772681281
sentence-based-CoT,6,A1,F1,0.01117172478360936
sentence-based-CoT,6,A1,F2,0.0139066157861755
sentence-based-CoT,6,A1,F3,0.004639871053643911
sentence-based-CoT,6,A1,F4,-0.00032753907504602425
sentence-based-CoT,6,A1,F5,-0.0016968227651020433
sentence-based-CoT,6,A2,A1,0.16382464135439334
sentence-based-CoT,6,A2,A2,0.9999999999821284
sentence-based-CoT,6,A2,A3,0.5434635487221232
sentence-based-CoT,6,A2,F0,-0.006703420696094351
sentence-based-CoT,6,A2,F1,-0.007762425360761137
sentence-based-CoT,6,A2,F2,-0.007461262726777085
sentence-based-CoT,6,A2,F3,0.018016461650784472
sentence-based-CoT,6,A2,F4,-0.010801490711373759
sentence-based-CoT,6,A2,F5,0.016873466872439388
sentence-based-CoT,6,A3,A1,0.12691871342160696
sentence-based-CoT,6,A3,A2,0.5434635487221232
sentence-based-CoT,6,A3,A3,0.9999999999827123
sentence-based-CoT,6,A3,F0,-0.01938776252124539
sentence-based-CoT,6,A3,F1,0.002895991710736352
sentence-based-CoT,6,A3,F2,-0.001565535362338326
sentence-based-CoT,6,A3,F3,-0.011580410962467648
sentence-based-CoT,6,A3,F4,0.012085899435773121
sentence-based-CoT,6,A3,F5,0.004890406701365244
sentence-based-CoT,6,F0,A1,0.003373250772681281
sentence-based-CoT,6,F0,A2,-0.006703420696094351
sentence-based-CoT,6,F0,A3,-0.01938776252124539
sentence-based-CoT,6,F0,F0,0.9999999999957643
sentence-based-CoT,6,F0,F1,0.009998459210380629
sentence-based-CoT,6,F0,F2,0.12288201943442226
sentence-based-CoT,6,F0,F3,0.005534949232344325
sentence-based-CoT,6,F0,F4,0.04228060834485287
sentence-based-CoT,6,F0,F5,0.01960233567302892
sentence-based-CoT,6,F1,A1,0.01117172478360936
sentence-based-CoT,6,F1,A2,-0.007762425360761137
sentence-based-CoT,6,F1,A3,0.002895991710736352
sentence-based-CoT,6,F1,F0,0.009998459210380629
sentence-based-CoT,6,F1,F1,0.9999999999897274
sentence-based-CoT,6,F1,F2,0.031029792830885958
sentence-based-CoT,6,F1,F3,0.06584805125725157
sentence-based-CoT,6,F1,F4,0.0027693859801154724
sentence-based-CoT,6,F1,F5,0.007283943006545867
sentence-based-CoT,6,F2,A1,0.0139066157861755
sentence-based-CoT,6,F2,A2,-0.007461262726777085
sentence-based-CoT,6,F2,A3,-0.001565535362338326
sentence-based-CoT,6,F2,F0,0.12288201943442226
sentence-based-CoT,6,F2,F1,0.031029792830885958
sentence-based-CoT,6,F2,F2,0.9999999999911532
sentence-based-CoT,6,F2,F3,0.07592390570516011
sentence-based-CoT,6,F2,F4,0.002274936594763697
sentence-based-CoT,6,F2,F5,0.014459056310575749
sentence-based-CoT,6,F3,A1,0.004639871053643911
sentence-based-CoT,6,F3,A2,0.018016461650784472
sentence-based-CoT,6,F3,A3,-0.011580410962467648
sentence-based-CoT,6,F3,F0,0.005534949232344325
sentence-based-CoT,6,F3,F1,0.06584805125725157
sentence-based-CoT,6,F3,F2,0.07592390570516011
sentence-based-CoT,6,F3,F3,0.9999999999892931
sentence-based-CoT,6,F3,F4,0.09637614804047388
sentence-based-CoT,6,F3,F5,0.03360699588273103
sentence-based-CoT,6,F4,A1,-0.00032753907504602425
sentence-based-CoT,6,F4,A2,-0.010801490711373759
sentence-based-CoT,6,F4,A3,0.012085899435773121
sentence-based-CoT,6,F4,F0,0.04228060834485287
sentence-based-CoT,6,F4,F1,0.0027693859801154724
sentence-based-CoT,6,F4,F2,0.002274936594763697
sentence-based-CoT,6,F4,F3,0.09637614804047388
sentence-based-CoT,6,F4,F4,0.9999999999891556
sentence-based-CoT,6,F4,F5,0.11852510131828745
sentence-based-CoT,6,F5,A1,-0.0016968227651020433
sentence-based-CoT,6,F5,A2,0.016873466872439388
sentence-based-CoT,6,F5,A3,0.004890406701365244
sentence-based-CoT,6,F5,F0,0.01960233567302892
sentence-based-CoT,6,F5,F1,0.007283943006545867
sentence-based-CoT,6,F5,F2,0.014459056310575749
sentence-based-CoT,6,F5,F3,0.03360699588273103
sentence-based-CoT,6,F5,F4,0.11852510131828745
sentence-based-CoT,6,F5,F5,0.9999999999937217
sentence-based-CoT,7,A1,A1,0.9999999999928629
sentence-based-CoT,7,A1,A2,0.1328684174578911
sentence-based-CoT,7,A1,A3,0.10281840255863972
sentence-based-CoT,7,A1,F0,0.000771188081254542
sentence-based-CoT,7,A1,F1,0.004673647762862913
sentence-based-CoT,7,A1,F2,0.01113910433620952
sentence-based-CoT,7,A1,F3,0.004808433593877216
sentence-based-CoT,7,A1,F4,-0.002805546510088133
sentence-based-CoT,7,A1,F5,0.0031881231810536206
sentence-based-CoT,7,A2,A1,0.1328684174578911
sentence-based-CoT,7,A2,A2,0.9999999999780386
sentence-based-CoT,7,A2,A3,0.5246774177950629
sentence-based-CoT,7,A2,F0,-0.008917958496266958
sentence-based-CoT,7,A2,F1,-0.0049706670618085615
sentence-based-CoT,7,A2,F2,-0.004821753271674801
sentence-based-CoT,7,A2,F3,0.013716711472041919
sentence-based-CoT,7,A2,F4,-0.010711373073884803
sentence-based-CoT,7,A2,F5,0.011059532566598649
sentence-based-CoT,7,A3,A1,0.10281840255863972
sentence-based-CoT,7,A3,A2,0.5246774177950629
sentence-based-CoT,7,A3,A3,0.9999999999780207
sentence-based-CoT,7,A3,F0,-0.020484850692991954
sentence-based-CoT,7,A3,F1,-0.0002376630792016587
sentence-based-CoT,7,A3,F2,0.00851250067579484
sentence-based-CoT,7,A3,F3,-0.007796112629974992
sentence-based-CoT,7,A3,F4,0.010576868208045235
sentence-based-CoT,7,A3,F5,0.004905723393547609
sentence-based-CoT,7,F0,A1,0.000771188081254542
sentence-based-CoT,7,F0,A2,-0.008917958496266958
sentence-based-CoT,7,F0,A3,-0.020484850692991954
sentence-based-CoT,7,F0,F0,0.9999999999956597
sentence-based-CoT,7,F0,F1,-0.00211433498596824
sentence-based-CoT,7,F0,F2,0.11740582205924056
sentence-based-CoT,7,F0,F3,0.0017108216951403185
sentence-based-CoT,7,F0,F4,0.03666538811120896
sentence-based-CoT,7,F0,F5,0.023025903658841784
sentence-based-CoT,7,F1,A1,0.004673647762862913
sentence-based-CoT,7,F1,A2,-0.0049706670618085615
sentence-based-CoT,7,F1,A3,-0.0002376630792016587
sentence-based-CoT,7,F1,F0,-0.00211433498596824
sentence-based-CoT,7,F1,F1,0.9999999999894824
sentence-based-CoT,7,F1,F2,0.01630836169566149
sentence-based-CoT,7,F1,F3,0.06361970643929724
sentence-based-CoT,7,F1,F4,-0.00614653128272388
sentence-based-CoT,7,F1,F5,0.004259813260254681
sentence-based-CoT,7,F2,A1,0.01113910433620952
sentence-based-CoT,7,F2,A2,-0.004821753271674801
sentence-based-CoT,7,F2,A3,0.00851250067579484
sentence-based-CoT,7,F2,F0,0.11740582205924056
sentence-based-CoT,7,F2,F1,0.01630836169566149
sentence-based-CoT,7,F2,F2,0.9999999999906409
sentence-based-CoT,7,F2,F3,0.07134613107331213
sentence-based-CoT,7,F2,F4,-0.0003498961108948131
sentence-based-CoT,7,F2,F5,0.007265953842351918
sentence-based-CoT,7,F3,A1,0.004808433593877216
sentence-based-CoT,7,F3,A2,0.013716711472041919
sentence-based-CoT,7,F3,A3,-0.007796112629974992
sentence-based-CoT,7,F3,F0,0.0017108216951403185
sentence-based-CoT,7,F3,F1,0.06361970643929724
sentence-based-CoT,7,F3,F2,0.07134613107331213
sentence-based-CoT,7,F3,F3,0.9999999999884165
sentence-based-CoT,7,F3,F4,0.11428508602475979
sentence-based-CoT,7,F3,F5,0.018040511182680644
sentence-based-CoT,7,F4,A1,-0.002805546510088133
sentence-based-CoT,7,F4,A2,-0.010711373073884803
sentence-based-CoT,7,F4,A3,0.010576868208045235
sentence-based-CoT,7,F4,F0,0.03666538811120896
sentence-based-CoT,7,F4,F1,-0.00614653128272388
sentence-based-CoT,7,F4,F2,-0.0003498961108948131
sentence-based-CoT,7,F4,F3,0.11428508602475979
sentence-based-CoT,7,F4,F4,0.9999999999880755
sentence-based-CoT,7,F4,F5,0.10910625543612618
sentence-based-CoT,7,F5,A1,0.0031881231810536206
sentence-based-CoT,7,F5,A2,0.011059532566598649
sentence-based-CoT,7,F5,A3,0.004905723393547609
sentence-based-CoT,7,F5,F0,0.023025903658841784
sentence-based-CoT,7,F5,F1,0.004259813260254681
sentence-based-CoT,7,F5,F2,0.007265953842351918
sentence-based-CoT,7,F5,F3,0.018040511182680644
sentence-based-CoT,7,F5,F4,0.10910625543612618
sentence-based-CoT,7,F5,F5,0.9999999999934854
sentence-based-CoT,8,A1,A1,0.9999999999917951
sentence-based-CoT,8,A1,A2,0.11639613523193211
sentence-based-CoT,8,A1,A3,0.0860102781736222
sentence-based-CoT,8,A1,F0,6.95983142254568e-05
sentence-based-CoT,8,A1,F1,-0.0008916876261848937
sentence-based-CoT,8,A1,F2,0.005419066523006083
sentence-based-CoT,8,A1,F3,0.006934269352304455
sentence-based-CoT,8,A1,F4,0.006223425814259941
sentence-based-CoT,8,A1,F5,-0.0009746139791957257
sentence-based-CoT,8,A2,A1,0.11639613523193211
sentence-based-CoT,8,A2,A2,0.99999999996872
sentence-based-CoT,8,A2,A3,0.4995561702800446
sentence-based-CoT,8,A2,F0,-0.01620728349480061
sentence-based-CoT,8,A2,F1,-0.00851620919144136
sentence-based-CoT,8,A2,F2,-0.0011292184580771192
sentence-based-CoT,8,A2,F3,0.012147908706834392
sentence-based-CoT,8,A2,F4,-0.006478835398519002
sentence-based-CoT,8,A2,F5,0.010053789941199756
sentence-based-CoT,8,A3,A1,0.0860102781736222
sentence-based-CoT,8,A3,A2,0.4995561702800446
sentence-based-CoT,8,A3,A3,0.999999999967012
sentence-based-CoT,8,A3,F0,-0.007485473181549561
sentence-based-CoT,8,A3,F1,0.005589755605436745
sentence-based-CoT,8,A3,F2,0.005553214193784942
sentence-based-CoT,8,A3,F3,-0.008748382338503837
sentence-based-CoT,8,A3,F4,0.003710998202214032
sentence-based-CoT,8,A3,F5,0.005257798256114077
sentence-based-CoT,8,F0,A1,6.95983142254568e-05
sentence-based-CoT,8,F0,A2,-0.01620728349480061
sentence-based-CoT,8,F0,A3,-0.007485473181549561
sentence-based-CoT,8,F0,F0,0.9999999999955411
sentence-based-CoT,8,F0,F1,0.0007260986353402781
sentence-based-CoT,8,F0,F2,0.13185393072836826
sentence-based-CoT,8,F0,F3,0.012918276677770665
sentence-based-CoT,8,F0,F4,0.03286596427691526
sentence-based-CoT,8,F0,F5,0.025766032010305626
sentence-based-CoT,8,F1,A1,-0.0008916876261848937
sentence-based-CoT,8,F1,A2,-0.00851620919144136
sentence-based-CoT,8,F1,A3,0.005589755605436745
sentence-based-CoT,8,F1,F0,0.0007260986353402781
sentence-based-CoT,8,F1,F1,0.999999999988747
sentence-based-CoT,8,F1,F2,0.024939707482228582
sentence-based-CoT,8,F1,F3,0.0658712085587336
sentence-based-CoT,8,F1,F4,0.00047245772659005415
sentence-based-CoT,8,F1,F5,0.0033681019135459182
sentence-based-CoT,8,F2,A1,0.005419066523006083
sentence-based-CoT,8,F2,A2,-0.0011292184580771192
sentence-based-CoT,8,F2,A3,0.005553214193784942
sentence-based-CoT,8,F2,F0,0.13185393072836826
sentence-based-CoT,8,F2,F1,0.024939707482228582
sentence-based-CoT,8,F2,F2,0.9999999999898437
sentence-based-CoT,8,F2,F3,0.0784633551308196
sentence-based-CoT,8,F2,F4,-0.004332658946466391
sentence-based-CoT,8,F2,F5,0.010324159715062762
sentence-based-CoT,8,F3,A1,0.006934269352304455
sentence-based-CoT,8,F3,A2,0.012147908706834392
sentence-based-CoT,8,F3,A3,-0.008748382338503837
sentence-based-CoT,8,F3,F0,0.012918276677770665
sentence-based-CoT,8,F3,F1,0.0658712085587336
sentence-based-CoT,8,F3,F2,0.0784633551308196
sentence-based-CoT,8,F3,F3,0.9999999999871002
sentence-based-CoT,8,F3,F4,0.10569036369006597
sentence-based-CoT,8,F3,F5,0.016102515634820288
sentence-based-CoT,8,F4,A1,0.006223425814259941
sentence-based-CoT,8,F4,A2,-0.006478835398519002
sentence-based-CoT,8,F4,A3,0.003710998202214032
sentence-based-CoT,8,F4,F0,0.03286596427691526
sentence-based-CoT,8,F4,F1,0.00047245772659005415
sentence-based-CoT,8,F4,F2,-0.004332658946466391
sentence-based-CoT,8,F4,F3,0.10569036369006597
sentence-based-CoT,8,F4,F4,0.9999999999867037
sentence-based-CoT,8,F4,F5,0.09942481947837935
sentence-based-CoT,8,F5,A1,-0.0009746139791957257
sentence-based-CoT,8,F5,A2,0.010053789941199756
sentence-based-CoT,8,F5,A3,0.005257798256114077
sentence-based-CoT,8,F5,F0,0.025766032010305626
sentence-based-CoT,8,F5,F1,0.0033681019135459182
sentence-based-CoT,8,F5,F2,0.010324159715062762
sentence-based-CoT,8,F5,F3,0.016102515634820288
sentence-based-CoT,8,F5,F4,0.09942481947837935
sentence-based-CoT,8,F5,F5,0.9999999999930717
sentence-based-CoT,9,A1,A1,0.9999999999903598
sentence-based-CoT,9,A1,A2,0.10106568591496536
sentence-based-CoT,9,A1,A3,0.0706857506831761
sentence-based-CoT,9,A1,F0,-0.0024404887154808055
sentence-based-CoT,9,A1,F1,0.0023244799075253387
sentence-based-CoT,9,A1,F2,0.0048462821412395135
sentence-based-CoT,9,A1,F3,0.00785533189002195
sentence-based-CoT,9,A1,F4,-0.004814274373597221
sentence-based-CoT,9,A1,F5,0.0005630200292990824
sentence-based-CoT,9,A2,A1,0.10106568591496536
sentence-based-CoT,9,A2,A2,0.9999999999603889
sentence-based-CoT,9,A2,A3,0.4223038507049169
sentence-based-CoT,9,A2,F0,-0.0030460996767695905
sentence-based-CoT,9,A2,F1,-0.010549648723667567
sentence-based-CoT,9,A2,F2,0.007625802746193336
sentence-based-CoT,9,A2,F3,0.0225514741946045
sentence-based-CoT,9,A2,F4,-0.004845251285833823
sentence-based-CoT,9,A2,F5,0.016270358762453214
sentence-based-CoT,9,A3,A1,0.0706857506831761
sentence-based-CoT,9,A3,A2,0.4223038507049169
sentence-based-CoT,9,A3,A3,0.9999999999561003
sentence-based-CoT,9,A3,F0,-0.008731876465415633
sentence-based-CoT,9,A3,F1,-0.0012806547173116654
sentence-based-CoT,9,A3,F2,-0.004276674310438642
sentence-based-CoT,9,A3,F3,-0.003018064730283721
sentence-based-CoT,9,A3,F4,0.006064171257130352
sentence-based-CoT,9,A3,F5,0.0013754147751287714
sentence-based-CoT,9,F0,A1,-0.0024404887154808055
sentence-based-CoT,9,F0,A2,-0.0030460996767695905
sentence-based-CoT,9,F0,A3,-0.008731876465415633
sentence-based-CoT,9,F0,F0,0.999999999995428
sentence-based-CoT,9,F0,F1,-0.0008173829833884447
sentence-based-CoT,9,F0,F2,0.13362699315441465
sentence-based-CoT,9,F0,F3,0.025135141404297158
sentence-based-CoT,9,F0,F4,0.05541697882209293
sentence-based-CoT,9,F0,F5,0.028383105259144406
sentence-based-CoT,9,F1,A1,0.0023244799075253387
sentence-based-CoT,9,F1,A2,-0.010549648723667567
sentence-based-CoT,9,F1,A3,-0.0012806547173116654
sentence-based-CoT,9,F1,F0,-0.0008173829833884447
sentence-based-CoT,9,F1,F1,0.9999999999876852
sentence-based-CoT,9,F1,F2,0.03745850909018629
sentence-based-CoT,9,F1,F3,0.059138055313365606
sentence-based-CoT,9,F1,F4,-0.001712208485712395
sentence-based-CoT,9,F1,F5,-0.0022769569711699536
sentence-based-CoT,9,F2,A1,0.0048462821412395135
sentence-based-CoT,9,F2,A2,0.007625802746193336
sentence-based-CoT,9,F2,A3,-0.004276674310438642
sentence-based-CoT,9,F2,F0,0.13362699315441465
sentence-based-CoT,9,F2,F1,0.03745850909018629
sentence-based-CoT,9,F2,F2,0.9999999999893884
sentence-based-CoT,9,F2,F3,0.0829704262245102
sentence-based-CoT,9,F2,F4,-0.0063298572165249615
sentence-based-CoT,9,F2,F5,0.020983897276013058
sentence-based-CoT,9,F3,A1,0.00785533189002195
sentence-based-CoT,9,F3,A2,0.0225514741946045
sentence-based-CoT,9,F3,A3,-0.003018064730283721
sentence-based-CoT,9,F3,F0,0.025135141404297158
sentence-based-CoT,9,F3,F1,0.059138055313365606
sentence-based-CoT,9,F3,F2,0.0829704262245102
sentence-based-CoT,9,F3,F3,0.999999999986307
sentence-based-CoT,9,F3,F4,0.11537199393474301
sentence-based-CoT,9,F3,F5,0.014939540883444109
sentence-based-CoT,9,F4,A1,-0.004814274373597221
sentence-based-CoT,9,F4,A2,-0.004845251285833823
sentence-based-CoT,9,F4,A3,0.006064171257130352
sentence-based-CoT,9,F4,F0,0.05541697882209293
sentence-based-CoT,9,F4,F1,-0.001712208485712395
sentence-based-CoT,9,F4,F2,-0.0063298572165249615
sentence-based-CoT,9,F4,F3,0.11537199393474301
sentence-based-CoT,9,F4,F4,0.9999999999855989
sentence-based-CoT,9,F4,F5,0.08687436554321716
sentence-based-CoT,9,F5,A1,0.0005630200292990824
sentence-based-CoT,9,F5,A2,0.016270358762453214
sentence-based-CoT,9,F5,A3,0.0013754147751287714
sentence-based-CoT,9,F5,F0,0.028383105259144406
sentence-based-CoT,9,F5,F1,-0.0022769569711699536
sentence-based-CoT,9,F5,F2,0.020983897276013058
sentence-based-CoT,9,F5,F3,0.014939540883444109
sentence-based-CoT,9,F5,F4,0.08687436554321716
sentence-based-CoT,9,F5,F5,0.9999999999926228
sentence-based-CoT,10,A1,A1,0.9999999999895152
sentence-based-CoT,10,A1,A2,0.08715602089960511
sentence-based-CoT,10,A1,A3,0.05693598727947179
sentence-based-CoT,10,A1,F0,-0.005822051528291696
sentence-based-CoT,10,A1,F1,-0.0007814334888421496
sentence-based-CoT,10,A1,F2,0.006977149611492321
sentence-based-CoT,10,A1,F3,0.013230507830712338
sentence-based-CoT,10,A1,F4,0.001833158223172201
sentence-based-CoT,10,A1,F5,0.003930978879145946
sentence-based-CoT,10,A2,A1,0.08715602089960511
sentence-based-CoT,10,A2,A2,0.9999999999591755
sentence-based-CoT,10,A2,A3,0.3337962666243268
sentence-based-CoT,10,A2,F0,0.008171967282154798
sentence-based-CoT,10,A2,F1,-0.004314583285225216
sentence-based-CoT,10,A2,F2,4.8901401390922336e-05
sentence-based-CoT,10,A2,F3,0.018812978132072198
sentence-based-CoT,10,A2,F4,0.0016752925760471192
sentence-based-CoT,10,A2,F5,0.022304998751577133
sentence-based-CoT,10,A3,A1,0.05693598727947179
sentence-based-CoT,10,A3,A2,0.3337962666243268
sentence-based-CoT,10,A3,A3,0.9999999999558458
sentence-based-CoT,10,A3,F0,-0.0070813562216472895
sentence-based-CoT,10,A3,F1,0.005725014826962222
sentence-based-CoT,10,A3,F2,-0.002444151387769511
sentence-based-CoT,10,A3,F3,-0.013152716046910321
sentence-based-CoT,10,A3,F4,0.004831408105504583
sentence-based-CoT,10,A3,F5,0.003467419404267996
sentence-based-CoT,10,F0,A1,-0.005822051528291696
sentence-based-CoT,10,F0,A2,0.008171967282154798
sentence-based-CoT,10,F0,A3,-0.0070813562216472895
sentence-based-CoT,10,F0,F0,0.9999999999954868
sentence-based-CoT,10,F0,F1,-0.00624204229691635
sentence-based-CoT,10,F0,F2,0.1345217155943141
sentence-based-CoT,10,F0,F3,0.031596521810664704
sentence-based-CoT,10,F0,F4,0.051940122036042445
sentence-based-CoT,10,F0,F5,0.03144871505572312
sentence-based-CoT,10,F1,A1,-0.0007814334888421496
sentence-based-CoT,10,F1,A2,-0.004314583285225216
sentence-based-CoT,10,F1,A3,0.005725014826962222
sentence-based-CoT,10,F1,F0,-0.00624204229691635
sentence-based-CoT,10,F1,F1,0.9999999999872284
sentence-based-CoT,10,F1,F2,0.044761715116400654
sentence-based-CoT,10,F1,F3,0.0359251446042253
sentence-based-CoT,10,F1,F4,-0.013852297679432215
sentence-based-CoT,10,F1,F5,-0.002999390591924778
sentence-based-CoT,10,F2,A1,0.006977149611492321
sentence-based-CoT,10,F2,A2,4.8901401390922336e-05
sentence-based-CoT,10,F2,A3,-0.002444151387769511
sentence-based-CoT,10,F2,F0,0.1345217155943141
sentence-based-CoT,10,F2,F1,0.044761715116400654
sentence-based-CoT,10,F2,F2,0.9999999999891077
sentence-based-CoT,10,F2,F3,0.08817082660292824
sentence-based-CoT,10,F2,F4,0.008927589212736183
sentence-based-CoT,10,F2,F5,0.03532939833042529
sentence-based-CoT,10,F3,A1,0.013230507830712338
sentence-based-CoT,10,F3,A2,0.018812978132072198
sentence-based-CoT,10,F3,A3,-0.013152716046910321
sentence-based-CoT,10,F3,F0,0.031596521810664704
sentence-based-CoT,10,F3,F1,0.0359251446042253
sentence-based-CoT,10,F3,F2,0.08817082660292824
sentence-based-CoT,10,F3,F3,0.9999999999855529
sentence-based-CoT,10,F3,F4,0.12202090017829896
sentence-based-CoT,10,F3,F5,0.023913521998744146
sentence-based-CoT,10,F4,A1,0.001833158223172201
sentence-based-CoT,10,F4,A2,0.0016752925760471192
sentence-based-CoT,10,F4,A3,0.004831408105504583
sentence-based-CoT,10,F4,F0,0.051940122036042445
sentence-based-CoT,10,F4,F1,-0.013852297679432215
sentence-based-CoT,10,F4,F2,0.008927589212736183
sentence-based-CoT,10,F4,F3,0.12202090017829896
sentence-based-CoT,10,F4,F4,0.9999999999850344
sentence-based-CoT,10,F4,F5,0.0854794832512149
sentence-based-CoT,10,F5,A1,0.003930978879145946
sentence-based-CoT,10,F5,A2,0.022304998751577133
sentence-based-CoT,10,F5,A3,0.003467419404267996
sentence-based-CoT,10,F5,F0,0.03144871505572312
sentence-based-CoT,10,F5,F1,-0.002999390591924778
sentence-based-CoT,10,F5,F2,0.03532939833042529
sentence-based-CoT,10,F5,F3,0.023913521998744146
sentence-based-CoT,10,F5,F4,0.0854794832512149
sentence-based-CoT,10,F5,F5,0.9999999999925784
sentence-based-CoT,11,A1,A1,0.9999999999882866
sentence-based-CoT,11,A1,A2,0.07522211949232362
sentence-based-CoT,11,A1,A3,0.043367301590733806
sentence-based-CoT,11,A1,F0,-0.0007549570093356092
sentence-based-CoT,11,A1,F1,0.01449493834120127
sentence-based-CoT,11,A1,F2,0.0039057118954712593
sentence-based-CoT,11,A1,F3,0.011724850410239008
sentence-based-CoT,11,A1,F4,0.005193823748418969
sentence-based-CoT,11,A1,F5,0.006464085827258161
sentence-based-CoT,11,A2,A1,0.07522211949232362
sentence-based-CoT,11,A2,A2,0.9999999999481298
sentence-based-CoT,11,A2,A3,0.30053492051097624
sentence-based-CoT,11,A2,F0,0.00995522545196846
sentence-based-CoT,11,A2,F1,-0.019638497180355347
sentence-based-CoT,11,A2,F2,0.003789415171712474
sentence-based-CoT,11,A2,F3,0.014094237749599193
sentence-based-CoT,11,A2,F4,3.815494198260283e-05
sentence-based-CoT,11,A2,F5,0.018952424269149587
sentence-based-CoT,11,A3,A1,0.043367301590733806
sentence-based-CoT,11,A3,A2,0.30053492051097624
sentence-based-CoT,11,A3,A3,0.9999999999365413
sentence-based-CoT,11,A3,F0,-0.01335164445507622
sentence-based-CoT,11,A3,F1,0.004122907368519105
sentence-based-CoT,11,A3,F2,-0.010770351131547035
sentence-based-CoT,11,A3,F3,-0.01395464033892693
sentence-based-CoT,11,A3,F4,-0.004783206149667719
sentence-based-CoT,11,A3,F5,-0.00032115708816730687
sentence-based-CoT,11,F0,A1,-0.0007549570093356092
sentence-based-CoT,11,F0,A2,0.00995522545196846
sentence-based-CoT,11,F0,A3,-0.01335164445507622
sentence-based-CoT,11,F0,F0,0.9999999999953778
sentence-based-CoT,11,F0,F1,-0.000519716304298152
sentence-based-CoT,11,F0,F2,0.13567908200648027
sentence-based-CoT,11,F0,F3,0.05127025611549383
sentence-based-CoT,11,F0,F4,0.06481736616377087
sentence-based-CoT,11,F0,F5,0.037059755112114144
sentence-based-CoT,11,F1,A1,0.01449493834120127
sentence-based-CoT,11,F1,A2,-0.019638497180355347
sentence-based-CoT,11,F1,A3,0.004122907368519105
sentence-based-CoT,11,F1,F0,-0.000519716304298152
sentence-based-CoT,11,F1,F1,0.9999999999877703
sentence-based-CoT,11,F1,F2,0.040677535765559505
sentence-based-CoT,11,F1,F3,0.04788296419571021
sentence-based-CoT,11,F1,F4,0.003301043055732685
sentence-based-CoT,11,F1,F5,-0.010035800345411785
sentence-based-CoT,11,F2,A1,0.0039057118954712593
sentence-based-CoT,11,F2,A2,0.003789415171712474
sentence-based-CoT,11,F2,A3,-0.010770351131547035
sentence-based-CoT,11,F2,F0,0.13567908200648027
sentence-based-CoT,11,F2,F1,0.040677535765559505
sentence-based-CoT,11,F2,F2,0.9999999999892102
sentence-based-CoT,11,F2,F3,0.07585618218630671
sentence-based-CoT,11,F2,F4,0.002050176232539427
sentence-based-CoT,11,F2,F5,0.027347526067963413
sentence-based-CoT,11,F3,A1,0.011724850410239008
sentence-based-CoT,11,F3,A2,0.014094237749599193
sentence-based-CoT,11,F3,A3,-0.01395464033892693
sentence-based-CoT,11,F3,F0,0.05127025611549383
sentence-based-CoT,11,F3,F1,0.04788296419571021
sentence-based-CoT,11,F3,F2,0.07585618218630671
sentence-based-CoT,11,F3,F3,0.9999999999847858
sentence-based-CoT,11,F3,F4,0.11567977190530028
sentence-based-CoT,11,F3,F5,0.02662455874297804
sentence-based-CoT,11,F4,A1,0.005193823748418969
sentence-based-CoT,11,F4,A2,3.815494198260283e-05
sentence-based-CoT,11,F4,A3,-0.004783206149667719
sentence-based-CoT,11,F4,F0,0.06481736616377087
sentence-based-CoT,11,F4,F1,0.003301043055732685
sentence-based-CoT,11,F4,F2,0.002050176232539427
sentence-based-CoT,11,F4,F3,0.11567977190530028
sentence-based-CoT,11,F4,F4,0.9999999999852538
sentence-based-CoT,11,F4,F5,0.10636782432791006
sentence-based-CoT,11,F5,A1,0.006464085827258161
sentence-based-CoT,11,F5,A2,0.018952424269149587
sentence-based-CoT,11,F5,A3,-0.00032115708816730687
sentence-based-CoT,11,F5,F0,0.037059755112114144
sentence-based-CoT,11,F5,F1,-0.010035800345411785
sentence-based-CoT,11,F5,F2,0.027347526067963413
sentence-based-CoT,11,F5,F3,0.02662455874297804
sentence-based-CoT,11,F5,F4,0.10636782432791006
sentence-based-CoT,11,F5,F5,0.9999999999923147
sentence-based-CoT,12,A1,A1,0.9999999999882231
sentence-based-CoT,12,A1,A2,0.08360535148155693
sentence-based-CoT,12,A1,A3,0.03911647401357785
sentence-based-CoT,12,A1,F0,0.005232436446745571
sentence-based-CoT,12,A1,F1,0.01629456955050551
sentence-based-CoT,12,A1,F2,0.004122333433593644
sentence-based-CoT,12,A1,F3,0.01074071006488729
sentence-based-CoT,12,A1,F4,0.009039075755919605
sentence-based-CoT,12,A1,F5,0.002904612251903921
sentence-based-CoT,12,A2,A1,0.08360535148155693
sentence-based-CoT,12,A2,A2,0.9999999999399743
sentence-based-CoT,12,A2,A3,0.36451081827621995
sentence-based-CoT,12,A2,F0,0.006462752564901429
sentence-based-CoT,12,A2,F1,-0.009424975975484345
sentence-based-CoT,12,A2,F2,0.004977518882870835
sentence-based-CoT,12,A2,F3,0.01537486781744154
sentence-based-CoT,12,A2,F4,0.0012081674620315935
sentence-based-CoT,12,A2,F5,0.02061719708842032
sentence-based-CoT,12,A3,A1,0.03911647401357785
sentence-based-CoT,12,A3,A2,0.36451081827621995
sentence-based-CoT,12,A3,A3,0.99999999992833
sentence-based-CoT,12,A3,F0,-0.007866973012682743
sentence-based-CoT,12,A3,F1,-0.002895977620771813
sentence-based-CoT,12,A3,F2,-0.008749130616579599
sentence-based-CoT,12,A3,F3,-0.017968136158040576
sentence-based-CoT,12,A3,F4,-0.0035633835275155007
sentence-based-CoT,12,A3,F5,0.0034226601537688667
sentence-based-CoT,12,F0,A1,0.005232436446745571
sentence-based-CoT,12,F0,A2,0.006462752564901429
sentence-based-CoT,12,F0,A3,-0.007866973012682743
sentence-based-CoT,12,F0,F0,0.9999999999955288
sentence-based-CoT,12,F0,F1,-0.014106778244880382
sentence-based-CoT,12,F0,F2,0.13781512123130613
sentence-based-CoT,12,F0,F3,0.05413043006896074
sentence-based-CoT,12,F0,F4,0.05929677923414777
sentence-based-CoT,12,F0,F5,0.030262857584672398
sentence-based-CoT,12,F1,A1,0.01629456955050551
sentence-based-CoT,12,F1,A2,-0.009424975975484345
sentence-based-CoT,12,F1,A3,-0.002895977620771813
sentence-based-CoT,12,F1,F0,-0.014106778244880382
sentence-based-CoT,12,F1,F1,0.999999999988319
sentence-based-CoT,12,F1,F2,0.051468708784044415
sentence-based-CoT,12,F1,F3,0.03901068793699699
sentence-based-CoT,12,F1,F4,0.007015221311779631
sentence-based-CoT,12,F1,F5,-0.014461012870587571
sentence-based-CoT,12,F2,A1,0.004122333433593644
sentence-based-CoT,12,F2,A2,0.004977518882870835
sentence-based-CoT,12,F2,A3,-0.008749130616579599
sentence-based-CoT,12,F2,F0,0.13781512123130613
sentence-based-CoT,12,F2,F1,0.051468708784044415
sentence-based-CoT,12,F2,F2,0.9999999999899165
sentence-based-CoT,12,F2,F3,0.07469675370363543
sentence-based-CoT,12,F2,F4,0.004431109656673302
sentence-based-CoT,12,F2,F5,0.024377022321509772
sentence-based-CoT,12,F3,A1,0.01074071006488729
sentence-based-CoT,12,F3,A2,0.01537486781744154
sentence-based-CoT,12,F3,A3,-0.017968136158040576
sentence-based-CoT,12,F3,F0,0.05413043006896074
sentence-based-CoT,12,F3,F1,0.03901068793699699
sentence-based-CoT,12,F3,F2,0.07469675370363543
sentence-based-CoT,12,F3,F3,0.9999999999854499
sentence-based-CoT,12,F3,F4,0.10107877618637466
sentence-based-CoT,12,F3,F5,0.0281642583122215
sentence-based-CoT,12,F4,A1,0.009039075755919605
sentence-based-CoT,12,F4,A2,0.0012081674620315935
sentence-based-CoT,12,F4,A3,-0.0035633835275155007
sentence-based-CoT,12,F4,F0,0.05929677923414777
sentence-based-CoT,12,F4,F1,0.007015221311779631
sentence-based-CoT,12,F4,F2,0.004431109656673302
sentence-based-CoT,12,F4,F3,0.10107877618637466
sentence-based-CoT,12,F4,F4,0.9999999999855482
sentence-based-CoT,12,F4,F5,0.10139354725718018
sentence-based-CoT,12,F5,A1,0.002904612251903921
sentence-based-CoT,12,F5,A2,0.02061719708842032
sentence-based-CoT,12,F5,A3,0.0034226601537688667
sentence-based-CoT,12,F5,F0,0.030262857584672398
sentence-based-CoT,12,F5,F1,-0.014461012870587571
sentence-based-CoT,12,F5,F2,0.024377022321509772
sentence-based-CoT,12,F5,F3,0.0281642583122215
sentence-based-CoT,12,F5,F4,0.10139354725718018
sentence-based-CoT,12,F5,F5,0.9999999999924255
sentence-based-CoT,13,A1,A1,0.9999999999881062
sentence-based-CoT,13,A1,A2,0.0937739733005473
sentence-based-CoT,13,A1,A3,0.04942049561937818
sentence-based-CoT,13,A1,F0,0.002580288807789982
sentence-based-CoT,13,A1,F1,0.006866280074440652
sentence-based-CoT,13,A1,F2,0.018787324667232517
sentence-based-CoT,13,A1,F3,0.007438082434496894
sentence-based-CoT,13,A1,F4,0.006750362214927614
sentence-based-CoT,13,A1,F5,0.006819357066913526
sentence-based-CoT,13,A2,A1,0.0937739733005473
sentence-based-CoT,13,A2,A2,0.9999999999321275
sentence-based-CoT,13,A2,A3,0.44049878744359494
sentence-based-CoT,13,A2,F0,0.0006921467469281891
sentence-based-CoT,13,A2,F1,-0.009878798352593946
sentence-based-CoT,13,A2,F2,0.0020197677194724517
sentence-based-CoT,13,A2,F3,0.026488481807907346
sentence-based-CoT,13,A2,F4,0.012433600731082739
sentence-based-CoT,13,A2,F5,0.010303938298711873
sentence-based-CoT,13,A3,A1,0.04942049561937818
sentence-based-CoT,13,A3,A2,0.44049878744359494
sentence-based-CoT,13,A3,A3,0.999999999913898
sentence-based-CoT,13,A3,F0,-0.006598275011562275
sentence-based-CoT,13,A3,F1,-0.0012471641858921925
sentence-based-CoT,13,A3,F2,-0.004294660678234047
sentence-based-CoT,13,A3,F3,-0.019025903745942832
sentence-based-CoT,13,A3,F4,-0.005978710780082025
sentence-based-CoT,13,A3,F5,-0.005358687964473413
sentence-based-CoT,13,F0,A1,0.002580288807789982
sentence-based-CoT,13,F0,A2,0.0006921467469281891
sentence-based-CoT,13,F0,A3,-0.006598275011562275
sentence-based-CoT,13,F0,F0,0.9999999999955118
sentence-based-CoT,13,F0,F1,-0.007185699011999235
sentence-based-CoT,13,F0,F2,0.14801833918146468
sentence-based-CoT,13,F0,F3,0.05616215190009805
sentence-based-CoT,13,F0,F4,0.06811434862645642
sentence-based-CoT,13,F0,F5,0.030877148323704782
sentence-based-CoT,13,F1,A1,0.006866280074440652
sentence-based-CoT,13,F1,A2,-0.009878798352593946
sentence-based-CoT,13,F1,A3,-0.0012471641858921925
sentence-based-CoT,13,F1,F0,-0.007185699011999235
sentence-based-CoT,13,F1,F1,0.9999999999870852
sentence-based-CoT,13,F1,F2,0.05866758918934039
sentence-based-CoT,13,F1,F3,0.0321455488784445
sentence-based-CoT,13,F1,F4,0.018340166543320824
sentence-based-CoT,13,F1,F5,-0.0028441582138026026
sentence-based-CoT,13,F2,A1,0.018787324667232517
sentence-based-CoT,13,F2,A2,0.0020197677194724517
sentence-based-CoT,13,F2,A3,-0.004294660678234047
sentence-based-CoT,13,F2,F0,0.14801833918146468
sentence-based-CoT,13,F2,F1,0.05866758918934039
sentence-based-CoT,13,F2,F2,0.9999999999897673
sentence-based-CoT,13,F2,F3,0.07039280617267263
sentence-based-CoT,13,F2,F4,0.0049190603758817175
sentence-based-CoT,13,F2,F5,0.030695527697152246
sentence-based-CoT,13,F3,A1,0.007438082434496894
sentence-based-CoT,13,F3,A2,0.026488481807907346
sentence-based-CoT,13,F3,A3,-0.019025903745942832
sentence-based-CoT,13,F3,F0,0.05616215190009805
sentence-based-CoT,13,F3,F1,0.0321455488784445
sentence-based-CoT,13,F3,F2,0.07039280617267263
sentence-based-CoT,13,F3,F3,0.9999999999850598
sentence-based-CoT,13,F3,F4,0.11150334389944755
sentence-based-CoT,13,F3,F5,0.02107512743242797
sentence-based-CoT,13,F4,A1,0.006750362214927614
sentence-based-CoT,13,F4,A2,0.012433600731082739
sentence-based-CoT,13,F4,A3,-0.005978710780082025
sentence-based-CoT,13,F4,F0,0.06811434862645642
sentence-based-CoT,13,F4,F1,0.018340166543320824
sentence-based-CoT,13,F4,F2,0.0049190603758817175
sentence-based-CoT,13,F4,F3,0.11150334389944755
sentence-based-CoT,13,F4,F4,0.9999999999850023
sentence-based-CoT,13,F4,F5,0.10754451949086732
sentence-based-CoT,13,F5,A1,0.006819357066913526
sentence-based-CoT,13,F5,A2,0.010303938298711873
sentence-based-CoT,13,F5,A3,-0.005358687964473413
sentence-based-CoT,13,F5,F0,0.030877148323704782
sentence-based-CoT,13,F5,F1,-0.0028441582138026026
sentence-based-CoT,13,F5,F2,0.030695527697152246
sentence-based-CoT,13,F5,F3,0.02107512743242797
sentence-based-CoT,13,F5,F4,0.10754451949086732
sentence-based-CoT,13,F5,F5,0.9999999999923399
sentence-based-CoT,14,A1,A1,0.9999999999874634
sentence-based-CoT,14,A1,A2,0.09428673982395927
sentence-based-CoT,14,A1,A3,0.052622268359743415
sentence-based-CoT,14,A1,F0,0.011074051238115326
sentence-based-CoT,14,A1,F1,0.016087899561882807
sentence-based-CoT,14,A1,F2,0.013273789416134062
sentence-based-CoT,14,A1,F3,0.0032456634046232587
sentence-based-CoT,14,A1,F4,0.007772748008346957
sentence-based-CoT,14,A1,F5,0.00648685338092551
sentence-based-CoT,14,A2,A1,0.09428673982395927
sentence-based-CoT,14,A2,A2,0.999999999925465
sentence-based-CoT,14,A2,A3,0.45618459998452454
sentence-based-CoT,14,A2,F0,-0.00043262374633392384
sentence-based-CoT,14,A2,F1,-0.014226010765220743
sentence-based-CoT,14,A2,F2,0.002822507884411214
sentence-based-CoT,14,A2,F3,0.020131083449739316
sentence-based-CoT,14,A2,F4,0.005203858439758738
sentence-based-CoT,14,A2,F5,0.012250191219296196
sentence-based-CoT,14,A3,A1,0.052622268359743415
sentence-based-CoT,14,A3,A2,0.45618459998452454
sentence-based-CoT,14,A3,A3,0.9999999999038967
sentence-based-CoT,14,A3,F0,-0.011185762309959591
sentence-based-CoT,14,A3,F1,-0.0037396987253639153
sentence-based-CoT,14,A3,F2,0.0011424753510510348
sentence-based-CoT,14,A3,F3,-0.01643102558425585
sentence-based-CoT,14,A3,F4,-0.0014244488497715943
sentence-based-CoT,14,A3,F5,-0.009817413330634772
sentence-based-CoT,14,F0,A1,0.011074051238115326
sentence-based-CoT,14,F0,A2,-0.00043262374633392384
sentence-based-CoT,14,F0,A3,-0.011185762309959591
sentence-based-CoT,14,F0,F0,0.9999999999954101
sentence-based-CoT,14,F0,F1,-0.0030114803755964797
sentence-based-CoT,14,F0,F2,0.14047344454484426
sentence-based-CoT,14,F0,F3,0.04934409492232587
sentence-based-CoT,14,F0,F4,0.0713511852905494
sentence-based-CoT,14,F0,F5,0.0323717866317918
sentence-based-CoT,14,F1,A1,0.016087899561882807
sentence-based-CoT,14,F1,A2,-0.014226010765220743
sentence-based-CoT,14,F1,A3,-0.0037396987253639153
sentence-based-CoT,14,F1,F0,-0.0030114803755964797
sentence-based-CoT,14,F1,F1,0.9999999999866872
sentence-based-CoT,14,F1,F2,0.04960361379235196
sentence-based-CoT,14,F1,F3,0.043639319945711574
sentence-based-CoT,14,F1,F4,0.015480249438902723
sentence-based-CoT,14,F1,F5,0.00515179438933501
sentence-based-CoT,14,F2,A1,0.013273789416134062
sentence-based-CoT,14,F2,A2,0.002822507884411214
sentence-based-CoT,14,F2,A3,0.0011424753510510348
sentence-based-CoT,14,F2,F0,0.14047344454484426
sentence-based-CoT,14,F2,F1,0.04960361379235196
sentence-based-CoT,14,F2,F2,0.999999999989121
sentence-based-CoT,14,F2,F3,0.0727379326204454
sentence-based-CoT,14,F2,F4,0.011395280326284314
sentence-based-CoT,14,F2,F5,0.041014925088627904
sentence-based-CoT,14,F3,A1,0.0032456634046232587
sentence-based-CoT,14,F3,A2,0.020131083449739316
sentence-based-CoT,14,F3,A3,-0.01643102558425585
sentence-based-CoT,14,F3,F0,0.04934409492232587
sentence-based-CoT,14,F3,F1,0.043639319945711574
sentence-based-CoT,14,F3,F2,0.0727379326204454
sentence-based-CoT,14,F3,F3,0.999999999984136
sentence-based-CoT,14,F3,F4,0.12614266528280454
sentence-based-CoT,14,F3,F5,0.026585193573949187
sentence-based-CoT,14,F4,A1,0.007772748008346957
sentence-based-CoT,14,F4,A2,0.005203858439758738
sentence-based-CoT,14,F4,A3,-0.0014244488497715943
sentence-based-CoT,14,F4,F0,0.0713511852905494
sentence-based-CoT,14,F4,F1,0.015480249438902723
sentence-based-CoT,14,F4,F2,0.011395280326284314
sentence-based-CoT,14,F4,F3,0.12614266528280454
sentence-based-CoT,14,F4,F4,0.9999999999841144
sentence-based-CoT,14,F4,F5,0.11524028429481782
sentence-based-CoT,14,F5,A1,0.00648685338092551
sentence-based-CoT,14,F5,A2,0.012250191219296196
sentence-based-CoT,14,F5,A3,-0.009817413330634772
sentence-based-CoT,14,F5,F0,0.0323717866317918
sentence-based-CoT,14,F5,F1,0.00515179438933501
sentence-based-CoT,14,F5,F2,0.041014925088627904
sentence-based-CoT,14,F5,F3,0.026585193573949187
sentence-based-CoT,14,F5,F4,0.11524028429481782
sentence-based-CoT,14,F5,F5,0.9999999999918546
sentence-based-CoT,15,A1,A1,0.9999999999863093
sentence-based-CoT,15,A1,A2,0.0921264543520078
sentence-based-CoT,15,A1,A3,0.050281394156259485
sentence-based-CoT,15,A1,F0,0.007454225067502149
sentence-based-CoT,15,A1,F1,0.021141164435403315
sentence-based-CoT,15,A1,F2,0.02218627147627706
sentence-based-CoT,15,A1,F3,-0.007285721981338318
sentence-based-CoT,15,A1,F4,0.006384010973007189
sentence-based-CoT,15,A1,F5,-0.0005120438060879253
sentence-based-CoT,15,A2,A1,0.0921264543520078
sentence-based-CoT,15,A2,A2,0.9999999999184469
sentence-based-CoT,15,A2,A3,0.45322581111534804
sentence-based-CoT,15,A2,F0,-0.006001156490998951
sentence-based-CoT,15,A2,F1,-0.011590099591269973
sentence-based-CoT,15,A2,F2,0.015482507575798188
sentence-based-CoT,15,A2,F3,0.020690959559424738
sentence-based-CoT,15,A2,F4,0.00902878174152327
sentence-based-CoT,15,A2,F5,0.016790372250753284
sentence-based-CoT,15,A3,A1,0.050281394156259485
sentence-based-CoT,15,A3,A2,0.45322581111534804
sentence-based-CoT,15,A3,A3,0.999999999893923
sentence-based-CoT,15,A3,F0,-0.007560180741543904
sentence-based-CoT,15,A3,F1,-0.011166796959941383
sentence-based-CoT,15,A3,F2,-0.00029902064754424744
sentence-based-CoT,15,A3,F3,-0.012174394429676579
sentence-based-CoT,15,A3,F4,-0.004771086711919297
sentence-based-CoT,15,A3,F5,-0.01045899318051005
sentence-based-CoT,15,F0,A1,0.007454225067502149
sentence-based-CoT,15,F0,A2,-0.006001156490998951
sentence-based-CoT,15,F0,A3,-0.007560180741543904
sentence-based-CoT,15,F0,F0,0.9999999999956298
sentence-based-CoT,15,F0,F1,0.0027127857339201973
sentence-based-CoT,15,F0,F2,0.13186141476888066
sentence-based-CoT,15,F0,F3,0.05035334006341289
sentence-based-CoT,15,F0,F4,0.08082970188484905
sentence-based-CoT,15,F0,F5,0.03700492966024609
sentence-based-CoT,15,F1,A1,0.021141164435403315
sentence-based-CoT,15,F1,A2,-0.011590099591269973
sentence-based-CoT,15,F1,A3,-0.011166796959941383
sentence-based-CoT,15,F1,F0,0.0027127857339201973
sentence-based-CoT,15,F1,F1,0.9999999999876643
sentence-based-CoT,15,F1,F2,0.05389442033797317
sentence-based-CoT,15,F1,F3,0.05429721161286275
sentence-based-CoT,15,F1,F4,0.013960253467596176
sentence-based-CoT,15,F1,F5,0.0073629574807646805
sentence-based-CoT,15,F2,A1,0.02218627147627706
sentence-based-CoT,15,F2,A2,0.015482507575798188
sentence-based-CoT,15,F2,A3,-0.00029902064754424744
sentence-based-CoT,15,F2,F0,0.13186141476888066
sentence-based-CoT,15,F2,F1,0.05389442033797317
sentence-based-CoT,15,F2,F2,0.9999999999891456
sentence-based-CoT,15,F2,F3,0.06967526625289183
sentence-based-CoT,15,F2,F4,0.01054685698045951
sentence-based-CoT,15,F2,F5,0.05398313562641571
sentence-based-CoT,15,F3,A1,-0.007285721981338318
sentence-based-CoT,15,F3,A2,0.020690959559424738
sentence-based-CoT,15,F3,A3,-0.012174394429676579
sentence-based-CoT,15,F3,F0,0.05035334006341289
sentence-based-CoT,15,F3,F1,0.05429721161286275
sentence-based-CoT,15,F3,F2,0.06967526625289183
sentence-based-CoT,15,F3,F3,0.9999999999836545
sentence-based-CoT,15,F3,F4,0.1343568406704455
sentence-based-CoT,15,F3,F5,0.02514885163983844
sentence-based-CoT,15,F4,A1,0.006384010973007189
sentence-based-CoT,15,F4,A2,0.00902878174152327
sentence-based-CoT,15,F4,A3,-0.004771086711919297
sentence-based-CoT,15,F4,F0,0.08082970188484905
sentence-based-CoT,15,F4,F1,0.013960253467596176
sentence-based-CoT,15,F4,F2,0.01054685698045951
sentence-based-CoT,15,F4,F3,0.1343568406704455
sentence-based-CoT,15,F4,F4,0.999999999983847
sentence-based-CoT,15,F4,F5,0.12396900935514646
sentence-based-CoT,15,F5,A1,-0.0005120438060879253
sentence-based-CoT,15,F5,A2,0.016790372250753284
sentence-based-CoT,15,F5,A3,-0.01045899318051005
sentence-based-CoT,15,F5,F0,0.03700492966024609
sentence-based-CoT,15,F5,F1,0.0073629574807646805
sentence-based-CoT,15,F5,F2,0.05398313562641571
sentence-based-CoT,15,F5,F3,0.02514885163983844
sentence-based-CoT,15,F5,F4,0.12396900935514646
sentence-based-CoT,15,F5,F5,0.9999999999916244
sentence-based-CoT,16,A1,A1,0.9999999999850019
sentence-based-CoT,16,A1,A2,0.09295074855360305
sentence-based-CoT,16,A1,A3,0.04845274671963263
sentence-based-CoT,16,A1,F0,0.008975818846531813
sentence-based-CoT,16,A1,F1,0.016619785129041713
sentence-based-CoT,16,A1,F2,0.01604837227880621
sentence-based-CoT,16,A1,F3,-0.003005039185070738
sentence-based-CoT,16,A1,F4,0.011932334517691007
sentence-based-CoT,16,A1,F5,-0.0007832415907215331
sentence-based-CoT,16,A2,A1,0.09295074855360305
sentence-based-CoT,16,A2,A2,0.999999999916749
sentence-based-CoT,16,A2,A3,0.43767082990322065
sentence-based-CoT,16,A2,F0,-0.014398638726202775
sentence-based-CoT,16,A2,F1,-0.022692351080283772
sentence-based-CoT,16,A2,F2,0.009907134963480939
sentence-based-CoT,16,A2,F3,0.023466428119485606
sentence-based-CoT,16,A2,F4,0.0056613622462876635
sentence-based-CoT,16,A2,F5,0.015270681988034556
sentence-based-CoT,16,A3,A1,0.04845274671963263
sentence-based-CoT,16,A3,A2,0.43767082990322065
sentence-based-CoT,16,A3,A3,0.9999999998922257
sentence-based-CoT,16,A3,F0,-0.006722771180772551
sentence-based-CoT,16,A3,F1,-0.007102845715640812
sentence-based-CoT,16,A3,F2,-0.004071628424998759
sentence-based-CoT,16,A3,F3,-0.010160308344513161
sentence-based-CoT,16,A3,F4,-0.011661612864274966
sentence-based-CoT,16,A3,F5,-0.00915187426391874
sentence-based-CoT,16,F0,A1,0.008975818846531813
sentence-based-CoT,16,F0,A2,-0.014398638726202775
sentence-based-CoT,16,F0,A3,-0.006722771180772551
sentence-based-CoT,16,F0,F0,0.9999999999955024
sentence-based-CoT,16,F0,F1,0.02453870407980092
sentence-based-CoT,16,F0,F2,0.1383470640142455
sentence-based-CoT,16,F0,F3,0.055754465897927985
sentence-based-CoT,16,F0,F4,0.0863403109736005
sentence-based-CoT,16,F0,F5,0.03721073477163444
sentence-based-CoT,16,F1,A1,0.016619785129041713
sentence-based-CoT,16,F1,A2,-0.022692351080283772
sentence-based-CoT,16,F1,A3,-0.007102845715640812
sentence-based-CoT,16,F1,F0,0.02453870407980092
sentence-based-CoT,16,F1,F1,0.9999999999879196
sentence-based-CoT,16,F1,F2,0.065749395269607
sentence-based-CoT,16,F1,F3,0.050951721682077664
sentence-based-CoT,16,F1,F4,0.01953537934784646
sentence-based-CoT,16,F1,F5,0.0010759235449583537
sentence-based-CoT,16,F2,A1,0.01604837227880621
sentence-based-CoT,16,F2,A2,0.009907134963480939
sentence-based-CoT,16,F2,A3,-0.004071628424998759
sentence-based-CoT,16,F2,F0,0.1383470640142455
sentence-based-CoT,16,F2,F1,0.065749395269607
sentence-based-CoT,16,F2,F2,0.9999999999889844
sentence-based-CoT,16,F2,F3,0.0691850291889207
sentence-based-CoT,16,F2,F4,0.029756882318196134
sentence-based-CoT,16,F2,F5,0.0477693153599983
sentence-based-CoT,16,F3,A1,-0.003005039185070738
sentence-based-CoT,16,F3,A2,0.023466428119485606
sentence-based-CoT,16,F3,A3,-0.010160308344513161
sentence-based-CoT,16,F3,F0,0.055754465897927985
sentence-based-CoT,16,F3,F1,0.050951721682077664
sentence-based-CoT,16,F3,F2,0.0691850291889207
sentence-based-CoT,16,F3,F3,0.9999999999825805
sentence-based-CoT,16,F3,F4,0.13375983618066753
sentence-based-CoT,16,F3,F5,0.026938144480192577
sentence-based-CoT,16,F4,A1,0.011932334517691007
sentence-based-CoT,16,F4,A2,0.0056613622462876635
sentence-based-CoT,16,F4,A3,-0.011661612864274966
sentence-based-CoT,16,F4,F0,0.0863403109736005
sentence-based-CoT,16,F4,F1,0.01953537934784646
sentence-based-CoT,16,F4,F2,0.029756882318196134
sentence-based-CoT,16,F4,F3,0.13375983618066753
sentence-based-CoT,16,F4,F4,0.9999999999837328
sentence-based-CoT,16,F4,F5,0.12375868683143139
sentence-based-CoT,16,F5,A1,-0.0007832415907215331
sentence-based-CoT,16,F5,A2,0.015270681988034556
sentence-based-CoT,16,F5,A3,-0.00915187426391874
sentence-based-CoT,16,F5,F0,0.03721073477163444
sentence-based-CoT,16,F5,F1,0.0010759235449583537
sentence-based-CoT,16,F5,F2,0.0477693153599983
sentence-based-CoT,16,F5,F3,0.026938144480192577
sentence-based-CoT,16,F5,F4,0.12375868683143139
sentence-based-CoT,16,F5,F5,0.9999999999914403
sentence-based-CoT,17,A1,A1,0.9999999999834492
sentence-based-CoT,17,A1,A2,0.09614694158069913
sentence-based-CoT,17,A1,A3,0.05151972400334885
sentence-based-CoT,17,A1,F0,0.012202532568421071
sentence-based-CoT,17,A1,F1,0.01857437165716012
sentence-based-CoT,17,A1,F2,0.02277419416767359
sentence-based-CoT,17,A1,F3,-0.005867112046030306
sentence-based-CoT,17,A1,F4,0.007290607624965162
sentence-based-CoT,17,A1,F5,0.007613701180857274
sentence-based-CoT,17,A2,A1,0.09614694158069913
sentence-based-CoT,17,A2,A2,0.9999999999038349
sentence-based-CoT,17,A2,A3,0.4522296024865629
sentence-based-CoT,17,A2,F0,-0.01590104090343212
sentence-based-CoT,17,A2,F1,-0.01977920350786353
sentence-based-CoT,17,A2,F2,-0.0014871514876684086
sentence-based-CoT,17,A2,F3,0.023173071330659798
sentence-based-CoT,17,A2,F4,0.007630504494746155
sentence-based-CoT,17,A2,F5,0.017373819620792184
sentence-based-CoT,17,A3,A1,0.05151972400334885
sentence-based-CoT,17,A3,A2,0.4522296024865629
sentence-based-CoT,17,A3,A3,0.999999999867055
sentence-based-CoT,17,A3,F0,-0.0069391675847273815
sentence-based-CoT,17,A3,F1,-0.009446396257625814
sentence-based-CoT,17,A3,F2,-0.013915197607438977
sentence-based-CoT,17,A3,F3,-0.006922010760603717
sentence-based-CoT,17,A3,F4,-0.0029464275426910806
sentence-based-CoT,17,A3,F5,-0.009969579289700246
sentence-based-CoT,17,F0,A1,0.012202532568421071
sentence-based-CoT,17,F0,A2,-0.01590104090343212
sentence-based-CoT,17,F0,A3,-0.0069391675847273815
sentence-based-CoT,17,F0,F0,0.9999999999954622
sentence-based-CoT,17,F0,F1,0.024502368174251384
sentence-based-CoT,17,F0,F2,0.15894060675772143
sentence-based-CoT,17,F0,F3,0.05957543116220641
sentence-based-CoT,17,F0,F4,0.09469320546536868
sentence-based-CoT,17,F0,F5,0.04124654483333832
sentence-based-CoT,17,F1,A1,0.01857437165716012
sentence-based-CoT,17,F1,A2,-0.01977920350786353
sentence-based-CoT,17,F1,A3,-0.009446396257625814
sentence-based-CoT,17,F1,F0,0.024502368174251384
sentence-based-CoT,17,F1,F1,0.9999999999881142
sentence-based-CoT,17,F1,F2,0.06608259453206755
sentence-based-CoT,17,F1,F3,0.04742810987639728
sentence-based-CoT,17,F1,F4,0.015123741769869128
sentence-based-CoT,17,F1,F5,0.00016900079373233595
sentence-based-CoT,17,F2,A1,0.02277419416767359
sentence-based-CoT,17,F2,A2,-0.0014871514876684086
sentence-based-CoT,17,F2,A3,-0.013915197607438977
sentence-based-CoT,17,F2,F0,0.15894060675772143
sentence-based-CoT,17,F2,F1,0.06608259453206755
sentence-based-CoT,17,F2,F2,0.999999999989293
sentence-based-CoT,17,F2,F3,0.07996248607736434
sentence-based-CoT,17,F2,F4,0.037198630626698266
sentence-based-CoT,17,F2,F5,0.03987162934064048
sentence-based-CoT,17,F3,A1,-0.005867112046030306
sentence-based-CoT,17,F3,A2,0.023173071330659798
sentence-based-CoT,17,F3,A3,-0.006922010760603717
sentence-based-CoT,17,F3,F0,0.05957543116220641
sentence-based-CoT,17,F3,F1,0.04742810987639728
sentence-based-CoT,17,F3,F2,0.07996248607736434
sentence-based-CoT,17,F3,F3,0.999999999981794
sentence-based-CoT,17,F3,F4,0.13864436197698732
sentence-based-CoT,17,F3,F5,0.04248354892862644
sentence-based-CoT,17,F4,A1,0.007290607624965162
sentence-based-CoT,17,F4,A2,0.007630504494746155
sentence-based-CoT,17,F4,A3,-0.0029464275426910806
sentence-based-CoT,17,F4,F0,0.09469320546536868
sentence-based-CoT,17,F4,F1,0.015123741769869128
sentence-based-CoT,17,F4,F2,0.037198630626698266
sentence-based-CoT,17,F4,F3,0.13864436197698732
sentence-based-CoT,17,F4,F4,0.9999999999828807
sentence-based-CoT,17,F4,F5,0.11742242333954415
sentence-based-CoT,17,F5,A1,0.007613701180857274
sentence-based-CoT,17,F5,A2,0.017373819620792184
sentence-based-CoT,17,F5,A3,-0.009969579289700246
sentence-based-CoT,17,F5,F0,0.04124654483333832
sentence-based-CoT,17,F5,F1,0.00016900079373233595
sentence-based-CoT,17,F5,F2,0.03987162934064048
sentence-based-CoT,17,F5,F3,0.04248354892862644
sentence-based-CoT,17,F5,F4,0.11742242333954415
sentence-based-CoT,17,F5,F5,0.9999999999912346
sentence-based-CoT,18,A1,A1,0.9999999999818183
sentence-based-CoT,18,A1,A2,0.10441413615793463
sentence-based-CoT,18,A1,A3,0.05687820867388701
sentence-based-CoT,18,A1,F0,0.006616257019929112
sentence-based-CoT,18,A1,F1,0.020107787449915565
sentence-based-CoT,18,A1,F2,0.015254343966566122
sentence-based-CoT,18,A1,F3,-0.0032968176434542344
sentence-based-CoT,18,A1,F4,0.014358362483059413
sentence-based-CoT,18,A1,F5,0.0031951563432113974
sentence-based-CoT,18,A2,A1,0.10441413615793463
sentence-based-CoT,18,A2,A2,0.999999999891888
sentence-based-CoT,18,A2,A3,0.4629531470751336
sentence-based-CoT,18,A2,F0,-0.007982527285054188
sentence-based-CoT,18,A2,F1,-0.016207051920072664
sentence-based-CoT,18,A2,F2,0.0066265054918594486
sentence-based-CoT,18,A2,F3,0.019703346583982387
sentence-based-CoT,18,A2,F4,0.006014281013277783
sentence-based-CoT,18,A2,F5,0.018191153538792616
sentence-based-CoT,18,A3,A1,0.05687820867388701
sentence-based-CoT,18,A3,A2,0.4629531470751336
sentence-based-CoT,18,A3,A3,0.9999999998454159
sentence-based-CoT,18,A3,F0,-0.007710926712922879
sentence-based-CoT,18,A3,F1,-0.010022927934010214
sentence-based-CoT,18,A3,F2,-0.013637351558367589
sentence-based-CoT,18,A3,F3,-0.007951545659397728
sentence-based-CoT,18,A3,F4,-0.004660725778816874
sentence-based-CoT,18,A3,F5,-0.010786935213976487
sentence-based-CoT,18,F0,A1,0.006616257019929112
sentence-based-CoT,18,F0,A2,-0.007982527285054188
sentence-based-CoT,18,F0,A3,-0.007710926712922879
sentence-based-CoT,18,F0,F0,0.9999999999953911
sentence-based-CoT,18,F0,F1,0.022691609937309426
sentence-based-CoT,18,F0,F2,0.16876704226767442
sentence-based-CoT,18,F0,F3,0.0604002054006307
sentence-based-CoT,18,F0,F4,0.07382038439012287
sentence-based-CoT,18,F0,F5,0.04179646160024386
sentence-based-CoT,18,F1,A1,0.020107787449915565
sentence-based-CoT,18,F1,A2,-0.016207051920072664
sentence-based-CoT,18,F1,A3,-0.010022927934010214
sentence-based-CoT,18,F1,F0,0.022691609937309426
sentence-based-CoT,18,F1,F1,0.9999999999879695
sentence-based-CoT,18,F1,F2,0.0707309528563571
sentence-based-CoT,18,F1,F3,0.05200978194042789
sentence-based-CoT,18,F1,F4,0.018654859443900527
sentence-based-CoT,18,F1,F5,-0.002389038716227259
sentence-based-CoT,18,F2,A1,0.015254343966566122
sentence-based-CoT,18,F2,A2,0.0066265054918594486
sentence-based-CoT,18,F2,A3,-0.013637351558367589
sentence-based-CoT,18,F2,F0,0.16876704226767442
sentence-based-CoT,18,F2,F1,0.0707309528563571
sentence-based-CoT,18,F2,F2,0.999999999988966
sentence-based-CoT,18,F2,F3,0.07542198103753935
sentence-based-CoT,18,F2,F4,0.03860727247752731
sentence-based-CoT,18,F2,F5,0.04949156350452754
sentence-based-CoT,18,F3,A1,-0.0032968176434542344
sentence-based-CoT,18,F3,A2,0.019703346583982387
sentence-based-CoT,18,F3,A3,-0.007951545659397728
sentence-based-CoT,18,F3,F0,0.0604002054006307
sentence-based-CoT,18,F3,F1,0.05200978194042789
sentence-based-CoT,18,F3,F2,0.07542198103753935
sentence-based-CoT,18,F3,F3,0.9999999999809729
sentence-based-CoT,18,F3,F4,0.15013283385142542
sentence-based-CoT,18,F3,F5,0.05249262303481005
sentence-based-CoT,18,F4,A1,0.014358362483059413
sentence-based-CoT,18,F4,A2,0.006014281013277783
sentence-based-CoT,18,F4,A3,-0.004660725778816874
sentence-based-CoT,18,F4,F0,0.07382038439012287
sentence-based-CoT,18,F4,F1,0.018654859443900527
sentence-based-CoT,18,F4,F2,0.03860727247752731
sentence-based-CoT,18,F4,F3,0.15013283385142542
sentence-based-CoT,18,F4,F4,0.9999999999826279
sentence-based-CoT,18,F4,F5,0.1238156017660226
sentence-based-CoT,18,F5,A1,0.0031951563432113974
sentence-based-CoT,18,F5,A2,0.018191153538792616
sentence-based-CoT,18,F5,A3,-0.010786935213976487
sentence-based-CoT,18,F5,F0,0.04179646160024386
sentence-based-CoT,18,F5,F1,-0.002389038716227259
sentence-based-CoT,18,F5,F2,0.04949156350452754
sentence-based-CoT,18,F5,F3,0.05249262303481005
sentence-based-CoT,18,F5,F4,0.1238156017660226
sentence-based-CoT,18,F5,F5,0.9999999999906057
sentence-based-CoT,19,A1,A1,0.9999999999804382
sentence-based-CoT,19,A1,A2,0.10821779060870577
sentence-based-CoT,19,A1,A3,0.05682109387507252
sentence-based-CoT,19,A1,F0,0.005327058601768776
sentence-based-CoT,19,A1,F1,0.017631355403953525
sentence-based-CoT,19,A1,F2,0.02396955055733065
sentence-based-CoT,19,A1,F3,-0.004275888761141224
sentence-based-CoT,19,A1,F4,0.01205639670999351
sentence-based-CoT,19,A1,F5,0.005079705437970998
sentence-based-CoT,19,A2,A1,0.10821779060870577
sentence-based-CoT,19,A2,A2,0.999999999888375
sentence-based-CoT,19,A2,A3,0.4569418767155167
sentence-based-CoT,19,A2,F0,-0.008690892282609415
sentence-based-CoT,19,A2,F1,-0.012817037458660419
sentence-based-CoT,19,A2,F2,0.010259439181821586
sentence-based-CoT,19,A2,F3,0.011025758297037017
sentence-based-CoT,19,A2,F4,0.006007331469947445
sentence-based-CoT,19,A2,F5,0.024637194307468344
sentence-based-CoT,19,A3,A1,0.05682109387507252
sentence-based-CoT,19,A3,A2,0.4569418767155167
sentence-based-CoT,19,A3,A3,0.9999999998341671
sentence-based-CoT,19,A3,F0,-0.005915189352808968
sentence-based-CoT,19,A3,F1,-0.00542793504035185
sentence-based-CoT,19,A3,F2,-0.01912316399223881
sentence-based-CoT,19,A3,F3,-0.003045463296941992
sentence-based-CoT,19,A3,F4,0.001505888781168736
sentence-based-CoT,19,A3,F5,-0.008014021405308273
sentence-based-CoT,19,F0,A1,0.005327058601768776
sentence-based-CoT,19,F0,A2,-0.008690892282609415
sentence-based-CoT,19,F0,A3,-0.005915189352808968
sentence-based-CoT,19,F0,F0,0.9999999999953572
sentence-based-CoT,19,F0,F1,0.011735610955448844
sentence-based-CoT,19,F0,F2,0.1728611312744183
sentence-based-CoT,19,F0,F3,0.06133124141079482
sentence-based-CoT,19,F0,F4,0.08247263842590996
sentence-based-CoT,19,F0,F5,0.04621822136820829
sentence-based-CoT,19,F1,A1,0.017631355403953525
sentence-based-CoT,19,F1,A2,-0.012817037458660419
sentence-based-CoT,19,F1,A3,-0.00542793504035185
sentence-based-CoT,19,F1,F0,0.011735610955448844
sentence-based-CoT,19,F1,F1,0.9999999999879068
sentence-based-CoT,19,F1,F2,0.08012682951683592
sentence-based-CoT,19,F1,F3,0.04608415876470846
sentence-based-CoT,19,F1,F4,0.018144985362292122
sentence-based-CoT,19,F1,F5,-0.004308515660181047
sentence-based-CoT,19,F2,A1,0.02396955055733065
sentence-based-CoT,19,F2,A2,0.010259439181821586
sentence-based-CoT,19,F2,A3,-0.01912316399223881
sentence-based-CoT,19,F2,F0,0.1728611312744183
sentence-based-CoT,19,F2,F1,0.08012682951683592
sentence-based-CoT,19,F2,F2,0.9999999999890364
sentence-based-CoT,19,F2,F3,0.07449080993034808
sentence-based-CoT,19,F2,F4,0.032120513505276366
sentence-based-CoT,19,F2,F5,0.0450079838830161
sentence-based-CoT,19,F3,A1,-0.004275888761141224
sentence-based-CoT,19,F3,A2,0.011025758297037017
sentence-based-CoT,19,F3,A3,-0.003045463296941992
sentence-based-CoT,19,F3,F0,0.06133124141079482
sentence-based-CoT,19,F3,F1,0.04608415876470846
sentence-based-CoT,19,F3,F2,0.07449080993034808
sentence-based-CoT,19,F3,F3,0.9999999999809048
sentence-based-CoT,19,F3,F4,0.16003262929493212
sentence-based-CoT,19,F3,F5,0.058299061465903405
sentence-based-CoT,19,F4,A1,0.01205639670999351
sentence-based-CoT,19,F4,A2,0.006007331469947445
sentence-based-CoT,19,F4,A3,0.001505888781168736
sentence-based-CoT,19,F4,F0,0.08247263842590996
sentence-based-CoT,19,F4,F1,0.018144985362292122
sentence-based-CoT,19,F4,F2,0.032120513505276366
sentence-based-CoT,19,F4,F3,0.16003262929493212
sentence-based-CoT,19,F4,F4,0.9999999999824375
sentence-based-CoT,19,F4,F5,0.12061063034685574
sentence-based-CoT,19,F5,A1,0.005079705437970998
sentence-based-CoT,19,F5,A2,0.024637194307468344
sentence-based-CoT,19,F5,A3,-0.008014021405308273
sentence-based-CoT,19,F5,F0,0.04621822136820829
sentence-based-CoT,19,F5,F1,-0.004308515660181047
sentence-based-CoT,19,F5,F2,0.0450079838830161
sentence-based-CoT,19,F5,F3,0.058299061465903405
sentence-based-CoT,19,F5,F4,0.12061063034685574
sentence-based-CoT,19,F5,F5,0.9999999999900581
sentence-based-CoT,20,A1,A1,0.9999999999788514
sentence-based-CoT,20,A1,A2,0.1003753173252597
sentence-based-CoT,20,A1,A3,0.05129043478842737
sentence-based-CoT,20,A1,F0,0.006122344442488247
sentence-based-CoT,20,A1,F1,0.01333748203082889
sentence-based-CoT,20,A1,F2,0.023479016908191427
sentence-based-CoT,20,A1,F3,-0.005223770693795632
sentence-based-CoT,20,A1,F4,0.013874715769667572
sentence-based-CoT,20,A1,F5,0.009836458155542243
sentence-based-CoT,20,A2,A1,0.1003753173252597
sentence-based-CoT,20,A2,A2,0.999999999876824
sentence-based-CoT,20,A2,A3,0.43671589124390564
sentence-based-CoT,20,A2,F0,-0.01415941077410287
sentence-based-CoT,20,A2,F1,-0.008264339315956656
sentence-based-CoT,20,A2,F2,0.010985087147746419
sentence-based-CoT,20,A2,F3,0.017755677969269797
sentence-based-CoT,20,A2,F4,0.00377208180022452
sentence-based-CoT,20,A2,F5,0.02908235668732572
sentence-based-CoT,20,A3,A1,0.05129043478842737
sentence-based-CoT,20,A3,A2,0.43671589124390564
sentence-based-CoT,20,A3,A3,0.9999999998034017
sentence-based-CoT,20,A3,F0,-0.00440877034744395
sentence-based-CoT,20,A3,F1,-0.006566239631347421
sentence-based-CoT,20,A3,F2,-0.013404896157663037
sentence-based-CoT,20,A3,F3,-0.0041655882441782475
sentence-based-CoT,20,A3,F4,0.0002471025548705595
sentence-based-CoT,20,A3,F5,-0.012984921204091672
sentence-based-CoT,20,F0,A1,0.006122344442488247
sentence-based-CoT,20,F0,A2,-0.01415941077410287
sentence-based-CoT,20,F0,A3,-0.00440877034744395
sentence-based-CoT,20,F0,F0,0.999999999995375
sentence-based-CoT,20,F0,F1,0.02109770227973995
sentence-based-CoT,20,F0,F2,0.1718137073717225
sentence-based-CoT,20,F0,F3,0.05867300952877404
sentence-based-CoT,20,F0,F4,0.08091735141513343
sentence-based-CoT,20,F0,F5,0.04607922095367755
sentence-based-CoT,20,F1,A1,0.01333748203082889
sentence-based-CoT,20,F1,A2,-0.008264339315956656
sentence-based-CoT,20,F1,A3,-0.006566239631347421
sentence-based-CoT,20,F1,F0,0.02109770227973995
sentence-based-CoT,20,F1,F1,0.9999999999876634
sentence-based-CoT,20,F1,F2,0.08063909602072697
sentence-based-CoT,20,F1,F3,0.041034268019837894
sentence-based-CoT,20,F1,F4,0.018810651109518337
sentence-based-CoT,20,F1,F5,-0.0009798867841189828
sentence-based-CoT,20,F2,A1,0.023479016908191427
sentence-based-CoT,20,F2,A2,0.010985087147746419
sentence-based-CoT,20,F2,A3,-0.013404896157663037
sentence-based-CoT,20,F2,F0,0.1718137073717225
sentence-based-CoT,20,F2,F1,0.08063909602072697
sentence-based-CoT,20,F2,F2,0.9999999999890052
sentence-based-CoT,20,F2,F3,0.07066903625130662
sentence-based-CoT,20,F2,F4,0.031468916680519904
sentence-based-CoT,20,F2,F5,0.04255390512355045
sentence-based-CoT,20,F3,A1,-0.005223770693795632
sentence-based-CoT,20,F3,A2,0.017755677969269797
sentence-based-CoT,20,F3,A3,-0.0041655882441782475
sentence-based-CoT,20,F3,F0,0.05867300952877404
sentence-based-CoT,20,F3,F1,0.041034268019837894
sentence-based-CoT,20,F3,F2,0.07066903625130662
sentence-based-CoT,20,F3,F3,0.9999999999803062
sentence-based-CoT,20,F3,F4,0.16589418657195526
sentence-based-CoT,20,F3,F5,0.05796045659724038
sentence-based-CoT,20,F4,A1,0.013874715769667572
sentence-based-CoT,20,F4,A2,0.00377208180022452
sentence-based-CoT,20,F4,A3,0.0002471025548705595
sentence-based-CoT,20,F4,F0,0.08091735141513343
sentence-based-CoT,20,F4,F1,0.018810651109518337
sentence-based-CoT,20,F4,F2,0.031468916680519904
sentence-based-CoT,20,F4,F3,0.16589418657195526
sentence-based-CoT,20,F4,F4,0.9999999999822645
sentence-based-CoT,20,F4,F5,0.1237839678870806
sentence-based-CoT,20,F5,A1,0.009836458155542243
sentence-based-CoT,20,F5,A2,0.02908235668732572
sentence-based-CoT,20,F5,A3,-0.012984921204091672
sentence-based-CoT,20,F5,F0,0.04607922095367755
sentence-based-CoT,20,F5,F1,-0.0009798867841189828
sentence-based-CoT,20,F5,F2,0.04255390512355045
sentence-based-CoT,20,F5,F3,0.05796045659724038
sentence-based-CoT,20,F5,F4,0.1237839678870806
sentence-based-CoT,20,F5,F5,0.9999999999896518
sentence-based-CoT,21,A1,A1,0.9999999999755985
sentence-based-CoT,21,A1,A2,0.09516214558476181
sentence-based-CoT,21,A1,A3,0.043116033144286324
sentence-based-CoT,21,A1,F0,0.006032669125406678
sentence-based-CoT,21,A1,F1,0.014378128416672253
sentence-based-CoT,21,A1,F2,0.028965468215043855
sentence-based-CoT,21,A1,F3,-0.004543567606994244
sentence-based-CoT,21,A1,F4,0.008007279760613205
sentence-based-CoT,21,A1,F5,0.009225442785417162
sentence-based-CoT,21,A2,A1,0.09516214558476181
sentence-based-CoT,21,A2,A2,0.9999999998481751
sentence-based-CoT,21,A2,A3,0.3952456581806012
sentence-based-CoT,21,A2,F0,0.000600155548203471
sentence-based-CoT,21,A2,F1,-0.00403585605907207
sentence-based-CoT,21,A2,F2,0.003068390587074388
sentence-based-CoT,21,A2,F3,0.015417784285079564
sentence-based-CoT,21,A2,F4,0.0008438712187348105
sentence-based-CoT,21,A2,F5,0.032476493273215286
sentence-based-CoT,21,A3,A1,0.043116033144286324
sentence-based-CoT,21,A3,A2,0.3952456581806012
sentence-based-CoT,21,A3,A3,0.9999999997194398
sentence-based-CoT,21,A3,F0,-0.009469317018924048
sentence-based-CoT,21,A3,F1,-0.012284516373157224
sentence-based-CoT,21,A3,F2,-0.015125925880794209
sentence-based-CoT,21,A3,F3,-0.006281338475596032
sentence-based-CoT,21,A3,F4,0.005858040716549111
sentence-based-CoT,21,A3,F5,-0.011476945947236956
sentence-based-CoT,21,F0,A1,0.006032669125406678
sentence-based-CoT,21,F0,A2,0.000600155548203471
sentence-based-CoT,21,F0,A3,-0.009469317018924048
sentence-based-CoT,21,F0,F0,0.9999999999955272
sentence-based-CoT,21,F0,F1,0.03724560071889238
sentence-based-CoT,21,F0,F2,0.15477747262370659
sentence-based-CoT,21,F0,F3,0.0569275045750228
sentence-based-CoT,21,F0,F4,0.07393489806562357
sentence-based-CoT,21,F0,F5,0.04046944705807915
sentence-based-CoT,21,F1,A1,0.014378128416672253
sentence-based-CoT,21,F1,A2,-0.00403585605907207
sentence-based-CoT,21,F1,A3,-0.012284516373157224
sentence-based-CoT,21,F1,F0,0.03724560071889238
sentence-based-CoT,21,F1,F1,0.9999999999875365
sentence-based-CoT,21,F1,F2,0.07909217603500093
sentence-based-CoT,21,F1,F3,0.04369256742971045
sentence-based-CoT,21,F1,F4,0.019163539465868254
sentence-based-CoT,21,F1,F5,0.0026183061500261316
sentence-based-CoT,21,F2,A1,0.028965468215043855
sentence-based-CoT,21,F2,A2,0.003068390587074388
sentence-based-CoT,21,F2,A3,-0.015125925880794209
sentence-based-CoT,21,F2,F0,0.15477747262370659
sentence-based-CoT,21,F2,F1,0.07909217603500093
sentence-based-CoT,21,F2,F2,0.9999999999896465
sentence-based-CoT,21,F2,F3,0.062146837581907914
sentence-based-CoT,21,F2,F4,0.03544394106555991
sentence-based-CoT,21,F2,F5,0.03361318378308427
sentence-based-CoT,21,F3,A1,-0.004543567606994244
sentence-based-CoT,21,F3,A2,0.015417784285079564
sentence-based-CoT,21,F3,A3,-0.006281338475596032
sentence-based-CoT,21,F3,F0,0.0569275045750228
sentence-based-CoT,21,F3,F1,0.04369256742971045
sentence-based-CoT,21,F3,F2,0.062146837581907914
sentence-based-CoT,21,F3,F3,0.9999999999800598
sentence-based-CoT,21,F3,F4,0.1643530739973906
sentence-based-CoT,21,F3,F5,0.05756029981986778
sentence-based-CoT,21,F4,A1,0.008007279760613205
sentence-based-CoT,21,F4,A2,0.0008438712187348105
sentence-based-CoT,21,F4,A3,0.005858040716549111
sentence-based-CoT,21,F4,F0,0.07393489806562357
sentence-based-CoT,21,F4,F1,0.019163539465868254
sentence-based-CoT,21,F4,F2,0.03544394106555991
sentence-based-CoT,21,F4,F3,0.1643530739973906
sentence-based-CoT,21,F4,F4,0.9999999999817273
sentence-based-CoT,21,F4,F5,0.12763455367534374
sentence-based-CoT,21,F5,A1,0.009225442785417162
sentence-based-CoT,21,F5,A2,0.032476493273215286
sentence-based-CoT,21,F5,A3,-0.011476945947236956
sentence-based-CoT,21,F5,F0,0.04046944705807915
sentence-based-CoT,21,F5,F1,0.0026183061500261316
sentence-based-CoT,21,F5,F2,0.03361318378308427
sentence-based-CoT,21,F5,F3,0.05756029981986778
sentence-based-CoT,21,F5,F4,0.12763455367534374
sentence-based-CoT,21,F5,F5,0.999999999989072
sentence-based-CoT,22,A1,A1,0.9999999999724901
sentence-based-CoT,22,A1,A2,0.0911630970617223
sentence-based-CoT,22,A1,A3,0.03697064427069652
sentence-based-CoT,22,A1,F0,0.008220014347075241
sentence-based-CoT,22,A1,F1,0.014310795299067208
sentence-based-CoT,22,A1,F2,0.0263681128073726
sentence-based-CoT,22,A1,F3,-0.006454488982193584
sentence-based-CoT,22,A1,F4,0.0032113778621946083
sentence-based-CoT,22,A1,F5,0.009263363478254108
sentence-based-CoT,22,A2,A1,0.0911630970617223
sentence-based-CoT,22,A2,A2,0.9999999998218609
sentence-based-CoT,22,A2,A3,0.3530660620158917
sentence-based-CoT,22,A2,F0,0.007453550427836871
sentence-based-CoT,22,A2,F1,-0.005977925307449256
sentence-based-CoT,22,A2,F2,0.009477953415824435
sentence-based-CoT,22,A2,F3,0.008659174243392275
sentence-based-CoT,22,A2,F4,0.007447987315287077
sentence-based-CoT,22,A2,F5,0.03907374247305941
sentence-based-CoT,22,A3,A1,0.03697064427069652
sentence-based-CoT,22,A3,A2,0.3530660620158917
sentence-based-CoT,22,A3,A3,0.9999999996097487
sentence-based-CoT,22,A3,F0,-0.005249621584173994
sentence-based-CoT,22,A3,F1,-0.008623216068063566
sentence-based-CoT,22,A3,F2,-0.012557377339090755
sentence-based-CoT,22,A3,F3,-0.007676466423041237
sentence-based-CoT,22,A3,F4,0.009744056487381468
sentence-based-CoT,22,A3,F5,-0.012163163917788405
sentence-based-CoT,22,F0,A1,0.008220014347075241
sentence-based-CoT,22,F0,A2,0.007453550427836871
sentence-based-CoT,22,F0,A3,-0.005249621584173994
sentence-based-CoT,22,F0,F0,0.9999999999954368
sentence-based-CoT,22,F0,F1,0.04253713658068667
sentence-based-CoT,22,F0,F2,0.1481716279795499
sentence-based-CoT,22,F0,F3,0.05961283009240898
sentence-based-CoT,22,F0,F4,0.0658784535702308
sentence-based-CoT,22,F0,F5,0.04343046558173681
sentence-based-CoT,22,F1,A1,0.014310795299067208
sentence-based-CoT,22,F1,A2,-0.005977925307449256
sentence-based-CoT,22,F1,A3,-0.008623216068063566
sentence-based-CoT,22,F1,F0,0.04253713658068667
sentence-based-CoT,22,F1,F1,0.9999999999870273
sentence-based-CoT,22,F1,F2,0.07033825542726743
sentence-based-CoT,22,F1,F3,0.038877856534454816
sentence-based-CoT,22,F1,F4,0.016722108865488895
sentence-based-CoT,22,F1,F5,-0.00015891814337686645
sentence-based-CoT,22,F2,A1,0.0263681128073726
sentence-based-CoT,22,F2,A2,0.009477953415824435
sentence-based-CoT,22,F2,A3,-0.012557377339090755
sentence-based-CoT,22,F2,F0,0.1481716279795499
sentence-based-CoT,22,F2,F1,0.07033825542726743
sentence-based-CoT,22,F2,F2,0.999999999989867
sentence-based-CoT,22,F2,F3,0.05734014993927518
sentence-based-CoT,22,F2,F4,0.04001649529987486
sentence-based-CoT,22,F2,F5,0.03263401654705961
sentence-based-CoT,22,F3,A1,-0.006454488982193584
sentence-based-CoT,22,F3,A2,0.008659174243392275
sentence-based-CoT,22,F3,A3,-0.007676466423041237
sentence-based-CoT,22,F3,F0,0.05961283009240898
sentence-based-CoT,22,F3,F1,0.038877856534454816
sentence-based-CoT,22,F3,F2,0.05734014993927518
sentence-based-CoT,22,F3,F3,0.9999999999801231
sentence-based-CoT,22,F3,F4,0.163254118872087
sentence-based-CoT,22,F3,F5,0.058711283384900614
sentence-based-CoT,22,F4,A1,0.0032113778621946083
sentence-based-CoT,22,F4,A2,0.007447987315287077
sentence-based-CoT,22,F4,A3,0.009744056487381468
sentence-based-CoT,22,F4,F0,0.0658784535702308
sentence-based-CoT,22,F4,F1,0.016722108865488895
sentence-based-CoT,22,F4,F2,0.04001649529987486
sentence-based-CoT,22,F4,F3,0.163254118872087
sentence-based-CoT,22,F4,F4,0.9999999999816065
sentence-based-CoT,22,F4,F5,0.13236777362590574
sentence-based-CoT,22,F5,A1,0.009263363478254108
sentence-based-CoT,22,F5,A2,0.03907374247305941
sentence-based-CoT,22,F5,A3,-0.012163163917788405
sentence-based-CoT,22,F5,F0,0.04343046558173681
sentence-based-CoT,22,F5,F1,-0.00015891814337686645
sentence-based-CoT,22,F5,F2,0.03263401654705961
sentence-based-CoT,22,F5,F3,0.058711283384900614
sentence-based-CoT,22,F5,F4,0.13236777362590574
sentence-based-CoT,22,F5,F5,0.999999999988441
sentence-based-CoT,23,A1,A1,0.999999999969601
sentence-based-CoT,23,A1,A2,0.08052959161574841
sentence-based-CoT,23,A1,A3,0.03274959927100871
sentence-based-CoT,23,A1,F0,0.0050050153217698875
sentence-based-CoT,23,A1,F1,0.013458946876463837
sentence-based-CoT,23,A1,F2,0.03400767710279157
sentence-based-CoT,23,A1,F3,-0.003942264355546935
sentence-based-CoT,23,A1,F4,0.007047506534511558
sentence-based-CoT,23,A1,F5,0.00867726558354664
sentence-based-CoT,23,A2,A1,0.08052959161574841
sentence-based-CoT,23,A2,A2,0.9999999998111921
sentence-based-CoT,23,A2,A3,0.30330546308161077
sentence-based-CoT,23,A2,F0,0.012509106737941644
sentence-based-CoT,23,A2,F1,-0.005580378843406345
sentence-based-CoT,23,A2,F2,0.00023516814724316434
sentence-based-CoT,23,A2,F3,0.005707097826908409
sentence-based-CoT,23,A2,F4,0.005401899835476183
sentence-based-CoT,23,A2,F5,0.0422471192093721
sentence-based-CoT,23,A3,A1,0.03274959927100871
sentence-based-CoT,23,A3,A2,0.30330546308161077
sentence-based-CoT,23,A3,A3,0.9999999995018927
sentence-based-CoT,23,A3,F0,-0.006657669103141155
sentence-based-CoT,23,A3,F1,-0.007572492960744954
sentence-based-CoT,23,A3,F2,-0.007841891929425852
sentence-based-CoT,23,A3,F3,-0.005386374337881744
sentence-based-CoT,23,A3,F4,0.0069401280184358
sentence-based-CoT,23,A3,F5,-0.013631988597823427
sentence-based-CoT,23,F0,A1,0.0050050153217698875
sentence-based-CoT,23,F0,A2,0.012509106737941644
sentence-based-CoT,23,F0,A3,-0.006657669103141155
sentence-based-CoT,23,F0,F0,0.9999999999954822
sentence-based-CoT,23,F0,F1,0.04219679588162075
sentence-based-CoT,23,F0,F2,0.14431335422779035
sentence-based-CoT,23,F0,F3,0.0576697941495063
sentence-based-CoT,23,F0,F4,0.05332717059637124
sentence-based-CoT,23,F0,F5,0.04546399386438272
sentence-based-CoT,23,F1,A1,0.013458946876463837
sentence-based-CoT,23,F1,A2,-0.005580378843406345
sentence-based-CoT,23,F1,A3,-0.007572492960744954
sentence-based-CoT,23,F1,F0,0.04219679588162075
sentence-based-CoT,23,F1,F1,0.9999999999871741
sentence-based-CoT,23,F1,F2,0.06962002292466989
sentence-based-CoT,23,F1,F3,0.029512020811677694
sentence-based-CoT,23,F1,F4,0.02038020619363992
sentence-based-CoT,23,F1,F5,0.0009887374833461402
sentence-based-CoT,23,F2,A1,0.03400767710279157
sentence-based-CoT,23,F2,A2,0.00023516814724316434
sentence-based-CoT,23,F2,A3,-0.007841891929425852
sentence-based-CoT,23,F2,F0,0.14431335422779035
sentence-based-CoT,23,F2,F1,0.06962002292466989
sentence-based-CoT,23,F2,F2,0.9999999999899817
sentence-based-CoT,23,F2,F3,0.060030321745871494
sentence-based-CoT,23,F2,F4,0.044314049900198264
sentence-based-CoT,23,F2,F5,0.029003140720726805
sentence-based-CoT,23,F3,A1,-0.003942264355546935
sentence-based-CoT,23,F3,A2,0.005707097826908409
sentence-based-CoT,23,F3,A3,-0.005386374337881744
sentence-based-CoT,23,F3,F0,0.0576697941495063
sentence-based-CoT,23,F3,F1,0.029512020811677694
sentence-based-CoT,23,F3,F2,0.060030321745871494
sentence-based-CoT,23,F3,F3,0.9999999999807588
sentence-based-CoT,23,F3,F4,0.1539437648422092
sentence-based-CoT,23,F3,F5,0.05654116635674541
sentence-based-CoT,23,F4,A1,0.007047506534511558
sentence-based-CoT,23,F4,A2,0.005401899835476183
sentence-based-CoT,23,F4,A3,0.0069401280184358
sentence-based-CoT,23,F4,F0,0.05332717059637124
sentence-based-CoT,23,F4,F1,0.02038020619363992
sentence-based-CoT,23,F4,F2,0.044314049900198264
sentence-based-CoT,23,F4,F3,0.1539437648422092
sentence-based-CoT,23,F4,F4,0.9999999999821982
sentence-based-CoT,23,F4,F5,0.1423017435929262
sentence-based-CoT,23,F5,A1,0.00867726558354664
sentence-based-CoT,23,F5,A2,0.0422471192093721
sentence-based-CoT,23,F5,A3,-0.013631988597823427
sentence-based-CoT,23,F5,F0,0.04546399386438272
sentence-based-CoT,23,F5,F1,0.0009887374833461402
sentence-based-CoT,23,F5,F2,0.029003140720726805
sentence-based-CoT,23,F5,F3,0.05654116635674541
sentence-based-CoT,23,F5,F4,0.1423017435929262
sentence-based-CoT,23,F5,F5,0.9999999999880246
sentence-based-CoT,24,A1,A1,0.9999999999676439
sentence-based-CoT,24,A1,A2,0.07812406021678532
sentence-based-CoT,24,A1,A3,0.027523665883415795
sentence-based-CoT,24,A1,F0,0.001464304450803456
sentence-based-CoT,24,A1,F1,0.013783339000000684
sentence-based-CoT,24,A1,F2,0.035154994149431795
sentence-based-CoT,24,A1,F3,0.0058385689931275955
sentence-based-CoT,24,A1,F4,0.0026154675741380446
sentence-based-CoT,24,A1,F5,0.0030219342485729938
sentence-based-CoT,24,A2,A1,0.07812406021678532
sentence-based-CoT,24,A2,A2,0.9999999998216128
sentence-based-CoT,24,A2,A3,0.25784477879800116
sentence-based-CoT,24,A2,F0,0.013491152321165495
sentence-based-CoT,24,A2,F1,-0.004103273020498277
sentence-based-CoT,24,A2,F2,0.004788498898228806
sentence-based-CoT,24,A2,F3,0.0002978617742619325
sentence-based-CoT,24,A2,F4,-0.0025923787390766196
sentence-based-CoT,24,A2,F5,0.030300697798862283
sentence-based-CoT,24,A3,A1,0.027523665883415795
sentence-based-CoT,24,A3,A2,0.25784477879800116
sentence-based-CoT,24,A3,A3,0.9999999993989306
sentence-based-CoT,24,A3,F0,-0.0025783568287830036
sentence-based-CoT,24,A3,F1,-0.004132729421413692
sentence-based-CoT,24,A3,F2,-0.0077362900302955446
sentence-based-CoT,24,A3,F3,-0.003076178207671413
sentence-based-CoT,24,A3,F4,0.007541947439051497
sentence-based-CoT,24,A3,F5,-0.016190545946497336
sentence-based-CoT,24,F0,A1,0.001464304450803456
sentence-based-CoT,24,F0,A2,0.013491152321165495
sentence-based-CoT,24,F0,A3,-0.0025783568287830036
sentence-based-CoT,24,F0,F0,0.9999999999954539
sentence-based-CoT,24,F0,F1,0.04270695167950725
sentence-based-CoT,24,F0,F2,0.15097751875378804
sentence-based-CoT,24,F0,F3,0.0580706797105126
sentence-based-CoT,24,F0,F4,0.052875053024832655
sentence-based-CoT,24,F0,F5,0.0472024048445704
sentence-based-CoT,24,F1,A1,0.013783339000000684
sentence-based-CoT,24,F1,A2,-0.004103273020498277
sentence-based-CoT,24,F1,A3,-0.004132729421413692
sentence-based-CoT,24,F1,F0,0.04270695167950725
sentence-based-CoT,24,F1,F1,0.9999999999871108
sentence-based-CoT,24,F1,F2,0.0724500356604669
sentence-based-CoT,24,F1,F3,0.03928776616839983
sentence-based-CoT,24,F1,F4,0.01876498318653397
sentence-based-CoT,24,F1,F5,-0.00472108608172966
sentence-based-CoT,24,F2,A1,0.035154994149431795
sentence-based-CoT,24,F2,A2,0.004788498898228806
sentence-based-CoT,24,F2,A3,-0.0077362900302955446
sentence-based-CoT,24,F2,F0,0.15097751875378804
sentence-based-CoT,24,F2,F1,0.0724500356604669
sentence-based-CoT,24,F2,F2,0.9999999999899334
sentence-based-CoT,24,F2,F3,0.060273829208518884
sentence-based-CoT,24,F2,F4,0.036518348372039884
sentence-based-CoT,24,F2,F5,0.02429770914259913
sentence-based-CoT,24,F3,A1,0.0058385689931275955
sentence-based-CoT,24,F3,A2,0.0002978617742619325
sentence-based-CoT,24,F3,A3,-0.003076178207671413
sentence-based-CoT,24,F3,F0,0.0580706797105126
sentence-based-CoT,24,F3,F1,0.03928776616839983
sentence-based-CoT,24,F3,F2,0.060273829208518884
sentence-based-CoT,24,F3,F3,0.9999999999807674
sentence-based-CoT,24,F3,F4,0.13710153883107065
sentence-based-CoT,24,F3,F5,0.0484903125135715
sentence-based-CoT,24,F4,A1,0.0026154675741380446
sentence-based-CoT,24,F4,A2,-0.0025923787390766196
sentence-based-CoT,24,F4,A3,0.007541947439051497
sentence-based-CoT,24,F4,F0,0.052875053024832655
sentence-based-CoT,24,F4,F1,0.01876498318653397
sentence-based-CoT,24,F4,F2,0.036518348372039884
sentence-based-CoT,24,F4,F3,0.13710153883107065
sentence-based-CoT,24,F4,F4,0.9999999999823509
sentence-based-CoT,24,F4,F5,0.1471418438581895
sentence-based-CoT,24,F5,A1,0.0030219342485729938
sentence-based-CoT,24,F5,A2,0.030300697798862283
sentence-based-CoT,24,F5,A3,-0.016190545946497336
sentence-based-CoT,24,F5,F0,0.0472024048445704
sentence-based-CoT,24,F5,F1,-0.00472108608172966
sentence-based-CoT,24,F5,F2,0.02429770914259913
sentence-based-CoT,24,F5,F3,0.0484903125135715
sentence-based-CoT,24,F5,F4,0.1471418438581895
sentence-based-CoT,24,F5,F5,0.9999999999876739
sentence-based-CoT,25,A1,A1,0.9999999999649433
sentence-based-CoT,25,A1,A2,0.07529107942903984
sentence-based-CoT,25,A1,A3,0.02415485967003826
sentence-based-CoT,25,A1,F0,0.00260843603232381
sentence-based-CoT,25,A1,F1,0.01706282238329394
sentence-based-CoT,25,A1,F2,0.03263114507680315
sentence-based-CoT,25,A1,F3,0.006485128011903612
sentence-based-CoT,25,A1,F4,-0.0037126140201275298
sentence-based-CoT,25,A1,F5,0.006586777402734025
sentence-based-CoT,25,A2,A1,0.07529107942903984
sentence-based-CoT,25,A2,A2,0.9999999998051787
sentence-based-CoT,25,A2,A3,0.23910891044321547
sentence-based-CoT,25,A2,F0,0.012197722188893307
sentence-based-CoT,25,A2,F1,-0.010185396574976956
sentence-based-CoT,25,A2,F2,0.012058275666906555
sentence-based-CoT,25,A2,F3,0.008509677625318813
sentence-based-CoT,25,A2,F4,-0.001047220281574025
sentence-based-CoT,25,A2,F5,0.029493304447971654
sentence-based-CoT,25,A3,A1,0.02415485967003826
sentence-based-CoT,25,A3,A2,0.23910891044321547
sentence-based-CoT,25,A3,A3,0.9999999991951543
sentence-based-CoT,25,A3,F0,-0.0033381477224812975
sentence-based-CoT,25,A3,F1,-0.00629530420369986
sentence-based-CoT,25,A3,F2,-0.00925786838410252
sentence-based-CoT,25,A3,F3,-0.005177017300752571
sentence-based-CoT,25,A3,F4,0.004648089074194233
sentence-based-CoT,25,A3,F5,-0.015599928943808985
sentence-based-CoT,25,F0,A1,0.00260843603232381
sentence-based-CoT,25,F0,A2,0.012197722188893307
sentence-based-CoT,25,F0,A3,-0.0033381477224812975
sentence-based-CoT,25,F0,F0,0.9999999999952203
sentence-based-CoT,25,F0,F1,0.04679938355945686
sentence-based-CoT,25,F0,F2,0.15988425331761252
sentence-based-CoT,25,F0,F3,0.04595569968418726
sentence-based-CoT,25,F0,F4,0.05294017011687713
sentence-based-CoT,25,F0,F5,0.035549852305369
sentence-based-CoT,25,F1,A1,0.01706282238329394
sentence-based-CoT,25,F1,A2,-0.010185396574976956
sentence-based-CoT,25,F1,A3,-0.00629530420369986
sentence-based-CoT,25,F1,F0,0.04679938355945686
sentence-based-CoT,25,F1,F1,0.9999999999864848
sentence-based-CoT,25,F1,F2,0.07002391556187311
sentence-based-CoT,25,F1,F3,0.04468828999073831
sentence-based-CoT,25,F1,F4,0.013596093374058286
sentence-based-CoT,25,F1,F5,-0.0024324538913319334
sentence-based-CoT,25,F2,A1,0.03263114507680315
sentence-based-CoT,25,F2,A2,0.012058275666906555
sentence-based-CoT,25,F2,A3,-0.00925786838410252
sentence-based-CoT,25,F2,F0,0.15988425331761252
sentence-based-CoT,25,F2,F1,0.07002391556187311
sentence-based-CoT,25,F2,F2,0.9999999999897841
sentence-based-CoT,25,F2,F3,0.06478886802581338
sentence-based-CoT,25,F2,F4,0.03528666189692928
sentence-based-CoT,25,F2,F5,0.030847635132869616
sentence-based-CoT,25,F3,A1,0.006485128011903612
sentence-based-CoT,25,F3,A2,0.008509677625318813
sentence-based-CoT,25,F3,A3,-0.005177017300752571
sentence-based-CoT,25,F3,F0,0.04595569968418726
sentence-based-CoT,25,F3,F1,0.04468828999073831
sentence-based-CoT,25,F3,F2,0.06478886802581338
sentence-based-CoT,25,F3,F3,0.9999999999815322
sentence-based-CoT,25,F3,F4,0.12592806437504778
sentence-based-CoT,25,F3,F5,0.05228768325056564
sentence-based-CoT,25,F4,A1,-0.0037126140201275298
sentence-based-CoT,25,F4,A2,-0.001047220281574025
sentence-based-CoT,25,F4,A3,0.004648089074194233
sentence-based-CoT,25,F4,F0,0.05294017011687713
sentence-based-CoT,25,F4,F1,0.013596093374058286
sentence-based-CoT,25,F4,F2,0.03528666189692928
sentence-based-CoT,25,F4,F3,0.12592806437504778
sentence-based-CoT,25,F4,F4,0.9999999999825407
sentence-based-CoT,25,F4,F5,0.14870911762881944
sentence-based-CoT,25,F5,A1,0.006586777402734025
sentence-based-CoT,25,F5,A2,0.029493304447971654
sentence-based-CoT,25,F5,A3,-0.015599928943808985
sentence-based-CoT,25,F5,F0,0.035549852305369
sentence-based-CoT,25,F5,F1,-0.0024324538913319334
sentence-based-CoT,25,F5,F2,0.030847635132869616
sentence-based-CoT,25,F5,F3,0.05228768325056564
sentence-based-CoT,25,F5,F4,0.14870911762881944
sentence-based-CoT,25,F5,F5,0.9999999999873275
sentence-based-CoT,26,A1,A1,0.9999999999627415
sentence-based-CoT,26,A1,A2,0.05982848184071071
sentence-based-CoT,26,A1,A3,0.02163076257969368
sentence-based-CoT,26,A1,F0,0.0023574328259572696
sentence-based-CoT,26,A1,F1,0.021144695610888595
sentence-based-CoT,26,A1,F2,0.02232578441899917
sentence-based-CoT,26,A1,F3,0.0024230119367320098
sentence-based-CoT,26,A1,F4,-0.005148214133149575
sentence-based-CoT,26,A1,F5,0.0037152683480212814
sentence-based-CoT,26,A2,A1,0.05982848184071071
sentence-based-CoT,26,A2,A2,0.9999999998144201
sentence-based-CoT,26,A2,A3,0.21180212331907586
sentence-based-CoT,26,A2,F0,0.0033479692786935614
sentence-based-CoT,26,A2,F1,-0.015002468295951055
sentence-based-CoT,26,A2,F2,0.022458081348416623
sentence-based-CoT,26,A2,F3,0.007501082241807002
sentence-based-CoT,26,A2,F4,-0.0003954914720519363
sentence-based-CoT,26,A2,F5,0.027987418237278686
sentence-based-CoT,26,A3,A1,0.02163076257969368
sentence-based-CoT,26,A3,A2,0.21180212331907586
sentence-based-CoT,26,A3,A3,0.9999999990055757
sentence-based-CoT,26,A3,F0,0.003811239135995256
sentence-based-CoT,26,A3,F1,-0.004757664901173829
sentence-based-CoT,26,A3,F2,-0.009762551525030576
sentence-based-CoT,26,A3,F3,0.002005844940009185
sentence-based-CoT,26,A3,F4,0.003284002634332156
sentence-based-CoT,26,A3,F5,-0.019957802748873245
sentence-based-CoT,26,F0,A1,0.0023574328259572696
sentence-based-CoT,26,F0,A2,0.0033479692786935614
sentence-based-CoT,26,F0,A3,0.003811239135995256
sentence-based-CoT,26,F0,F0,0.9999999999951517
sentence-based-CoT,26,F0,F1,0.05086866668075195
sentence-based-CoT,26,F0,F2,0.1603375553706323
sentence-based-CoT,26,F0,F3,0.043868281765120545
sentence-based-CoT,26,F0,F4,0.05298659258221893
sentence-based-CoT,26,F0,F5,0.04240678012549776
sentence-based-CoT,26,F1,A1,0.021144695610888595
sentence-based-CoT,26,F1,A2,-0.015002468295951055
sentence-based-CoT,26,F1,A3,-0.004757664901173829
sentence-based-CoT,26,F1,F0,0.05086866668075195
sentence-based-CoT,26,F1,F1,0.9999999999864948
sentence-based-CoT,26,F1,F2,0.06280051288913181
sentence-based-CoT,26,F1,F3,0.03966687151014134
sentence-based-CoT,26,F1,F4,0.015382012066748668
sentence-based-CoT,26,F1,F5,-0.009357183202401252
sentence-based-CoT,26,F2,A1,0.02232578441899917
sentence-based-CoT,26,F2,A2,0.022458081348416623
sentence-based-CoT,26,F2,A3,-0.009762551525030576
sentence-based-CoT,26,F2,F0,0.1603375553706323
sentence-based-CoT,26,F2,F1,0.06280051288913181
sentence-based-CoT,26,F2,F2,0.9999999999897724
sentence-based-CoT,26,F2,F3,0.06339534687570789
sentence-based-CoT,26,F2,F4,0.04682441874742079
sentence-based-CoT,26,F2,F5,0.03547655812400146
sentence-based-CoT,26,F3,A1,0.0024230119367320098
sentence-based-CoT,26,F3,A2,0.007501082241807002
sentence-based-CoT,26,F3,A3,0.002005844940009185
sentence-based-CoT,26,F3,F0,0.043868281765120545
sentence-based-CoT,26,F3,F1,0.03966687151014134
sentence-based-CoT,26,F3,F2,0.06339534687570789
sentence-based-CoT,26,F3,F3,0.9999999999823768
sentence-based-CoT,26,F3,F4,0.12015485361336686
sentence-based-CoT,26,F3,F5,0.04412337846108898
sentence-based-CoT,26,F4,A1,-0.005148214133149575
sentence-based-CoT,26,F4,A2,-0.0003954914720519363
sentence-based-CoT,26,F4,A3,0.003284002634332156
sentence-based-CoT,26,F4,F0,0.05298659258221893
sentence-based-CoT,26,F4,F1,0.015382012066748668
sentence-based-CoT,26,F4,F2,0.04682441874742079
sentence-based-CoT,26,F4,F3,0.12015485361336686
sentence-based-CoT,26,F4,F4,0.9999999999829683
sentence-based-CoT,26,F4,F5,0.14592162334518538
sentence-based-CoT,26,F5,A1,0.0037152683480212814
sentence-based-CoT,26,F5,A2,0.027987418237278686
sentence-based-CoT,26,F5,A3,-0.019957802748873245
sentence-based-CoT,26,F5,F0,0.04240678012549776
sentence-based-CoT,26,F5,F1,-0.009357183202401252
sentence-based-CoT,26,F5,F2,0.03547655812400146
sentence-based-CoT,26,F5,F3,0.04412337846108898
sentence-based-CoT,26,F5,F4,0.14592162334518538
sentence-based-CoT,26,F5,F5,0.9999999999870979
sentence-based-CoT,27,A1,A1,0.9999999999612952
sentence-based-CoT,27,A1,A2,0.052897511898663215
sentence-based-CoT,27,A1,A3,0.018792518100105668
sentence-based-CoT,27,A1,F0,0.004836495299897927
sentence-based-CoT,27,A1,F1,0.02206185584889013
sentence-based-CoT,27,A1,F2,0.027573744669936732
sentence-based-CoT,27,A1,F3,0.0030318809035625996
sentence-based-CoT,27,A1,F4,-0.011550822480210261
sentence-based-CoT,27,A1,F5,0.0067188636307055054
sentence-based-CoT,27,A2,A1,0.052897511898663215
sentence-based-CoT,27,A2,A2,0.9999999998271021
sentence-based-CoT,27,A2,A3,0.1865156621217778
sentence-based-CoT,27,A2,F0,0.003118404274626346
sentence-based-CoT,27,A2,F1,-0.02823926295299432
sentence-based-CoT,27,A2,F2,0.015169081219486815
sentence-based-CoT,27,A2,F3,0.00565928756146617
sentence-based-CoT,27,A2,F4,0.00190155133866547
sentence-based-CoT,27,A2,F5,0.029453145894102063
sentence-based-CoT,27,A3,A1,0.018792518100105668
sentence-based-CoT,27,A3,A2,0.1865156621217778
sentence-based-CoT,27,A3,A3,0.9999999986680239
sentence-based-CoT,27,A3,F0,0.005907663974706746
sentence-based-CoT,27,A3,F1,-0.004404152958568189
sentence-based-CoT,27,A3,F2,-0.010936865367253232
sentence-based-CoT,27,A3,F3,0.0006253782667134472
sentence-based-CoT,27,A3,F4,-0.0005042049133472904
sentence-based-CoT,27,A3,F5,-0.016747031317412675
sentence-based-CoT,27,F0,A1,0.004836495299897927
sentence-based-CoT,27,F0,A2,0.003118404274626346
sentence-based-CoT,27,F0,A3,0.005907663974706746
sentence-based-CoT,27,F0,F0,0.999999999995036
sentence-based-CoT,27,F0,F1,0.040440892215336005
sentence-based-CoT,27,F0,F2,0.1516731173749818
sentence-based-CoT,27,F0,F3,0.04195512773178707
sentence-based-CoT,27,F0,F4,0.05712878279868536
sentence-based-CoT,27,F0,F5,0.039086216649453075
sentence-based-CoT,27,F1,A1,0.02206185584889013
sentence-based-CoT,27,F1,A2,-0.02823926295299432
sentence-based-CoT,27,F1,A3,-0.004404152958568189
sentence-based-CoT,27,F1,F0,0.040440892215336005
sentence-based-CoT,27,F1,F1,0.9999999999863002
sentence-based-CoT,27,F1,F2,0.057603588474144526
sentence-based-CoT,27,F1,F3,0.05177212092617435
sentence-based-CoT,27,F1,F4,0.01735176878132973
sentence-based-CoT,27,F1,F5,-0.006647632670140526
sentence-based-CoT,27,F2,A1,0.027573744669936732
sentence-based-CoT,27,F2,A2,0.015169081219486815
sentence-based-CoT,27,F2,A3,-0.010936865367253232
sentence-based-CoT,27,F2,F0,0.1516731173749818
sentence-based-CoT,27,F2,F1,0.057603588474144526
sentence-based-CoT,27,F2,F2,0.9999999999897115
sentence-based-CoT,27,F2,F3,0.06631943601698567
sentence-based-CoT,27,F2,F4,0.044073689604679715
sentence-based-CoT,27,F2,F5,0.04049225814735129
sentence-based-CoT,27,F3,A1,0.0030318809035625996
sentence-based-CoT,27,F3,A2,0.00565928756146617
sentence-based-CoT,27,F3,A3,0.0006253782667134472
sentence-based-CoT,27,F3,F0,0.04195512773178707
sentence-based-CoT,27,F3,F1,0.05177212092617435
sentence-based-CoT,27,F3,F2,0.06631943601698567
sentence-based-CoT,27,F3,F3,0.9999999999829106
sentence-based-CoT,27,F3,F4,0.11462922630713371
sentence-based-CoT,27,F3,F5,0.05175296878808412
sentence-based-CoT,27,F4,A1,-0.011550822480210261
sentence-based-CoT,27,F4,A2,0.00190155133866547
sentence-based-CoT,27,F4,A3,-0.0005042049133472904
sentence-based-CoT,27,F4,F0,0.05712878279868536
sentence-based-CoT,27,F4,F1,0.01735176878132973
sentence-based-CoT,27,F4,F2,0.044073689604679715
sentence-based-CoT,27,F4,F3,0.11462922630713371
sentence-based-CoT,27,F4,F4,0.9999999999834445
sentence-based-CoT,27,F4,F5,0.13977110234930434
sentence-based-CoT,27,F5,A1,0.0067188636307055054
sentence-based-CoT,27,F5,A2,0.029453145894102063
sentence-based-CoT,27,F5,A3,-0.016747031317412675
sentence-based-CoT,27,F5,F0,0.039086216649453075
sentence-based-CoT,27,F5,F1,-0.006647632670140526
sentence-based-CoT,27,F5,F2,0.04049225814735129
sentence-based-CoT,27,F5,F3,0.05175296878808412
sentence-based-CoT,27,F5,F4,0.13977110234930434
sentence-based-CoT,27,F5,F5,0.9999999999867257
sentence-based-CoT,28,A1,A1,0.9999999999596396
sentence-based-CoT,28,A1,A2,0.049682804683667786
sentence-based-CoT,28,A1,A3,0.015568963357523393
sentence-based-CoT,28,A1,F0,0.004785027715575419
sentence-based-CoT,28,A1,F1,0.028305061642347317
sentence-based-CoT,28,A1,F2,0.029817843645547376
sentence-based-CoT,28,A1,F3,0.0055459280075290706
sentence-based-CoT,28,A1,F4,-0.009788592025578413
sentence-based-CoT,28,A1,F5,0.010326145949046649
sentence-based-CoT,28,A2,A1,0.049682804683667786
sentence-based-CoT,28,A2,A2,0.9999999998416301
sentence-based-CoT,28,A2,A3,0.15520372879091077
sentence-based-CoT,28,A2,F0,0.009613816172249738
sentence-based-CoT,28,A2,F1,-0.0219661740911644
sentence-based-CoT,28,A2,F2,0.020272073208165087
sentence-based-CoT,28,A2,F3,-0.0027972133367951796
sentence-based-CoT,28,A2,F4,-0.004749134366334491
sentence-based-CoT,28,A2,F5,0.028770391754605797
sentence-based-CoT,28,A3,A1,0.015568963357523393
sentence-based-CoT,28,A3,A2,0.15520372879091077
sentence-based-CoT,28,A3,A3,0.9999999984350355
sentence-based-CoT,28,A3,F0,0.005824495719517121
sentence-based-CoT,28,A3,F1,-0.003954567679435063
sentence-based-CoT,28,A3,F2,-0.011084318915339614
sentence-based-CoT,28,A3,F3,0.008197253038326047
sentence-based-CoT,28,A3,F4,0.0012482998336689863
sentence-based-CoT,28,A3,F5,-0.018310755728737825
sentence-based-CoT,28,F0,A1,0.004785027715575419
sentence-based-CoT,28,F0,A2,0.009613816172249738
sentence-based-CoT,28,F0,A3,0.005824495719517121
sentence-based-CoT,28,F0,F0,0.9999999999948159
sentence-based-CoT,28,F0,F1,0.03834444846171833
sentence-based-CoT,28,F0,F2,0.15109597490683
sentence-based-CoT,28,F0,F3,0.04321480083312861
sentence-based-CoT,28,F0,F4,0.05168576836357456
sentence-based-CoT,28,F0,F5,0.03840010320517642
sentence-based-CoT,28,F1,A1,0.028305061642347317
sentence-based-CoT,28,F1,A2,-0.0219661740911644
sentence-based-CoT,28,F1,A3,-0.003954567679435063
sentence-based-CoT,28,F1,F0,0.03834444846171833
sentence-based-CoT,28,F1,F1,0.9999999999860394
sentence-based-CoT,28,F1,F2,0.061477670904988534
sentence-based-CoT,28,F1,F3,0.047975306458312814
sentence-based-CoT,28,F1,F4,0.024693379696808775
sentence-based-CoT,28,F1,F5,-0.003927060608172087
sentence-based-CoT,28,F2,A1,0.029817843645547376
sentence-based-CoT,28,F2,A2,0.020272073208165087
sentence-based-CoT,28,F2,A3,-0.011084318915339614
sentence-based-CoT,28,F2,F0,0.15109597490683
sentence-based-CoT,28,F2,F1,0.061477670904988534
sentence-based-CoT,28,F2,F2,0.9999999999894894
sentence-based-CoT,28,F2,F3,0.06499766925347679
sentence-based-CoT,28,F2,F4,0.04538961306117465
sentence-based-CoT,28,F2,F5,0.05031678659955853
sentence-based-CoT,28,F3,A1,0.0055459280075290706
sentence-based-CoT,28,F3,A2,-0.0027972133367951796
sentence-based-CoT,28,F3,A3,0.008197253038326047
sentence-based-CoT,28,F3,F0,0.04321480083312861
sentence-based-CoT,28,F3,F1,0.047975306458312814
sentence-based-CoT,28,F3,F2,0.06499766925347679
sentence-based-CoT,28,F3,F3,0.9999999999838038
sentence-based-CoT,28,F3,F4,0.10174003997673582
sentence-based-CoT,28,F3,F5,0.0481432386509148
sentence-based-CoT,28,F4,A1,-0.009788592025578413
sentence-based-CoT,28,F4,A2,-0.004749134366334491
sentence-based-CoT,28,F4,A3,0.0012482998336689863
sentence-based-CoT,28,F4,F0,0.05168576836357456
sentence-based-CoT,28,F4,F1,0.024693379696808775
sentence-based-CoT,28,F4,F2,0.04538961306117465
sentence-based-CoT,28,F4,F3,0.10174003997673582
sentence-based-CoT,28,F4,F4,0.9999999999834854
sentence-based-CoT,28,F4,F5,0.14402261304215605
sentence-based-CoT,28,F5,A1,0.010326145949046649
sentence-based-CoT,28,F5,A2,0.028770391754605797
sentence-based-CoT,28,F5,A3,-0.018310755728737825
sentence-based-CoT,28,F5,F0,0.03840010320517642
sentence-based-CoT,28,F5,F1,-0.003927060608172087
sentence-based-CoT,28,F5,F2,0.05031678659955853
sentence-based-CoT,28,F5,F3,0.0481432386509148
sentence-based-CoT,28,F5,F4,0.14402261304215605
sentence-based-CoT,28,F5,F5,0.9999999999864074
sentence-based-CoT,29,A1,A1,0.9999999999580097
sentence-based-CoT,29,A1,A2,0.05521753677712764
sentence-based-CoT,29,A1,A3,0.018272685876871076
sentence-based-CoT,29,A1,F0,0.008334519464759
sentence-based-CoT,29,A1,F1,0.031588892245646934
sentence-based-CoT,29,A1,F2,0.028365379588054136
sentence-based-CoT,29,A1,F3,0.007393204301672688
sentence-based-CoT,29,A1,F4,-0.00801297394049502
sentence-based-CoT,29,A1,F5,0.014696677806535148
sentence-based-CoT,29,A2,A1,0.05521753677712764
sentence-based-CoT,29,A2,A2,0.9999999998485252
sentence-based-CoT,29,A2,A3,0.13753783113634602
sentence-based-CoT,29,A2,F0,0.017549473442445094
sentence-based-CoT,29,A2,F1,-0.021125062654829378
sentence-based-CoT,29,A2,F2,0.021646115977609848
sentence-based-CoT,29,A2,F3,-0.008551141524799797
sentence-based-CoT,29,A2,F4,-0.00047822602714456936
sentence-based-CoT,29,A2,F5,0.029493617003507656
sentence-based-CoT,29,A3,A1,0.018272685876871076
sentence-based-CoT,29,A3,A2,0.13753783113634602
sentence-based-CoT,29,A3,A3,0.9999999980654516
sentence-based-CoT,29,A3,F0,0.0007018429940521266
sentence-based-CoT,29,A3,F1,-0.007689257249866132
sentence-based-CoT,29,A3,F2,-0.008761651078283163
sentence-based-CoT,29,A3,F3,0.011224986382269422
sentence-based-CoT,29,A3,F4,-0.001456911807403948
sentence-based-CoT,29,A3,F5,-0.02274125027998161
sentence-based-CoT,29,F0,A1,0.008334519464759
sentence-based-CoT,29,F0,A2,0.017549473442445094
sentence-based-CoT,29,F0,A3,0.0007018429940521266
sentence-based-CoT,29,F0,F0,0.9999999999946312
sentence-based-CoT,29,F0,F1,0.036216247632227506
sentence-based-CoT,29,F0,F2,0.15208908092849674
sentence-based-CoT,29,F0,F3,0.03151115879547654
sentence-based-CoT,29,F0,F4,0.04616153419563326
sentence-based-CoT,29,F0,F5,0.03136212665181226
sentence-based-CoT,29,F1,A1,0.031588892245646934
sentence-based-CoT,29,F1,A2,-0.021125062654829378
sentence-based-CoT,29,F1,A3,-0.007689257249866132
sentence-based-CoT,29,F1,F0,0.036216247632227506
sentence-based-CoT,29,F1,F1,0.9999999999856694
sentence-based-CoT,29,F1,F2,0.05388628809677511
sentence-based-CoT,29,F1,F3,0.039693169379303686
sentence-based-CoT,29,F1,F4,0.020341139771749336
sentence-based-CoT,29,F1,F5,-0.003131398544955472
sentence-based-CoT,29,F2,A1,0.028365379588054136
sentence-based-CoT,29,F2,A2,0.021646115977609848
sentence-based-CoT,29,F2,A3,-0.008761651078283163
sentence-based-CoT,29,F2,F0,0.15208908092849674
sentence-based-CoT,29,F2,F1,0.05388628809677511
sentence-based-CoT,29,F2,F2,0.9999999999891523
sentence-based-CoT,29,F2,F3,0.06479708264284387
sentence-based-CoT,29,F2,F4,0.04367659804786952
sentence-based-CoT,29,F2,F5,0.05174016166001808
sentence-based-CoT,29,F3,A1,0.007393204301672688
sentence-based-CoT,29,F3,A2,-0.008551141524799797
sentence-based-CoT,29,F3,A3,0.011224986382269422
sentence-based-CoT,29,F3,F0,0.03151115879547654
sentence-based-CoT,29,F3,F1,0.039693169379303686
sentence-based-CoT,29,F3,F2,0.06479708264284387
sentence-based-CoT,29,F3,F3,0.9999999999838922
sentence-based-CoT,29,F3,F4,0.09823703071146192
sentence-based-CoT,29,F3,F5,0.051241689098196326
sentence-based-CoT,29,F4,A1,-0.00801297394049502
sentence-based-CoT,29,F4,A2,-0.00047822602714456936
sentence-based-CoT,29,F4,A3,-0.001456911807403948
sentence-based-CoT,29,F4,F0,0.04616153419563326
sentence-based-CoT,29,F4,F1,0.020341139771749336
sentence-based-CoT,29,F4,F2,0.04367659804786952
sentence-based-CoT,29,F4,F3,0.09823703071146192
sentence-based-CoT,29,F4,F4,0.9999999999835434
sentence-based-CoT,29,F4,F5,0.14834994368812365
sentence-based-CoT,29,F5,A1,0.014696677806535148
sentence-based-CoT,29,F5,A2,0.029493617003507656
sentence-based-CoT,29,F5,A3,-0.02274125027998161
sentence-based-CoT,29,F5,F0,0.03136212665181226
sentence-based-CoT,29,F5,F1,-0.003131398544955472
sentence-based-CoT,29,F5,F2,0.05174016166001808
sentence-based-CoT,29,F5,F3,0.051241689098196326
sentence-based-CoT,29,F5,F4,0.14834994368812365
sentence-based-CoT,29,F5,F5,0.9999999999861069
sentence-based-CoT,30,A1,A1,0.9999999999545904
sentence-based-CoT,30,A1,A2,0.05887332456547086
sentence-based-CoT,30,A1,A3,0.01476188707455838
sentence-based-CoT,30,A1,F0,0.002623341193428073
sentence-based-CoT,30,A1,F1,0.03729151201506427
sentence-based-CoT,30,A1,F2,0.039149935820671534
sentence-based-CoT,30,A1,F3,0.012041432365383438
sentence-based-CoT,30,A1,F4,-0.006297957901529359
sentence-based-CoT,30,A1,F5,0.015044741548421026
sentence-based-CoT,30,A2,A1,0.05887332456547086
sentence-based-CoT,30,A2,A2,0.9999999998401906
sentence-based-CoT,30,A2,A3,0.11824844803764036
sentence-based-CoT,30,A2,F0,0.015606309123961779
sentence-based-CoT,30,A2,F1,-0.02506175422445954
sentence-based-CoT,30,A2,F2,0.02277272154076389
sentence-based-CoT,30,A2,F3,-0.016228688720934983
sentence-based-CoT,30,A2,F4,-0.006636558405218047
sentence-based-CoT,30,A2,F5,0.035326648330374355
sentence-based-CoT,30,A3,A1,0.01476188707455838
sentence-based-CoT,30,A3,A2,0.11824844803764036
sentence-based-CoT,30,A3,A3,0.9999999967096037
sentence-based-CoT,30,A3,F0,0.0014790971929802767
sentence-based-CoT,30,A3,F1,-0.01045178279496727
sentence-based-CoT,30,A3,F2,-0.01132453560715776
sentence-based-CoT,30,A3,F3,0.01188128910694616
sentence-based-CoT,30,A3,F4,-0.001192419241714376
sentence-based-CoT,30,A3,F5,-0.025758919304251043
sentence-based-CoT,30,F0,A1,0.002623341193428073
sentence-based-CoT,30,F0,A2,0.015606309123961779
sentence-based-CoT,30,F0,A3,0.0014790971929802767
sentence-based-CoT,30,F0,F0,0.9999999999941637
sentence-based-CoT,30,F0,F1,0.04632917679343599
sentence-based-CoT,30,F0,F2,0.15178432524521399
sentence-based-CoT,30,F0,F3,0.03940897246441788
sentence-based-CoT,30,F0,F4,0.053155965982010965
sentence-based-CoT,30,F0,F5,0.036214598749622254
sentence-based-CoT,30,F1,A1,0.03729151201506427
sentence-based-CoT,30,F1,A2,-0.02506175422445954
sentence-based-CoT,30,F1,A3,-0.01045178279496727
sentence-based-CoT,30,F1,F0,0.04632917679343599
sentence-based-CoT,30,F1,F1,0.9999999999848647
sentence-based-CoT,30,F1,F2,0.05195663943442165
sentence-based-CoT,30,F1,F3,0.037694083696126514
sentence-based-CoT,30,F1,F4,0.02466630528718597
sentence-based-CoT,30,F1,F5,-0.009448574058236158
sentence-based-CoT,30,F2,A1,0.039149935820671534
sentence-based-CoT,30,F2,A2,0.02277272154076389
sentence-based-CoT,30,F2,A3,-0.01132453560715776
sentence-based-CoT,30,F2,F0,0.15178432524521399
sentence-based-CoT,30,F2,F1,0.05195663943442165
sentence-based-CoT,30,F2,F2,0.9999999999885435
sentence-based-CoT,30,F2,F3,0.07065804861266321
sentence-based-CoT,30,F2,F4,0.05506455941136653
sentence-based-CoT,30,F2,F5,0.056169622520612486
sentence-based-CoT,30,F3,A1,0.012041432365383438
sentence-based-CoT,30,F3,A2,-0.016228688720934983
sentence-based-CoT,30,F3,A3,0.01188128910694616
sentence-based-CoT,30,F3,F0,0.03940897246441788
sentence-based-CoT,30,F3,F1,0.037694083696126514
sentence-based-CoT,30,F3,F2,0.07065804861266321
sentence-based-CoT,30,F3,F3,0.9999999999835524
sentence-based-CoT,30,F3,F4,0.10411978139454377
sentence-based-CoT,30,F3,F5,0.06098041381997917
sentence-based-CoT,30,F4,A1,-0.006297957901529359
sentence-based-CoT,30,F4,A2,-0.006636558405218047
sentence-based-CoT,30,F4,A3,-0.001192419241714376
sentence-based-CoT,30,F4,F0,0.053155965982010965
sentence-based-CoT,30,F4,F1,0.02466630528718597
sentence-based-CoT,30,F4,F2,0.05506455941136653
sentence-based-CoT,30,F4,F3,0.10411978139454377
sentence-based-CoT,30,F4,F4,0.9999999999829612
sentence-based-CoT,30,F4,F5,0.14316602429770048
sentence-based-CoT,30,F5,A1,0.015044741548421026
sentence-based-CoT,30,F5,A2,0.035326648330374355
sentence-based-CoT,30,F5,A3,-0.025758919304251043
sentence-based-CoT,30,F5,F0,0.036214598749622254
sentence-based-CoT,30,F5,F1,-0.009448574058236158
sentence-based-CoT,30,F5,F2,0.056169622520612486
sentence-based-CoT,30,F5,F3,0.06098041381997917
sentence-based-CoT,30,F5,F4,0.14316602429770048
sentence-based-CoT,30,F5,F5,0.9999999999850894
sentence-based-CoT,31,A1,A1,0.999999999953397
sentence-based-CoT,31,A1,A2,0.05170412918071148
sentence-based-CoT,31,A1,A3,0.013166067110459053
sentence-based-CoT,31,A1,F0,0.007709929066492262
sentence-based-CoT,31,A1,F1,0.029760701133830465
sentence-based-CoT,31,A1,F2,0.04485972170649847
sentence-based-CoT,31,A1,F3,0.01170701139750545
sentence-based-CoT,31,A1,F4,-0.012384169689501836
sentence-based-CoT,31,A1,F5,-0.0039017827760765822
sentence-based-CoT,31,A2,A1,0.05170412918071148
sentence-based-CoT,31,A2,A2,0.9999999998395251
sentence-based-CoT,31,A2,A3,0.10475495873950363
sentence-based-CoT,31,A2,F0,0.024863942760143885
sentence-based-CoT,31,A2,F1,-0.02308856000980688
sentence-based-CoT,31,A2,F2,0.029941350221211974
sentence-based-CoT,31,A2,F3,-0.013286628288884838
sentence-based-CoT,31,A2,F4,0.001965423605824557
sentence-based-CoT,31,A2,F5,0.03364690924065537
sentence-based-CoT,31,A3,A1,0.013166067110459053
sentence-based-CoT,31,A3,A2,0.10475495873950363
sentence-based-CoT,31,A3,A3,0.9999999957960471
sentence-based-CoT,31,A3,F0,0.0005639031043418917
sentence-based-CoT,31,A3,F1,-0.012128131436873454
sentence-based-CoT,31,A3,F2,-0.009667310879627888
sentence-based-CoT,31,A3,F3,0.007609206852468274
sentence-based-CoT,31,A3,F4,0.0005214012367373975
sentence-based-CoT,31,A3,F5,-0.023067168773708333
sentence-based-CoT,31,F0,A1,0.007709929066492262
sentence-based-CoT,31,F0,A2,0.024863942760143885
sentence-based-CoT,31,F0,A3,0.0005639031043418917
sentence-based-CoT,31,F0,F0,0.9999999999935228
sentence-based-CoT,31,F0,F1,0.0404258652273367
sentence-based-CoT,31,F0,F2,0.15101717563142858
sentence-based-CoT,31,F0,F3,0.03553608476874823
sentence-based-CoT,31,F0,F4,0.04907576068572172
sentence-based-CoT,31,F0,F5,0.03697159726467532
sentence-based-CoT,31,F1,A1,0.029760701133830465
sentence-based-CoT,31,F1,A2,-0.02308856000980688
sentence-based-CoT,31,F1,A3,-0.012128131436873454
sentence-based-CoT,31,F1,F0,0.0404258652273367
sentence-based-CoT,31,F1,F1,0.9999999999843964
sentence-based-CoT,31,F1,F2,0.04894436174248242
sentence-based-CoT,31,F1,F3,0.03159358402119513
sentence-based-CoT,31,F1,F4,0.014203570980320199
sentence-based-CoT,31,F1,F5,-0.01437784546844855
sentence-based-CoT,31,F2,A1,0.04485972170649847
sentence-based-CoT,31,F2,A2,0.029941350221211974
sentence-based-CoT,31,F2,A3,-0.009667310879627888
sentence-based-CoT,31,F2,F0,0.15101717563142858
sentence-based-CoT,31,F2,F1,0.04894436174248242
sentence-based-CoT,31,F2,F2,0.9999999999881877
sentence-based-CoT,31,F2,F3,0.0705696618998258
sentence-based-CoT,31,F2,F4,0.0483786344461724
sentence-based-CoT,31,F2,F5,0.05172188308721039
sentence-based-CoT,31,F3,A1,0.01170701139750545
sentence-based-CoT,31,F3,A2,-0.013286628288884838
sentence-based-CoT,31,F3,A3,0.007609206852468274
sentence-based-CoT,31,F3,F0,0.03553608476874823
sentence-based-CoT,31,F3,F1,0.03159358402119513
sentence-based-CoT,31,F3,F2,0.0705696618998258
sentence-based-CoT,31,F3,F3,0.9999999999838011
sentence-based-CoT,31,F3,F4,0.09111538407214077
sentence-based-CoT,31,F3,F5,0.04265902628788368
sentence-based-CoT,31,F4,A1,-0.012384169689501836
sentence-based-CoT,31,F4,A2,0.001965423605824557
sentence-based-CoT,31,F4,A3,0.0005214012367373975
sentence-based-CoT,31,F4,F0,0.04907576068572172
sentence-based-CoT,31,F4,F1,0.014203570980320199
sentence-based-CoT,31,F4,F2,0.0483786344461724
sentence-based-CoT,31,F4,F3,0.09111538407214077
sentence-based-CoT,31,F4,F4,0.9999999999826515
sentence-based-CoT,31,F4,F5,0.12119971749487753
sentence-based-CoT,31,F5,A1,-0.0039017827760765822
sentence-based-CoT,31,F5,A2,0.03364690924065537
sentence-based-CoT,31,F5,A3,-0.023067168773708333
sentence-based-CoT,31,F5,F0,0.03697159726467532
sentence-based-CoT,31,F5,F1,-0.01437784546844855
sentence-based-CoT,31,F5,F2,0.05172188308721039
sentence-based-CoT,31,F5,F3,0.04265902628788368
sentence-based-CoT,31,F5,F4,0.12119971749487753
sentence-based-CoT,31,F5,F5,0.9999999999845298
sentence-based-CoT,32,A1,A1,0.999999999816726
sentence-based-CoT,32,A1,A2,0.02423750869355321
sentence-based-CoT,32,A1,A3,0.021868634096066063
sentence-based-CoT,32,A1,F0,0.005527493522669222
sentence-based-CoT,32,A1,F1,0.026673074300380194
sentence-based-CoT,32,A1,F2,0.04088975357240049
sentence-based-CoT,32,A1,F3,0.025973312062872168
sentence-based-CoT,32,A1,F4,-0.0030488922608244273
sentence-based-CoT,32,A1,F5,-0.016632022768088246
sentence-based-CoT,32,A2,A1,0.02423750869355321
sentence-based-CoT,32,A2,A2,0.9999999996227448
sentence-based-CoT,32,A2,A3,0.03489591269856355
sentence-based-CoT,32,A2,F0,0.026656077439573756
sentence-based-CoT,32,A2,F1,-0.02609354225536738
sentence-based-CoT,32,A2,F2,0.037352948301075425
sentence-based-CoT,32,A2,F3,-0.021264618216735892
sentence-based-CoT,32,A2,F4,-0.0037505859082234195
sentence-based-CoT,32,A2,F5,0.025051147148070434
sentence-based-CoT,32,A3,A1,0.021868634096066063
sentence-based-CoT,32,A3,A2,0.03489591269856355
sentence-based-CoT,32,A3,A3,0.9999998857971321
sentence-based-CoT,32,A3,F0,0.006552636090736004
sentence-based-CoT,32,A3,F1,-0.005690691065989471
sentence-based-CoT,32,A3,F2,-0.012523558527593013
sentence-based-CoT,32,A3,F3,-0.004077740210139894
sentence-based-CoT,32,A3,F4,0.0012020520513250392
sentence-based-CoT,32,A3,F5,-0.018990077252521227
sentence-based-CoT,32,F0,A1,0.005527493522669222
sentence-based-CoT,32,F0,A2,0.026656077439573756
sentence-based-CoT,32,F0,A3,0.006552636090736004
sentence-based-CoT,32,F0,F0,0.9999999999683793
sentence-based-CoT,32,F0,F1,-0.002335913979293922
sentence-based-CoT,32,F0,F2,0.14710416983309707
sentence-based-CoT,32,F0,F3,0.03724264627481393
sentence-based-CoT,32,F0,F4,0.03859342325603293
sentence-based-CoT,32,F0,F5,0.03084598687993374
sentence-based-CoT,32,F1,A1,0.026673074300380194
sentence-based-CoT,32,F1,A2,-0.02609354225536738
sentence-based-CoT,32,F1,A3,-0.005690691065989471
sentence-based-CoT,32,F1,F0,-0.002335913979293922
sentence-based-CoT,32,F1,F1,0.9999999999453543
sentence-based-CoT,32,F1,F2,0.03358413496267635
sentence-based-CoT,32,F1,F3,0.027850341538940875
sentence-based-CoT,32,F1,F4,0.0015563977101119273
sentence-based-CoT,32,F1,F5,-0.01846122743700375
sentence-based-CoT,32,F2,A1,0.04088975357240049
sentence-based-CoT,32,F2,A2,0.037352948301075425
sentence-based-CoT,32,F2,A3,-0.012523558527593013
sentence-based-CoT,32,F2,F0,0.14710416983309707
sentence-based-CoT,32,F2,F1,0.03358413496267635
sentence-based-CoT,32,F2,F2,0.9999999999584611
sentence-based-CoT,32,F2,F3,0.06109152667404348
sentence-based-CoT,32,F2,F4,0.043139507417389845
sentence-based-CoT,32,F2,F5,0.053013721911870565
sentence-based-CoT,32,F3,A1,0.025973312062872168
sentence-based-CoT,32,F3,A2,-0.021264618216735892
sentence-based-CoT,32,F3,A3,-0.004077740210139894
sentence-based-CoT,32,F3,F0,0.03724264627481393
sentence-based-CoT,32,F3,F1,0.027850341538940875
sentence-based-CoT,32,F3,F2,0.06109152667404348
sentence-based-CoT,32,F3,F3,0.9999999999514723
sentence-based-CoT,32,F3,F4,0.06208239744134885
sentence-based-CoT,32,F3,F5,0.027188450807089516
sentence-based-CoT,32,F4,A1,-0.0030488922608244273
sentence-based-CoT,32,F4,A2,-0.0037505859082234195
sentence-based-CoT,32,F4,A3,0.0012020520513250392
sentence-based-CoT,32,F4,F0,0.03859342325603293
sentence-based-CoT,32,F4,F1,0.0015563977101119273
sentence-based-CoT,32,F4,F2,0.043139507417389845
sentence-based-CoT,32,F4,F3,0.06208239744134885
sentence-based-CoT,32,F4,F4,0.9999999999379255
sentence-based-CoT,32,F4,F5,0.07299600600306845
sentence-based-CoT,32,F5,A1,-0.016632022768088246
sentence-based-CoT,32,F5,A2,0.025051147148070434
sentence-based-CoT,32,F5,A3,-0.018990077252521227
sentence-based-CoT,32,F5,F0,0.03084598687993374
sentence-based-CoT,32,F5,F1,-0.01846122743700375
sentence-based-CoT,32,F5,F2,0.053013721911870565
sentence-based-CoT,32,F5,F3,0.027188450807089516
sentence-based-CoT,32,F5,F4,0.07299600600306845
sentence-based-CoT,32,F5,F5,0.9999999999444613
