train_task,test_task,train_condition,test_condition,layer,model,auroc
A1,A1,no-prompt,no-prompt,0,deepseek-r1-distill-8b,0.5017111111111111
A1,A1,no-prompt,no-prompt,1,deepseek-r1-distill-8b,0.5143555555555556
A1,A1,no-prompt,no-prompt,2,deepseek-r1-distill-8b,0.4748444444444444
A1,A1,no-prompt,no-prompt,3,deepseek-r1-distill-8b,0.4983555555555555
A1,A1,no-prompt,no-prompt,4,deepseek-r1-distill-8b,0.5044444444444445
A1,A1,no-prompt,no-prompt,5,deepseek-r1-distill-8b,0.5295555555555556
A1,A1,no-prompt,no-prompt,6,deepseek-r1-distill-8b,0.5470222222222223
A1,A1,no-prompt,no-prompt,7,deepseek-r1-distill-8b,0.5686666666666667
A1,A1,no-prompt,no-prompt,8,deepseek-r1-distill-8b,0.5771555555555555
A1,A1,no-prompt,no-prompt,9,deepseek-r1-distill-8b,0.5835555555555555
A1,A1,no-prompt,no-prompt,10,deepseek-r1-distill-8b,0.5919111111111112
A1,A1,no-prompt,no-prompt,11,deepseek-r1-distill-8b,0.6018666666666668
A1,A1,no-prompt,no-prompt,12,deepseek-r1-distill-8b,0.6049777777777777
A1,A1,no-prompt,no-prompt,13,deepseek-r1-distill-8b,0.6025333333333333
A1,A1,no-prompt,no-prompt,14,deepseek-r1-distill-8b,0.6015555555555556
A1,A1,no-prompt,no-prompt,15,deepseek-r1-distill-8b,0.603111111111111
A1,A1,no-prompt,no-prompt,16,deepseek-r1-distill-8b,0.6003999999999999
A1,A1,no-prompt,no-prompt,17,deepseek-r1-distill-8b,0.5910222222222221
A1,A1,no-prompt,no-prompt,18,deepseek-r1-distill-8b,0.5847111111111111
A1,A1,no-prompt,no-prompt,19,deepseek-r1-distill-8b,0.5814222222222222
A1,A1,no-prompt,no-prompt,20,deepseek-r1-distill-8b,0.5822666666666666
A1,A1,no-prompt,no-prompt,21,deepseek-r1-distill-8b,0.5851555555555557
A1,A1,no-prompt,no-prompt,22,deepseek-r1-distill-8b,0.6050666666666666
A1,A1,no-prompt,no-prompt,23,deepseek-r1-distill-8b,0.6622222222222222
A1,A1,no-prompt,no-prompt,24,deepseek-r1-distill-8b,0.6739111111111111
A1,A1,no-prompt,no-prompt,25,deepseek-r1-distill-8b,0.6799999999999999
A1,A1,no-prompt,no-prompt,26,deepseek-r1-distill-8b,0.6936
A1,A1,no-prompt,no-prompt,27,deepseek-r1-distill-8b,0.7009777777777777
A1,A1,no-prompt,no-prompt,28,deepseek-r1-distill-8b,0.7181333333333334
A1,A1,no-prompt,no-prompt,29,deepseek-r1-distill-8b,0.7294666666666666
A1,A1,no-prompt,no-prompt,30,deepseek-r1-distill-8b,0.7685333333333334
A1,A1,no-prompt,no-prompt,31,deepseek-r1-distill-8b,0.8285777777777779
A1,A1,no-prompt,no-prompt,32,deepseek-r1-distill-8b,0.858
A2,A2,no-prompt,no-prompt,0,deepseek-r1-distill-8b,0.5408222222222223
A2,A2,no-prompt,no-prompt,1,deepseek-r1-distill-8b,0.5114222222222222
A2,A2,no-prompt,no-prompt,2,deepseek-r1-distill-8b,0.4816
A2,A2,no-prompt,no-prompt,3,deepseek-r1-distill-8b,0.5393777777777777
A2,A2,no-prompt,no-prompt,4,deepseek-r1-distill-8b,0.5446222222222222
A2,A2,no-prompt,no-prompt,5,deepseek-r1-distill-8b,0.5569777777777778
A2,A2,no-prompt,no-prompt,6,deepseek-r1-distill-8b,0.5670666666666666
A2,A2,no-prompt,no-prompt,7,deepseek-r1-distill-8b,0.5769777777777778
A2,A2,no-prompt,no-prompt,8,deepseek-r1-distill-8b,0.5821333333333333
A2,A2,no-prompt,no-prompt,9,deepseek-r1-distill-8b,0.5896444444444444
A2,A2,no-prompt,no-prompt,10,deepseek-r1-distill-8b,0.5936444444444444
A2,A2,no-prompt,no-prompt,11,deepseek-r1-distill-8b,0.5922666666666667
A2,A2,no-prompt,no-prompt,12,deepseek-r1-distill-8b,0.5932000000000001
A2,A2,no-prompt,no-prompt,13,deepseek-r1-distill-8b,0.5950222222222222
A2,A2,no-prompt,no-prompt,14,deepseek-r1-distill-8b,0.5898666666666668
A2,A2,no-prompt,no-prompt,15,deepseek-r1-distill-8b,0.5963555555555556
A2,A2,no-prompt,no-prompt,16,deepseek-r1-distill-8b,0.5855111111111111
A2,A2,no-prompt,no-prompt,17,deepseek-r1-distill-8b,0.5839111111111112
A2,A2,no-prompt,no-prompt,18,deepseek-r1-distill-8b,0.5788444444444444
A2,A2,no-prompt,no-prompt,19,deepseek-r1-distill-8b,0.5780444444444444
A2,A2,no-prompt,no-prompt,20,deepseek-r1-distill-8b,0.5761333333333333
A2,A2,no-prompt,no-prompt,21,deepseek-r1-distill-8b,0.5715111111111112
A2,A2,no-prompt,no-prompt,22,deepseek-r1-distill-8b,0.5738666666666666
A2,A2,no-prompt,no-prompt,23,deepseek-r1-distill-8b,0.5753777777777778
A2,A2,no-prompt,no-prompt,24,deepseek-r1-distill-8b,0.5840444444444445
A2,A2,no-prompt,no-prompt,25,deepseek-r1-distill-8b,0.5835111111111111
A2,A2,no-prompt,no-prompt,26,deepseek-r1-distill-8b,0.5863111111111111
A2,A2,no-prompt,no-prompt,27,deepseek-r1-distill-8b,0.5775111111111111
A2,A2,no-prompt,no-prompt,28,deepseek-r1-distill-8b,0.5808888888888888
A2,A2,no-prompt,no-prompt,29,deepseek-r1-distill-8b,0.5808888888888889
A2,A2,no-prompt,no-prompt,30,deepseek-r1-distill-8b,0.5988444444444445
A2,A2,no-prompt,no-prompt,31,deepseek-r1-distill-8b,0.6115555555555555
A2,A2,no-prompt,no-prompt,32,deepseek-r1-distill-8b,0.6159999999999999
A3,A3,no-prompt,no-prompt,0,deepseek-r1-distill-8b,0.5696444444444445
A3,A3,no-prompt,no-prompt,1,deepseek-r1-distill-8b,0.5532444444444444
A3,A3,no-prompt,no-prompt,2,deepseek-r1-distill-8b,0.5292888888888889
A3,A3,no-prompt,no-prompt,3,deepseek-r1-distill-8b,0.5371111111111112
A3,A3,no-prompt,no-prompt,4,deepseek-r1-distill-8b,0.5469777777777778
A3,A3,no-prompt,no-prompt,5,deepseek-r1-distill-8b,0.5590666666666666
A3,A3,no-prompt,no-prompt,6,deepseek-r1-distill-8b,0.5692444444444444
A3,A3,no-prompt,no-prompt,7,deepseek-r1-distill-8b,0.5756000000000001
A3,A3,no-prompt,no-prompt,8,deepseek-r1-distill-8b,0.5992000000000001
A3,A3,no-prompt,no-prompt,9,deepseek-r1-distill-8b,0.6010666666666666
A3,A3,no-prompt,no-prompt,10,deepseek-r1-distill-8b,0.6018666666666667
A3,A3,no-prompt,no-prompt,11,deepseek-r1-distill-8b,0.5984888888888888
A3,A3,no-prompt,no-prompt,12,deepseek-r1-distill-8b,0.5924
A3,A3,no-prompt,no-prompt,13,deepseek-r1-distill-8b,0.5911555555555555
A3,A3,no-prompt,no-prompt,14,deepseek-r1-distill-8b,0.5846666666666667
A3,A3,no-prompt,no-prompt,15,deepseek-r1-distill-8b,0.5950222222222222
A3,A3,no-prompt,no-prompt,16,deepseek-r1-distill-8b,0.5893777777777778
A3,A3,no-prompt,no-prompt,17,deepseek-r1-distill-8b,0.5918222222222221
A3,A3,no-prompt,no-prompt,18,deepseek-r1-distill-8b,0.5857333333333333
A3,A3,no-prompt,no-prompt,19,deepseek-r1-distill-8b,0.5880888888888889
A3,A3,no-prompt,no-prompt,20,deepseek-r1-distill-8b,0.5910666666666666
A3,A3,no-prompt,no-prompt,21,deepseek-r1-distill-8b,0.5914666666666667
A3,A3,no-prompt,no-prompt,22,deepseek-r1-distill-8b,0.5874222222222223
A3,A3,no-prompt,no-prompt,23,deepseek-r1-distill-8b,0.5960444444444445
A3,A3,no-prompt,no-prompt,24,deepseek-r1-distill-8b,0.6018666666666667
A3,A3,no-prompt,no-prompt,25,deepseek-r1-distill-8b,0.6008888888888889
A3,A3,no-prompt,no-prompt,26,deepseek-r1-distill-8b,0.6037777777777777
A3,A3,no-prompt,no-prompt,27,deepseek-r1-distill-8b,0.6019111111111112
A3,A3,no-prompt,no-prompt,28,deepseek-r1-distill-8b,0.5993777777777778
A3,A3,no-prompt,no-prompt,29,deepseek-r1-distill-8b,0.6096444444444444
A3,A3,no-prompt,no-prompt,30,deepseek-r1-distill-8b,0.6109333333333333
A3,A3,no-prompt,no-prompt,31,deepseek-r1-distill-8b,0.6063555555555555
A3,A3,no-prompt,no-prompt,32,deepseek-r1-distill-8b,0.5761777777777777
F0,F0,no-prompt,no-prompt,0,deepseek-r1-distill-8b,0.470703125
F0,F0,no-prompt,no-prompt,1,deepseek-r1-distill-8b,0.51031494140625
F0,F0,no-prompt,no-prompt,2,deepseek-r1-distill-8b,0.4983978271484375
F0,F0,no-prompt,no-prompt,3,deepseek-r1-distill-8b,0.50018310546875
F0,F0,no-prompt,no-prompt,4,deepseek-r1-distill-8b,0.5136566162109375
F0,F0,no-prompt,no-prompt,5,deepseek-r1-distill-8b,0.5304718017578125
F0,F0,no-prompt,no-prompt,6,deepseek-r1-distill-8b,0.536224365234375
F0,F0,no-prompt,no-prompt,7,deepseek-r1-distill-8b,0.5755157470703125
F0,F0,no-prompt,no-prompt,8,deepseek-r1-distill-8b,0.712493896484375
F0,F0,no-prompt,no-prompt,9,deepseek-r1-distill-8b,0.8633575439453125
F0,F0,no-prompt,no-prompt,10,deepseek-r1-distill-8b,0.9290924072265624
F0,F0,no-prompt,no-prompt,11,deepseek-r1-distill-8b,0.9666748046875
F0,F0,no-prompt,no-prompt,12,deepseek-r1-distill-8b,0.9659423828125
F0,F0,no-prompt,no-prompt,13,deepseek-r1-distill-8b,0.9745330810546876
F0,F0,no-prompt,no-prompt,14,deepseek-r1-distill-8b,0.974761962890625
F0,F0,no-prompt,no-prompt,15,deepseek-r1-distill-8b,0.974700927734375
F0,F0,no-prompt,no-prompt,16,deepseek-r1-distill-8b,0.9747161865234376
F0,F0,no-prompt,no-prompt,17,deepseek-r1-distill-8b,0.9745635986328124
F0,F0,no-prompt,no-prompt,18,deepseek-r1-distill-8b,0.972320556640625
F0,F0,no-prompt,no-prompt,19,deepseek-r1-distill-8b,0.9712677001953124
F0,F0,no-prompt,no-prompt,20,deepseek-r1-distill-8b,0.9707489013671876
F0,F0,no-prompt,no-prompt,21,deepseek-r1-distill-8b,0.971466064453125
F0,F0,no-prompt,no-prompt,22,deepseek-r1-distill-8b,0.9699859619140624
F0,F0,no-prompt,no-prompt,23,deepseek-r1-distill-8b,0.9685821533203124
F0,F0,no-prompt,no-prompt,24,deepseek-r1-distill-8b,0.96929931640625
F0,F0,no-prompt,no-prompt,25,deepseek-r1-distill-8b,0.9687042236328124
F0,F0,no-prompt,no-prompt,26,deepseek-r1-distill-8b,0.9709014892578124
F0,F0,no-prompt,no-prompt,27,deepseek-r1-distill-8b,0.9704742431640624
F0,F0,no-prompt,no-prompt,28,deepseek-r1-distill-8b,0.9707794189453124
F0,F0,no-prompt,no-prompt,29,deepseek-r1-distill-8b,0.9722442626953124
F0,F0,no-prompt,no-prompt,30,deepseek-r1-distill-8b,0.97198486328125
F0,F0,no-prompt,no-prompt,31,deepseek-r1-distill-8b,0.97174072265625
F0,F0,no-prompt,no-prompt,32,deepseek-r1-distill-8b,0.9741973876953124
F1,F1,no-prompt,no-prompt,0,deepseek-r1-distill-8b,0.490234375
F1,F1,no-prompt,no-prompt,1,deepseek-r1-distill-8b,0.5360565185546875
F1,F1,no-prompt,no-prompt,2,deepseek-r1-distill-8b,0.5356597900390625
F1,F1,no-prompt,no-prompt,3,deepseek-r1-distill-8b,0.5335540771484375
F1,F1,no-prompt,no-prompt,4,deepseek-r1-distill-8b,0.539642333984375
F1,F1,no-prompt,no-prompt,5,deepseek-r1-distill-8b,0.5585174560546875
F1,F1,no-prompt,no-prompt,6,deepseek-r1-distill-8b,0.573638916015625
F1,F1,no-prompt,no-prompt,7,deepseek-r1-distill-8b,0.5961456298828125
F1,F1,no-prompt,no-prompt,8,deepseek-r1-distill-8b,0.673126220703125
F1,F1,no-prompt,no-prompt,9,deepseek-r1-distill-8b,0.8182525634765625
F1,F1,no-prompt,no-prompt,10,deepseek-r1-distill-8b,0.8934173583984375
F1,F1,no-prompt,no-prompt,11,deepseek-r1-distill-8b,0.9550018310546876
F1,F1,no-prompt,no-prompt,12,deepseek-r1-distill-8b,0.9578704833984376
F1,F1,no-prompt,no-prompt,13,deepseek-r1-distill-8b,0.9807586669921876
F1,F1,no-prompt,no-prompt,14,deepseek-r1-distill-8b,0.9817047119140624
F1,F1,no-prompt,no-prompt,15,deepseek-r1-distill-8b,0.9839630126953124
F1,F1,no-prompt,no-prompt,16,deepseek-r1-distill-8b,0.9846343994140624
F1,F1,no-prompt,no-prompt,17,deepseek-r1-distill-8b,0.986114501953125
F1,F1,no-prompt,no-prompt,18,deepseek-r1-distill-8b,0.9864654541015624
F1,F1,no-prompt,no-prompt,19,deepseek-r1-distill-8b,0.987335205078125
F1,F1,no-prompt,no-prompt,20,deepseek-r1-distill-8b,0.9880218505859376
F1,F1,no-prompt,no-prompt,21,deepseek-r1-distill-8b,0.9880523681640624
F1,F1,no-prompt,no-prompt,22,deepseek-r1-distill-8b,0.9883880615234376
F1,F1,no-prompt,no-prompt,23,deepseek-r1-distill-8b,0.9887847900390624
F1,F1,no-prompt,no-prompt,24,deepseek-r1-distill-8b,0.98907470703125
F1,F1,no-prompt,no-prompt,25,deepseek-r1-distill-8b,0.9898529052734376
F1,F1,no-prompt,no-prompt,26,deepseek-r1-distill-8b,0.9903106689453124
F1,F1,no-prompt,no-prompt,27,deepseek-r1-distill-8b,0.9903106689453124
F1,F1,no-prompt,no-prompt,28,deepseek-r1-distill-8b,0.990386962890625
F1,F1,no-prompt,no-prompt,29,deepseek-r1-distill-8b,0.98980712890625
F1,F1,no-prompt,no-prompt,30,deepseek-r1-distill-8b,0.989990234375
F1,F1,no-prompt,no-prompt,31,deepseek-r1-distill-8b,0.9898681640625
F1,F1,no-prompt,no-prompt,32,deepseek-r1-distill-8b,0.9889984130859376
F2,F2,no-prompt,no-prompt,0,deepseek-r1-distill-8b,0.498046875
F2,F2,no-prompt,no-prompt,1,deepseek-r1-distill-8b,0.5137786865234375
F2,F2,no-prompt,no-prompt,2,deepseek-r1-distill-8b,0.5235137939453125
F2,F2,no-prompt,no-prompt,3,deepseek-r1-distill-8b,0.5275421142578125
F2,F2,no-prompt,no-prompt,4,deepseek-r1-distill-8b,0.537322998046875
F2,F2,no-prompt,no-prompt,5,deepseek-r1-distill-8b,0.5552520751953125
F2,F2,no-prompt,no-prompt,6,deepseek-r1-distill-8b,0.5673065185546875
F2,F2,no-prompt,no-prompt,7,deepseek-r1-distill-8b,0.5847625732421875
F2,F2,no-prompt,no-prompt,8,deepseek-r1-distill-8b,0.63214111328125
F2,F2,no-prompt,no-prompt,9,deepseek-r1-distill-8b,0.7325592041015625
F2,F2,no-prompt,no-prompt,10,deepseek-r1-distill-8b,0.803955078125
F2,F2,no-prompt,no-prompt,11,deepseek-r1-distill-8b,0.879058837890625
F2,F2,no-prompt,no-prompt,12,deepseek-r1-distill-8b,0.89410400390625
F2,F2,no-prompt,no-prompt,13,deepseek-r1-distill-8b,0.948333740234375
F2,F2,no-prompt,no-prompt,14,deepseek-r1-distill-8b,0.9603271484375
F2,F2,no-prompt,no-prompt,15,deepseek-r1-distill-8b,0.96734619140625
F2,F2,no-prompt,no-prompt,16,deepseek-r1-distill-8b,0.967132568359375
F2,F2,no-prompt,no-prompt,17,deepseek-r1-distill-8b,0.9669952392578124
F2,F2,no-prompt,no-prompt,18,deepseek-r1-distill-8b,0.9638519287109376
F2,F2,no-prompt,no-prompt,19,deepseek-r1-distill-8b,0.964447021484375
F2,F2,no-prompt,no-prompt,20,deepseek-r1-distill-8b,0.9658355712890624
F2,F2,no-prompt,no-prompt,21,deepseek-r1-distill-8b,0.9665374755859376
F2,F2,no-prompt,no-prompt,22,deepseek-r1-distill-8b,0.966278076171875
F2,F2,no-prompt,no-prompt,23,deepseek-r1-distill-8b,0.9670562744140624
F2,F2,no-prompt,no-prompt,24,deepseek-r1-distill-8b,0.9676666259765624
F2,F2,no-prompt,no-prompt,25,deepseek-r1-distill-8b,0.9683074951171876
F2,F2,no-prompt,no-prompt,26,deepseek-r1-distill-8b,0.9701995849609376
F2,F2,no-prompt,no-prompt,27,deepseek-r1-distill-8b,0.9707489013671876
F2,F2,no-prompt,no-prompt,28,deepseek-r1-distill-8b,0.97174072265625
F2,F2,no-prompt,no-prompt,29,deepseek-r1-distill-8b,0.972564697265625
F2,F2,no-prompt,no-prompt,30,deepseek-r1-distill-8b,0.9735565185546876
F2,F2,no-prompt,no-prompt,31,deepseek-r1-distill-8b,0.9739532470703124
F2,F2,no-prompt,no-prompt,32,deepseek-r1-distill-8b,0.9757232666015624
F3,F3,no-prompt,no-prompt,0,deepseek-r1-distill-8b,0.4983333333333333
F3,F3,no-prompt,no-prompt,1,deepseek-r1-distill-8b,0.4949333333333333
F3,F3,no-prompt,no-prompt,2,deepseek-r1-distill-8b,0.4980888888888889
F3,F3,no-prompt,no-prompt,3,deepseek-r1-distill-8b,0.4999555555555556
F3,F3,no-prompt,no-prompt,4,deepseek-r1-distill-8b,0.4985333333333334
F3,F3,no-prompt,no-prompt,5,deepseek-r1-distill-8b,0.4962555555555555
F3,F3,no-prompt,no-prompt,6,deepseek-r1-distill-8b,0.4963555555555555
F3,F3,no-prompt,no-prompt,7,deepseek-r1-distill-8b,0.4943333333333334
F3,F3,no-prompt,no-prompt,8,deepseek-r1-distill-8b,0.4954222222222222
F3,F3,no-prompt,no-prompt,9,deepseek-r1-distill-8b,0.510788888888889
F3,F3,no-prompt,no-prompt,10,deepseek-r1-distill-8b,0.5261777777777779
F3,F3,no-prompt,no-prompt,11,deepseek-r1-distill-8b,0.5422111111111111
F3,F3,no-prompt,no-prompt,12,deepseek-r1-distill-8b,0.5463666666666667
F3,F3,no-prompt,no-prompt,13,deepseek-r1-distill-8b,0.5772444444444444
F3,F3,no-prompt,no-prompt,14,deepseek-r1-distill-8b,0.5849777777777777
F3,F3,no-prompt,no-prompt,15,deepseek-r1-distill-8b,0.595411111111111
F3,F3,no-prompt,no-prompt,16,deepseek-r1-distill-8b,0.5940777777777777
F3,F3,no-prompt,no-prompt,17,deepseek-r1-distill-8b,0.6054666666666666
F3,F3,no-prompt,no-prompt,18,deepseek-r1-distill-8b,0.6027222222222222
F3,F3,no-prompt,no-prompt,19,deepseek-r1-distill-8b,0.6100111111111112
F3,F3,no-prompt,no-prompt,20,deepseek-r1-distill-8b,0.6189
F3,F3,no-prompt,no-prompt,21,deepseek-r1-distill-8b,0.6196444444444444
F3,F3,no-prompt,no-prompt,22,deepseek-r1-distill-8b,0.6236888888888888
F3,F3,no-prompt,no-prompt,23,deepseek-r1-distill-8b,0.6270777777777777
F3,F3,no-prompt,no-prompt,24,deepseek-r1-distill-8b,0.6353222222222222
F3,F3,no-prompt,no-prompt,25,deepseek-r1-distill-8b,0.6390444444444444
F3,F3,no-prompt,no-prompt,26,deepseek-r1-distill-8b,0.6493666666666666
F3,F3,no-prompt,no-prompt,27,deepseek-r1-distill-8b,0.6570555555555555
F3,F3,no-prompt,no-prompt,28,deepseek-r1-distill-8b,0.6650444444444444
F3,F3,no-prompt,no-prompt,29,deepseek-r1-distill-8b,0.6621777777777778
F3,F3,no-prompt,no-prompt,30,deepseek-r1-distill-8b,0.6685
F3,F3,no-prompt,no-prompt,31,deepseek-r1-distill-8b,0.673988888888889
F3,F3,no-prompt,no-prompt,32,deepseek-r1-distill-8b,0.7674555555555556
F4,F4,no-prompt,no-prompt,0,deepseek-r1-distill-8b,0.5217391304347826
F4,F4,no-prompt,no-prompt,1,deepseek-r1-distill-8b,0.5580921913625128
F4,F4,no-prompt,no-prompt,2,deepseek-r1-distill-8b,0.5548260086576213
F4,F4,no-prompt,no-prompt,3,deepseek-r1-distill-8b,0.5548483797720384
F4,F4,no-prompt,no-prompt,4,deepseek-r1-distill-8b,0.5492332300533551
F4,F4,no-prompt,no-prompt,5,deepseek-r1-distill-8b,0.550407713560251
F4,F4,no-prompt,no-prompt,6,deepseek-r1-distill-8b,0.5487746222078054
F4,F4,no-prompt,no-prompt,7,deepseek-r1-distill-8b,0.5513473003657677
F4,F4,no-prompt,no-prompt,8,deepseek-r1-distill-8b,0.5691770785561684
F4,F4,no-prompt,no-prompt,9,deepseek-r1-distill-8b,0.6357311439469358
F4,F4,no-prompt,no-prompt,10,deepseek-r1-distill-8b,0.6451829397881456
F4,F4,no-prompt,no-prompt,11,deepseek-r1-distill-8b,0.64636860885225
F4,F4,no-prompt,no-prompt,12,deepseek-r1-distill-8b,0.6440308273956667
F4,F4,no-prompt,no-prompt,13,deepseek-r1-distill-8b,0.6535609221373364
F4,F4,no-prompt,no-prompt,14,deepseek-r1-distill-8b,0.6555631368776635
F4,F4,no-prompt,no-prompt,15,deepseek-r1-distill-8b,0.6566257648124741
F4,F4,no-prompt,no-prompt,16,deepseek-r1-distill-8b,0.650216440531985
F4,F4,no-prompt,no-prompt,17,deepseek-r1-distill-8b,0.6479569579758615
F4,F4,no-prompt,no-prompt,18,deepseek-r1-distill-8b,0.6462120110513306
F4,F4,no-prompt,no-prompt,19,deepseek-r1-distill-8b,0.6480240713191128
F4,F4,no-prompt,no-prompt,20,deepseek-r1-distill-8b,0.6550374156888626
F4,F4,no-prompt,no-prompt,21,deepseek-r1-distill-8b,0.6567376203845594
F4,F4,no-prompt,no-prompt,22,deepseek-r1-distill-8b,0.6611894721535554
F4,F4,no-prompt,no-prompt,23,deepseek-r1-distill-8b,0.661748750013982
F4,F4,no-prompt,no-prompt,24,deepseek-r1-distill-8b,0.6647800360174942
F4,F4,no-prompt,no-prompt,25,deepseek-r1-distill-8b,0.667800136463798
F4,F4,no-prompt,no-prompt,26,deepseek-r1-distill-8b,0.6678448786926321
F4,F4,no-prompt,no-prompt,27,deepseek-r1-distill-8b,0.6675316830907931
F4,F4,no-prompt,no-prompt,28,deepseek-r1-distill-8b,0.6675764253196275
F4,F4,no-prompt,no-prompt,29,deepseek-r1-distill-8b,0.6669164774443239
F4,F4,no-prompt,no-prompt,30,deepseek-r1-distill-8b,0.6631469446650484
F4,F4,no-prompt,no-prompt,31,deepseek-r1-distill-8b,0.6615250388698112
F4,F4,no-prompt,no-prompt,32,deepseek-r1-distill-8b,0.6719052359593293
F5,F5,no-prompt,no-prompt,0,deepseek-r1-distill-8b,0.5022295022295022
F5,F5,no-prompt,no-prompt,1,deepseek-r1-distill-8b,0.4913663663663664
F5,F5,no-prompt,no-prompt,2,deepseek-r1-distill-8b,0.4872827372827373
F5,F5,no-prompt,no-prompt,3,deepseek-r1-distill-8b,0.4932773682773682
F5,F5,no-prompt,no-prompt,4,deepseek-r1-distill-8b,0.499010374010374
F5,F5,no-prompt,no-prompt,5,deepseek-r1-distill-8b,0.5048230048230049
F5,F5,no-prompt,no-prompt,6,deepseek-r1-distill-8b,0.5051756301756302
F5,F5,no-prompt,no-prompt,7,deepseek-r1-distill-8b,0.5108745108745109
F5,F5,no-prompt,no-prompt,8,deepseek-r1-distill-8b,0.5251956501956502
F5,F5,no-prompt,no-prompt,9,deepseek-r1-distill-8b,0.5567499317499318
F5,F5,no-prompt,no-prompt,10,deepseek-r1-distill-8b,0.5756210756210757
F5,F5,no-prompt,no-prompt,11,deepseek-r1-distill-8b,0.5835267085267085
F5,F5,no-prompt,no-prompt,12,deepseek-r1-distill-8b,0.5850964600964601
F5,F5,no-prompt,no-prompt,13,deepseek-r1-distill-8b,0.6016926016926016
F5,F5,no-prompt,no-prompt,14,deepseek-r1-distill-8b,0.6014082264082264
F5,F5,no-prompt,no-prompt,15,deepseek-r1-distill-8b,0.5947083447083447
F5,F5,no-prompt,no-prompt,16,deepseek-r1-distill-8b,0.5885089635089635
F5,F5,no-prompt,no-prompt,17,deepseek-r1-distill-8b,0.586040586040586
F5,F5,no-prompt,no-prompt,18,deepseek-r1-distill-8b,0.5877468377468377
F5,F5,no-prompt,no-prompt,19,deepseek-r1-distill-8b,0.5858699608699609
F5,F5,no-prompt,no-prompt,20,deepseek-r1-distill-8b,0.5895668395668396
F5,F5,no-prompt,no-prompt,21,deepseek-r1-distill-8b,0.5908635908635909
F5,F5,no-prompt,no-prompt,22,deepseek-r1-distill-8b,0.597927472927473
F5,F5,no-prompt,no-prompt,23,deepseek-r1-distill-8b,0.5999977249977251
F5,F5,no-prompt,no-prompt,24,deepseek-r1-distill-8b,0.6052529802529802
F5,F5,no-prompt,no-prompt,25,deepseek-r1-distill-8b,0.6060947310947311
F5,F5,no-prompt,no-prompt,26,deepseek-r1-distill-8b,0.6105082355082355
F5,F5,no-prompt,no-prompt,27,deepseek-r1-distill-8b,0.6101783601783601
F5,F5,no-prompt,no-prompt,28,deepseek-r1-distill-8b,0.60995085995086
F5,F5,no-prompt,no-prompt,29,deepseek-r1-distill-8b,0.6109063609063609
F5,F5,no-prompt,no-prompt,30,deepseek-r1-distill-8b,0.6104172354172354
F5,F5,no-prompt,no-prompt,31,deepseek-r1-distill-8b,0.603012103012103
F5,F5,no-prompt,no-prompt,32,deepseek-r1-distill-8b,0.6471016471016471
A1,A2,no-prompt,no-prompt,0,deepseek-r1-distill-8b,0.5129777777777778
A1,A2,no-prompt,no-prompt,1,deepseek-r1-distill-8b,0.5372888888888889
A1,A2,no-prompt,no-prompt,2,deepseek-r1-distill-8b,0.5265777777777778
A1,A2,no-prompt,no-prompt,3,deepseek-r1-distill-8b,0.5579111111111111
A1,A2,no-prompt,no-prompt,4,deepseek-r1-distill-8b,0.5695111111111111
A1,A2,no-prompt,no-prompt,5,deepseek-r1-distill-8b,0.5850666666666666
A1,A2,no-prompt,no-prompt,6,deepseek-r1-distill-8b,0.5917333333333332
A1,A2,no-prompt,no-prompt,7,deepseek-r1-distill-8b,0.5942222222222222
A1,A2,no-prompt,no-prompt,8,deepseek-r1-distill-8b,0.6269777777777779
A1,A2,no-prompt,no-prompt,9,deepseek-r1-distill-8b,0.6391555555555556
A1,A2,no-prompt,no-prompt,10,deepseek-r1-distill-8b,0.6340888888888889
A1,A2,no-prompt,no-prompt,11,deepseek-r1-distill-8b,0.6389777777777779
A1,A2,no-prompt,no-prompt,12,deepseek-r1-distill-8b,0.6316444444444445
A1,A2,no-prompt,no-prompt,13,deepseek-r1-distill-8b,0.6331555555555556
A1,A2,no-prompt,no-prompt,14,deepseek-r1-distill-8b,0.6352
A1,A2,no-prompt,no-prompt,15,deepseek-r1-distill-8b,0.6339555555555555
A1,A2,no-prompt,no-prompt,16,deepseek-r1-distill-8b,0.6232
A1,A2,no-prompt,no-prompt,17,deepseek-r1-distill-8b,0.6338222222222223
A1,A2,no-prompt,no-prompt,18,deepseek-r1-distill-8b,0.6348888888888888
A1,A2,no-prompt,no-prompt,19,deepseek-r1-distill-8b,0.6292444444444445
A1,A2,no-prompt,no-prompt,20,deepseek-r1-distill-8b,0.6258222222222223
A1,A2,no-prompt,no-prompt,21,deepseek-r1-distill-8b,0.6301777777777778
A1,A2,no-prompt,no-prompt,22,deepseek-r1-distill-8b,0.634311111111111
A1,A2,no-prompt,no-prompt,23,deepseek-r1-distill-8b,0.6788444444444446
A1,A2,no-prompt,no-prompt,24,deepseek-r1-distill-8b,0.6861333333333335
A1,A2,no-prompt,no-prompt,25,deepseek-r1-distill-8b,0.6786222222222222
A1,A2,no-prompt,no-prompt,26,deepseek-r1-distill-8b,0.6642666666666666
A1,A2,no-prompt,no-prompt,27,deepseek-r1-distill-8b,0.6676888888888889
A1,A2,no-prompt,no-prompt,28,deepseek-r1-distill-8b,0.671688888888889
A1,A2,no-prompt,no-prompt,29,deepseek-r1-distill-8b,0.6741777777777778
A1,A2,no-prompt,no-prompt,30,deepseek-r1-distill-8b,0.6765333333333333
A1,A2,no-prompt,no-prompt,31,deepseek-r1-distill-8b,0.6798666666666666
A1,A2,no-prompt,no-prompt,32,deepseek-r1-distill-8b,0.6903111111111111
A1,A3,no-prompt,no-prompt,0,deepseek-r1-distill-8b,0.5130666666666667
A1,A3,no-prompt,no-prompt,1,deepseek-r1-distill-8b,0.5249777777777778
A1,A3,no-prompt,no-prompt,2,deepseek-r1-distill-8b,0.5260444444444444
A1,A3,no-prompt,no-prompt,3,deepseek-r1-distill-8b,0.5469777777777778
A1,A3,no-prompt,no-prompt,4,deepseek-r1-distill-8b,0.5486222222222222
A1,A3,no-prompt,no-prompt,5,deepseek-r1-distill-8b,0.5548444444444445
A1,A3,no-prompt,no-prompt,6,deepseek-r1-distill-8b,0.5725333333333333
A1,A3,no-prompt,no-prompt,7,deepseek-r1-distill-8b,0.5742222222222223
A1,A3,no-prompt,no-prompt,8,deepseek-r1-distill-8b,0.5903555555555555
A1,A3,no-prompt,no-prompt,9,deepseek-r1-distill-8b,0.6071111111111112
A1,A3,no-prompt,no-prompt,10,deepseek-r1-distill-8b,0.5938666666666667
A1,A3,no-prompt,no-prompt,11,deepseek-r1-distill-8b,0.5949333333333333
A1,A3,no-prompt,no-prompt,12,deepseek-r1-distill-8b,0.5932
A1,A3,no-prompt,no-prompt,13,deepseek-r1-distill-8b,0.5869777777777778
A1,A3,no-prompt,no-prompt,14,deepseek-r1-distill-8b,0.5790222222222223
A1,A3,no-prompt,no-prompt,15,deepseek-r1-distill-8b,0.5743555555555555
A1,A3,no-prompt,no-prompt,16,deepseek-r1-distill-8b,0.5612444444444444
A1,A3,no-prompt,no-prompt,17,deepseek-r1-distill-8b,0.5638666666666666
A1,A3,no-prompt,no-prompt,18,deepseek-r1-distill-8b,0.5628
A1,A3,no-prompt,no-prompt,19,deepseek-r1-distill-8b,0.5623555555555555
A1,A3,no-prompt,no-prompt,20,deepseek-r1-distill-8b,0.5553777777777777
A1,A3,no-prompt,no-prompt,21,deepseek-r1-distill-8b,0.5617777777777778
A1,A3,no-prompt,no-prompt,22,deepseek-r1-distill-8b,0.5613777777777779
A1,A3,no-prompt,no-prompt,23,deepseek-r1-distill-8b,0.5706666666666667
A1,A3,no-prompt,no-prompt,24,deepseek-r1-distill-8b,0.5784888888888889
A1,A3,no-prompt,no-prompt,25,deepseek-r1-distill-8b,0.5782222222222222
A1,A3,no-prompt,no-prompt,26,deepseek-r1-distill-8b,0.5687111111111112
A1,A3,no-prompt,no-prompt,27,deepseek-r1-distill-8b,0.5787111111111111
A1,A3,no-prompt,no-prompt,28,deepseek-r1-distill-8b,0.5747555555555556
A1,A3,no-prompt,no-prompt,29,deepseek-r1-distill-8b,0.5833777777777778
A1,A3,no-prompt,no-prompt,30,deepseek-r1-distill-8b,0.5780444444444444
A1,A3,no-prompt,no-prompt,31,deepseek-r1-distill-8b,0.5891555555555555
A1,A3,no-prompt,no-prompt,32,deepseek-r1-distill-8b,0.5760444444444446
A1,F0,no-prompt,no-prompt,0,deepseek-r1-distill-8b,0.52734375
A1,F0,no-prompt,no-prompt,1,deepseek-r1-distill-8b,0.5208587646484375
A1,F0,no-prompt,no-prompt,2,deepseek-r1-distill-8b,0.5311737060546875
A1,F0,no-prompt,no-prompt,3,deepseek-r1-distill-8b,0.5190277099609375
A1,F0,no-prompt,no-prompt,4,deepseek-r1-distill-8b,0.528717041015625
A1,F0,no-prompt,no-prompt,5,deepseek-r1-distill-8b,0.5182647705078125
A1,F0,no-prompt,no-prompt,6,deepseek-r1-distill-8b,0.53765869140625
A1,F0,no-prompt,no-prompt,7,deepseek-r1-distill-8b,0.5419769287109375
A1,F0,no-prompt,no-prompt,8,deepseek-r1-distill-8b,0.5825653076171875
A1,F0,no-prompt,no-prompt,9,deepseek-r1-distill-8b,0.6415863037109375
A1,F0,no-prompt,no-prompt,10,deepseek-r1-distill-8b,0.6726531982421875
A1,F0,no-prompt,no-prompt,11,deepseek-r1-distill-8b,0.7332000732421875
A1,F0,no-prompt,no-prompt,12,deepseek-r1-distill-8b,0.631500244140625
A1,F0,no-prompt,no-prompt,13,deepseek-r1-distill-8b,0.8203887939453125
A1,F0,no-prompt,no-prompt,14,deepseek-r1-distill-8b,0.7603302001953125
A1,F0,no-prompt,no-prompt,15,deepseek-r1-distill-8b,0.77203369140625
A1,F0,no-prompt,no-prompt,16,deepseek-r1-distill-8b,0.703277587890625
A1,F0,no-prompt,no-prompt,17,deepseek-r1-distill-8b,0.666839599609375
A1,F0,no-prompt,no-prompt,18,deepseek-r1-distill-8b,0.6093902587890625
A1,F0,no-prompt,no-prompt,19,deepseek-r1-distill-8b,0.641845703125
A1,F0,no-prompt,no-prompt,20,deepseek-r1-distill-8b,0.5814056396484375
A1,F0,no-prompt,no-prompt,21,deepseek-r1-distill-8b,0.5724029541015625
A1,F0,no-prompt,no-prompt,22,deepseek-r1-distill-8b,0.57958984375
A1,F0,no-prompt,no-prompt,23,deepseek-r1-distill-8b,0.639068603515625
A1,F0,no-prompt,no-prompt,24,deepseek-r1-distill-8b,0.6033782958984375
A1,F0,no-prompt,no-prompt,25,deepseek-r1-distill-8b,0.6111907958984375
A1,F0,no-prompt,no-prompt,26,deepseek-r1-distill-8b,0.5396270751953125
A1,F0,no-prompt,no-prompt,27,deepseek-r1-distill-8b,0.5586395263671875
A1,F0,no-prompt,no-prompt,28,deepseek-r1-distill-8b,0.550933837890625
A1,F0,no-prompt,no-prompt,29,deepseek-r1-distill-8b,0.600616455078125
A1,F0,no-prompt,no-prompt,30,deepseek-r1-distill-8b,0.567230224609375
A1,F0,no-prompt,no-prompt,31,deepseek-r1-distill-8b,0.5981597900390625
A1,F0,no-prompt,no-prompt,32,deepseek-r1-distill-8b,0.571197509765625
A1,F1,no-prompt,no-prompt,0,deepseek-r1-distill-8b,0.501953125
A1,F1,no-prompt,no-prompt,1,deepseek-r1-distill-8b,0.531005859375
A1,F1,no-prompt,no-prompt,2,deepseek-r1-distill-8b,0.5337066650390625
A1,F1,no-prompt,no-prompt,3,deepseek-r1-distill-8b,0.5030364990234375
A1,F1,no-prompt,no-prompt,4,deepseek-r1-distill-8b,0.5220947265625
A1,F1,no-prompt,no-prompt,5,deepseek-r1-distill-8b,0.4890899658203125
A1,F1,no-prompt,no-prompt,6,deepseek-r1-distill-8b,0.4755401611328125
A1,F1,no-prompt,no-prompt,7,deepseek-r1-distill-8b,0.49639892578125
A1,F1,no-prompt,no-prompt,8,deepseek-r1-distill-8b,0.4867401123046875
A1,F1,no-prompt,no-prompt,9,deepseek-r1-distill-8b,0.4440765380859375
A1,F1,no-prompt,no-prompt,10,deepseek-r1-distill-8b,0.4922637939453125
A1,F1,no-prompt,no-prompt,11,deepseek-r1-distill-8b,0.5455322265625
A1,F1,no-prompt,no-prompt,12,deepseek-r1-distill-8b,0.542449951171875
A1,F1,no-prompt,no-prompt,13,deepseek-r1-distill-8b,0.6604766845703125
A1,F1,no-prompt,no-prompt,14,deepseek-r1-distill-8b,0.699920654296875
A1,F1,no-prompt,no-prompt,15,deepseek-r1-distill-8b,0.7224884033203125
A1,F1,no-prompt,no-prompt,16,deepseek-r1-distill-8b,0.754364013671875
A1,F1,no-prompt,no-prompt,17,deepseek-r1-distill-8b,0.7456512451171875
A1,F1,no-prompt,no-prompt,18,deepseek-r1-distill-8b,0.6195831298828125
A1,F1,no-prompt,no-prompt,19,deepseek-r1-distill-8b,0.6533660888671875
A1,F1,no-prompt,no-prompt,20,deepseek-r1-distill-8b,0.70989990234375
A1,F1,no-prompt,no-prompt,21,deepseek-r1-distill-8b,0.6700286865234375
A1,F1,no-prompt,no-prompt,22,deepseek-r1-distill-8b,0.675537109375
A1,F1,no-prompt,no-prompt,23,deepseek-r1-distill-8b,0.5894927978515625
A1,F1,no-prompt,no-prompt,24,deepseek-r1-distill-8b,0.624114990234375
A1,F1,no-prompt,no-prompt,25,deepseek-r1-distill-8b,0.6045989990234375
A1,F1,no-prompt,no-prompt,26,deepseek-r1-distill-8b,0.562255859375
A1,F1,no-prompt,no-prompt,27,deepseek-r1-distill-8b,0.5977783203125
A1,F1,no-prompt,no-prompt,28,deepseek-r1-distill-8b,0.6003875732421875
A1,F1,no-prompt,no-prompt,29,deepseek-r1-distill-8b,0.5875701904296875
A1,F1,no-prompt,no-prompt,30,deepseek-r1-distill-8b,0.552734375
A1,F1,no-prompt,no-prompt,31,deepseek-r1-distill-8b,0.579681396484375
A1,F1,no-prompt,no-prompt,32,deepseek-r1-distill-8b,0.598480224609375
A1,F2,no-prompt,no-prompt,0,deepseek-r1-distill-8b,0.52734375
A1,F2,no-prompt,no-prompt,1,deepseek-r1-distill-8b,0.5391082763671875
A1,F2,no-prompt,no-prompt,2,deepseek-r1-distill-8b,0.5259246826171875
A1,F2,no-prompt,no-prompt,3,deepseek-r1-distill-8b,0.523468017578125
A1,F2,no-prompt,no-prompt,4,deepseek-r1-distill-8b,0.5118408203125
A1,F2,no-prompt,no-prompt,5,deepseek-r1-distill-8b,0.5185394287109375
A1,F2,no-prompt,no-prompt,6,deepseek-r1-distill-8b,0.52783203125
A1,F2,no-prompt,no-prompt,7,deepseek-r1-distill-8b,0.536376953125
A1,F2,no-prompt,no-prompt,8,deepseek-r1-distill-8b,0.518218994140625
A1,F2,no-prompt,no-prompt,9,deepseek-r1-distill-8b,0.4932708740234375
A1,F2,no-prompt,no-prompt,10,deepseek-r1-distill-8b,0.5386199951171875
A1,F2,no-prompt,no-prompt,11,deepseek-r1-distill-8b,0.546844482421875
A1,F2,no-prompt,no-prompt,12,deepseek-r1-distill-8b,0.5461883544921875
A1,F2,no-prompt,no-prompt,13,deepseek-r1-distill-8b,0.67401123046875
A1,F2,no-prompt,no-prompt,14,deepseek-r1-distill-8b,0.6350250244140625
A1,F2,no-prompt,no-prompt,15,deepseek-r1-distill-8b,0.6576080322265625
A1,F2,no-prompt,no-prompt,16,deepseek-r1-distill-8b,0.6713104248046875
A1,F2,no-prompt,no-prompt,17,deepseek-r1-distill-8b,0.71044921875
A1,F2,no-prompt,no-prompt,18,deepseek-r1-distill-8b,0.7095184326171875
A1,F2,no-prompt,no-prompt,19,deepseek-r1-distill-8b,0.6934814453125
A1,F2,no-prompt,no-prompt,20,deepseek-r1-distill-8b,0.6776885986328125
A1,F2,no-prompt,no-prompt,21,deepseek-r1-distill-8b,0.6204986572265625
A1,F2,no-prompt,no-prompt,22,deepseek-r1-distill-8b,0.664459228515625
A1,F2,no-prompt,no-prompt,23,deepseek-r1-distill-8b,0.6010894775390625
A1,F2,no-prompt,no-prompt,24,deepseek-r1-distill-8b,0.617706298828125
A1,F2,no-prompt,no-prompt,25,deepseek-r1-distill-8b,0.63433837890625
A1,F2,no-prompt,no-prompt,26,deepseek-r1-distill-8b,0.6101837158203125
A1,F2,no-prompt,no-prompt,27,deepseek-r1-distill-8b,0.6481475830078125
A1,F2,no-prompt,no-prompt,28,deepseek-r1-distill-8b,0.66571044921875
A1,F2,no-prompt,no-prompt,29,deepseek-r1-distill-8b,0.6209716796875
A1,F2,no-prompt,no-prompt,30,deepseek-r1-distill-8b,0.576690673828125
A1,F2,no-prompt,no-prompt,31,deepseek-r1-distill-8b,0.5507049560546875
A1,F2,no-prompt,no-prompt,32,deepseek-r1-distill-8b,0.654571533203125
A1,F3,no-prompt,no-prompt,0,deepseek-r1-distill-8b,0.5016666666666667
A1,F3,no-prompt,no-prompt,1,deepseek-r1-distill-8b,0.5001222222222222
A1,F3,no-prompt,no-prompt,2,deepseek-r1-distill-8b,0.4989444444444444
A1,F3,no-prompt,no-prompt,3,deepseek-r1-distill-8b,0.5106333333333333
A1,F3,no-prompt,no-prompt,4,deepseek-r1-distill-8b,0.5048222222222223
A1,F3,no-prompt,no-prompt,5,deepseek-r1-distill-8b,0.5156777777777778
A1,F3,no-prompt,no-prompt,6,deepseek-r1-distill-8b,0.498
A1,F3,no-prompt,no-prompt,7,deepseek-r1-distill-8b,0.485
A1,F3,no-prompt,no-prompt,8,deepseek-r1-distill-8b,0.4842111111111111
A1,F3,no-prompt,no-prompt,9,deepseek-r1-distill-8b,0.4959777777777777
A1,F3,no-prompt,no-prompt,10,deepseek-r1-distill-8b,0.5003555555555557
A1,F3,no-prompt,no-prompt,11,deepseek-r1-distill-8b,0.5124777777777778
A1,F3,no-prompt,no-prompt,12,deepseek-r1-distill-8b,0.5264
A1,F3,no-prompt,no-prompt,13,deepseek-r1-distill-8b,0.5158111111111111
A1,F3,no-prompt,no-prompt,14,deepseek-r1-distill-8b,0.5132666666666668
A1,F3,no-prompt,no-prompt,15,deepseek-r1-distill-8b,0.5009555555555556
A1,F3,no-prompt,no-prompt,16,deepseek-r1-distill-8b,0.5184777777777778
A1,F3,no-prompt,no-prompt,17,deepseek-r1-distill-8b,0.5521444444444445
A1,F3,no-prompt,no-prompt,18,deepseek-r1-distill-8b,0.5706777777777777
A1,F3,no-prompt,no-prompt,19,deepseek-r1-distill-8b,0.5759222222222222
A1,F3,no-prompt,no-prompt,20,deepseek-r1-distill-8b,0.5423333333333333
A1,F3,no-prompt,no-prompt,21,deepseek-r1-distill-8b,0.5397888888888889
A1,F3,no-prompt,no-prompt,22,deepseek-r1-distill-8b,0.5251333333333333
A1,F3,no-prompt,no-prompt,23,deepseek-r1-distill-8b,0.5077777777777778
A1,F3,no-prompt,no-prompt,24,deepseek-r1-distill-8b,0.5423555555555556
A1,F3,no-prompt,no-prompt,25,deepseek-r1-distill-8b,0.5222888888888889
A1,F3,no-prompt,no-prompt,26,deepseek-r1-distill-8b,0.5345111111111112
A1,F3,no-prompt,no-prompt,27,deepseek-r1-distill-8b,0.5397222222222222
A1,F3,no-prompt,no-prompt,28,deepseek-r1-distill-8b,0.5423444444444445
A1,F3,no-prompt,no-prompt,29,deepseek-r1-distill-8b,0.5533888888888889
A1,F3,no-prompt,no-prompt,30,deepseek-r1-distill-8b,0.5468888888888889
A1,F3,no-prompt,no-prompt,31,deepseek-r1-distill-8b,0.5574444444444444
A1,F3,no-prompt,no-prompt,32,deepseek-r1-distill-8b,0.5598555555555556
A1,F4,no-prompt,no-prompt,0,deepseek-r1-distill-8b,0.5183946488294314
A1,F4,no-prompt,no-prompt,1,deepseek-r1-distill-8b,0.5178241854117963
A1,F4,no-prompt,no-prompt,2,deepseek-r1-distill-8b,0.5141665082046062
A1,F4,no-prompt,no-prompt,3,deepseek-r1-distill-8b,0.5379805595015715
A1,F4,no-prompt,no-prompt,4,deepseek-r1-distill-8b,0.5384391673471214
A1,F4,no-prompt,no-prompt,5,deepseek-r1-distill-8b,0.5498708068142415
A1,F4,no-prompt,no-prompt,6,deepseek-r1-distill-8b,0.5355532935873201
A1,F4,no-prompt,no-prompt,7,deepseek-r1-distill-8b,0.5071419782776478
A1,F4,no-prompt,no-prompt,8,deepseek-r1-distill-8b,0.5070972360488137
A1,F4,no-prompt,no-prompt,9,deepseek-r1-distill-8b,0.5257994877014799
A1,F4,no-prompt,no-prompt,10,deepseek-r1-distill-8b,0.5299940716546796
A1,F4,no-prompt,no-prompt,11,deepseek-r1-distill-8b,0.5416606078231787
A1,F4,no-prompt,no-prompt,12,deepseek-r1-distill-8b,0.543808234807217
A1,F4,no-prompt,no-prompt,13,deepseek-r1-distill-8b,0.5506537958188388
A1,F4,no-prompt,no-prompt,14,deepseek-r1-distill-8b,0.5326003064842675
A1,F4,no-prompt,no-prompt,15,deepseek-r1-distill-8b,0.513361148085592
A1,F4,no-prompt,no-prompt,16,deepseek-r1-distill-8b,0.5626111564747598
A1,F4,no-prompt,no-prompt,17,deepseek-r1-distill-8b,0.5697363564165949
A1,F4,no-prompt,no-prompt,18,deepseek-r1-distill-8b,0.5686625429245757
A1,F4,no-prompt,no-prompt,19,deepseek-r1-distill-8b,0.5797474301182313
A1,F4,no-prompt,no-prompt,20,deepseek-r1-distill-8b,0.5338978311204572
A1,F4,no-prompt,no-prompt,21,deepseek-r1-distill-8b,0.549904363485867
A1,F4,no-prompt,no-prompt,22,deepseek-r1-distill-8b,0.5278688157850584
A1,F4,no-prompt,no-prompt,23,deepseek-r1-distill-8b,0.5021532197626424
A1,F4,no-prompt,no-prompt,24,deepseek-r1-distill-8b,0.523618304045816
A1,F4,no-prompt,no-prompt,25,deepseek-r1-distill-8b,0.5095356875202738
A1,F4,no-prompt,no-prompt,26,deepseek-r1-distill-8b,0.4944128141743381
A1,F4,no-prompt,no-prompt,27,deepseek-r1-distill-8b,0.4995693560474715
A1,F4,no-prompt,no-prompt,28,deepseek-r1-distill-8b,0.5076005861231977
A1,F4,no-prompt,no-prompt,29,deepseek-r1-distill-8b,0.5206205747139294
A1,F4,no-prompt,no-prompt,30,deepseek-r1-distill-8b,0.5065715148600127
A1,F4,no-prompt,no-prompt,31,deepseek-r1-distill-8b,0.5506314247044217
A1,F4,no-prompt,no-prompt,32,deepseek-r1-distill-8b,0.5594568293419537
A1,F5,no-prompt,no-prompt,0,deepseek-r1-distill-8b,0.5286195286195287
A1,F5,no-prompt,no-prompt,1,deepseek-r1-distill-8b,0.549037674037674
A1,F5,no-prompt,no-prompt,2,deepseek-r1-distill-8b,0.562062062062062
A1,F5,no-prompt,no-prompt,3,deepseek-r1-distill-8b,0.5324415324415326
A1,F5,no-prompt,no-prompt,4,deepseek-r1-distill-8b,0.536991536991537
A1,F5,no-prompt,no-prompt,5,deepseek-r1-distill-8b,0.5315770315770316
A1,F5,no-prompt,no-prompt,6,deepseek-r1-distill-8b,0.5405064155064155
A1,F5,no-prompt,no-prompt,7,deepseek-r1-distill-8b,0.549071799071799
A1,F5,no-prompt,no-prompt,8,deepseek-r1-distill-8b,0.540028665028665
A1,F5,no-prompt,no-prompt,9,deepseek-r1-distill-8b,0.559081809081809
A1,F5,no-prompt,no-prompt,10,deepseek-r1-distill-8b,0.576963326963327
A1,F5,no-prompt,no-prompt,11,deepseek-r1-distill-8b,0.5788060788060788
A1,F5,no-prompt,no-prompt,12,deepseek-r1-distill-8b,0.5701838201838202
A1,F5,no-prompt,no-prompt,13,deepseek-r1-distill-8b,0.5726408226408226
A1,F5,no-prompt,no-prompt,14,deepseek-r1-distill-8b,0.5536104286104286
A1,F5,no-prompt,no-prompt,15,deepseek-r1-distill-8b,0.5173696423696423
A1,F5,no-prompt,no-prompt,16,deepseek-r1-distill-8b,0.5433501683501682
A1,F5,no-prompt,no-prompt,17,deepseek-r1-distill-8b,0.5062790062790062
A1,F5,no-prompt,no-prompt,18,deepseek-r1-distill-8b,0.5030485030485031
A1,F5,no-prompt,no-prompt,19,deepseek-r1-distill-8b,0.5020816270816271
A1,F5,no-prompt,no-prompt,20,deepseek-r1-distill-8b,0.4915938665938666
A1,F5,no-prompt,no-prompt,21,deepseek-r1-distill-8b,0.4804349804349805
A1,F5,no-prompt,no-prompt,22,deepseek-r1-distill-8b,0.4711757211757211
A1,F5,no-prompt,no-prompt,23,deepseek-r1-distill-8b,0.4764764764764765
A1,F5,no-prompt,no-prompt,24,deepseek-r1-distill-8b,0.4802302302302302
A1,F5,no-prompt,no-prompt,25,deepseek-r1-distill-8b,0.4899217399217399
A1,F5,no-prompt,no-prompt,26,deepseek-r1-distill-8b,0.4976908726908727
A1,F5,no-prompt,no-prompt,27,deepseek-r1-distill-8b,0.5175175175175175
A1,F5,no-prompt,no-prompt,28,deepseek-r1-distill-8b,0.5344662844662844
A1,F5,no-prompt,no-prompt,29,deepseek-r1-distill-8b,0.5294954044954044
A1,F5,no-prompt,no-prompt,30,deepseek-r1-distill-8b,0.5473086723086723
A1,F5,no-prompt,no-prompt,31,deepseek-r1-distill-8b,0.5726521976521977
A1,F5,no-prompt,no-prompt,32,deepseek-r1-distill-8b,0.547911547911548
A2,A1,no-prompt,no-prompt,0,deepseek-r1-distill-8b,0.6012000000000001
A2,A1,no-prompt,no-prompt,1,deepseek-r1-distill-8b,0.6087111111111112
A2,A1,no-prompt,no-prompt,2,deepseek-r1-distill-8b,0.6289333333333333
A2,A1,no-prompt,no-prompt,3,deepseek-r1-distill-8b,0.6428888888888888
A2,A1,no-prompt,no-prompt,4,deepseek-r1-distill-8b,0.6415555555555555
A2,A1,no-prompt,no-prompt,5,deepseek-r1-distill-8b,0.6514222222222222
A2,A1,no-prompt,no-prompt,6,deepseek-r1-distill-8b,0.6640444444444444
A2,A1,no-prompt,no-prompt,7,deepseek-r1-distill-8b,0.6572444444444444
A2,A1,no-prompt,no-prompt,8,deepseek-r1-distill-8b,0.6673333333333333
A2,A1,no-prompt,no-prompt,9,deepseek-r1-distill-8b,0.6687555555555555
A2,A1,no-prompt,no-prompt,10,deepseek-r1-distill-8b,0.6634222222222222
A2,A1,no-prompt,no-prompt,11,deepseek-r1-distill-8b,0.6624888888888889
A2,A1,no-prompt,no-prompt,12,deepseek-r1-distill-8b,0.6702666666666667
A2,A1,no-prompt,no-prompt,13,deepseek-r1-distill-8b,0.6614222222222224
A2,A1,no-prompt,no-prompt,14,deepseek-r1-distill-8b,0.6607555555555557
A2,A1,no-prompt,no-prompt,15,deepseek-r1-distill-8b,0.6672444444444445
A2,A1,no-prompt,no-prompt,16,deepseek-r1-distill-8b,0.6654222222222221
A2,A1,no-prompt,no-prompt,17,deepseek-r1-distill-8b,0.6487999999999999
A2,A1,no-prompt,no-prompt,18,deepseek-r1-distill-8b,0.6472444444444444
A2,A1,no-prompt,no-prompt,19,deepseek-r1-distill-8b,0.6395555555555555
A2,A1,no-prompt,no-prompt,20,deepseek-r1-distill-8b,0.6407111111111111
A2,A1,no-prompt,no-prompt,21,deepseek-r1-distill-8b,0.6427111111111111
A2,A1,no-prompt,no-prompt,22,deepseek-r1-distill-8b,0.6494666666666666
A2,A1,no-prompt,no-prompt,23,deepseek-r1-distill-8b,0.7044444444444445
A2,A1,no-prompt,no-prompt,24,deepseek-r1-distill-8b,0.7090222222222222
A2,A1,no-prompt,no-prompt,25,deepseek-r1-distill-8b,0.7183555555555555
A2,A1,no-prompt,no-prompt,26,deepseek-r1-distill-8b,0.732488888888889
A2,A1,no-prompt,no-prompt,27,deepseek-r1-distill-8b,0.729688888888889
A2,A1,no-prompt,no-prompt,28,deepseek-r1-distill-8b,0.7367555555555556
A2,A1,no-prompt,no-prompt,29,deepseek-r1-distill-8b,0.7317333333333335
A2,A1,no-prompt,no-prompt,30,deepseek-r1-distill-8b,0.8015555555555556
A2,A1,no-prompt,no-prompt,31,deepseek-r1-distill-8b,0.8216444444444445
A2,A1,no-prompt,no-prompt,32,deepseek-r1-distill-8b,0.7886666666666666
A2,A3,no-prompt,no-prompt,0,deepseek-r1-distill-8b,0.5305777777777778
A2,A3,no-prompt,no-prompt,1,deepseek-r1-distill-8b,0.5503111111111112
A2,A3,no-prompt,no-prompt,2,deepseek-r1-distill-8b,0.5496888888888889
A2,A3,no-prompt,no-prompt,3,deepseek-r1-distill-8b,0.5497333333333333
A2,A3,no-prompt,no-prompt,4,deepseek-r1-distill-8b,0.5567111111111112
A2,A3,no-prompt,no-prompt,5,deepseek-r1-distill-8b,0.5536000000000001
A2,A3,no-prompt,no-prompt,6,deepseek-r1-distill-8b,0.5607555555555555
A2,A3,no-prompt,no-prompt,7,deepseek-r1-distill-8b,0.5769777777777778
A2,A3,no-prompt,no-prompt,8,deepseek-r1-distill-8b,0.5938222222222223
A2,A3,no-prompt,no-prompt,9,deepseek-r1-distill-8b,0.6040888888888889
A2,A3,no-prompt,no-prompt,10,deepseek-r1-distill-8b,0.6042222222222222
A2,A3,no-prompt,no-prompt,11,deepseek-r1-distill-8b,0.6072888888888888
A2,A3,no-prompt,no-prompt,12,deepseek-r1-distill-8b,0.6031111111111112
A2,A3,no-prompt,no-prompt,13,deepseek-r1-distill-8b,0.6040888888888889
A2,A3,no-prompt,no-prompt,14,deepseek-r1-distill-8b,0.5944
A2,A3,no-prompt,no-prompt,15,deepseek-r1-distill-8b,0.5892888888888889
A2,A3,no-prompt,no-prompt,16,deepseek-r1-distill-8b,0.5824
A2,A3,no-prompt,no-prompt,17,deepseek-r1-distill-8b,0.5824888888888888
A2,A3,no-prompt,no-prompt,18,deepseek-r1-distill-8b,0.5774666666666667
A2,A3,no-prompt,no-prompt,19,deepseek-r1-distill-8b,0.5763111111111111
A2,A3,no-prompt,no-prompt,20,deepseek-r1-distill-8b,0.5676
A2,A3,no-prompt,no-prompt,21,deepseek-r1-distill-8b,0.5701333333333333
A2,A3,no-prompt,no-prompt,22,deepseek-r1-distill-8b,0.5772
A2,A3,no-prompt,no-prompt,23,deepseek-r1-distill-8b,0.5815555555555555
A2,A3,no-prompt,no-prompt,24,deepseek-r1-distill-8b,0.5844888888888888
A2,A3,no-prompt,no-prompt,25,deepseek-r1-distill-8b,0.588488888888889
A2,A3,no-prompt,no-prompt,26,deepseek-r1-distill-8b,0.5775555555555556
A2,A3,no-prompt,no-prompt,27,deepseek-r1-distill-8b,0.5838222222222222
A2,A3,no-prompt,no-prompt,28,deepseek-r1-distill-8b,0.5866222222222222
A2,A3,no-prompt,no-prompt,29,deepseek-r1-distill-8b,0.5880444444444445
A2,A3,no-prompt,no-prompt,30,deepseek-r1-distill-8b,0.5867555555555556
A2,A3,no-prompt,no-prompt,31,deepseek-r1-distill-8b,0.5921777777777778
A2,A3,no-prompt,no-prompt,32,deepseek-r1-distill-8b,0.6118222222222223
A2,F0,no-prompt,no-prompt,0,deepseek-r1-distill-8b,0.47265625
A2,F0,no-prompt,no-prompt,1,deepseek-r1-distill-8b,0.494415283203125
A2,F0,no-prompt,no-prompt,2,deepseek-r1-distill-8b,0.47442626953125
A2,F0,no-prompt,no-prompt,3,deepseek-r1-distill-8b,0.482513427734375
A2,F0,no-prompt,no-prompt,4,deepseek-r1-distill-8b,0.4712677001953125
A2,F0,no-prompt,no-prompt,5,deepseek-r1-distill-8b,0.465576171875
A2,F0,no-prompt,no-prompt,6,deepseek-r1-distill-8b,0.4773712158203125
A2,F0,no-prompt,no-prompt,7,deepseek-r1-distill-8b,0.4745635986328125
A2,F0,no-prompt,no-prompt,8,deepseek-r1-distill-8b,0.5070648193359375
A2,F0,no-prompt,no-prompt,9,deepseek-r1-distill-8b,0.5240325927734375
A2,F0,no-prompt,no-prompt,10,deepseek-r1-distill-8b,0.5836944580078125
A2,F0,no-prompt,no-prompt,11,deepseek-r1-distill-8b,0.62896728515625
A2,F0,no-prompt,no-prompt,12,deepseek-r1-distill-8b,0.5560150146484375
A2,F0,no-prompt,no-prompt,13,deepseek-r1-distill-8b,0.727813720703125
A2,F0,no-prompt,no-prompt,14,deepseek-r1-distill-8b,0.69696044921875
A2,F0,no-prompt,no-prompt,15,deepseek-r1-distill-8b,0.64556884765625
A2,F0,no-prompt,no-prompt,16,deepseek-r1-distill-8b,0.5414886474609375
A2,F0,no-prompt,no-prompt,17,deepseek-r1-distill-8b,0.5625762939453125
A2,F0,no-prompt,no-prompt,18,deepseek-r1-distill-8b,0.5268707275390625
A2,F0,no-prompt,no-prompt,19,deepseek-r1-distill-8b,0.497894287109375
A2,F0,no-prompt,no-prompt,20,deepseek-r1-distill-8b,0.4641876220703125
A2,F0,no-prompt,no-prompt,21,deepseek-r1-distill-8b,0.4665374755859375
A2,F0,no-prompt,no-prompt,22,deepseek-r1-distill-8b,0.4490509033203125
A2,F0,no-prompt,no-prompt,23,deepseek-r1-distill-8b,0.47637939453125
A2,F0,no-prompt,no-prompt,24,deepseek-r1-distill-8b,0.4849700927734375
A2,F0,no-prompt,no-prompt,25,deepseek-r1-distill-8b,0.480224609375
A2,F0,no-prompt,no-prompt,26,deepseek-r1-distill-8b,0.4657440185546875
A2,F0,no-prompt,no-prompt,27,deepseek-r1-distill-8b,0.442047119140625
A2,F0,no-prompt,no-prompt,28,deepseek-r1-distill-8b,0.467315673828125
A2,F0,no-prompt,no-prompt,29,deepseek-r1-distill-8b,0.51953125
A2,F0,no-prompt,no-prompt,30,deepseek-r1-distill-8b,0.51141357421875
A2,F0,no-prompt,no-prompt,31,deepseek-r1-distill-8b,0.4493560791015625
A2,F0,no-prompt,no-prompt,32,deepseek-r1-distill-8b,0.4423675537109375
A2,F1,no-prompt,no-prompt,0,deepseek-r1-distill-8b,0.498046875
A2,F1,no-prompt,no-prompt,1,deepseek-r1-distill-8b,0.492828369140625
A2,F1,no-prompt,no-prompt,2,deepseek-r1-distill-8b,0.4836578369140625
A2,F1,no-prompt,no-prompt,3,deepseek-r1-distill-8b,0.517974853515625
A2,F1,no-prompt,no-prompt,4,deepseek-r1-distill-8b,0.482574462890625
A2,F1,no-prompt,no-prompt,5,deepseek-r1-distill-8b,0.4902496337890625
A2,F1,no-prompt,no-prompt,6,deepseek-r1-distill-8b,0.4828033447265625
A2,F1,no-prompt,no-prompt,7,deepseek-r1-distill-8b,0.4833526611328125
A2,F1,no-prompt,no-prompt,8,deepseek-r1-distill-8b,0.4974822998046875
A2,F1,no-prompt,no-prompt,9,deepseek-r1-distill-8b,0.512481689453125
A2,F1,no-prompt,no-prompt,10,deepseek-r1-distill-8b,0.4988250732421875
A2,F1,no-prompt,no-prompt,11,deepseek-r1-distill-8b,0.5484619140625
A2,F1,no-prompt,no-prompt,12,deepseek-r1-distill-8b,0.5716094970703125
A2,F1,no-prompt,no-prompt,13,deepseek-r1-distill-8b,0.7186279296875
A2,F1,no-prompt,no-prompt,14,deepseek-r1-distill-8b,0.737548828125
A2,F1,no-prompt,no-prompt,15,deepseek-r1-distill-8b,0.6788787841796875
A2,F1,no-prompt,no-prompt,16,deepseek-r1-distill-8b,0.642333984375
A2,F1,no-prompt,no-prompt,17,deepseek-r1-distill-8b,0.676025390625
A2,F1,no-prompt,no-prompt,18,deepseek-r1-distill-8b,0.6012115478515625
A2,F1,no-prompt,no-prompt,19,deepseek-r1-distill-8b,0.600738525390625
A2,F1,no-prompt,no-prompt,20,deepseek-r1-distill-8b,0.5753021240234375
A2,F1,no-prompt,no-prompt,21,deepseek-r1-distill-8b,0.571044921875
A2,F1,no-prompt,no-prompt,22,deepseek-r1-distill-8b,0.5526580810546875
A2,F1,no-prompt,no-prompt,23,deepseek-r1-distill-8b,0.5684356689453125
A2,F1,no-prompt,no-prompt,24,deepseek-r1-distill-8b,0.583740234375
A2,F1,no-prompt,no-prompt,25,deepseek-r1-distill-8b,0.5952606201171875
A2,F1,no-prompt,no-prompt,26,deepseek-r1-distill-8b,0.5853424072265625
A2,F1,no-prompt,no-prompt,27,deepseek-r1-distill-8b,0.5827789306640625
A2,F1,no-prompt,no-prompt,28,deepseek-r1-distill-8b,0.60443115234375
A2,F1,no-prompt,no-prompt,29,deepseek-r1-distill-8b,0.6869964599609375
A2,F1,no-prompt,no-prompt,30,deepseek-r1-distill-8b,0.6844635009765625
A2,F1,no-prompt,no-prompt,31,deepseek-r1-distill-8b,0.5836334228515625
A2,F1,no-prompt,no-prompt,32,deepseek-r1-distill-8b,0.541046142578125
A2,F2,no-prompt,no-prompt,0,deepseek-r1-distill-8b,0.47265625
A2,F2,no-prompt,no-prompt,1,deepseek-r1-distill-8b,0.4608001708984375
A2,F2,no-prompt,no-prompt,2,deepseek-r1-distill-8b,0.4894561767578125
A2,F2,no-prompt,no-prompt,3,deepseek-r1-distill-8b,0.4774017333984375
A2,F2,no-prompt,no-prompt,4,deepseek-r1-distill-8b,0.480438232421875
A2,F2,no-prompt,no-prompt,5,deepseek-r1-distill-8b,0.477783203125
A2,F2,no-prompt,no-prompt,6,deepseek-r1-distill-8b,0.4916839599609375
A2,F2,no-prompt,no-prompt,7,deepseek-r1-distill-8b,0.4969940185546875
A2,F2,no-prompt,no-prompt,8,deepseek-r1-distill-8b,0.4807891845703125
A2,F2,no-prompt,no-prompt,9,deepseek-r1-distill-8b,0.4879150390625
A2,F2,no-prompt,no-prompt,10,deepseek-r1-distill-8b,0.501068115234375
A2,F2,no-prompt,no-prompt,11,deepseek-r1-distill-8b,0.5078125
A2,F2,no-prompt,no-prompt,12,deepseek-r1-distill-8b,0.5150299072265625
A2,F2,no-prompt,no-prompt,13,deepseek-r1-distill-8b,0.5898284912109375
A2,F2,no-prompt,no-prompt,14,deepseek-r1-distill-8b,0.5418548583984375
A2,F2,no-prompt,no-prompt,15,deepseek-r1-distill-8b,0.5307159423828125
A2,F2,no-prompt,no-prompt,16,deepseek-r1-distill-8b,0.5406494140625
A2,F2,no-prompt,no-prompt,17,deepseek-r1-distill-8b,0.55780029296875
A2,F2,no-prompt,no-prompt,18,deepseek-r1-distill-8b,0.5305938720703125
A2,F2,no-prompt,no-prompt,19,deepseek-r1-distill-8b,0.5688018798828125
A2,F2,no-prompt,no-prompt,20,deepseek-r1-distill-8b,0.54534912109375
A2,F2,no-prompt,no-prompt,21,deepseek-r1-distill-8b,0.53759765625
A2,F2,no-prompt,no-prompt,22,deepseek-r1-distill-8b,0.535797119140625
A2,F2,no-prompt,no-prompt,23,deepseek-r1-distill-8b,0.5339508056640625
A2,F2,no-prompt,no-prompt,24,deepseek-r1-distill-8b,0.52825927734375
A2,F2,no-prompt,no-prompt,25,deepseek-r1-distill-8b,0.52398681640625
A2,F2,no-prompt,no-prompt,26,deepseek-r1-distill-8b,0.5170135498046875
A2,F2,no-prompt,no-prompt,27,deepseek-r1-distill-8b,0.51348876953125
A2,F2,no-prompt,no-prompt,28,deepseek-r1-distill-8b,0.5300445556640625
A2,F2,no-prompt,no-prompt,29,deepseek-r1-distill-8b,0.5547332763671875
A2,F2,no-prompt,no-prompt,30,deepseek-r1-distill-8b,0.5446319580078125
A2,F2,no-prompt,no-prompt,31,deepseek-r1-distill-8b,0.518585205078125
A2,F2,no-prompt,no-prompt,32,deepseek-r1-distill-8b,0.4313201904296875
A2,F3,no-prompt,no-prompt,0,deepseek-r1-distill-8b,0.4983333333333334
A2,F3,no-prompt,no-prompt,1,deepseek-r1-distill-8b,0.5177111111111111
A2,F3,no-prompt,no-prompt,2,deepseek-r1-distill-8b,0.4946111111111111
A2,F3,no-prompt,no-prompt,3,deepseek-r1-distill-8b,0.4914888888888888
A2,F3,no-prompt,no-prompt,4,deepseek-r1-distill-8b,0.5043
A2,F3,no-prompt,no-prompt,5,deepseek-r1-distill-8b,0.5178222222222222
A2,F3,no-prompt,no-prompt,6,deepseek-r1-distill-8b,0.5134333333333333
A2,F3,no-prompt,no-prompt,7,deepseek-r1-distill-8b,0.496311111111111
A2,F3,no-prompt,no-prompt,8,deepseek-r1-distill-8b,0.5036222222222222
A2,F3,no-prompt,no-prompt,9,deepseek-r1-distill-8b,0.4999444444444444
A2,F3,no-prompt,no-prompt,10,deepseek-r1-distill-8b,0.5221666666666667
A2,F3,no-prompt,no-prompt,11,deepseek-r1-distill-8b,0.5101222222222223
A2,F3,no-prompt,no-prompt,12,deepseek-r1-distill-8b,0.5219
A2,F3,no-prompt,no-prompt,13,deepseek-r1-distill-8b,0.5331
A2,F3,no-prompt,no-prompt,14,deepseek-r1-distill-8b,0.5241777777777777
A2,F3,no-prompt,no-prompt,15,deepseek-r1-distill-8b,0.5201111111111112
A2,F3,no-prompt,no-prompt,16,deepseek-r1-distill-8b,0.5265111111111112
A2,F3,no-prompt,no-prompt,17,deepseek-r1-distill-8b,0.5452444444444444
A2,F3,no-prompt,no-prompt,18,deepseek-r1-distill-8b,0.5609222222222222
A2,F3,no-prompt,no-prompt,19,deepseek-r1-distill-8b,0.5789888888888889
A2,F3,no-prompt,no-prompt,20,deepseek-r1-distill-8b,0.544611111111111
A2,F3,no-prompt,no-prompt,21,deepseek-r1-distill-8b,0.5588666666666667
A2,F3,no-prompt,no-prompt,22,deepseek-r1-distill-8b,0.5206
A2,F3,no-prompt,no-prompt,23,deepseek-r1-distill-8b,0.5217555555555555
A2,F3,no-prompt,no-prompt,24,deepseek-r1-distill-8b,0.5218666666666667
A2,F3,no-prompt,no-prompt,25,deepseek-r1-distill-8b,0.5205888888888889
A2,F3,no-prompt,no-prompt,26,deepseek-r1-distill-8b,0.5167999999999999
A2,F3,no-prompt,no-prompt,27,deepseek-r1-distill-8b,0.5161333333333333
A2,F3,no-prompt,no-prompt,28,deepseek-r1-distill-8b,0.5126444444444445
A2,F3,no-prompt,no-prompt,29,deepseek-r1-distill-8b,0.5273888888888889
A2,F3,no-prompt,no-prompt,30,deepseek-r1-distill-8b,0.5013333333333333
A2,F3,no-prompt,no-prompt,31,deepseek-r1-distill-8b,0.5071888888888889
A2,F3,no-prompt,no-prompt,32,deepseek-r1-distill-8b,0.5011333333333333
A2,F4,no-prompt,no-prompt,0,deepseek-r1-distill-8b,0.4816053511705686
A2,F4,no-prompt,no-prompt,1,deepseek-r1-distill-8b,0.506180020357714
A2,F4,no-prompt,no-prompt,2,deepseek-r1-distill-8b,0.4963926578002483
A2,F4,no-prompt,no-prompt,3,deepseek-r1-distill-8b,0.4796255075446583
A2,F4,no-prompt,no-prompt,4,deepseek-r1-distill-8b,0.4751960268900795
A2,F4,no-prompt,no-prompt,5,deepseek-r1-distill-8b,0.4936186396125323
A2,F4,no-prompt,no-prompt,6,deepseek-r1-distill-8b,0.4879811187794319
A2,F4,no-prompt,no-prompt,7,deepseek-r1-distill-8b,0.4698157738727755
A2,F4,no-prompt,no-prompt,8,deepseek-r1-distill-8b,0.472578606503283
A2,F4,no-prompt,no-prompt,9,deepseek-r1-distill-8b,0.4850057605619624
A2,F4,no-prompt,no-prompt,10,deepseek-r1-distill-8b,0.5080815650831646
A2,F4,no-prompt,no-prompt,11,deepseek-r1-distill-8b,0.4917506515587074
A2,F4,no-prompt,no-prompt,12,deepseek-r1-distill-8b,0.4912137448126978
A2,F4,no-prompt,no-prompt,13,deepseek-r1-distill-8b,0.4896477668035033
A2,F4,no-prompt,no-prompt,14,deepseek-r1-distill-8b,0.4846030805024552
A2,F4,no-prompt,no-prompt,15,deepseek-r1-distill-8b,0.4830259169360521
A2,F4,no-prompt,no-prompt,16,deepseek-r1-distill-8b,0.4787194774107672
A2,F4,no-prompt,no-prompt,17,deepseek-r1-distill-8b,0.4797821053455777
A2,F4,no-prompt,no-prompt,18,deepseek-r1-distill-8b,0.4888983344705316
A2,F4,no-prompt,no-prompt,19,deepseek-r1-distill-8b,0.508551358485923
A2,F4,no-prompt,no-prompt,20,deepseek-r1-distill-8b,0.5017617252603438
A2,F4,no-prompt,no-prompt,21,deepseek-r1-distill-8b,0.5063030614870081
A2,F4,no-prompt,no-prompt,22,deepseek-r1-distill-8b,0.4933949284683617
A2,F4,no-prompt,no-prompt,23,deepseek-r1-distill-8b,0.4882607577096453
A2,F4,no-prompt,no-prompt,24,deepseek-r1-distill-8b,0.493506784040447
A2,F4,no-prompt,no-prompt,25,deepseek-r1-distill-8b,0.4835404525676446
A2,F4,no-prompt,no-prompt,26,deepseek-r1-distill-8b,0.4887752933412378
A2,F4,no-prompt,no-prompt,27,deepseek-r1-distill-8b,0.4877797787496783
A2,F4,no-prompt,no-prompt,28,deepseek-r1-distill-8b,0.4861802440688583
A2,F4,no-prompt,no-prompt,29,deepseek-r1-distill-8b,0.4977237391080637
A2,F4,no-prompt,no-prompt,30,deepseek-r1-distill-8b,0.4754309235914588
A2,F4,no-prompt,no-prompt,31,deepseek-r1-distill-8b,0.4951734320645183
A2,F4,no-prompt,no-prompt,32,deepseek-r1-distill-8b,0.4749275735170747
A2,F5,no-prompt,no-prompt,0,deepseek-r1-distill-8b,0.4713804713804714
A2,F5,no-prompt,no-prompt,1,deepseek-r1-distill-8b,0.4714714714714714
A2,F5,no-prompt,no-prompt,2,deepseek-r1-distill-8b,0.4808103558103558
A2,F5,no-prompt,no-prompt,3,deepseek-r1-distill-8b,0.483005733005733
A2,F5,no-prompt,no-prompt,4,deepseek-r1-distill-8b,0.4758508508508509
A2,F5,no-prompt,no-prompt,5,deepseek-r1-distill-8b,0.4789676039676039
A2,F5,no-prompt,no-prompt,6,deepseek-r1-distill-8b,0.4849053599053599
A2,F5,no-prompt,no-prompt,7,deepseek-r1-distill-8b,0.497963872963873
A2,F5,no-prompt,no-prompt,8,deepseek-r1-distill-8b,0.4828237328237328
A2,F5,no-prompt,no-prompt,9,deepseek-r1-distill-8b,0.4947333697333697
A2,F5,no-prompt,no-prompt,10,deepseek-r1-distill-8b,0.5103171353171353
A2,F5,no-prompt,no-prompt,11,deepseek-r1-distill-8b,0.4958367458367458
A2,F5,no-prompt,no-prompt,12,deepseek-r1-distill-8b,0.4921398671398671
A2,F5,no-prompt,no-prompt,13,deepseek-r1-distill-8b,0.4912526162526163
A2,F5,no-prompt,no-prompt,14,deepseek-r1-distill-8b,0.4854286104286103
A2,F5,no-prompt,no-prompt,15,deepseek-r1-distill-8b,0.4835631085631086
A2,F5,no-prompt,no-prompt,16,deepseek-r1-distill-8b,0.4802074802074801
A2,F5,no-prompt,no-prompt,17,deepseek-r1-distill-8b,0.483085358085358
A2,F5,no-prompt,no-prompt,18,deepseek-r1-distill-8b,0.4702884702884703
A2,F5,no-prompt,no-prompt,19,deepseek-r1-distill-8b,0.464020839020839
A2,F5,no-prompt,no-prompt,20,deepseek-r1-distill-8b,0.4646464646464646
A2,F5,no-prompt,no-prompt,21,deepseek-r1-distill-8b,0.46007371007371
A2,F5,no-prompt,no-prompt,22,deepseek-r1-distill-8b,0.4565247065247065
A2,F5,no-prompt,no-prompt,23,deepseek-r1-distill-8b,0.4590840840840841
A2,F5,no-prompt,no-prompt,24,deepseek-r1-distill-8b,0.4558763308763308
A2,F5,no-prompt,no-prompt,25,deepseek-r1-distill-8b,0.459049959049959
A2,F5,no-prompt,no-prompt,26,deepseek-r1-distill-8b,0.4577190827190827
A2,F5,no-prompt,no-prompt,27,deepseek-r1-distill-8b,0.4565247065247065
A2,F5,no-prompt,no-prompt,28,deepseek-r1-distill-8b,0.4544772044772044
A2,F5,no-prompt,no-prompt,29,deepseek-r1-distill-8b,0.4805942305942305
A2,F5,no-prompt,no-prompt,30,deepseek-r1-distill-8b,0.4804918554918554
A2,F5,no-prompt,no-prompt,31,deepseek-r1-distill-8b,0.4817772317772317
A2,F5,no-prompt,no-prompt,32,deepseek-r1-distill-8b,0.4866798616798616
A3,A1,no-prompt,no-prompt,0,deepseek-r1-distill-8b,0.518
A3,A1,no-prompt,no-prompt,1,deepseek-r1-distill-8b,0.5366666666666666
A3,A1,no-prompt,no-prompt,2,deepseek-r1-distill-8b,0.5316444444444445
A3,A1,no-prompt,no-prompt,3,deepseek-r1-distill-8b,0.5695555555555556
A3,A1,no-prompt,no-prompt,4,deepseek-r1-distill-8b,0.5786222222222223
A3,A1,no-prompt,no-prompt,5,deepseek-r1-distill-8b,0.5939111111111111
A3,A1,no-prompt,no-prompt,6,deepseek-r1-distill-8b,0.6135999999999999
A3,A1,no-prompt,no-prompt,7,deepseek-r1-distill-8b,0.6099555555555556
A3,A1,no-prompt,no-prompt,8,deepseek-r1-distill-8b,0.6348888888888888
A3,A1,no-prompt,no-prompt,9,deepseek-r1-distill-8b,0.6362222222222222
A3,A1,no-prompt,no-prompt,10,deepseek-r1-distill-8b,0.6296
A3,A1,no-prompt,no-prompt,11,deepseek-r1-distill-8b,0.6391111111111112
A3,A1,no-prompt,no-prompt,12,deepseek-r1-distill-8b,0.6418666666666667
A3,A1,no-prompt,no-prompt,13,deepseek-r1-distill-8b,0.6415111111111111
A3,A1,no-prompt,no-prompt,14,deepseek-r1-distill-8b,0.6314222222222222
A3,A1,no-prompt,no-prompt,15,deepseek-r1-distill-8b,0.6312444444444444
A3,A1,no-prompt,no-prompt,16,deepseek-r1-distill-8b,0.6357333333333334
A3,A1,no-prompt,no-prompt,17,deepseek-r1-distill-8b,0.6262222222222222
A3,A1,no-prompt,no-prompt,18,deepseek-r1-distill-8b,0.6191111111111112
A3,A1,no-prompt,no-prompt,19,deepseek-r1-distill-8b,0.6182222222222222
A3,A1,no-prompt,no-prompt,20,deepseek-r1-distill-8b,0.6127111111111111
A3,A1,no-prompt,no-prompt,21,deepseek-r1-distill-8b,0.6228
A3,A1,no-prompt,no-prompt,22,deepseek-r1-distill-8b,0.6393333333333333
A3,A1,no-prompt,no-prompt,23,deepseek-r1-distill-8b,0.7051555555555555
A3,A1,no-prompt,no-prompt,24,deepseek-r1-distill-8b,0.7059111111111112
A3,A1,no-prompt,no-prompt,25,deepseek-r1-distill-8b,0.7077333333333333
A3,A1,no-prompt,no-prompt,26,deepseek-r1-distill-8b,0.706
A3,A1,no-prompt,no-prompt,27,deepseek-r1-distill-8b,0.7081777777777778
A3,A1,no-prompt,no-prompt,28,deepseek-r1-distill-8b,0.7049333333333333
A3,A1,no-prompt,no-prompt,29,deepseek-r1-distill-8b,0.7023555555555556
A3,A1,no-prompt,no-prompt,30,deepseek-r1-distill-8b,0.7356444444444443
A3,A1,no-prompt,no-prompt,31,deepseek-r1-distill-8b,0.7487111111111111
A3,A1,no-prompt,no-prompt,32,deepseek-r1-distill-8b,0.7050666666666666
A3,A2,no-prompt,no-prompt,0,deepseek-r1-distill-8b,0.5506222222222222
A3,A2,no-prompt,no-prompt,1,deepseek-r1-distill-8b,0.5549777777777778
A3,A2,no-prompt,no-prompt,2,deepseek-r1-distill-8b,0.5611999999999999
A3,A2,no-prompt,no-prompt,3,deepseek-r1-distill-8b,0.577911111111111
A3,A2,no-prompt,no-prompt,4,deepseek-r1-distill-8b,0.5769777777777778
A3,A2,no-prompt,no-prompt,5,deepseek-r1-distill-8b,0.5912444444444445
A3,A2,no-prompt,no-prompt,6,deepseek-r1-distill-8b,0.6068
A3,A2,no-prompt,no-prompt,7,deepseek-r1-distill-8b,0.6157333333333334
A3,A2,no-prompt,no-prompt,8,deepseek-r1-distill-8b,0.6318222222222221
A3,A2,no-prompt,no-prompt,9,deepseek-r1-distill-8b,0.644
A3,A2,no-prompt,no-prompt,10,deepseek-r1-distill-8b,0.6372888888888889
A3,A2,no-prompt,no-prompt,11,deepseek-r1-distill-8b,0.6351111111111112
A3,A2,no-prompt,no-prompt,12,deepseek-r1-distill-8b,0.6316
A3,A2,no-prompt,no-prompt,13,deepseek-r1-distill-8b,0.6307555555555555
A3,A2,no-prompt,no-prompt,14,deepseek-r1-distill-8b,0.6204888888888889
A3,A2,no-prompt,no-prompt,15,deepseek-r1-distill-8b,0.6239999999999999
A3,A2,no-prompt,no-prompt,16,deepseek-r1-distill-8b,0.6113333333333333
A3,A2,no-prompt,no-prompt,17,deepseek-r1-distill-8b,0.6162666666666667
A3,A2,no-prompt,no-prompt,18,deepseek-r1-distill-8b,0.6020888888888889
A3,A2,no-prompt,no-prompt,19,deepseek-r1-distill-8b,0.6007111111111111
A3,A2,no-prompt,no-prompt,20,deepseek-r1-distill-8b,0.5990222222222221
A3,A2,no-prompt,no-prompt,21,deepseek-r1-distill-8b,0.6061333333333334
A3,A2,no-prompt,no-prompt,22,deepseek-r1-distill-8b,0.6068
A3,A2,no-prompt,no-prompt,23,deepseek-r1-distill-8b,0.6437777777777777
A3,A2,no-prompt,no-prompt,24,deepseek-r1-distill-8b,0.6446666666666667
A3,A2,no-prompt,no-prompt,25,deepseek-r1-distill-8b,0.6516888888888889
A3,A2,no-prompt,no-prompt,26,deepseek-r1-distill-8b,0.6480888888888888
A3,A2,no-prompt,no-prompt,27,deepseek-r1-distill-8b,0.6520888888888889
A3,A2,no-prompt,no-prompt,28,deepseek-r1-distill-8b,0.6594222222222222
A3,A2,no-prompt,no-prompt,29,deepseek-r1-distill-8b,0.6600444444444445
A3,A2,no-prompt,no-prompt,30,deepseek-r1-distill-8b,0.6829777777777777
A3,A2,no-prompt,no-prompt,31,deepseek-r1-distill-8b,0.6806666666666668
A3,A2,no-prompt,no-prompt,32,deepseek-r1-distill-8b,0.6856
A3,F0,no-prompt,no-prompt,0,deepseek-r1-distill-8b,0.52734375
A3,F0,no-prompt,no-prompt,1,deepseek-r1-distill-8b,0.476531982421875
A3,F0,no-prompt,no-prompt,2,deepseek-r1-distill-8b,0.5213623046875
A3,F0,no-prompt,no-prompt,3,deepseek-r1-distill-8b,0.5352554321289062
A3,F0,no-prompt,no-prompt,4,deepseek-r1-distill-8b,0.5168609619140625
A3,F0,no-prompt,no-prompt,5,deepseek-r1-distill-8b,0.5153961181640625
A3,F0,no-prompt,no-prompt,6,deepseek-r1-distill-8b,0.5388031005859375
A3,F0,no-prompt,no-prompt,7,deepseek-r1-distill-8b,0.5461578369140625
A3,F0,no-prompt,no-prompt,8,deepseek-r1-distill-8b,0.573760986328125
A3,F0,no-prompt,no-prompt,9,deepseek-r1-distill-8b,0.5789337158203125
A3,F0,no-prompt,no-prompt,10,deepseek-r1-distill-8b,0.5876922607421875
A3,F0,no-prompt,no-prompt,11,deepseek-r1-distill-8b,0.605499267578125
A3,F0,no-prompt,no-prompt,12,deepseek-r1-distill-8b,0.5775604248046875
A3,F0,no-prompt,no-prompt,13,deepseek-r1-distill-8b,0.620849609375
A3,F0,no-prompt,no-prompt,14,deepseek-r1-distill-8b,0.576812744140625
A3,F0,no-prompt,no-prompt,15,deepseek-r1-distill-8b,0.576568603515625
A3,F0,no-prompt,no-prompt,16,deepseek-r1-distill-8b,0.5481109619140625
A3,F0,no-prompt,no-prompt,17,deepseek-r1-distill-8b,0.53692626953125
A3,F0,no-prompt,no-prompt,18,deepseek-r1-distill-8b,0.514739990234375
A3,F0,no-prompt,no-prompt,19,deepseek-r1-distill-8b,0.54229736328125
A3,F0,no-prompt,no-prompt,20,deepseek-r1-distill-8b,0.4925994873046875
A3,F0,no-prompt,no-prompt,21,deepseek-r1-distill-8b,0.4867706298828125
A3,F0,no-prompt,no-prompt,22,deepseek-r1-distill-8b,0.499176025390625
A3,F0,no-prompt,no-prompt,23,deepseek-r1-distill-8b,0.53436279296875
A3,F0,no-prompt,no-prompt,24,deepseek-r1-distill-8b,0.546600341796875
A3,F0,no-prompt,no-prompt,25,deepseek-r1-distill-8b,0.5430145263671875
A3,F0,no-prompt,no-prompt,26,deepseek-r1-distill-8b,0.5432586669921875
A3,F0,no-prompt,no-prompt,27,deepseek-r1-distill-8b,0.544189453125
A3,F0,no-prompt,no-prompt,28,deepseek-r1-distill-8b,0.53326416015625
A3,F0,no-prompt,no-prompt,29,deepseek-r1-distill-8b,0.5522613525390625
A3,F0,no-prompt,no-prompt,30,deepseek-r1-distill-8b,0.5530548095703125
A3,F0,no-prompt,no-prompt,31,deepseek-r1-distill-8b,0.55181884765625
A3,F0,no-prompt,no-prompt,32,deepseek-r1-distill-8b,0.5713653564453125
A3,F1,no-prompt,no-prompt,0,deepseek-r1-distill-8b,0.501953125
A3,F1,no-prompt,no-prompt,1,deepseek-r1-distill-8b,0.4904327392578125
A3,F1,no-prompt,no-prompt,2,deepseek-r1-distill-8b,0.512542724609375
A3,F1,no-prompt,no-prompt,3,deepseek-r1-distill-8b,0.53118896484375
A3,F1,no-prompt,no-prompt,4,deepseek-r1-distill-8b,0.5117034912109375
A3,F1,no-prompt,no-prompt,5,deepseek-r1-distill-8b,0.4875640869140625
A3,F1,no-prompt,no-prompt,6,deepseek-r1-distill-8b,0.478240966796875
A3,F1,no-prompt,no-prompt,7,deepseek-r1-distill-8b,0.4938201904296875
A3,F1,no-prompt,no-prompt,8,deepseek-r1-distill-8b,0.4935760498046875
A3,F1,no-prompt,no-prompt,9,deepseek-r1-distill-8b,0.4798431396484375
A3,F1,no-prompt,no-prompt,10,deepseek-r1-distill-8b,0.5383758544921875
A3,F1,no-prompt,no-prompt,11,deepseek-r1-distill-8b,0.5838470458984375
A3,F1,no-prompt,no-prompt,12,deepseek-r1-distill-8b,0.5962982177734375
A3,F1,no-prompt,no-prompt,13,deepseek-r1-distill-8b,0.5906219482421875
A3,F1,no-prompt,no-prompt,14,deepseek-r1-distill-8b,0.6007843017578125
A3,F1,no-prompt,no-prompt,15,deepseek-r1-distill-8b,0.582061767578125
A3,F1,no-prompt,no-prompt,16,deepseek-r1-distill-8b,0.5600738525390625
A3,F1,no-prompt,no-prompt,17,deepseek-r1-distill-8b,0.545989990234375
A3,F1,no-prompt,no-prompt,18,deepseek-r1-distill-8b,0.51837158203125
A3,F1,no-prompt,no-prompt,19,deepseek-r1-distill-8b,0.493865966796875
A3,F1,no-prompt,no-prompt,20,deepseek-r1-distill-8b,0.4886474609375
A3,F1,no-prompt,no-prompt,21,deepseek-r1-distill-8b,0.496429443359375
A3,F1,no-prompt,no-prompt,22,deepseek-r1-distill-8b,0.5103759765625
A3,F1,no-prompt,no-prompt,23,deepseek-r1-distill-8b,0.533447265625
A3,F1,no-prompt,no-prompt,24,deepseek-r1-distill-8b,0.507476806640625
A3,F1,no-prompt,no-prompt,25,deepseek-r1-distill-8b,0.47161865234375
A3,F1,no-prompt,no-prompt,26,deepseek-r1-distill-8b,0.4746856689453125
A3,F1,no-prompt,no-prompt,27,deepseek-r1-distill-8b,0.499267578125
A3,F1,no-prompt,no-prompt,28,deepseek-r1-distill-8b,0.5099945068359375
A3,F1,no-prompt,no-prompt,29,deepseek-r1-distill-8b,0.5017242431640625
A3,F1,no-prompt,no-prompt,30,deepseek-r1-distill-8b,0.5190887451171875
A3,F1,no-prompt,no-prompt,31,deepseek-r1-distill-8b,0.5274810791015625
A3,F1,no-prompt,no-prompt,32,deepseek-r1-distill-8b,0.487579345703125
A3,F2,no-prompt,no-prompt,0,deepseek-r1-distill-8b,0.52734375
A3,F2,no-prompt,no-prompt,1,deepseek-r1-distill-8b,0.5183563232421875
A3,F2,no-prompt,no-prompt,2,deepseek-r1-distill-8b,0.5129241943359375
A3,F2,no-prompt,no-prompt,3,deepseek-r1-distill-8b,0.5085296630859375
A3,F2,no-prompt,no-prompt,4,deepseek-r1-distill-8b,0.5246734619140625
A3,F2,no-prompt,no-prompt,5,deepseek-r1-distill-8b,0.5096282958984375
A3,F2,no-prompt,no-prompt,6,deepseek-r1-distill-8b,0.508941650390625
A3,F2,no-prompt,no-prompt,7,deepseek-r1-distill-8b,0.5189666748046875
A3,F2,no-prompt,no-prompt,8,deepseek-r1-distill-8b,0.5267791748046875
A3,F2,no-prompt,no-prompt,9,deepseek-r1-distill-8b,0.5340576171875
A3,F2,no-prompt,no-prompt,10,deepseek-r1-distill-8b,0.5405426025390625
A3,F2,no-prompt,no-prompt,11,deepseek-r1-distill-8b,0.5424957275390625
A3,F2,no-prompt,no-prompt,12,deepseek-r1-distill-8b,0.5316925048828125
A3,F2,no-prompt,no-prompt,13,deepseek-r1-distill-8b,0.5360565185546875
A3,F2,no-prompt,no-prompt,14,deepseek-r1-distill-8b,0.521453857421875
A3,F2,no-prompt,no-prompt,15,deepseek-r1-distill-8b,0.5356292724609375
A3,F2,no-prompt,no-prompt,16,deepseek-r1-distill-8b,0.553253173828125
A3,F2,no-prompt,no-prompt,17,deepseek-r1-distill-8b,0.55419921875
A3,F2,no-prompt,no-prompt,18,deepseek-r1-distill-8b,0.5467376708984375
A3,F2,no-prompt,no-prompt,19,deepseek-r1-distill-8b,0.5458831787109375
A3,F2,no-prompt,no-prompt,20,deepseek-r1-distill-8b,0.5321807861328125
A3,F2,no-prompt,no-prompt,21,deepseek-r1-distill-8b,0.5510711669921875
A3,F2,no-prompt,no-prompt,22,deepseek-r1-distill-8b,0.56256103515625
A3,F2,no-prompt,no-prompt,23,deepseek-r1-distill-8b,0.5559844970703125
A3,F2,no-prompt,no-prompt,24,deepseek-r1-distill-8b,0.607025146484375
A3,F2,no-prompt,no-prompt,25,deepseek-r1-distill-8b,0.609344482421875
A3,F2,no-prompt,no-prompt,26,deepseek-r1-distill-8b,0.618621826171875
A3,F2,no-prompt,no-prompt,27,deepseek-r1-distill-8b,0.6066741943359375
A3,F2,no-prompt,no-prompt,28,deepseek-r1-distill-8b,0.607513427734375
A3,F2,no-prompt,no-prompt,29,deepseek-r1-distill-8b,0.58892822265625
A3,F2,no-prompt,no-prompt,30,deepseek-r1-distill-8b,0.5965576171875
A3,F2,no-prompt,no-prompt,31,deepseek-r1-distill-8b,0.5815582275390625
A3,F2,no-prompt,no-prompt,32,deepseek-r1-distill-8b,0.554107666015625
A3,F3,no-prompt,no-prompt,0,deepseek-r1-distill-8b,0.5016666666666667
A3,F3,no-prompt,no-prompt,1,deepseek-r1-distill-8b,0.4969666666666666
A3,F3,no-prompt,no-prompt,2,deepseek-r1-distill-8b,0.5019666666666667
A3,F3,no-prompt,no-prompt,3,deepseek-r1-distill-8b,0.5116444444444445
A3,F3,no-prompt,no-prompt,4,deepseek-r1-distill-8b,0.5242444444444444
A3,F3,no-prompt,no-prompt,5,deepseek-r1-distill-8b,0.5231333333333333
A3,F3,no-prompt,no-prompt,6,deepseek-r1-distill-8b,0.5340222222222223
A3,F3,no-prompt,no-prompt,7,deepseek-r1-distill-8b,0.5159888888888889
A3,F3,no-prompt,no-prompt,8,deepseek-r1-distill-8b,0.5099111111111111
A3,F3,no-prompt,no-prompt,9,deepseek-r1-distill-8b,0.520988888888889
A3,F3,no-prompt,no-prompt,10,deepseek-r1-distill-8b,0.5205111111111111
A3,F3,no-prompt,no-prompt,11,deepseek-r1-distill-8b,0.5136777777777778
A3,F3,no-prompt,no-prompt,12,deepseek-r1-distill-8b,0.5271
A3,F3,no-prompt,no-prompt,13,deepseek-r1-distill-8b,0.5270888888888888
A3,F3,no-prompt,no-prompt,14,deepseek-r1-distill-8b,0.5193888888888889
A3,F3,no-prompt,no-prompt,15,deepseek-r1-distill-8b,0.5169666666666667
A3,F3,no-prompt,no-prompt,16,deepseek-r1-distill-8b,0.521
A3,F3,no-prompt,no-prompt,17,deepseek-r1-distill-8b,0.5300333333333334
A3,F3,no-prompt,no-prompt,18,deepseek-r1-distill-8b,0.5189444444444444
A3,F3,no-prompt,no-prompt,19,deepseek-r1-distill-8b,0.5199444444444445
A3,F3,no-prompt,no-prompt,20,deepseek-r1-distill-8b,0.5125444444444445
A3,F3,no-prompt,no-prompt,21,deepseek-r1-distill-8b,0.5294333333333333
A3,F3,no-prompt,no-prompt,22,deepseek-r1-distill-8b,0.5430666666666667
A3,F3,no-prompt,no-prompt,23,deepseek-r1-distill-8b,0.5337222222222222
A3,F3,no-prompt,no-prompt,24,deepseek-r1-distill-8b,0.5282222222222223
A3,F3,no-prompt,no-prompt,25,deepseek-r1-distill-8b,0.5295888888888889
A3,F3,no-prompt,no-prompt,26,deepseek-r1-distill-8b,0.5289111111111111
A3,F3,no-prompt,no-prompt,27,deepseek-r1-distill-8b,0.5259666666666667
A3,F3,no-prompt,no-prompt,28,deepseek-r1-distill-8b,0.5161666666666667
A3,F3,no-prompt,no-prompt,29,deepseek-r1-distill-8b,0.5112555555555556
A3,F3,no-prompt,no-prompt,30,deepseek-r1-distill-8b,0.5111777777777777
A3,F3,no-prompt,no-prompt,31,deepseek-r1-distill-8b,0.5076777777777779
A3,F3,no-prompt,no-prompt,32,deepseek-r1-distill-8b,0.4813777777777778
A3,F4,no-prompt,no-prompt,0,deepseek-r1-distill-8b,0.5183946488294314
A3,F4,no-prompt,no-prompt,1,deepseek-r1-distill-8b,0.5217950582208253
A3,F4,no-prompt,no-prompt,2,deepseek-r1-distill-8b,0.4925336405633046
A3,F4,no-prompt,no-prompt,3,deepseek-r1-distill-8b,0.5025111575933155
A3,F4,no-prompt,no-prompt,4,deepseek-r1-distill-8b,0.5164036196463127
A3,F4,no-prompt,no-prompt,5,deepseek-r1-distill-8b,0.5269739712083757
A3,F4,no-prompt,no-prompt,6,deepseek-r1-distill-8b,0.5107213565843783
A3,F4,no-prompt,no-prompt,7,deepseek-r1-distill-8b,0.4987751814856657
A3,F4,no-prompt,no-prompt,8,deepseek-r1-distill-8b,0.5043455889755148
A3,F4,no-prompt,no-prompt,9,deepseek-r1-distill-8b,0.5140882093041464
A3,F4,no-prompt,no-prompt,10,deepseek-r1-distill-8b,0.5117951700763974
A3,F4,no-prompt,no-prompt,11,deepseek-r1-distill-8b,0.5062806903725909
A3,F4,no-prompt,no-prompt,12,deepseek-r1-distill-8b,0.5418843189673495
A3,F4,no-prompt,no-prompt,13,deepseek-r1-distill-8b,0.5503294146597912
A3,F4,no-prompt,no-prompt,14,deepseek-r1-distill-8b,0.5460006040200892
A3,F4,no-prompt,no-prompt,15,deepseek-r1-distill-8b,0.5259560855023993
A3,F4,no-prompt,no-prompt,16,deepseek-r1-distill-8b,0.5335846355186183
A3,F4,no-prompt,no-prompt,17,deepseek-r1-distill-8b,0.5261909822037785
A3,F4,no-prompt,no-prompt,18,deepseek-r1-distill-8b,0.532756904285187
A3,F4,no-prompt,no-prompt,19,deepseek-r1-distill-8b,0.5330589143298173
A3,F4,no-prompt,no-prompt,20,deepseek-r1-distill-8b,0.5286070625608215
A3,F4,no-prompt,no-prompt,21,deepseek-r1-distill-8b,0.5173879486806635
A3,F4,no-prompt,no-prompt,22,deepseek-r1-distill-8b,0.5131374369414212
A3,F4,no-prompt,no-prompt,23,deepseek-r1-distill-8b,0.5092336774756435
A3,F4,no-prompt,no-prompt,24,deepseek-r1-distill-8b,0.5089428529882216
A3,F4,no-prompt,no-prompt,25,deepseek-r1-distill-8b,0.5114484178029328
A3,F4,no-prompt,no-prompt,26,deepseek-r1-distill-8b,0.5163253207458529
A3,F4,no-prompt,no-prompt,27,deepseek-r1-distill-8b,0.5336070066330354
A3,F4,no-prompt,no-prompt,28,deepseek-r1-distill-8b,0.5345354078813436
A3,F4,no-prompt,no-prompt,29,deepseek-r1-distill-8b,0.5246585608662095
A3,F4,no-prompt,no-prompt,30,deepseek-r1-distill-8b,0.5239762418764891
A3,F4,no-prompt,no-prompt,31,deepseek-r1-distill-8b,0.5213028937036498
A3,F4,no-prompt,no-prompt,32,deepseek-r1-distill-8b,0.5270522701088355
A3,F5,no-prompt,no-prompt,0,deepseek-r1-distill-8b,0.5286195286195287
A3,F5,no-prompt,no-prompt,1,deepseek-r1-distill-8b,0.5412230412230412
A3,F5,no-prompt,no-prompt,2,deepseek-r1-distill-8b,0.5458754208754208
A3,F5,no-prompt,no-prompt,3,deepseek-r1-distill-8b,0.5335562835562836
A3,F5,no-prompt,no-prompt,4,deepseek-r1-distill-8b,0.5357630357630357
A3,F5,no-prompt,no-prompt,5,deepseek-r1-distill-8b,0.5218968968968969
A3,F5,no-prompt,no-prompt,6,deepseek-r1-distill-8b,0.5415415415415415
A3,F5,no-prompt,no-prompt,7,deepseek-r1-distill-8b,0.5443966693966694
A3,F5,no-prompt,no-prompt,8,deepseek-r1-distill-8b,0.5442032942032942
A3,F5,no-prompt,no-prompt,9,deepseek-r1-distill-8b,0.5562039312039312
A3,F5,no-prompt,no-prompt,10,deepseek-r1-distill-8b,0.5433046683046683
A3,F5,no-prompt,no-prompt,11,deepseek-r1-distill-8b,0.5518473018473018
A3,F5,no-prompt,no-prompt,12,deepseek-r1-distill-8b,0.5681249431249431
A3,F5,no-prompt,no-prompt,13,deepseek-r1-distill-8b,0.5584903084903086
A3,F5,no-prompt,no-prompt,14,deepseek-r1-distill-8b,0.556090181090181
A3,F5,no-prompt,no-prompt,15,deepseek-r1-distill-8b,0.5317817817817818
A3,F5,no-prompt,no-prompt,16,deepseek-r1-distill-8b,0.5351374101374101
A3,F5,no-prompt,no-prompt,17,deepseek-r1-distill-8b,0.5296205296205296
A3,F5,no-prompt,no-prompt,18,deepseek-r1-distill-8b,0.5190645190645191
A3,F5,no-prompt,no-prompt,19,deepseek-r1-distill-8b,0.5178815178815179
A3,F5,no-prompt,no-prompt,20,deepseek-r1-distill-8b,0.49997724997725
A3,F5,no-prompt,no-prompt,21,deepseek-r1-distill-8b,0.4793316043316042
A3,F5,no-prompt,no-prompt,22,deepseek-r1-distill-8b,0.4747474747474747
A3,F5,no-prompt,no-prompt,23,deepseek-r1-distill-8b,0.4776253526253526
A3,F5,no-prompt,no-prompt,24,deepseek-r1-distill-8b,0.4727795977795977
A3,F5,no-prompt,no-prompt,25,deepseek-r1-distill-8b,0.4769087269087269
A3,F5,no-prompt,no-prompt,26,deepseek-r1-distill-8b,0.4684115934115934
A3,F5,no-prompt,no-prompt,27,deepseek-r1-distill-8b,0.4974633724633724
A3,F5,no-prompt,no-prompt,28,deepseek-r1-distill-8b,0.5182455182455181
A3,F5,no-prompt,no-prompt,29,deepseek-r1-distill-8b,0.5127172627172627
A3,F5,no-prompt,no-prompt,30,deepseek-r1-distill-8b,0.527004277004277
A3,F5,no-prompt,no-prompt,31,deepseek-r1-distill-8b,0.5267995267995268
A3,F5,no-prompt,no-prompt,32,deepseek-r1-distill-8b,0.5375261625261625
F0,A1,no-prompt,no-prompt,0,deepseek-r1-distill-8b,0.5272444444444444
F0,A1,no-prompt,no-prompt,1,deepseek-r1-distill-8b,0.4758666666666667
F0,A1,no-prompt,no-prompt,2,deepseek-r1-distill-8b,0.4701777777777778
F0,A1,no-prompt,no-prompt,3,deepseek-r1-distill-8b,0.5000444444444444
F0,A1,no-prompt,no-prompt,4,deepseek-r1-distill-8b,0.4969333333333333
F0,A1,no-prompt,no-prompt,5,deepseek-r1-distill-8b,0.5357777777777778
F0,A1,no-prompt,no-prompt,6,deepseek-r1-distill-8b,0.5058222222222222
F0,A1,no-prompt,no-prompt,7,deepseek-r1-distill-8b,0.4782222222222222
F0,A1,no-prompt,no-prompt,8,deepseek-r1-distill-8b,0.5216888888888889
F0,A1,no-prompt,no-prompt,9,deepseek-r1-distill-8b,0.5174222222222222
F0,A1,no-prompt,no-prompt,10,deepseek-r1-distill-8b,0.5206666666666666
F0,A1,no-prompt,no-prompt,11,deepseek-r1-distill-8b,0.5686666666666667
F0,A1,no-prompt,no-prompt,12,deepseek-r1-distill-8b,0.5944
F0,A1,no-prompt,no-prompt,13,deepseek-r1-distill-8b,0.5969777777777778
F0,A1,no-prompt,no-prompt,14,deepseek-r1-distill-8b,0.6016888888888889
F0,A1,no-prompt,no-prompt,15,deepseek-r1-distill-8b,0.5854666666666667
F0,A1,no-prompt,no-prompt,16,deepseek-r1-distill-8b,0.5589777777777778
F0,A1,no-prompt,no-prompt,17,deepseek-r1-distill-8b,0.5347999999999999
F0,A1,no-prompt,no-prompt,18,deepseek-r1-distill-8b,0.5316
F0,A1,no-prompt,no-prompt,19,deepseek-r1-distill-8b,0.5374666666666666
F0,A1,no-prompt,no-prompt,20,deepseek-r1-distill-8b,0.4979555555555556
F0,A1,no-prompt,no-prompt,21,deepseek-r1-distill-8b,0.5016444444444444
F0,A1,no-prompt,no-prompt,22,deepseek-r1-distill-8b,0.504488888888889
F0,A1,no-prompt,no-prompt,23,deepseek-r1-distill-8b,0.5029333333333333
F0,A1,no-prompt,no-prompt,24,deepseek-r1-distill-8b,0.5148444444444444
F0,A1,no-prompt,no-prompt,25,deepseek-r1-distill-8b,0.5049777777777779
F0,A1,no-prompt,no-prompt,26,deepseek-r1-distill-8b,0.5072888888888889
F0,A1,no-prompt,no-prompt,27,deepseek-r1-distill-8b,0.4922222222222222
F0,A1,no-prompt,no-prompt,28,deepseek-r1-distill-8b,0.5089333333333333
F0,A1,no-prompt,no-prompt,29,deepseek-r1-distill-8b,0.5332444444444444
F0,A1,no-prompt,no-prompt,30,deepseek-r1-distill-8b,0.5430222222222223
F0,A1,no-prompt,no-prompt,31,deepseek-r1-distill-8b,0.5756
F0,A1,no-prompt,no-prompt,32,deepseek-r1-distill-8b,0.5866222222222223
F0,A2,no-prompt,no-prompt,0,deepseek-r1-distill-8b,0.4983555555555555
F0,A2,no-prompt,no-prompt,1,deepseek-r1-distill-8b,0.5182666666666667
F0,A2,no-prompt,no-prompt,2,deepseek-r1-distill-8b,0.4546666666666666
F0,A2,no-prompt,no-prompt,3,deepseek-r1-distill-8b,0.4663111111111111
F0,A2,no-prompt,no-prompt,4,deepseek-r1-distill-8b,0.4463555555555555
F0,A2,no-prompt,no-prompt,5,deepseek-r1-distill-8b,0.446711111111111
F0,A2,no-prompt,no-prompt,6,deepseek-r1-distill-8b,0.5548
F0,A2,no-prompt,no-prompt,7,deepseek-r1-distill-8b,0.5478222222222222
F0,A2,no-prompt,no-prompt,8,deepseek-r1-distill-8b,0.5504000000000001
F0,A2,no-prompt,no-prompt,9,deepseek-r1-distill-8b,0.5557777777777777
F0,A2,no-prompt,no-prompt,10,deepseek-r1-distill-8b,0.5974666666666667
F0,A2,no-prompt,no-prompt,11,deepseek-r1-distill-8b,0.5946222222222222
F0,A2,no-prompt,no-prompt,12,deepseek-r1-distill-8b,0.5486666666666666
F0,A2,no-prompt,no-prompt,13,deepseek-r1-distill-8b,0.5238666666666667
F0,A2,no-prompt,no-prompt,14,deepseek-r1-distill-8b,0.5184
F0,A2,no-prompt,no-prompt,15,deepseek-r1-distill-8b,0.5275555555555556
F0,A2,no-prompt,no-prompt,16,deepseek-r1-distill-8b,0.5051111111111112
F0,A2,no-prompt,no-prompt,17,deepseek-r1-distill-8b,0.4949777777777778
F0,A2,no-prompt,no-prompt,18,deepseek-r1-distill-8b,0.4872888888888889
F0,A2,no-prompt,no-prompt,19,deepseek-r1-distill-8b,0.5075111111111111
F0,A2,no-prompt,no-prompt,20,deepseek-r1-distill-8b,0.4850222222222223
F0,A2,no-prompt,no-prompt,21,deepseek-r1-distill-8b,0.4889777777777778
F0,A2,no-prompt,no-prompt,22,deepseek-r1-distill-8b,0.4894222222222222
F0,A2,no-prompt,no-prompt,23,deepseek-r1-distill-8b,0.4977333333333333
F0,A2,no-prompt,no-prompt,24,deepseek-r1-distill-8b,0.4972888888888889
F0,A2,no-prompt,no-prompt,25,deepseek-r1-distill-8b,0.4964444444444444
F0,A2,no-prompt,no-prompt,26,deepseek-r1-distill-8b,0.5066666666666667
F0,A2,no-prompt,no-prompt,27,deepseek-r1-distill-8b,0.5083555555555556
F0,A2,no-prompt,no-prompt,28,deepseek-r1-distill-8b,0.5090222222222223
F0,A2,no-prompt,no-prompt,29,deepseek-r1-distill-8b,0.5181777777777777
F0,A2,no-prompt,no-prompt,30,deepseek-r1-distill-8b,0.5255555555555556
F0,A2,no-prompt,no-prompt,31,deepseek-r1-distill-8b,0.5287555555555556
F0,A2,no-prompt,no-prompt,32,deepseek-r1-distill-8b,0.5179555555555555
F0,A3,no-prompt,no-prompt,0,deepseek-r1-distill-8b,0.4717777777777777
F0,A3,no-prompt,no-prompt,1,deepseek-r1-distill-8b,0.5010666666666667
F0,A3,no-prompt,no-prompt,2,deepseek-r1-distill-8b,0.4606222222222222
F0,A3,no-prompt,no-prompt,3,deepseek-r1-distill-8b,0.4716888888888888
F0,A3,no-prompt,no-prompt,4,deepseek-r1-distill-8b,0.4574222222222223
F0,A3,no-prompt,no-prompt,5,deepseek-r1-distill-8b,0.5312888888888889
F0,A3,no-prompt,no-prompt,6,deepseek-r1-distill-8b,0.5723111111111111
F0,A3,no-prompt,no-prompt,7,deepseek-r1-distill-8b,0.5534222222222223
F0,A3,no-prompt,no-prompt,8,deepseek-r1-distill-8b,0.5828
F0,A3,no-prompt,no-prompt,9,deepseek-r1-distill-8b,0.5599555555555555
F0,A3,no-prompt,no-prompt,10,deepseek-r1-distill-8b,0.6176444444444444
F0,A3,no-prompt,no-prompt,11,deepseek-r1-distill-8b,0.6097777777777779
F0,A3,no-prompt,no-prompt,12,deepseek-r1-distill-8b,0.5860444444444444
F0,A3,no-prompt,no-prompt,13,deepseek-r1-distill-8b,0.5765333333333332
F0,A3,no-prompt,no-prompt,14,deepseek-r1-distill-8b,0.5733777777777778
F0,A3,no-prompt,no-prompt,15,deepseek-r1-distill-8b,0.5594222222222222
F0,A3,no-prompt,no-prompt,16,deepseek-r1-distill-8b,0.5508
F0,A3,no-prompt,no-prompt,17,deepseek-r1-distill-8b,0.542711111111111
F0,A3,no-prompt,no-prompt,18,deepseek-r1-distill-8b,0.5396888888888889
F0,A3,no-prompt,no-prompt,19,deepseek-r1-distill-8b,0.5594666666666667
F0,A3,no-prompt,no-prompt,20,deepseek-r1-distill-8b,0.5469333333333334
F0,A3,no-prompt,no-prompt,21,deepseek-r1-distill-8b,0.5461333333333334
F0,A3,no-prompt,no-prompt,22,deepseek-r1-distill-8b,0.536888888888889
F0,A3,no-prompt,no-prompt,23,deepseek-r1-distill-8b,0.5579555555555555
F0,A3,no-prompt,no-prompt,24,deepseek-r1-distill-8b,0.5330666666666666
F0,A3,no-prompt,no-prompt,25,deepseek-r1-distill-8b,0.5296888888888889
F0,A3,no-prompt,no-prompt,26,deepseek-r1-distill-8b,0.5374
F0,A3,no-prompt,no-prompt,27,deepseek-r1-distill-8b,0.5458666666666667
F0,A3,no-prompt,no-prompt,28,deepseek-r1-distill-8b,0.5375555555555556
F0,A3,no-prompt,no-prompt,29,deepseek-r1-distill-8b,0.5413777777777778
F0,A3,no-prompt,no-prompt,30,deepseek-r1-distill-8b,0.5344888888888889
F0,A3,no-prompt,no-prompt,31,deepseek-r1-distill-8b,0.5277333333333333
F0,A3,no-prompt,no-prompt,32,deepseek-r1-distill-8b,0.5260888888888888
F0,F1,no-prompt,no-prompt,0,deepseek-r1-distill-8b,0.498046875
F0,F1,no-prompt,no-prompt,1,deepseek-r1-distill-8b,0.48779296875
F0,F1,no-prompt,no-prompt,2,deepseek-r1-distill-8b,0.477447509765625
F0,F1,no-prompt,no-prompt,3,deepseek-r1-distill-8b,0.47100830078125
F0,F1,no-prompt,no-prompt,4,deepseek-r1-distill-8b,0.45947265625
F0,F1,no-prompt,no-prompt,5,deepseek-r1-distill-8b,0.41796875
F0,F1,no-prompt,no-prompt,6,deepseek-r1-distill-8b,0.3975067138671875
F0,F1,no-prompt,no-prompt,7,deepseek-r1-distill-8b,0.328704833984375
F0,F1,no-prompt,no-prompt,8,deepseek-r1-distill-8b,0.3216094970703125
F0,F1,no-prompt,no-prompt,9,deepseek-r1-distill-8b,0.1582183837890625
F0,F1,no-prompt,no-prompt,10,deepseek-r1-distill-8b,0.1009521484375
F0,F1,no-prompt,no-prompt,11,deepseek-r1-distill-8b,0.1880340576171875
F0,F1,no-prompt,no-prompt,12,deepseek-r1-distill-8b,0.2204742431640625
F0,F1,no-prompt,no-prompt,13,deepseek-r1-distill-8b,0.5297088623046875
F0,F1,no-prompt,no-prompt,14,deepseek-r1-distill-8b,0.6084442138671875
F0,F1,no-prompt,no-prompt,15,deepseek-r1-distill-8b,0.61395263671875
F0,F1,no-prompt,no-prompt,16,deepseek-r1-distill-8b,0.6139678955078125
F0,F1,no-prompt,no-prompt,17,deepseek-r1-distill-8b,0.629974365234375
F0,F1,no-prompt,no-prompt,18,deepseek-r1-distill-8b,0.654510498046875
F0,F1,no-prompt,no-prompt,19,deepseek-r1-distill-8b,0.615020751953125
F0,F1,no-prompt,no-prompt,20,deepseek-r1-distill-8b,0.614349365234375
F0,F1,no-prompt,no-prompt,21,deepseek-r1-distill-8b,0.611541748046875
F0,F1,no-prompt,no-prompt,22,deepseek-r1-distill-8b,0.6143035888671875
F0,F1,no-prompt,no-prompt,23,deepseek-r1-distill-8b,0.6436614990234375
F0,F1,no-prompt,no-prompt,24,deepseek-r1-distill-8b,0.636383056640625
F0,F1,no-prompt,no-prompt,25,deepseek-r1-distill-8b,0.592041015625
F0,F1,no-prompt,no-prompt,26,deepseek-r1-distill-8b,0.604339599609375
F0,F1,no-prompt,no-prompt,27,deepseek-r1-distill-8b,0.6019287109375
F0,F1,no-prompt,no-prompt,28,deepseek-r1-distill-8b,0.59246826171875
F0,F1,no-prompt,no-prompt,29,deepseek-r1-distill-8b,0.6080474853515625
F0,F1,no-prompt,no-prompt,30,deepseek-r1-distill-8b,0.5999908447265625
F0,F1,no-prompt,no-prompt,31,deepseek-r1-distill-8b,0.549652099609375
F0,F1,no-prompt,no-prompt,32,deepseek-r1-distill-8b,0.495880126953125
F0,F2,no-prompt,no-prompt,0,deepseek-r1-distill-8b,0.47265625
F0,F2,no-prompt,no-prompt,1,deepseek-r1-distill-8b,0.5594635009765625
F0,F2,no-prompt,no-prompt,2,deepseek-r1-distill-8b,0.5052947998046875
F0,F2,no-prompt,no-prompt,3,deepseek-r1-distill-8b,0.50726318359375
F0,F2,no-prompt,no-prompt,4,deepseek-r1-distill-8b,0.5238037109375
F0,F2,no-prompt,no-prompt,5,deepseek-r1-distill-8b,0.57470703125
F0,F2,no-prompt,no-prompt,6,deepseek-r1-distill-8b,0.598846435546875
F0,F2,no-prompt,no-prompt,7,deepseek-r1-distill-8b,0.6094970703125
F0,F2,no-prompt,no-prompt,8,deepseek-r1-distill-8b,0.6157989501953125
F0,F2,no-prompt,no-prompt,9,deepseek-r1-distill-8b,0.6805419921875
F0,F2,no-prompt,no-prompt,10,deepseek-r1-distill-8b,0.785552978515625
F0,F2,no-prompt,no-prompt,11,deepseek-r1-distill-8b,0.8197479248046875
F0,F2,no-prompt,no-prompt,12,deepseek-r1-distill-8b,0.8528289794921875
F0,F2,no-prompt,no-prompt,13,deepseek-r1-distill-8b,0.894287109375
F0,F2,no-prompt,no-prompt,14,deepseek-r1-distill-8b,0.875274658203125
F0,F2,no-prompt,no-prompt,15,deepseek-r1-distill-8b,0.892181396484375
F0,F2,no-prompt,no-prompt,16,deepseek-r1-distill-8b,0.804931640625
F0,F2,no-prompt,no-prompt,17,deepseek-r1-distill-8b,0.85101318359375
F0,F2,no-prompt,no-prompt,18,deepseek-r1-distill-8b,0.8809356689453125
F0,F2,no-prompt,no-prompt,19,deepseek-r1-distill-8b,0.8442230224609375
F0,F2,no-prompt,no-prompt,20,deepseek-r1-distill-8b,0.8878021240234375
F0,F2,no-prompt,no-prompt,21,deepseek-r1-distill-8b,0.853179931640625
F0,F2,no-prompt,no-prompt,22,deepseek-r1-distill-8b,0.8236236572265625
F0,F2,no-prompt,no-prompt,23,deepseek-r1-distill-8b,0.875946044921875
F0,F2,no-prompt,no-prompt,24,deepseek-r1-distill-8b,0.882598876953125
F0,F2,no-prompt,no-prompt,25,deepseek-r1-distill-8b,0.891265869140625
F0,F2,no-prompt,no-prompt,26,deepseek-r1-distill-8b,0.901641845703125
F0,F2,no-prompt,no-prompt,27,deepseek-r1-distill-8b,0.900848388671875
F0,F2,no-prompt,no-prompt,28,deepseek-r1-distill-8b,0.90423583984375
F0,F2,no-prompt,no-prompt,29,deepseek-r1-distill-8b,0.9032745361328124
F0,F2,no-prompt,no-prompt,30,deepseek-r1-distill-8b,0.8974609375
F0,F2,no-prompt,no-prompt,31,deepseek-r1-distill-8b,0.88201904296875
F0,F2,no-prompt,no-prompt,32,deepseek-r1-distill-8b,0.8207550048828125
F0,F3,no-prompt,no-prompt,0,deepseek-r1-distill-8b,0.4983333333333334
F0,F3,no-prompt,no-prompt,1,deepseek-r1-distill-8b,0.4874333333333333
F0,F3,no-prompt,no-prompt,2,deepseek-r1-distill-8b,0.4936222222222223
F0,F3,no-prompt,no-prompt,3,deepseek-r1-distill-8b,0.4865333333333333
F0,F3,no-prompt,no-prompt,4,deepseek-r1-distill-8b,0.4836777777777777
F0,F3,no-prompt,no-prompt,5,deepseek-r1-distill-8b,0.4970333333333333
F0,F3,no-prompt,no-prompt,6,deepseek-r1-distill-8b,0.5070777777777777
F0,F3,no-prompt,no-prompt,7,deepseek-r1-distill-8b,0.5112555555555556
F0,F3,no-prompt,no-prompt,8,deepseek-r1-distill-8b,0.5189444444444444
F0,F3,no-prompt,no-prompt,9,deepseek-r1-distill-8b,0.5721111111111111
F0,F3,no-prompt,no-prompt,10,deepseek-r1-distill-8b,0.5650333333333333
F0,F3,no-prompt,no-prompt,11,deepseek-r1-distill-8b,0.5743777777777779
F0,F3,no-prompt,no-prompt,12,deepseek-r1-distill-8b,0.5894333333333333
F0,F3,no-prompt,no-prompt,13,deepseek-r1-distill-8b,0.6168222222222222
F0,F3,no-prompt,no-prompt,14,deepseek-r1-distill-8b,0.5945
F0,F3,no-prompt,no-prompt,15,deepseek-r1-distill-8b,0.6140666666666666
F0,F3,no-prompt,no-prompt,16,deepseek-r1-distill-8b,0.5862777777777778
F0,F3,no-prompt,no-prompt,17,deepseek-r1-distill-8b,0.5878111111111111
F0,F3,no-prompt,no-prompt,18,deepseek-r1-distill-8b,0.5865888888888888
F0,F3,no-prompt,no-prompt,19,deepseek-r1-distill-8b,0.5832999999999999
F0,F3,no-prompt,no-prompt,20,deepseek-r1-distill-8b,0.5842666666666666
F0,F3,no-prompt,no-prompt,21,deepseek-r1-distill-8b,0.575388888888889
F0,F3,no-prompt,no-prompt,22,deepseek-r1-distill-8b,0.5703444444444444
F0,F3,no-prompt,no-prompt,23,deepseek-r1-distill-8b,0.5763333333333334
F0,F3,no-prompt,no-prompt,24,deepseek-r1-distill-8b,0.5967666666666667
F0,F3,no-prompt,no-prompt,25,deepseek-r1-distill-8b,0.5744111111111112
F0,F3,no-prompt,no-prompt,26,deepseek-r1-distill-8b,0.5882222222222222
F0,F3,no-prompt,no-prompt,27,deepseek-r1-distill-8b,0.5822777777777778
F0,F3,no-prompt,no-prompt,28,deepseek-r1-distill-8b,0.5778555555555556
F0,F3,no-prompt,no-prompt,29,deepseek-r1-distill-8b,0.5668888888888889
F0,F3,no-prompt,no-prompt,30,deepseek-r1-distill-8b,0.5719111111111111
F0,F3,no-prompt,no-prompt,31,deepseek-r1-distill-8b,0.5588666666666666
F0,F3,no-prompt,no-prompt,32,deepseek-r1-distill-8b,0.5576111111111111
F0,F4,no-prompt,no-prompt,0,deepseek-r1-distill-8b,0.4816053511705686
F0,F4,no-prompt,no-prompt,1,deepseek-r1-distill-8b,0.5093119763761033
F0,F4,no-prompt,no-prompt,2,deepseek-r1-distill-8b,0.4668739723269315
F0,F4,no-prompt,no-prompt,3,deepseek-r1-distill-8b,0.463943356338296
F0,F4,no-prompt,no-prompt,4,deepseek-r1-distill-8b,0.4658337155065379
F0,F4,no-prompt,no-prompt,5,deepseek-r1-distill-8b,0.4680372702766188
F0,F4,no-prompt,no-prompt,6,deepseek-r1-distill-8b,0.4728918021051218
F0,F4,no-prompt,no-prompt,7,deepseek-r1-distill-8b,0.4823100412747061
F0,F4,no-prompt,no-prompt,8,deepseek-r1-distill-8b,0.5549602353441236
F0,F4,no-prompt,no-prompt,9,deepseek-r1-distill-8b,0.6157425532152885
F0,F4,no-prompt,no-prompt,10,deepseek-r1-distill-8b,0.6339638259079876
F0,F4,no-prompt,no-prompt,11,deepseek-r1-distill-8b,0.6302390353575463
F0,F4,no-prompt,no-prompt,12,deepseek-r1-distill-8b,0.6270623371103231
F0,F4,no-prompt,no-prompt,13,deepseek-r1-distill-8b,0.6555966935492892
F0,F4,no-prompt,no-prompt,14,deepseek-r1-distill-8b,0.619031107034597
F0,F4,no-prompt,no-prompt,15,deepseek-r1-distill-8b,0.6329906824308453
F0,F4,no-prompt,no-prompt,16,deepseek-r1-distill-8b,0.6107649802574915
F0,F4,no-prompt,no-prompt,17,deepseek-r1-distill-8b,0.6009105043567746
F0,F4,no-prompt,no-prompt,18,deepseek-r1-distill-8b,0.5976331360946745
F0,F4,no-prompt,no-prompt,19,deepseek-r1-distill-8b,0.5926779342512947
F0,F4,no-prompt,no-prompt,20,deepseek-r1-distill-8b,0.587431907920493
F0,F4,no-prompt,no-prompt,21,deepseek-r1-distill-8b,0.5848144875336966
F0,F4,no-prompt,no-prompt,22,deepseek-r1-distill-8b,0.5816825315153074
F0,F4,no-prompt,no-prompt,23,deepseek-r1-distill-8b,0.5942215411460722
F0,F4,no-prompt,no-prompt,24,deepseek-r1-distill-8b,0.6008210198991063
F0,F4,no-prompt,no-prompt,25,deepseek-r1-distill-8b,0.588941958143645
F0,F4,no-prompt,no-prompt,26,deepseek-r1-distill-8b,0.574781042717643
F0,F4,no-prompt,no-prompt,27,deepseek-r1-distill-8b,0.611469670361629
F0,F4,no-prompt,no-prompt,28,deepseek-r1-distill-8b,0.5962908692296507
F0,F4,no-prompt,no-prompt,29,deepseek-r1-distill-8b,0.5874766501493272
F0,F4,no-prompt,no-prompt,30,deepseek-r1-distill-8b,0.5918502030178633
F0,F4,no-prompt,no-prompt,31,deepseek-r1-distill-8b,0.5844341785886064
F0,F4,no-prompt,no-prompt,32,deepseek-r1-distill-8b,0.5816266037292648
F0,F5,no-prompt,no-prompt,0,deepseek-r1-distill-8b,0.4722904722904723
F0,F5,no-prompt,no-prompt,1,deepseek-r1-distill-8b,0.5412002912002912
F0,F5,no-prompt,no-prompt,2,deepseek-r1-distill-8b,0.4858153608153608
F0,F5,no-prompt,no-prompt,3,deepseek-r1-distill-8b,0.4857414232414233
F0,F5,no-prompt,no-prompt,4,deepseek-r1-distill-8b,0.4882609882609882
F0,F5,no-prompt,no-prompt,5,deepseek-r1-distill-8b,0.496030121030121
F0,F5,no-prompt,no-prompt,6,deepseek-r1-distill-8b,0.5056078806078806
F0,F5,no-prompt,no-prompt,7,deepseek-r1-distill-8b,0.519064519064519
F0,F5,no-prompt,no-prompt,8,deepseek-r1-distill-8b,0.5859268359268359
F0,F5,no-prompt,no-prompt,9,deepseek-r1-distill-8b,0.5934457184457185
F0,F5,no-prompt,no-prompt,10,deepseek-r1-distill-8b,0.6204386204386204
F0,F5,no-prompt,no-prompt,11,deepseek-r1-distill-8b,0.6117253617253617
F0,F5,no-prompt,no-prompt,12,deepseek-r1-distill-8b,0.610030485030485
F0,F5,no-prompt,no-prompt,13,deepseek-r1-distill-8b,0.5906019656019657
F0,F5,no-prompt,no-prompt,14,deepseek-r1-distill-8b,0.6245563745563746
F0,F5,no-prompt,no-prompt,15,deepseek-r1-distill-8b,0.5897715897715898
F0,F5,no-prompt,no-prompt,16,deepseek-r1-distill-8b,0.6081081081081081
F0,F5,no-prompt,no-prompt,17,deepseek-r1-distill-8b,0.5823209573209573
F0,F5,no-prompt,no-prompt,18,deepseek-r1-distill-8b,0.5831513331513332
F0,F5,no-prompt,no-prompt,19,deepseek-r1-distill-8b,0.584038584038584
F0,F5,no-prompt,no-prompt,20,deepseek-r1-distill-8b,0.5805237055237056
F0,F5,no-prompt,no-prompt,21,deepseek-r1-distill-8b,0.5787492037492037
F0,F5,no-prompt,no-prompt,22,deepseek-r1-distill-8b,0.5806829556829557
F0,F5,no-prompt,no-prompt,23,deepseek-r1-distill-8b,0.5764059514059514
F0,F5,no-prompt,no-prompt,24,deepseek-r1-distill-8b,0.5617776867776867
F0,F5,no-prompt,no-prompt,25,deepseek-r1-distill-8b,0.5587974337974339
F0,F5,no-prompt,no-prompt,26,deepseek-r1-distill-8b,0.5342046592046592
F0,F5,no-prompt,no-prompt,27,deepseek-r1-distill-8b,0.5646100646100646
F0,F5,no-prompt,no-prompt,28,deepseek-r1-distill-8b,0.5552711802711804
F0,F5,no-prompt,no-prompt,29,deepseek-r1-distill-8b,0.5396077896077897
F0,F5,no-prompt,no-prompt,30,deepseek-r1-distill-8b,0.5331240331240331
F0,F5,no-prompt,no-prompt,31,deepseek-r1-distill-8b,0.5353307853307854
F0,F5,no-prompt,no-prompt,32,deepseek-r1-distill-8b,0.541132041132041
F1,A1,no-prompt,no-prompt,0,deepseek-r1-distill-8b,0.4727555555555556
F1,A1,no-prompt,no-prompt,1,deepseek-r1-distill-8b,0.5070222222222222
F1,A1,no-prompt,no-prompt,2,deepseek-r1-distill-8b,0.5353333333333333
F1,A1,no-prompt,no-prompt,3,deepseek-r1-distill-8b,0.5493333333333333
F1,A1,no-prompt,no-prompt,4,deepseek-r1-distill-8b,0.5168888888888888
F1,A1,no-prompt,no-prompt,5,deepseek-r1-distill-8b,0.4936444444444444
F1,A1,no-prompt,no-prompt,6,deepseek-r1-distill-8b,0.4518222222222222
F1,A1,no-prompt,no-prompt,7,deepseek-r1-distill-8b,0.4750666666666667
F1,A1,no-prompt,no-prompt,8,deepseek-r1-distill-8b,0.4704444444444445
F1,A1,no-prompt,no-prompt,9,deepseek-r1-distill-8b,0.4964444444444444
F1,A1,no-prompt,no-prompt,10,deepseek-r1-distill-8b,0.5324444444444445
F1,A1,no-prompt,no-prompt,11,deepseek-r1-distill-8b,0.5191999999999999
F1,A1,no-prompt,no-prompt,12,deepseek-r1-distill-8b,0.5275111111111112
F1,A1,no-prompt,no-prompt,13,deepseek-r1-distill-8b,0.546
F1,A1,no-prompt,no-prompt,14,deepseek-r1-distill-8b,0.5668888888888889
F1,A1,no-prompt,no-prompt,15,deepseek-r1-distill-8b,0.5661777777777778
F1,A1,no-prompt,no-prompt,16,deepseek-r1-distill-8b,0.5641333333333334
F1,A1,no-prompt,no-prompt,17,deepseek-r1-distill-8b,0.5733777777777778
F1,A1,no-prompt,no-prompt,18,deepseek-r1-distill-8b,0.5668888888888889
F1,A1,no-prompt,no-prompt,19,deepseek-r1-distill-8b,0.5663555555555555
F1,A1,no-prompt,no-prompt,20,deepseek-r1-distill-8b,0.5680888888888889
F1,A1,no-prompt,no-prompt,21,deepseek-r1-distill-8b,0.5256444444444445
F1,A1,no-prompt,no-prompt,22,deepseek-r1-distill-8b,0.5403111111111112
F1,A1,no-prompt,no-prompt,23,deepseek-r1-distill-8b,0.5561777777777778
F1,A1,no-prompt,no-prompt,24,deepseek-r1-distill-8b,0.5620444444444445
F1,A1,no-prompt,no-prompt,25,deepseek-r1-distill-8b,0.5764888888888889
F1,A1,no-prompt,no-prompt,26,deepseek-r1-distill-8b,0.5733777777777778
F1,A1,no-prompt,no-prompt,27,deepseek-r1-distill-8b,0.5870666666666666
F1,A1,no-prompt,no-prompt,28,deepseek-r1-distill-8b,0.5608444444444445
F1,A1,no-prompt,no-prompt,29,deepseek-r1-distill-8b,0.5591555555555555
F1,A1,no-prompt,no-prompt,30,deepseek-r1-distill-8b,0.5489333333333333
F1,A1,no-prompt,no-prompt,31,deepseek-r1-distill-8b,0.5767111111111111
F1,A1,no-prompt,no-prompt,32,deepseek-r1-distill-8b,0.6186222222222222
F1,A2,no-prompt,no-prompt,0,deepseek-r1-distill-8b,0.5016444444444444
F1,A2,no-prompt,no-prompt,1,deepseek-r1-distill-8b,0.4720888888888889
F1,A2,no-prompt,no-prompt,2,deepseek-r1-distill-8b,0.4718666666666666
F1,A2,no-prompt,no-prompt,3,deepseek-r1-distill-8b,0.5252444444444444
F1,A2,no-prompt,no-prompt,4,deepseek-r1-distill-8b,0.5447111111111111
F1,A2,no-prompt,no-prompt,5,deepseek-r1-distill-8b,0.5236444444444445
F1,A2,no-prompt,no-prompt,6,deepseek-r1-distill-8b,0.5030222222222223
F1,A2,no-prompt,no-prompt,7,deepseek-r1-distill-8b,0.4683555555555555
F1,A2,no-prompt,no-prompt,8,deepseek-r1-distill-8b,0.4208444444444444
F1,A2,no-prompt,no-prompt,9,deepseek-r1-distill-8b,0.4833777777777778
F1,A2,no-prompt,no-prompt,10,deepseek-r1-distill-8b,0.4740888888888889
F1,A2,no-prompt,no-prompt,11,deepseek-r1-distill-8b,0.5086222222222222
F1,A2,no-prompt,no-prompt,12,deepseek-r1-distill-8b,0.5403111111111111
F1,A2,no-prompt,no-prompt,13,deepseek-r1-distill-8b,0.5513333333333332
F1,A2,no-prompt,no-prompt,14,deepseek-r1-distill-8b,0.5334666666666666
F1,A2,no-prompt,no-prompt,15,deepseek-r1-distill-8b,0.5523111111111112
F1,A2,no-prompt,no-prompt,16,deepseek-r1-distill-8b,0.5528000000000001
F1,A2,no-prompt,no-prompt,17,deepseek-r1-distill-8b,0.5563111111111111
F1,A2,no-prompt,no-prompt,18,deepseek-r1-distill-8b,0.5777333333333333
F1,A2,no-prompt,no-prompt,19,deepseek-r1-distill-8b,0.5722222222222223
F1,A2,no-prompt,no-prompt,20,deepseek-r1-distill-8b,0.5929333333333333
F1,A2,no-prompt,no-prompt,21,deepseek-r1-distill-8b,0.6128444444444445
F1,A2,no-prompt,no-prompt,22,deepseek-r1-distill-8b,0.5834222222222222
F1,A2,no-prompt,no-prompt,23,deepseek-r1-distill-8b,0.5852888888888889
F1,A2,no-prompt,no-prompt,24,deepseek-r1-distill-8b,0.5858222222222222
F1,A2,no-prompt,no-prompt,25,deepseek-r1-distill-8b,0.5597333333333332
F1,A2,no-prompt,no-prompt,26,deepseek-r1-distill-8b,0.5607111111111112
F1,A2,no-prompt,no-prompt,27,deepseek-r1-distill-8b,0.5612444444444444
F1,A2,no-prompt,no-prompt,28,deepseek-r1-distill-8b,0.5699555555555555
F1,A2,no-prompt,no-prompt,29,deepseek-r1-distill-8b,0.5736888888888889
F1,A2,no-prompt,no-prompt,30,deepseek-r1-distill-8b,0.5395999999999999
F1,A2,no-prompt,no-prompt,31,deepseek-r1-distill-8b,0.5522222222222223
F1,A2,no-prompt,no-prompt,32,deepseek-r1-distill-8b,0.5511111111111111
F1,A3,no-prompt,no-prompt,0,deepseek-r1-distill-8b,0.5282222222222223
F1,A3,no-prompt,no-prompt,1,deepseek-r1-distill-8b,0.5160444444444444
F1,A3,no-prompt,no-prompt,2,deepseek-r1-distill-8b,0.5138222222222223
F1,A3,no-prompt,no-prompt,3,deepseek-r1-distill-8b,0.4860444444444444
F1,A3,no-prompt,no-prompt,4,deepseek-r1-distill-8b,0.5339555555555555
F1,A3,no-prompt,no-prompt,5,deepseek-r1-distill-8b,0.5225333333333333
F1,A3,no-prompt,no-prompt,6,deepseek-r1-distill-8b,0.4841777777777778
F1,A3,no-prompt,no-prompt,7,deepseek-r1-distill-8b,0.4628888888888889
F1,A3,no-prompt,no-prompt,8,deepseek-r1-distill-8b,0.4927111111111111
F1,A3,no-prompt,no-prompt,9,deepseek-r1-distill-8b,0.5250666666666666
F1,A3,no-prompt,no-prompt,10,deepseek-r1-distill-8b,0.5284444444444445
F1,A3,no-prompt,no-prompt,11,deepseek-r1-distill-8b,0.5152888888888889
F1,A3,no-prompt,no-prompt,12,deepseek-r1-distill-8b,0.5186222222222222
F1,A3,no-prompt,no-prompt,13,deepseek-r1-distill-8b,0.4988888888888889
F1,A3,no-prompt,no-prompt,14,deepseek-r1-distill-8b,0.5126666666666667
F1,A3,no-prompt,no-prompt,15,deepseek-r1-distill-8b,0.5114666666666667
F1,A3,no-prompt,no-prompt,16,deepseek-r1-distill-8b,0.5054222222222222
F1,A3,no-prompt,no-prompt,17,deepseek-r1-distill-8b,0.5018222222222222
F1,A3,no-prompt,no-prompt,18,deepseek-r1-distill-8b,0.4967999999999999
F1,A3,no-prompt,no-prompt,19,deepseek-r1-distill-8b,0.5138222222222222
F1,A3,no-prompt,no-prompt,20,deepseek-r1-distill-8b,0.5041333333333333
F1,A3,no-prompt,no-prompt,21,deepseek-r1-distill-8b,0.5182222222222223
F1,A3,no-prompt,no-prompt,22,deepseek-r1-distill-8b,0.5218222222222222
F1,A3,no-prompt,no-prompt,23,deepseek-r1-distill-8b,0.5090666666666667
F1,A3,no-prompt,no-prompt,24,deepseek-r1-distill-8b,0.5233777777777778
F1,A3,no-prompt,no-prompt,25,deepseek-r1-distill-8b,0.5280444444444444
F1,A3,no-prompt,no-prompt,26,deepseek-r1-distill-8b,0.5340444444444444
F1,A3,no-prompt,no-prompt,27,deepseek-r1-distill-8b,0.5374666666666666
F1,A3,no-prompt,no-prompt,28,deepseek-r1-distill-8b,0.5290222222222223
F1,A3,no-prompt,no-prompt,29,deepseek-r1-distill-8b,0.5133777777777778
F1,A3,no-prompt,no-prompt,30,deepseek-r1-distill-8b,0.5219111111111111
F1,A3,no-prompt,no-prompt,31,deepseek-r1-distill-8b,0.4884
F1,A3,no-prompt,no-prompt,32,deepseek-r1-distill-8b,0.5115111111111111
F1,F0,no-prompt,no-prompt,0,deepseek-r1-distill-8b,0.52734375
F1,F0,no-prompt,no-prompt,1,deepseek-r1-distill-8b,0.533172607421875
F1,F0,no-prompt,no-prompt,2,deepseek-r1-distill-8b,0.52398681640625
F1,F0,no-prompt,no-prompt,3,deepseek-r1-distill-8b,0.5218658447265625
F1,F0,no-prompt,no-prompt,4,deepseek-r1-distill-8b,0.512237548828125
F1,F0,no-prompt,no-prompt,5,deepseek-r1-distill-8b,0.47454833984375
F1,F0,no-prompt,no-prompt,6,deepseek-r1-distill-8b,0.4691925048828125
F1,F0,no-prompt,no-prompt,7,deepseek-r1-distill-8b,0.439849853515625
F1,F0,no-prompt,no-prompt,8,deepseek-r1-distill-8b,0.3811187744140625
F1,F0,no-prompt,no-prompt,9,deepseek-r1-distill-8b,0.3002166748046875
F1,F0,no-prompt,no-prompt,10,deepseek-r1-distill-8b,0.322540283203125
F1,F0,no-prompt,no-prompt,11,deepseek-r1-distill-8b,0.3791656494140625
F1,F0,no-prompt,no-prompt,12,deepseek-r1-distill-8b,0.373626708984375
F1,F0,no-prompt,no-prompt,13,deepseek-r1-distill-8b,0.6052093505859375
F1,F0,no-prompt,no-prompt,14,deepseek-r1-distill-8b,0.675445556640625
F1,F0,no-prompt,no-prompt,15,deepseek-r1-distill-8b,0.696533203125
F1,F0,no-prompt,no-prompt,16,deepseek-r1-distill-8b,0.684356689453125
F1,F0,no-prompt,no-prompt,17,deepseek-r1-distill-8b,0.7015533447265625
F1,F0,no-prompt,no-prompt,18,deepseek-r1-distill-8b,0.6861572265625
F1,F0,no-prompt,no-prompt,19,deepseek-r1-distill-8b,0.6974334716796875
F1,F0,no-prompt,no-prompt,20,deepseek-r1-distill-8b,0.7177276611328125
F1,F0,no-prompt,no-prompt,21,deepseek-r1-distill-8b,0.7266693115234375
F1,F0,no-prompt,no-prompt,22,deepseek-r1-distill-8b,0.703582763671875
F1,F0,no-prompt,no-prompt,23,deepseek-r1-distill-8b,0.7003631591796875
F1,F0,no-prompt,no-prompt,24,deepseek-r1-distill-8b,0.677734375
F1,F0,no-prompt,no-prompt,25,deepseek-r1-distill-8b,0.6750946044921875
F1,F0,no-prompt,no-prompt,26,deepseek-r1-distill-8b,0.6704559326171875
F1,F0,no-prompt,no-prompt,27,deepseek-r1-distill-8b,0.6540985107421875
F1,F0,no-prompt,no-prompt,28,deepseek-r1-distill-8b,0.6634368896484375
F1,F0,no-prompt,no-prompt,29,deepseek-r1-distill-8b,0.67181396484375
F1,F0,no-prompt,no-prompt,30,deepseek-r1-distill-8b,0.6700592041015625
F1,F0,no-prompt,no-prompt,31,deepseek-r1-distill-8b,0.656768798828125
F1,F0,no-prompt,no-prompt,32,deepseek-r1-distill-8b,0.5593719482421875
F1,F2,no-prompt,no-prompt,0,deepseek-r1-distill-8b,0.52734375
F1,F2,no-prompt,no-prompt,1,deepseek-r1-distill-8b,0.4925537109375
F1,F2,no-prompt,no-prompt,2,deepseek-r1-distill-8b,0.4895477294921875
F1,F2,no-prompt,no-prompt,3,deepseek-r1-distill-8b,0.47967529296875
F1,F2,no-prompt,no-prompt,4,deepseek-r1-distill-8b,0.477081298828125
F1,F2,no-prompt,no-prompt,5,deepseek-r1-distill-8b,0.457305908203125
F1,F2,no-prompt,no-prompt,6,deepseek-r1-distill-8b,0.45062255859375
F1,F2,no-prompt,no-prompt,7,deepseek-r1-distill-8b,0.4475250244140625
F1,F2,no-prompt,no-prompt,8,deepseek-r1-distill-8b,0.3622283935546875
F1,F2,no-prompt,no-prompt,9,deepseek-r1-distill-8b,0.2890167236328125
F1,F2,no-prompt,no-prompt,10,deepseek-r1-distill-8b,0.3304901123046875
F1,F2,no-prompt,no-prompt,11,deepseek-r1-distill-8b,0.4276123046875
F1,F2,no-prompt,no-prompt,12,deepseek-r1-distill-8b,0.4323577880859375
F1,F2,no-prompt,no-prompt,13,deepseek-r1-distill-8b,0.66485595703125
F1,F2,no-prompt,no-prompt,14,deepseek-r1-distill-8b,0.714996337890625
F1,F2,no-prompt,no-prompt,15,deepseek-r1-distill-8b,0.7513885498046875
F1,F2,no-prompt,no-prompt,16,deepseek-r1-distill-8b,0.7929534912109375
F1,F2,no-prompt,no-prompt,17,deepseek-r1-distill-8b,0.856201171875
F1,F2,no-prompt,no-prompt,18,deepseek-r1-distill-8b,0.825439453125
F1,F2,no-prompt,no-prompt,19,deepseek-r1-distill-8b,0.759124755859375
F1,F2,no-prompt,no-prompt,20,deepseek-r1-distill-8b,0.7954864501953125
F1,F2,no-prompt,no-prompt,21,deepseek-r1-distill-8b,0.700347900390625
F1,F2,no-prompt,no-prompt,22,deepseek-r1-distill-8b,0.735595703125
F1,F2,no-prompt,no-prompt,23,deepseek-r1-distill-8b,0.736236572265625
F1,F2,no-prompt,no-prompt,24,deepseek-r1-distill-8b,0.7015533447265625
F1,F2,no-prompt,no-prompt,25,deepseek-r1-distill-8b,0.686187744140625
F1,F2,no-prompt,no-prompt,26,deepseek-r1-distill-8b,0.681671142578125
F1,F2,no-prompt,no-prompt,27,deepseek-r1-distill-8b,0.710174560546875
F1,F2,no-prompt,no-prompt,28,deepseek-r1-distill-8b,0.7390594482421875
F1,F2,no-prompt,no-prompt,29,deepseek-r1-distill-8b,0.7647857666015625
F1,F2,no-prompt,no-prompt,30,deepseek-r1-distill-8b,0.6869354248046875
F1,F2,no-prompt,no-prompt,31,deepseek-r1-distill-8b,0.6626434326171875
F1,F2,no-prompt,no-prompt,32,deepseek-r1-distill-8b,0.71563720703125
F1,F3,no-prompt,no-prompt,0,deepseek-r1-distill-8b,0.5016666666666667
F1,F3,no-prompt,no-prompt,1,deepseek-r1-distill-8b,0.4915888888888889
F1,F3,no-prompt,no-prompt,2,deepseek-r1-distill-8b,0.4902999999999999
F1,F3,no-prompt,no-prompt,3,deepseek-r1-distill-8b,0.4901888888888888
F1,F3,no-prompt,no-prompt,4,deepseek-r1-distill-8b,0.4987555555555556
F1,F3,no-prompt,no-prompt,5,deepseek-r1-distill-8b,0.4850888888888888
F1,F3,no-prompt,no-prompt,6,deepseek-r1-distill-8b,0.4921999999999999
F1,F3,no-prompt,no-prompt,7,deepseek-r1-distill-8b,0.4917222222222223
F1,F3,no-prompt,no-prompt,8,deepseek-r1-distill-8b,0.4881333333333333
F1,F3,no-prompt,no-prompt,9,deepseek-r1-distill-8b,0.4710444444444445
F1,F3,no-prompt,no-prompt,10,deepseek-r1-distill-8b,0.4544444444444444
F1,F3,no-prompt,no-prompt,11,deepseek-r1-distill-8b,0.4852444444444445
F1,F3,no-prompt,no-prompt,12,deepseek-r1-distill-8b,0.5037777777777779
F1,F3,no-prompt,no-prompt,13,deepseek-r1-distill-8b,0.5347555555555557
F1,F3,no-prompt,no-prompt,14,deepseek-r1-distill-8b,0.5124111111111112
F1,F3,no-prompt,no-prompt,15,deepseek-r1-distill-8b,0.5184555555555556
F1,F3,no-prompt,no-prompt,16,deepseek-r1-distill-8b,0.5491222222222223
F1,F3,no-prompt,no-prompt,17,deepseek-r1-distill-8b,0.5366222222222222
F1,F3,no-prompt,no-prompt,18,deepseek-r1-distill-8b,0.5395888888888889
F1,F3,no-prompt,no-prompt,19,deepseek-r1-distill-8b,0.5107333333333334
F1,F3,no-prompt,no-prompt,20,deepseek-r1-distill-8b,0.5044777777777777
F1,F3,no-prompt,no-prompt,21,deepseek-r1-distill-8b,0.5053888888888889
F1,F3,no-prompt,no-prompt,22,deepseek-r1-distill-8b,0.5145111111111111
F1,F3,no-prompt,no-prompt,23,deepseek-r1-distill-8b,0.5166888888888888
F1,F3,no-prompt,no-prompt,24,deepseek-r1-distill-8b,0.5195555555555555
F1,F3,no-prompt,no-prompt,25,deepseek-r1-distill-8b,0.5181
F1,F3,no-prompt,no-prompt,26,deepseek-r1-distill-8b,0.5231555555555556
F1,F3,no-prompt,no-prompt,27,deepseek-r1-distill-8b,0.5359
F1,F3,no-prompt,no-prompt,28,deepseek-r1-distill-8b,0.5468
F1,F3,no-prompt,no-prompt,29,deepseek-r1-distill-8b,0.5323333333333333
F1,F3,no-prompt,no-prompt,30,deepseek-r1-distill-8b,0.5335444444444444
F1,F3,no-prompt,no-prompt,31,deepseek-r1-distill-8b,0.5299222222222222
F1,F3,no-prompt,no-prompt,32,deepseek-r1-distill-8b,0.5744777777777778
F1,F4,no-prompt,no-prompt,0,deepseek-r1-distill-8b,0.5183946488294314
F1,F4,no-prompt,no-prompt,1,deepseek-r1-distill-8b,0.4738090177962215
F1,F4,no-prompt,no-prompt,2,deepseek-r1-distill-8b,0.4749275735170748
F1,F4,no-prompt,no-prompt,3,deepseek-r1-distill-8b,0.4688090737240075
F1,F4,no-prompt,no-prompt,4,deepseek-r1-distill-8b,0.4595474323553428
F1,F4,no-prompt,no-prompt,5,deepseek-r1-distill-8b,0.4502074920862183
F1,F4,no-prompt,no-prompt,6,deepseek-r1-distill-8b,0.4886634377691524
F1,F4,no-prompt,no-prompt,7,deepseek-r1-distill-8b,0.4875113253766736
F1,F4,no-prompt,no-prompt,8,deepseek-r1-distill-8b,0.4416617263788996
F1,F4,no-prompt,no-prompt,9,deepseek-r1-distill-8b,0.4136307200143175
F1,F4,no-prompt,no-prompt,10,deepseek-r1-distill-8b,0.4016621738011879
F1,F4,no-prompt,no-prompt,11,deepseek-r1-distill-8b,0.4546929005268397
F1,F4,no-prompt,no-prompt,12,deepseek-r1-distill-8b,0.4665831478395096
F1,F4,no-prompt,no-prompt,13,deepseek-r1-distill-8b,0.492142146061006
F1,F4,no-prompt,no-prompt,14,deepseek-r1-distill-8b,0.4931488462097739
F1,F4,no-prompt,no-prompt,15,deepseek-r1-distill-8b,0.5090547085603069
F1,F4,no-prompt,no-prompt,16,deepseek-r1-distill-8b,0.5151396516817486
F1,F4,no-prompt,no-prompt,17,deepseek-r1-distill-8b,0.5245690764085412
F1,F4,no-prompt,no-prompt,18,deepseek-r1-distill-8b,0.5221194393798727
F1,F4,no-prompt,no-prompt,19,deepseek-r1-distill-8b,0.5193566067493652
F1,F4,no-prompt,no-prompt,20,deepseek-r1-distill-8b,0.5185624321875595
F1,F4,no-prompt,no-prompt,21,deepseek-r1-distill-8b,0.5235400051453563
F1,F4,no-prompt,no-prompt,22,deepseek-r1-distill-8b,0.5250724264829253
F1,F4,no-prompt,no-prompt,23,deepseek-r1-distill-8b,0.5290097426203286
F1,F4,no-prompt,no-prompt,24,deepseek-r1-distill-8b,0.5284952069887361
F1,F4,no-prompt,no-prompt,25,deepseek-r1-distill-8b,0.5297144327244662
F1,F4,no-prompt,no-prompt,26,deepseek-r1-distill-8b,0.5303967517141867
F1,F4,no-prompt,no-prompt,27,deepseek-r1-distill-8b,0.5344571089808838
F1,F4,no-prompt,no-prompt,28,deepseek-r1-distill-8b,0.5384950951331641
F1,F4,no-prompt,no-prompt,29,deepseek-r1-distill-8b,0.5303072672565183
F1,F4,no-prompt,no-prompt,30,deepseek-r1-distill-8b,0.5297144327244662
F1,F4,no-prompt,no-prompt,31,deepseek-r1-distill-8b,0.5219740271361618
F1,F4,no-prompt,no-prompt,32,deepseek-r1-distill-8b,0.5245578908513328
F1,F5,no-prompt,no-prompt,0,deepseek-r1-distill-8b,0.5277095277095277
F1,F5,no-prompt,no-prompt,1,deepseek-r1-distill-8b,0.5014901264901265
F1,F5,no-prompt,no-prompt,2,deepseek-r1-distill-8b,0.5007052507052506
F1,F5,no-prompt,no-prompt,3,deepseek-r1-distill-8b,0.501956501956502
F1,F5,no-prompt,no-prompt,4,deepseek-r1-distill-8b,0.492048867048867
F1,F5,no-prompt,no-prompt,5,deepseek-r1-distill-8b,0.4951087451087451
F1,F5,no-prompt,no-prompt,6,deepseek-r1-distill-8b,0.5157998907998907
F1,F5,no-prompt,no-prompt,7,deepseek-r1-distill-8b,0.5061083811083811
F1,F5,no-prompt,no-prompt,8,deepseek-r1-distill-8b,0.4521225771225771
F1,F5,no-prompt,no-prompt,9,deepseek-r1-distill-8b,0.4576280826280826
F1,F5,no-prompt,no-prompt,10,deepseek-r1-distill-8b,0.4184752934752934
F1,F5,no-prompt,no-prompt,11,deepseek-r1-distill-8b,0.4631222131222131
F1,F5,no-prompt,no-prompt,12,deepseek-r1-distill-8b,0.4984643734643734
F1,F5,no-prompt,no-prompt,13,deepseek-r1-distill-8b,0.4995791245791245
F1,F5,no-prompt,no-prompt,14,deepseek-r1-distill-8b,0.5011602511602512
F1,F5,no-prompt,no-prompt,15,deepseek-r1-distill-8b,0.5065633815633815
F1,F5,no-prompt,no-prompt,16,deepseek-r1-distill-8b,0.5101123851123851
F1,F5,no-prompt,no-prompt,17,deepseek-r1-distill-8b,0.5145031395031395
F1,F5,no-prompt,no-prompt,18,deepseek-r1-distill-8b,0.5061880061880062
F1,F5,no-prompt,no-prompt,19,deepseek-r1-distill-8b,0.5084857584857585
F1,F5,no-prompt,no-prompt,20,deepseek-r1-distill-8b,0.5135476385476385
F1,F5,no-prompt,no-prompt,21,deepseek-r1-distill-8b,0.5108176358176358
F1,F5,no-prompt,no-prompt,22,deepseek-r1-distill-8b,0.5111702611702612
F1,F5,no-prompt,no-prompt,23,deepseek-r1-distill-8b,0.5116935116935116
F1,F5,no-prompt,no-prompt,24,deepseek-r1-distill-8b,0.5120347620347621
F1,F5,no-prompt,no-prompt,25,deepseek-r1-distill-8b,0.5173241423241423
F1,F5,no-prompt,no-prompt,26,deepseek-r1-distill-8b,0.5214760214760215
F1,F5,no-prompt,no-prompt,27,deepseek-r1-distill-8b,0.5228751478751479
F1,F5,no-prompt,no-prompt,28,deepseek-r1-distill-8b,0.5136727636727637
F1,F5,no-prompt,no-prompt,29,deepseek-r1-distill-8b,0.5125921375921376
F1,F5,no-prompt,no-prompt,30,deepseek-r1-distill-8b,0.5105446355446356
F1,F5,no-prompt,no-prompt,31,deepseek-r1-distill-8b,0.5080648830648831
F1,F5,no-prompt,no-prompt,32,deepseek-r1-distill-8b,0.5183478933478933
F2,A1,no-prompt,no-prompt,0,deepseek-r1-distill-8b,0.4924888888888888
F2,A1,no-prompt,no-prompt,1,deepseek-r1-distill-8b,0.5226222222222222
F2,A1,no-prompt,no-prompt,2,deepseek-r1-distill-8b,0.4653777777777778
F2,A1,no-prompt,no-prompt,3,deepseek-r1-distill-8b,0.4881333333333333
F2,A1,no-prompt,no-prompt,4,deepseek-r1-distill-8b,0.4951111111111111
F2,A1,no-prompt,no-prompt,5,deepseek-r1-distill-8b,0.483911111111111
F2,A1,no-prompt,no-prompt,6,deepseek-r1-distill-8b,0.4676444444444445
F2,A1,no-prompt,no-prompt,7,deepseek-r1-distill-8b,0.4683555555555555
F2,A1,no-prompt,no-prompt,8,deepseek-r1-distill-8b,0.4640444444444445
F2,A1,no-prompt,no-prompt,9,deepseek-r1-distill-8b,0.4775111111111111
F2,A1,no-prompt,no-prompt,10,deepseek-r1-distill-8b,0.5131555555555556
F2,A1,no-prompt,no-prompt,11,deepseek-r1-distill-8b,0.5416000000000001
F2,A1,no-prompt,no-prompt,12,deepseek-r1-distill-8b,0.5338666666666666
F2,A1,no-prompt,no-prompt,13,deepseek-r1-distill-8b,0.5399111111111111
F2,A1,no-prompt,no-prompt,14,deepseek-r1-distill-8b,0.5434666666666668
F2,A1,no-prompt,no-prompt,15,deepseek-r1-distill-8b,0.5371111111111111
F2,A1,no-prompt,no-prompt,16,deepseek-r1-distill-8b,0.5411555555555555
F2,A1,no-prompt,no-prompt,17,deepseek-r1-distill-8b,0.5295111111111112
F2,A1,no-prompt,no-prompt,18,deepseek-r1-distill-8b,0.5345777777777778
F2,A1,no-prompt,no-prompt,19,deepseek-r1-distill-8b,0.5012444444444444
F2,A1,no-prompt,no-prompt,20,deepseek-r1-distill-8b,0.4879555555555555
F2,A1,no-prompt,no-prompt,21,deepseek-r1-distill-8b,0.5025333333333333
F2,A1,no-prompt,no-prompt,22,deepseek-r1-distill-8b,0.5332
F2,A1,no-prompt,no-prompt,23,deepseek-r1-distill-8b,0.4385333333333333
F2,A1,no-prompt,no-prompt,24,deepseek-r1-distill-8b,0.4569777777777777
F2,A1,no-prompt,no-prompt,25,deepseek-r1-distill-8b,0.4376888888888889
F2,A1,no-prompt,no-prompt,26,deepseek-r1-distill-8b,0.4619555555555554
F2,A1,no-prompt,no-prompt,27,deepseek-r1-distill-8b,0.4621333333333333
F2,A1,no-prompt,no-prompt,28,deepseek-r1-distill-8b,0.4498666666666667
F2,A1,no-prompt,no-prompt,29,deepseek-r1-distill-8b,0.4633777777777778
F2,A1,no-prompt,no-prompt,30,deepseek-r1-distill-8b,0.4690222222222222
F2,A1,no-prompt,no-prompt,31,deepseek-r1-distill-8b,0.4980444444444444
F2,A1,no-prompt,no-prompt,32,deepseek-r1-distill-8b,0.5556888888888889
F2,A2,no-prompt,no-prompt,0,deepseek-r1-distill-8b,0.4993777777777778
F2,A2,no-prompt,no-prompt,1,deepseek-r1-distill-8b,0.4976888888888888
F2,A2,no-prompt,no-prompt,2,deepseek-r1-distill-8b,0.4867111111111111
F2,A2,no-prompt,no-prompt,3,deepseek-r1-distill-8b,0.4534666666666667
F2,A2,no-prompt,no-prompt,4,deepseek-r1-distill-8b,0.4108444444444444
F2,A2,no-prompt,no-prompt,5,deepseek-r1-distill-8b,0.4184888888888889
F2,A2,no-prompt,no-prompt,6,deepseek-r1-distill-8b,0.4398666666666667
F2,A2,no-prompt,no-prompt,7,deepseek-r1-distill-8b,0.4449333333333333
F2,A2,no-prompt,no-prompt,8,deepseek-r1-distill-8b,0.4521777777777778
F2,A2,no-prompt,no-prompt,9,deepseek-r1-distill-8b,0.5281333333333333
F2,A2,no-prompt,no-prompt,10,deepseek-r1-distill-8b,0.5596
F2,A2,no-prompt,no-prompt,11,deepseek-r1-distill-8b,0.5407111111111111
F2,A2,no-prompt,no-prompt,12,deepseek-r1-distill-8b,0.5096888888888889
F2,A2,no-prompt,no-prompt,13,deepseek-r1-distill-8b,0.5027555555555555
F2,A2,no-prompt,no-prompt,14,deepseek-r1-distill-8b,0.4992444444444444
F2,A2,no-prompt,no-prompt,15,deepseek-r1-distill-8b,0.5150222222222223
F2,A2,no-prompt,no-prompt,16,deepseek-r1-distill-8b,0.5033777777777778
F2,A2,no-prompt,no-prompt,17,deepseek-r1-distill-8b,0.4920888888888889
F2,A2,no-prompt,no-prompt,18,deepseek-r1-distill-8b,0.4918666666666667
F2,A2,no-prompt,no-prompt,19,deepseek-r1-distill-8b,0.5021777777777777
F2,A2,no-prompt,no-prompt,20,deepseek-r1-distill-8b,0.4998222222222222
F2,A2,no-prompt,no-prompt,21,deepseek-r1-distill-8b,0.5171111111111111
F2,A2,no-prompt,no-prompt,22,deepseek-r1-distill-8b,0.4910666666666666
F2,A2,no-prompt,no-prompt,23,deepseek-r1-distill-8b,0.4723999999999999
F2,A2,no-prompt,no-prompt,24,deepseek-r1-distill-8b,0.4732888888888888
F2,A2,no-prompt,no-prompt,25,deepseek-r1-distill-8b,0.4679555555555555
F2,A2,no-prompt,no-prompt,26,deepseek-r1-distill-8b,0.4882222222222223
F2,A2,no-prompt,no-prompt,27,deepseek-r1-distill-8b,0.4776888888888888
F2,A2,no-prompt,no-prompt,28,deepseek-r1-distill-8b,0.4790666666666667
F2,A2,no-prompt,no-prompt,29,deepseek-r1-distill-8b,0.4854666666666667
F2,A2,no-prompt,no-prompt,30,deepseek-r1-distill-8b,0.4930666666666666
F2,A2,no-prompt,no-prompt,31,deepseek-r1-distill-8b,0.500488888888889
F2,A2,no-prompt,no-prompt,32,deepseek-r1-distill-8b,0.5115555555555555
F2,A3,no-prompt,no-prompt,0,deepseek-r1-distill-8b,0.5546222222222222
F2,A3,no-prompt,no-prompt,1,deepseek-r1-distill-8b,0.4622666666666666
F2,A3,no-prompt,no-prompt,2,deepseek-r1-distill-8b,0.5290222222222223
F2,A3,no-prompt,no-prompt,3,deepseek-r1-distill-8b,0.4930222222222222
F2,A3,no-prompt,no-prompt,4,deepseek-r1-distill-8b,0.4888444444444444
F2,A3,no-prompt,no-prompt,5,deepseek-r1-distill-8b,0.4992
F2,A3,no-prompt,no-prompt,6,deepseek-r1-distill-8b,0.5141333333333333
F2,A3,no-prompt,no-prompt,7,deepseek-r1-distill-8b,0.5224
F2,A3,no-prompt,no-prompt,8,deepseek-r1-distill-8b,0.5050666666666667
F2,A3,no-prompt,no-prompt,9,deepseek-r1-distill-8b,0.548
F2,A3,no-prompt,no-prompt,10,deepseek-r1-distill-8b,0.5902222222222222
F2,A3,no-prompt,no-prompt,11,deepseek-r1-distill-8b,0.5949777777777778
F2,A3,no-prompt,no-prompt,12,deepseek-r1-distill-8b,0.5808444444444445
F2,A3,no-prompt,no-prompt,13,deepseek-r1-distill-8b,0.566088888888889
F2,A3,no-prompt,no-prompt,14,deepseek-r1-distill-8b,0.5669777777777778
F2,A3,no-prompt,no-prompt,15,deepseek-r1-distill-8b,0.5644888888888889
F2,A3,no-prompt,no-prompt,16,deepseek-r1-distill-8b,0.5523555555555555
F2,A3,no-prompt,no-prompt,17,deepseek-r1-distill-8b,0.5383555555555555
F2,A3,no-prompt,no-prompt,18,deepseek-r1-distill-8b,0.5417777777777777
F2,A3,no-prompt,no-prompt,19,deepseek-r1-distill-8b,0.5357777777777777
F2,A3,no-prompt,no-prompt,20,deepseek-r1-distill-8b,0.5402666666666667
F2,A3,no-prompt,no-prompt,21,deepseek-r1-distill-8b,0.5425777777777777
F2,A3,no-prompt,no-prompt,22,deepseek-r1-distill-8b,0.5275555555555556
F2,A3,no-prompt,no-prompt,23,deepseek-r1-distill-8b,0.5195555555555554
F2,A3,no-prompt,no-prompt,24,deepseek-r1-distill-8b,0.5212
F2,A3,no-prompt,no-prompt,25,deepseek-r1-distill-8b,0.5155555555555555
F2,A3,no-prompt,no-prompt,26,deepseek-r1-distill-8b,0.5119111111111111
F2,A3,no-prompt,no-prompt,27,deepseek-r1-distill-8b,0.4960444444444445
F2,A3,no-prompt,no-prompt,28,deepseek-r1-distill-8b,0.4979555555555556
F2,A3,no-prompt,no-prompt,29,deepseek-r1-distill-8b,0.5070222222222223
F2,A3,no-prompt,no-prompt,30,deepseek-r1-distill-8b,0.5119111111111111
F2,A3,no-prompt,no-prompt,31,deepseek-r1-distill-8b,0.5203555555555556
F2,A3,no-prompt,no-prompt,32,deepseek-r1-distill-8b,0.5177777777777778
F2,F0,no-prompt,no-prompt,0,deepseek-r1-distill-8b,0.52734375
F2,F0,no-prompt,no-prompt,1,deepseek-r1-distill-8b,0.504150390625
F2,F0,no-prompt,no-prompt,2,deepseek-r1-distill-8b,0.5474853515625
F2,F0,no-prompt,no-prompt,3,deepseek-r1-distill-8b,0.53253173828125
F2,F0,no-prompt,no-prompt,4,deepseek-r1-distill-8b,0.5350799560546875
F2,F0,no-prompt,no-prompt,5,deepseek-r1-distill-8b,0.5472259521484375
F2,F0,no-prompt,no-prompt,6,deepseek-r1-distill-8b,0.532806396484375
F2,F0,no-prompt,no-prompt,7,deepseek-r1-distill-8b,0.5451812744140625
F2,F0,no-prompt,no-prompt,8,deepseek-r1-distill-8b,0.6464385986328125
F2,F0,no-prompt,no-prompt,9,deepseek-r1-distill-8b,0.8436737060546875
F2,F0,no-prompt,no-prompt,10,deepseek-r1-distill-8b,0.9141845703125
F2,F0,no-prompt,no-prompt,11,deepseek-r1-distill-8b,0.9420166015625
F2,F0,no-prompt,no-prompt,12,deepseek-r1-distill-8b,0.9083404541015624
F2,F0,no-prompt,no-prompt,13,deepseek-r1-distill-8b,0.9685211181640624
F2,F0,no-prompt,no-prompt,14,deepseek-r1-distill-8b,0.973358154296875
F2,F0,no-prompt,no-prompt,15,deepseek-r1-distill-8b,0.9643402099609376
F2,F0,no-prompt,no-prompt,16,deepseek-r1-distill-8b,0.9470672607421876
F2,F0,no-prompt,no-prompt,17,deepseek-r1-distill-8b,0.9425811767578124
F2,F0,no-prompt,no-prompt,18,deepseek-r1-distill-8b,0.9537811279296876
F2,F0,no-prompt,no-prompt,19,deepseek-r1-distill-8b,0.9539794921875
F2,F0,no-prompt,no-prompt,20,deepseek-r1-distill-8b,0.958465576171875
F2,F0,no-prompt,no-prompt,21,deepseek-r1-distill-8b,0.9549102783203124
F2,F0,no-prompt,no-prompt,22,deepseek-r1-distill-8b,0.9505767822265624
F2,F0,no-prompt,no-prompt,23,deepseek-r1-distill-8b,0.9244537353515624
F2,F0,no-prompt,no-prompt,24,deepseek-r1-distill-8b,0.929229736328125
F2,F0,no-prompt,no-prompt,25,deepseek-r1-distill-8b,0.9250640869140624
F2,F0,no-prompt,no-prompt,26,deepseek-r1-distill-8b,0.9187469482421876
F2,F0,no-prompt,no-prompt,27,deepseek-r1-distill-8b,0.8937530517578125
F2,F0,no-prompt,no-prompt,28,deepseek-r1-distill-8b,0.900299072265625
F2,F0,no-prompt,no-prompt,29,deepseek-r1-distill-8b,0.892852783203125
F2,F0,no-prompt,no-prompt,30,deepseek-r1-distill-8b,0.8864898681640625
F2,F0,no-prompt,no-prompt,31,deepseek-r1-distill-8b,0.8846893310546875
F2,F0,no-prompt,no-prompt,32,deepseek-r1-distill-8b,0.8831634521484375
F2,F1,no-prompt,no-prompt,0,deepseek-r1-distill-8b,0.501953125
F2,F1,no-prompt,no-prompt,1,deepseek-r1-distill-8b,0.4943695068359375
F2,F1,no-prompt,no-prompt,2,deepseek-r1-distill-8b,0.4878692626953125
F2,F1,no-prompt,no-prompt,3,deepseek-r1-distill-8b,0.484954833984375
F2,F1,no-prompt,no-prompt,4,deepseek-r1-distill-8b,0.462158203125
F2,F1,no-prompt,no-prompt,5,deepseek-r1-distill-8b,0.445098876953125
F2,F1,no-prompt,no-prompt,6,deepseek-r1-distill-8b,0.4664459228515625
F2,F1,no-prompt,no-prompt,7,deepseek-r1-distill-8b,0.4479827880859375
F2,F1,no-prompt,no-prompt,8,deepseek-r1-distill-8b,0.3354644775390625
F2,F1,no-prompt,no-prompt,9,deepseek-r1-distill-8b,0.181182861328125
F2,F1,no-prompt,no-prompt,10,deepseek-r1-distill-8b,0.1540985107421875
F2,F1,no-prompt,no-prompt,11,deepseek-r1-distill-8b,0.2047576904296875
F2,F1,no-prompt,no-prompt,12,deepseek-r1-distill-8b,0.3321380615234375
F2,F1,no-prompt,no-prompt,13,deepseek-r1-distill-8b,0.6643829345703125
F2,F1,no-prompt,no-prompt,14,deepseek-r1-distill-8b,0.8676605224609375
F2,F1,no-prompt,no-prompt,15,deepseek-r1-distill-8b,0.859344482421875
F2,F1,no-prompt,no-prompt,16,deepseek-r1-distill-8b,0.9197235107421876
F2,F1,no-prompt,no-prompt,17,deepseek-r1-distill-8b,0.903717041015625
F2,F1,no-prompt,no-prompt,18,deepseek-r1-distill-8b,0.901947021484375
F2,F1,no-prompt,no-prompt,19,deepseek-r1-distill-8b,0.8961639404296875
F2,F1,no-prompt,no-prompt,20,deepseek-r1-distill-8b,0.8805084228515625
F2,F1,no-prompt,no-prompt,21,deepseek-r1-distill-8b,0.8839111328125
F2,F1,no-prompt,no-prompt,22,deepseek-r1-distill-8b,0.876708984375
F2,F1,no-prompt,no-prompt,23,deepseek-r1-distill-8b,0.8677215576171875
F2,F1,no-prompt,no-prompt,24,deepseek-r1-distill-8b,0.891937255859375
F2,F1,no-prompt,no-prompt,25,deepseek-r1-distill-8b,0.875518798828125
F2,F1,no-prompt,no-prompt,26,deepseek-r1-distill-8b,0.8636627197265625
F2,F1,no-prompt,no-prompt,27,deepseek-r1-distill-8b,0.855072021484375
F2,F1,no-prompt,no-prompt,28,deepseek-r1-distill-8b,0.8280181884765625
F2,F1,no-prompt,no-prompt,29,deepseek-r1-distill-8b,0.8167572021484375
F2,F1,no-prompt,no-prompt,30,deepseek-r1-distill-8b,0.796966552734375
F2,F1,no-prompt,no-prompt,31,deepseek-r1-distill-8b,0.7298736572265625
F2,F1,no-prompt,no-prompt,32,deepseek-r1-distill-8b,0.711029052734375
F2,F3,no-prompt,no-prompt,0,deepseek-r1-distill-8b,0.5016666666666667
F2,F3,no-prompt,no-prompt,1,deepseek-r1-distill-8b,0.4743666666666666
F2,F3,no-prompt,no-prompt,2,deepseek-r1-distill-8b,0.4881666666666666
F2,F3,no-prompt,no-prompt,3,deepseek-r1-distill-8b,0.4841999999999999
F2,F3,no-prompt,no-prompt,4,deepseek-r1-distill-8b,0.4842555555555555
F2,F3,no-prompt,no-prompt,5,deepseek-r1-distill-8b,0.4913111111111111
F2,F3,no-prompt,no-prompt,6,deepseek-r1-distill-8b,0.4888444444444444
F2,F3,no-prompt,no-prompt,7,deepseek-r1-distill-8b,0.4902999999999999
F2,F3,no-prompt,no-prompt,8,deepseek-r1-distill-8b,0.4961333333333333
F2,F3,no-prompt,no-prompt,9,deepseek-r1-distill-8b,0.5401222222222223
F2,F3,no-prompt,no-prompt,10,deepseek-r1-distill-8b,0.5358
F2,F3,no-prompt,no-prompt,11,deepseek-r1-distill-8b,0.5557222222222222
F2,F3,no-prompt,no-prompt,12,deepseek-r1-distill-8b,0.5794444444444444
F2,F3,no-prompt,no-prompt,13,deepseek-r1-distill-8b,0.5842222222222222
F2,F3,no-prompt,no-prompt,14,deepseek-r1-distill-8b,0.6245222222222222
F2,F3,no-prompt,no-prompt,15,deepseek-r1-distill-8b,0.6552666666666667
F2,F3,no-prompt,no-prompt,16,deepseek-r1-distill-8b,0.6727777777777778
F2,F3,no-prompt,no-prompt,17,deepseek-r1-distill-8b,0.6610444444444444
F2,F3,no-prompt,no-prompt,18,deepseek-r1-distill-8b,0.6627555555555557
F2,F3,no-prompt,no-prompt,19,deepseek-r1-distill-8b,0.7042666666666667
F2,F3,no-prompt,no-prompt,20,deepseek-r1-distill-8b,0.653
F2,F3,no-prompt,no-prompt,21,deepseek-r1-distill-8b,0.6208888888888889
F2,F3,no-prompt,no-prompt,22,deepseek-r1-distill-8b,0.6367888888888888
F2,F3,no-prompt,no-prompt,23,deepseek-r1-distill-8b,0.6352666666666666
F2,F3,no-prompt,no-prompt,24,deepseek-r1-distill-8b,0.6333111111111112
F2,F3,no-prompt,no-prompt,25,deepseek-r1-distill-8b,0.6245888888888889
F2,F3,no-prompt,no-prompt,26,deepseek-r1-distill-8b,0.5985444444444443
F2,F3,no-prompt,no-prompt,27,deepseek-r1-distill-8b,0.6293666666666667
F2,F3,no-prompt,no-prompt,28,deepseek-r1-distill-8b,0.6419222222222222
F2,F3,no-prompt,no-prompt,29,deepseek-r1-distill-8b,0.6329555555555555
F2,F3,no-prompt,no-prompt,30,deepseek-r1-distill-8b,0.6068888888888888
F2,F3,no-prompt,no-prompt,31,deepseek-r1-distill-8b,0.6082333333333334
F2,F3,no-prompt,no-prompt,32,deepseek-r1-distill-8b,0.558911111111111
F2,F4,no-prompt,no-prompt,0,deepseek-r1-distill-8b,0.5183946488294314
F2,F4,no-prompt,no-prompt,1,deepseek-r1-distill-8b,0.4834174114383507
F2,F4,no-prompt,no-prompt,2,deepseek-r1-distill-8b,0.4801176720618337
F2,F4,no-prompt,no-prompt,3,deepseek-r1-distill-8b,0.4781713851075491
F2,F4,no-prompt,no-prompt,4,deepseek-r1-distill-8b,0.486113130725607
F2,F4,no-prompt,no-prompt,5,deepseek-r1-distill-8b,0.496638740058836
F2,F4,no-prompt,no-prompt,6,deepseek-r1-distill-8b,0.4961577610988691
F2,F4,no-prompt,no-prompt,7,deepseek-r1-distill-8b,0.4978132235657319
F2,F4,no-prompt,no-prompt,8,deepseek-r1-distill-8b,0.5103634187537053
F2,F4,no-prompt,no-prompt,9,deepseek-r1-distill-8b,0.5697699130882206
F2,F4,no-prompt,no-prompt,10,deepseek-r1-distill-8b,0.6059551906578227
F2,F4,no-prompt,no-prompt,11,deepseek-r1-distill-8b,0.6263240903345599
F2,F4,no-prompt,no-prompt,12,deepseek-r1-distill-8b,0.6219169807943983
F2,F4,no-prompt,no-prompt,13,deepseek-r1-distill-8b,0.6606301942931287
F2,F4,no-prompt,no-prompt,14,deepseek-r1-distill-8b,0.6841422355454636
F2,F4,no-prompt,no-prompt,15,deepseek-r1-distill-8b,0.68150244404425
F2,F4,no-prompt,no-prompt,16,deepseek-r1-distill-8b,0.6284940884330152
F2,F4,no-prompt,no-prompt,17,deepseek-r1-distill-8b,0.645842887663449
F2,F4,no-prompt,no-prompt,18,deepseek-r1-distill-8b,0.6358765561906465
F2,F4,no-prompt,no-prompt,19,deepseek-r1-distill-8b,0.6657755506090536
F2,F4,no-prompt,no-prompt,20,deepseek-r1-distill-8b,0.6551157145893223
F2,F4,no-prompt,no-prompt,21,deepseek-r1-distill-8b,0.6310779521481863
F2,F4,no-prompt,no-prompt,22,deepseek-r1-distill-8b,0.634981711613964
F2,F4,no-prompt,no-prompt,23,deepseek-r1-distill-8b,0.6261227503048065
F2,F4,no-prompt,no-prompt,24,deepseek-r1-distill-8b,0.6165814700059283
F2,F4,no-prompt,no-prompt,25,deepseek-r1-distill-8b,0.6075099831098086
F2,F4,no-prompt,no-prompt,26,deepseek-r1-distill-8b,0.5640205366830349
F2,F4,no-prompt,no-prompt,27,deepseek-r1-distill-8b,0.5938747888726077
F2,F4,no-prompt,no-prompt,28,deepseek-r1-distill-8b,0.6032035435845237
F2,F4,no-prompt,no-prompt,29,deepseek-r1-distill-8b,0.5995794230489592
F2,F4,no-prompt,no-prompt,30,deepseek-r1-distill-8b,0.5613583740674042
F2,F4,no-prompt,no-prompt,31,deepseek-r1-distill-8b,0.5612017762664847
F2,F4,no-prompt,no-prompt,32,deepseek-r1-distill-8b,0.5424771534994015
F2,F5,no-prompt,no-prompt,0,deepseek-r1-distill-8b,0.5277095277095277
F2,F5,no-prompt,no-prompt,1,deepseek-r1-distill-8b,0.4812767312767312
F2,F5,no-prompt,no-prompt,2,deepseek-r1-distill-8b,0.4874874874874875
F2,F5,no-prompt,no-prompt,3,deepseek-r1-distill-8b,0.4882609882609883
F2,F5,no-prompt,no-prompt,4,deepseek-r1-distill-8b,0.4877263627263626
F2,F5,no-prompt,no-prompt,5,deepseek-r1-distill-8b,0.4936299936299936
F2,F5,no-prompt,no-prompt,6,deepseek-r1-distill-8b,0.4954158704158704
F2,F5,no-prompt,no-prompt,7,deepseek-r1-distill-8b,0.4960642460642461
F2,F5,no-prompt,no-prompt,8,deepseek-r1-distill-8b,0.5072345072345072
F2,F5,no-prompt,no-prompt,9,deepseek-r1-distill-8b,0.5302461552461553
F2,F5,no-prompt,no-prompt,10,deepseek-r1-distill-8b,0.6033192283192284
F2,F5,no-prompt,no-prompt,11,deepseek-r1-distill-8b,0.6321491946491946
F2,F5,no-prompt,no-prompt,12,deepseek-r1-distill-8b,0.5640868140868142
F2,F5,no-prompt,no-prompt,13,deepseek-r1-distill-8b,0.6101897351897352
F2,F5,no-prompt,no-prompt,14,deepseek-r1-distill-8b,0.588986713986714
F2,F5,no-prompt,no-prompt,15,deepseek-r1-distill-8b,0.558092183092183
F2,F5,no-prompt,no-prompt,16,deepseek-r1-distill-8b,0.537048412048412
F2,F5,no-prompt,no-prompt,17,deepseek-r1-distill-8b,0.5573869323869324
F2,F5,no-prompt,no-prompt,18,deepseek-r1-distill-8b,0.5595026845026845
F2,F5,no-prompt,no-prompt,19,deepseek-r1-distill-8b,0.5871894621894622
F2,F5,no-prompt,no-prompt,20,deepseek-r1-distill-8b,0.5983483483483483
F2,F5,no-prompt,no-prompt,21,deepseek-r1-distill-8b,0.5929452179452179
F2,F5,no-prompt,no-prompt,22,deepseek-r1-distill-8b,0.5975520975520975
F2,F5,no-prompt,no-prompt,23,deepseek-r1-distill-8b,0.5993607243607245
F2,F5,no-prompt,no-prompt,24,deepseek-r1-distill-8b,0.5887478387478388
F2,F5,no-prompt,no-prompt,25,deepseek-r1-distill-8b,0.5671011921011921
F2,F5,no-prompt,no-prompt,26,deepseek-r1-distill-8b,0.5286650286650286
F2,F5,no-prompt,no-prompt,27,deepseek-r1-distill-8b,0.5334311584311584
F2,F5,no-prompt,no-prompt,28,deepseek-r1-distill-8b,0.5212030212030212
F2,F5,no-prompt,no-prompt,29,deepseek-r1-distill-8b,0.5124670124670124
F2,F5,no-prompt,no-prompt,30,deepseek-r1-distill-8b,0.5075757575757576
F2,F5,no-prompt,no-prompt,31,deepseek-r1-distill-8b,0.5136955136955137
F2,F5,no-prompt,no-prompt,32,deepseek-r1-distill-8b,0.5077805077805078
F3,A1,no-prompt,no-prompt,0,deepseek-r1-distill-8b,0.4727555555555556
F3,A1,no-prompt,no-prompt,1,deepseek-r1-distill-8b,0.488
F3,A1,no-prompt,no-prompt,2,deepseek-r1-distill-8b,0.4844888888888889
F3,A1,no-prompt,no-prompt,3,deepseek-r1-distill-8b,0.4783555555555555
F3,A1,no-prompt,no-prompt,4,deepseek-r1-distill-8b,0.4669777777777777
F3,A1,no-prompt,no-prompt,5,deepseek-r1-distill-8b,0.445111111111111
F3,A1,no-prompt,no-prompt,6,deepseek-r1-distill-8b,0.4806666666666667
F3,A1,no-prompt,no-prompt,7,deepseek-r1-distill-8b,0.5030222222222223
F3,A1,no-prompt,no-prompt,8,deepseek-r1-distill-8b,0.5227555555555556
F3,A1,no-prompt,no-prompt,9,deepseek-r1-distill-8b,0.5343555555555556
F3,A1,no-prompt,no-prompt,10,deepseek-r1-distill-8b,0.5688
F3,A1,no-prompt,no-prompt,11,deepseek-r1-distill-8b,0.5877777777777778
F3,A1,no-prompt,no-prompt,12,deepseek-r1-distill-8b,0.5761777777777778
F3,A1,no-prompt,no-prompt,13,deepseek-r1-distill-8b,0.5878222222222222
F3,A1,no-prompt,no-prompt,14,deepseek-r1-distill-8b,0.5746666666666667
F3,A1,no-prompt,no-prompt,15,deepseek-r1-distill-8b,0.578
F3,A1,no-prompt,no-prompt,16,deepseek-r1-distill-8b,0.5871555555555555
F3,A1,no-prompt,no-prompt,17,deepseek-r1-distill-8b,0.579288888888889
F3,A1,no-prompt,no-prompt,18,deepseek-r1-distill-8b,0.5868444444444445
F3,A1,no-prompt,no-prompt,19,deepseek-r1-distill-8b,0.5761333333333334
F3,A1,no-prompt,no-prompt,20,deepseek-r1-distill-8b,0.5516444444444445
F3,A1,no-prompt,no-prompt,21,deepseek-r1-distill-8b,0.5532888888888889
F3,A1,no-prompt,no-prompt,22,deepseek-r1-distill-8b,0.5468888888888889
F3,A1,no-prompt,no-prompt,23,deepseek-r1-distill-8b,0.5433333333333333
F3,A1,no-prompt,no-prompt,24,deepseek-r1-distill-8b,0.5608888888888889
F3,A1,no-prompt,no-prompt,25,deepseek-r1-distill-8b,0.5432888888888889
F3,A1,no-prompt,no-prompt,26,deepseek-r1-distill-8b,0.5320888888888888
F3,A1,no-prompt,no-prompt,27,deepseek-r1-distill-8b,0.5337333333333333
F3,A1,no-prompt,no-prompt,28,deepseek-r1-distill-8b,0.5475111111111111
F3,A1,no-prompt,no-prompt,29,deepseek-r1-distill-8b,0.5436888888888889
F3,A1,no-prompt,no-prompt,30,deepseek-r1-distill-8b,0.5266666666666666
F3,A1,no-prompt,no-prompt,31,deepseek-r1-distill-8b,0.6145777777777778
F3,A1,no-prompt,no-prompt,32,deepseek-r1-distill-8b,0.631288888888889
F3,A2,no-prompt,no-prompt,0,deepseek-r1-distill-8b,0.5016444444444444
F3,A2,no-prompt,no-prompt,1,deepseek-r1-distill-8b,0.5281333333333332
F3,A2,no-prompt,no-prompt,2,deepseek-r1-distill-8b,0.5117777777777777
F3,A2,no-prompt,no-prompt,3,deepseek-r1-distill-8b,0.5380444444444445
F3,A2,no-prompt,no-prompt,4,deepseek-r1-distill-8b,0.5270222222222222
F3,A2,no-prompt,no-prompt,5,deepseek-r1-distill-8b,0.4683111111111111
F3,A2,no-prompt,no-prompt,6,deepseek-r1-distill-8b,0.4455111111111111
F3,A2,no-prompt,no-prompt,7,deepseek-r1-distill-8b,0.4529333333333333
F3,A2,no-prompt,no-prompt,8,deepseek-r1-distill-8b,0.4846222222222222
F3,A2,no-prompt,no-prompt,9,deepseek-r1-distill-8b,0.4969333333333334
F3,A2,no-prompt,no-prompt,10,deepseek-r1-distill-8b,0.5077333333333333
F3,A2,no-prompt,no-prompt,11,deepseek-r1-distill-8b,0.5140444444444445
F3,A2,no-prompt,no-prompt,12,deepseek-r1-distill-8b,0.5202666666666667
F3,A2,no-prompt,no-prompt,13,deepseek-r1-distill-8b,0.5120444444444445
F3,A2,no-prompt,no-prompt,14,deepseek-r1-distill-8b,0.5258222222222222
F3,A2,no-prompt,no-prompt,15,deepseek-r1-distill-8b,0.5416888888888888
F3,A2,no-prompt,no-prompt,16,deepseek-r1-distill-8b,0.5371111111111112
F3,A2,no-prompt,no-prompt,17,deepseek-r1-distill-8b,0.5464888888888889
F3,A2,no-prompt,no-prompt,18,deepseek-r1-distill-8b,0.5407111111111111
F3,A2,no-prompt,no-prompt,19,deepseek-r1-distill-8b,0.5181333333333333
F3,A2,no-prompt,no-prompt,20,deepseek-r1-distill-8b,0.5083555555555556
F3,A2,no-prompt,no-prompt,21,deepseek-r1-distill-8b,0.5189777777777778
F3,A2,no-prompt,no-prompt,22,deepseek-r1-distill-8b,0.4946222222222222
F3,A2,no-prompt,no-prompt,23,deepseek-r1-distill-8b,0.4963999999999999
F3,A2,no-prompt,no-prompt,24,deepseek-r1-distill-8b,0.506311111111111
F3,A2,no-prompt,no-prompt,25,deepseek-r1-distill-8b,0.5051555555555556
F3,A2,no-prompt,no-prompt,26,deepseek-r1-distill-8b,0.5252888888888888
F3,A2,no-prompt,no-prompt,27,deepseek-r1-distill-8b,0.5635111111111111
F3,A2,no-prompt,no-prompt,28,deepseek-r1-distill-8b,0.5536444444444444
F3,A2,no-prompt,no-prompt,29,deepseek-r1-distill-8b,0.5243111111111112
F3,A2,no-prompt,no-prompt,30,deepseek-r1-distill-8b,0.4972000000000001
F3,A2,no-prompt,no-prompt,31,deepseek-r1-distill-8b,0.5311999999999999
F3,A2,no-prompt,no-prompt,32,deepseek-r1-distill-8b,0.5252444444444444
F3,A3,no-prompt,no-prompt,0,deepseek-r1-distill-8b,0.5282222222222223
F3,A3,no-prompt,no-prompt,1,deepseek-r1-distill-8b,0.5293333333333334
F3,A3,no-prompt,no-prompt,2,deepseek-r1-distill-8b,0.5308888888888889
F3,A3,no-prompt,no-prompt,3,deepseek-r1-distill-8b,0.5455555555555556
F3,A3,no-prompt,no-prompt,4,deepseek-r1-distill-8b,0.5344
F3,A3,no-prompt,no-prompt,5,deepseek-r1-distill-8b,0.5161333333333333
F3,A3,no-prompt,no-prompt,6,deepseek-r1-distill-8b,0.5058222222222222
F3,A3,no-prompt,no-prompt,7,deepseek-r1-distill-8b,0.4989777777777777
F3,A3,no-prompt,no-prompt,8,deepseek-r1-distill-8b,0.504
F3,A3,no-prompt,no-prompt,9,deepseek-r1-distill-8b,0.5478666666666667
F3,A3,no-prompt,no-prompt,10,deepseek-r1-distill-8b,0.5659111111111111
F3,A3,no-prompt,no-prompt,11,deepseek-r1-distill-8b,0.5624
F3,A3,no-prompt,no-prompt,12,deepseek-r1-distill-8b,0.5503111111111111
F3,A3,no-prompt,no-prompt,13,deepseek-r1-distill-8b,0.5418222222222222
F3,A3,no-prompt,no-prompt,14,deepseek-r1-distill-8b,0.5655111111111111
F3,A3,no-prompt,no-prompt,15,deepseek-r1-distill-8b,0.5585777777777778
F3,A3,no-prompt,no-prompt,16,deepseek-r1-distill-8b,0.5587555555555556
F3,A3,no-prompt,no-prompt,17,deepseek-r1-distill-8b,0.5744888888888888
F3,A3,no-prompt,no-prompt,18,deepseek-r1-distill-8b,0.5431111111111111
F3,A3,no-prompt,no-prompt,19,deepseek-r1-distill-8b,0.5314222222222222
F3,A3,no-prompt,no-prompt,20,deepseek-r1-distill-8b,0.5422222222222223
F3,A3,no-prompt,no-prompt,21,deepseek-r1-distill-8b,0.5472444444444444
F3,A3,no-prompt,no-prompt,22,deepseek-r1-distill-8b,0.5398222222222222
F3,A3,no-prompt,no-prompt,23,deepseek-r1-distill-8b,0.5390666666666666
F3,A3,no-prompt,no-prompt,24,deepseek-r1-distill-8b,0.5465777777777778
F3,A3,no-prompt,no-prompt,25,deepseek-r1-distill-8b,0.5338222222222222
F3,A3,no-prompt,no-prompt,26,deepseek-r1-distill-8b,0.5411111111111111
F3,A3,no-prompt,no-prompt,27,deepseek-r1-distill-8b,0.5457333333333334
F3,A3,no-prompt,no-prompt,28,deepseek-r1-distill-8b,0.5485777777777778
F3,A3,no-prompt,no-prompt,29,deepseek-r1-distill-8b,0.5516444444444444
F3,A3,no-prompt,no-prompt,30,deepseek-r1-distill-8b,0.5222666666666667
F3,A3,no-prompt,no-prompt,31,deepseek-r1-distill-8b,0.5357333333333333
F3,A3,no-prompt,no-prompt,32,deepseek-r1-distill-8b,0.4796444444444445
F3,F0,no-prompt,no-prompt,0,deepseek-r1-distill-8b,0.52734375
F3,F0,no-prompt,no-prompt,1,deepseek-r1-distill-8b,0.515716552734375
F3,F0,no-prompt,no-prompt,2,deepseek-r1-distill-8b,0.5397186279296875
F3,F0,no-prompt,no-prompt,3,deepseek-r1-distill-8b,0.5482330322265625
F3,F0,no-prompt,no-prompt,4,deepseek-r1-distill-8b,0.5439910888671875
F3,F0,no-prompt,no-prompt,5,deepseek-r1-distill-8b,0.5431060791015625
F3,F0,no-prompt,no-prompt,6,deepseek-r1-distill-8b,0.5511932373046875
F3,F0,no-prompt,no-prompt,7,deepseek-r1-distill-8b,0.56439208984375
F3,F0,no-prompt,no-prompt,8,deepseek-r1-distill-8b,0.602386474609375
F3,F0,no-prompt,no-prompt,9,deepseek-r1-distill-8b,0.63433837890625
F3,F0,no-prompt,no-prompt,10,deepseek-r1-distill-8b,0.676605224609375
F3,F0,no-prompt,no-prompt,11,deepseek-r1-distill-8b,0.7892608642578125
F3,F0,no-prompt,no-prompt,12,deepseek-r1-distill-8b,0.7701263427734375
F3,F0,no-prompt,no-prompt,13,deepseek-r1-distill-8b,0.793731689453125
F3,F0,no-prompt,no-prompt,14,deepseek-r1-distill-8b,0.816650390625
F3,F0,no-prompt,no-prompt,15,deepseek-r1-distill-8b,0.8280181884765625
F3,F0,no-prompt,no-prompt,16,deepseek-r1-distill-8b,0.839202880859375
F3,F0,no-prompt,no-prompt,17,deepseek-r1-distill-8b,0.866363525390625
F3,F0,no-prompt,no-prompt,18,deepseek-r1-distill-8b,0.7706756591796875
F3,F0,no-prompt,no-prompt,19,deepseek-r1-distill-8b,0.769744873046875
F3,F0,no-prompt,no-prompt,20,deepseek-r1-distill-8b,0.7972259521484375
F3,F0,no-prompt,no-prompt,21,deepseek-r1-distill-8b,0.7931365966796875
F3,F0,no-prompt,no-prompt,22,deepseek-r1-distill-8b,0.8082427978515625
F3,F0,no-prompt,no-prompt,23,deepseek-r1-distill-8b,0.8407135009765625
F3,F0,no-prompt,no-prompt,24,deepseek-r1-distill-8b,0.8158111572265625
F3,F0,no-prompt,no-prompt,25,deepseek-r1-distill-8b,0.7917938232421875
F3,F0,no-prompt,no-prompt,26,deepseek-r1-distill-8b,0.82086181640625
F3,F0,no-prompt,no-prompt,27,deepseek-r1-distill-8b,0.8046722412109375
F3,F0,no-prompt,no-prompt,28,deepseek-r1-distill-8b,0.7928619384765625
F3,F0,no-prompt,no-prompt,29,deepseek-r1-distill-8b,0.7859649658203125
F3,F0,no-prompt,no-prompt,30,deepseek-r1-distill-8b,0.705078125
F3,F0,no-prompt,no-prompt,31,deepseek-r1-distill-8b,0.7195892333984375
F3,F0,no-prompt,no-prompt,32,deepseek-r1-distill-8b,0.675628662109375
F3,F1,no-prompt,no-prompt,0,deepseek-r1-distill-8b,0.501953125
F3,F1,no-prompt,no-prompt,1,deepseek-r1-distill-8b,0.5356903076171875
F3,F1,no-prompt,no-prompt,2,deepseek-r1-distill-8b,0.5213775634765625
F3,F1,no-prompt,no-prompt,3,deepseek-r1-distill-8b,0.5111541748046875
F3,F1,no-prompt,no-prompt,4,deepseek-r1-distill-8b,0.5106353759765625
F3,F1,no-prompt,no-prompt,5,deepseek-r1-distill-8b,0.504913330078125
F3,F1,no-prompt,no-prompt,6,deepseek-r1-distill-8b,0.495330810546875
F3,F1,no-prompt,no-prompt,7,deepseek-r1-distill-8b,0.470184326171875
F3,F1,no-prompt,no-prompt,8,deepseek-r1-distill-8b,0.444854736328125
F3,F1,no-prompt,no-prompt,9,deepseek-r1-distill-8b,0.4331207275390625
F3,F1,no-prompt,no-prompt,10,deepseek-r1-distill-8b,0.4345703125
F3,F1,no-prompt,no-prompt,11,deepseek-r1-distill-8b,0.4257659912109375
F3,F1,no-prompt,no-prompt,12,deepseek-r1-distill-8b,0.45672607421875
F3,F1,no-prompt,no-prompt,13,deepseek-r1-distill-8b,0.60467529296875
F3,F1,no-prompt,no-prompt,14,deepseek-r1-distill-8b,0.65673828125
F3,F1,no-prompt,no-prompt,15,deepseek-r1-distill-8b,0.61798095703125
F3,F1,no-prompt,no-prompt,16,deepseek-r1-distill-8b,0.63287353515625
F3,F1,no-prompt,no-prompt,17,deepseek-r1-distill-8b,0.6666717529296875
F3,F1,no-prompt,no-prompt,18,deepseek-r1-distill-8b,0.6266937255859375
F3,F1,no-prompt,no-prompt,19,deepseek-r1-distill-8b,0.697509765625
F3,F1,no-prompt,no-prompt,20,deepseek-r1-distill-8b,0.7126617431640625
F3,F1,no-prompt,no-prompt,21,deepseek-r1-distill-8b,0.7076568603515625
F3,F1,no-prompt,no-prompt,22,deepseek-r1-distill-8b,0.72662353515625
F3,F1,no-prompt,no-prompt,23,deepseek-r1-distill-8b,0.71051025390625
F3,F1,no-prompt,no-prompt,24,deepseek-r1-distill-8b,0.6949462890625
F3,F1,no-prompt,no-prompt,25,deepseek-r1-distill-8b,0.69970703125
F3,F1,no-prompt,no-prompt,26,deepseek-r1-distill-8b,0.7087860107421875
F3,F1,no-prompt,no-prompt,27,deepseek-r1-distill-8b,0.7209930419921875
F3,F1,no-prompt,no-prompt,28,deepseek-r1-distill-8b,0.723541259765625
F3,F1,no-prompt,no-prompt,29,deepseek-r1-distill-8b,0.6993865966796875
F3,F1,no-prompt,no-prompt,30,deepseek-r1-distill-8b,0.62164306640625
F3,F1,no-prompt,no-prompt,31,deepseek-r1-distill-8b,0.6380767822265625
F3,F1,no-prompt,no-prompt,32,deepseek-r1-distill-8b,0.7155609130859375
F3,F2,no-prompt,no-prompt,0,deepseek-r1-distill-8b,0.52734375
F3,F2,no-prompt,no-prompt,1,deepseek-r1-distill-8b,0.528533935546875
F3,F2,no-prompt,no-prompt,2,deepseek-r1-distill-8b,0.532562255859375
F3,F2,no-prompt,no-prompt,3,deepseek-r1-distill-8b,0.5340576171875
F3,F2,no-prompt,no-prompt,4,deepseek-r1-distill-8b,0.5366058349609375
F3,F2,no-prompt,no-prompt,5,deepseek-r1-distill-8b,0.5402069091796875
F3,F2,no-prompt,no-prompt,6,deepseek-r1-distill-8b,0.5412750244140625
F3,F2,no-prompt,no-prompt,7,deepseek-r1-distill-8b,0.547637939453125
F3,F2,no-prompt,no-prompt,8,deepseek-r1-distill-8b,0.56103515625
F3,F2,no-prompt,no-prompt,9,deepseek-r1-distill-8b,0.5604095458984375
F3,F2,no-prompt,no-prompt,10,deepseek-r1-distill-8b,0.581207275390625
F3,F2,no-prompt,no-prompt,11,deepseek-r1-distill-8b,0.6373443603515625
F3,F2,no-prompt,no-prompt,12,deepseek-r1-distill-8b,0.62371826171875
F3,F2,no-prompt,no-prompt,13,deepseek-r1-distill-8b,0.6868896484375
F3,F2,no-prompt,no-prompt,14,deepseek-r1-distill-8b,0.6949920654296875
F3,F2,no-prompt,no-prompt,15,deepseek-r1-distill-8b,0.7627410888671875
F3,F2,no-prompt,no-prompt,16,deepseek-r1-distill-8b,0.7852325439453125
F3,F2,no-prompt,no-prompt,17,deepseek-r1-distill-8b,0.851531982421875
F3,F2,no-prompt,no-prompt,18,deepseek-r1-distill-8b,0.8304290771484375
F3,F2,no-prompt,no-prompt,19,deepseek-r1-distill-8b,0.849212646484375
F3,F2,no-prompt,no-prompt,20,deepseek-r1-distill-8b,0.8433074951171875
F3,F2,no-prompt,no-prompt,21,deepseek-r1-distill-8b,0.84375
F3,F2,no-prompt,no-prompt,22,deepseek-r1-distill-8b,0.8267669677734375
F3,F2,no-prompt,no-prompt,23,deepseek-r1-distill-8b,0.8115692138671875
F3,F2,no-prompt,no-prompt,24,deepseek-r1-distill-8b,0.82562255859375
F3,F2,no-prompt,no-prompt,25,deepseek-r1-distill-8b,0.81414794921875
F3,F2,no-prompt,no-prompt,26,deepseek-r1-distill-8b,0.8257293701171875
F3,F2,no-prompt,no-prompt,27,deepseek-r1-distill-8b,0.8268280029296875
F3,F2,no-prompt,no-prompt,28,deepseek-r1-distill-8b,0.8265838623046875
F3,F2,no-prompt,no-prompt,29,deepseek-r1-distill-8b,0.8189697265625
F3,F2,no-prompt,no-prompt,30,deepseek-r1-distill-8b,0.7903594970703125
F3,F2,no-prompt,no-prompt,31,deepseek-r1-distill-8b,0.7737579345703125
F3,F2,no-prompt,no-prompt,32,deepseek-r1-distill-8b,0.7255859375
F3,F4,no-prompt,no-prompt,0,deepseek-r1-distill-8b,0.5183946488294314
F3,F4,no-prompt,no-prompt,1,deepseek-r1-distill-8b,0.5182939788145546
F3,F4,no-prompt,no-prompt,2,deepseek-r1-distill-8b,0.5174550620239148
F3,F4,no-prompt,no-prompt,3,deepseek-r1-distill-8b,0.5204192346841757
F3,F4,no-prompt,no-prompt,4,deepseek-r1-distill-8b,0.5203744924553417
F3,F4,no-prompt,no-prompt,5,deepseek-r1-distill-8b,0.518719029988479
F3,F4,no-prompt,no-prompt,6,deepseek-r1-distill-8b,0.5151620227961656
F3,F4,no-prompt,no-prompt,7,deepseek-r1-distill-8b,0.5108555832708807
F3,F4,no-prompt,no-prompt,8,deepseek-r1-distill-8b,0.5044238878759746
F3,F4,no-prompt,no-prompt,9,deepseek-r1-distill-8b,0.5427232357579893
F3,F4,no-prompt,no-prompt,10,deepseek-r1-distill-8b,0.5806758313665396
F3,F4,no-prompt,no-prompt,11,deepseek-r1-distill-8b,0.5911119562421001
F3,F4,no-prompt,no-prompt,12,deepseek-r1-distill-8b,0.5926779342512948
F3,F4,no-prompt,no-prompt,13,deepseek-r1-distill-8b,0.6199371371684881
F3,F4,no-prompt,no-prompt,14,deepseek-r1-distill-8b,0.6225881142269103
F3,F4,no-prompt,no-prompt,15,deepseek-r1-distill-8b,0.6261227503048064
F3,F4,no-prompt,no-prompt,16,deepseek-r1-distill-8b,0.6274650171698304
F3,F4,no-prompt,no-prompt,17,deepseek-r1-distill-8b,0.6263017192201429
F3,F4,no-prompt,no-prompt,18,deepseek-r1-distill-8b,0.6161004910459615
F3,F4,no-prompt,no-prompt,19,deepseek-r1-distill-8b,0.6080580754130268
F3,F4,no-prompt,no-prompt,20,deepseek-r1-distill-8b,0.6264806881354795
F3,F4,no-prompt,no-prompt,21,deepseek-r1-distill-8b,0.61039585686961
F3,F4,no-prompt,no-prompt,22,deepseek-r1-distill-8b,0.6002729275958881
F3,F4,no-prompt,no-prompt,23,deepseek-r1-distill-8b,0.6015033388888267
F3,F4,no-prompt,no-prompt,24,deepseek-r1-distill-8b,0.6149931208823167
F3,F4,no-prompt,no-prompt,25,deepseek-r1-distill-8b,0.619892394939654
F3,F4,no-prompt,no-prompt,26,deepseek-r1-distill-8b,0.6235053299180098
F3,F4,no-prompt,no-prompt,27,deepseek-r1-distill-8b,0.6288072840348542
F3,F4,no-prompt,no-prompt,28,deepseek-r1-distill-8b,0.6293889330096979
F3,F4,no-prompt,no-prompt,29,deepseek-r1-distill-8b,0.6311562510486459
F3,F4,no-prompt,no-prompt,30,deepseek-r1-distill-8b,0.6349145982707128
F3,F4,no-prompt,no-prompt,31,deepseek-r1-distill-8b,0.6355074328027651
F3,F4,no-prompt,no-prompt,32,deepseek-r1-distill-8b,0.6792205903737094
F3,F5,no-prompt,no-prompt,0,deepseek-r1-distill-8b,0.5277095277095277
F3,F5,no-prompt,no-prompt,1,deepseek-r1-distill-8b,0.5432250432250433
F3,F5,no-prompt,no-prompt,2,deepseek-r1-distill-8b,0.5478205478205478
F3,F5,no-prompt,no-prompt,3,deepseek-r1-distill-8b,0.5453521703521704
F3,F5,no-prompt,no-prompt,4,deepseek-r1-distill-8b,0.5452952952952952
F3,F5,no-prompt,no-prompt,5,deepseek-r1-distill-8b,0.5367412867412867
F3,F5,no-prompt,no-prompt,6,deepseek-r1-distill-8b,0.5257530257530257
F3,F5,no-prompt,no-prompt,7,deepseek-r1-distill-8b,0.529085904085904
F3,F5,no-prompt,no-prompt,8,deepseek-r1-distill-8b,0.5290631540631541
F3,F5,no-prompt,no-prompt,9,deepseek-r1-distill-8b,0.5592183092183092
F3,F5,no-prompt,no-prompt,10,deepseek-r1-distill-8b,0.5932523432523433
F3,F5,no-prompt,no-prompt,11,deepseek-r1-distill-8b,0.5995882245882247
F3,F5,no-prompt,no-prompt,12,deepseek-r1-distill-8b,0.5962667212667212
F3,F5,no-prompt,no-prompt,13,deepseek-r1-distill-8b,0.6018518518518519
F3,F5,no-prompt,no-prompt,14,deepseek-r1-distill-8b,0.6101783601783601
F3,F5,no-prompt,no-prompt,15,deepseek-r1-distill-8b,0.6124761124761124
F3,F5,no-prompt,no-prompt,16,deepseek-r1-distill-8b,0.6060492310492311
F3,F5,no-prompt,no-prompt,17,deepseek-r1-distill-8b,0.6017039767039767
F3,F5,no-prompt,no-prompt,18,deepseek-r1-distill-8b,0.5834812084812084
F3,F5,no-prompt,no-prompt,19,deepseek-r1-distill-8b,0.5614364364364364
F3,F5,no-prompt,no-prompt,20,deepseek-r1-distill-8b,0.5794999544999546
F3,F5,no-prompt,no-prompt,21,deepseek-r1-distill-8b,0.5715374465374465
F3,F5,no-prompt,no-prompt,22,deepseek-r1-distill-8b,0.5740171990171989
F3,F5,no-prompt,no-prompt,23,deepseek-r1-distill-8b,0.5658954408954409
F3,F5,no-prompt,no-prompt,24,deepseek-r1-distill-8b,0.5705136955136956
F3,F5,no-prompt,no-prompt,25,deepseek-r1-distill-8b,0.5808877058877059
F3,F5,no-prompt,no-prompt,26,deepseek-r1-distill-8b,0.5823095823095823
F3,F5,no-prompt,no-prompt,27,deepseek-r1-distill-8b,0.5757803257803258
F3,F5,no-prompt,no-prompt,28,deepseek-r1-distill-8b,0.5786809536809537
F3,F5,no-prompt,no-prompt,29,deepseek-r1-distill-8b,0.5752343252343253
F3,F5,no-prompt,no-prompt,30,deepseek-r1-distill-8b,0.5731868231868231
F3,F5,no-prompt,no-prompt,31,deepseek-r1-distill-8b,0.5604581854581854
F3,F5,no-prompt,no-prompt,32,deepseek-r1-distill-8b,0.5573755573755573
F4,A1,no-prompt,no-prompt,0,deepseek-r1-distill-8b,0.4727555555555556
F4,A1,no-prompt,no-prompt,1,deepseek-r1-distill-8b,0.4781777777777778
F4,A1,no-prompt,no-prompt,2,deepseek-r1-distill-8b,0.4722222222222222
F4,A1,no-prompt,no-prompt,3,deepseek-r1-distill-8b,0.4623555555555555
F4,A1,no-prompt,no-prompt,4,deepseek-r1-distill-8b,0.4530222222222222
F4,A1,no-prompt,no-prompt,5,deepseek-r1-distill-8b,0.4541333333333333
F4,A1,no-prompt,no-prompt,6,deepseek-r1-distill-8b,0.4532
F4,A1,no-prompt,no-prompt,7,deepseek-r1-distill-8b,0.4479111111111111
F4,A1,no-prompt,no-prompt,8,deepseek-r1-distill-8b,0.4999555555555556
F4,A1,no-prompt,no-prompt,9,deepseek-r1-distill-8b,0.5140888888888888
F4,A1,no-prompt,no-prompt,10,deepseek-r1-distill-8b,0.4989333333333333
F4,A1,no-prompt,no-prompt,11,deepseek-r1-distill-8b,0.5056
F4,A1,no-prompt,no-prompt,12,deepseek-r1-distill-8b,0.5526666666666666
F4,A1,no-prompt,no-prompt,13,deepseek-r1-distill-8b,0.5169333333333332
F4,A1,no-prompt,no-prompt,14,deepseek-r1-distill-8b,0.5280444444444444
F4,A1,no-prompt,no-prompt,15,deepseek-r1-distill-8b,0.5335555555555556
F4,A1,no-prompt,no-prompt,16,deepseek-r1-distill-8b,0.5372888888888889
F4,A1,no-prompt,no-prompt,17,deepseek-r1-distill-8b,0.5401333333333334
F4,A1,no-prompt,no-prompt,18,deepseek-r1-distill-8b,0.5337333333333334
F4,A1,no-prompt,no-prompt,19,deepseek-r1-distill-8b,0.5312444444444444
F4,A1,no-prompt,no-prompt,20,deepseek-r1-distill-8b,0.5069777777777777
F4,A1,no-prompt,no-prompt,21,deepseek-r1-distill-8b,0.5181777777777776
F4,A1,no-prompt,no-prompt,22,deepseek-r1-distill-8b,0.5027111111111111
F4,A1,no-prompt,no-prompt,23,deepseek-r1-distill-8b,0.4743111111111111
F4,A1,no-prompt,no-prompt,24,deepseek-r1-distill-8b,0.4797777777777778
F4,A1,no-prompt,no-prompt,25,deepseek-r1-distill-8b,0.4582666666666666
F4,A1,no-prompt,no-prompt,26,deepseek-r1-distill-8b,0.4755999999999999
F4,A1,no-prompt,no-prompt,27,deepseek-r1-distill-8b,0.4713777777777778
F4,A1,no-prompt,no-prompt,28,deepseek-r1-distill-8b,0.4949333333333333
F4,A1,no-prompt,no-prompt,29,deepseek-r1-distill-8b,0.5328888888888889
F4,A1,no-prompt,no-prompt,30,deepseek-r1-distill-8b,0.5262666666666667
F4,A1,no-prompt,no-prompt,31,deepseek-r1-distill-8b,0.5914222222222222
F4,A1,no-prompt,no-prompt,32,deepseek-r1-distill-8b,0.6271111111111111
F4,A2,no-prompt,no-prompt,0,deepseek-r1-distill-8b,0.5017333333333334
F4,A2,no-prompt,no-prompt,1,deepseek-r1-distill-8b,0.4957777777777777
F4,A2,no-prompt,no-prompt,2,deepseek-r1-distill-8b,0.5005777777777778
F4,A2,no-prompt,no-prompt,3,deepseek-r1-distill-8b,0.5046222222222222
F4,A2,no-prompt,no-prompt,4,deepseek-r1-distill-8b,0.5044
F4,A2,no-prompt,no-prompt,5,deepseek-r1-distill-8b,0.5080444444444444
F4,A2,no-prompt,no-prompt,6,deepseek-r1-distill-8b,0.5026666666666667
F4,A2,no-prompt,no-prompt,7,deepseek-r1-distill-8b,0.4826666666666667
F4,A2,no-prompt,no-prompt,8,deepseek-r1-distill-8b,0.4807555555555556
F4,A2,no-prompt,no-prompt,9,deepseek-r1-distill-8b,0.534
F4,A2,no-prompt,no-prompt,10,deepseek-r1-distill-8b,0.5434222222222223
F4,A2,no-prompt,no-prompt,11,deepseek-r1-distill-8b,0.5504444444444445
F4,A2,no-prompt,no-prompt,12,deepseek-r1-distill-8b,0.5345777777777778
F4,A2,no-prompt,no-prompt,13,deepseek-r1-distill-8b,0.546
F4,A2,no-prompt,no-prompt,14,deepseek-r1-distill-8b,0.4990666666666666
F4,A2,no-prompt,no-prompt,15,deepseek-r1-distill-8b,0.4872888888888889
F4,A2,no-prompt,no-prompt,16,deepseek-r1-distill-8b,0.4846222222222223
F4,A2,no-prompt,no-prompt,17,deepseek-r1-distill-8b,0.5077333333333333
F4,A2,no-prompt,no-prompt,18,deepseek-r1-distill-8b,0.4924444444444444
F4,A2,no-prompt,no-prompt,19,deepseek-r1-distill-8b,0.4977333333333333
F4,A2,no-prompt,no-prompt,20,deepseek-r1-distill-8b,0.4856888888888889
F4,A2,no-prompt,no-prompt,21,deepseek-r1-distill-8b,0.5029333333333333
F4,A2,no-prompt,no-prompt,22,deepseek-r1-distill-8b,0.4986222222222223
F4,A2,no-prompt,no-prompt,23,deepseek-r1-distill-8b,0.4910666666666666
F4,A2,no-prompt,no-prompt,24,deepseek-r1-distill-8b,0.4966666666666667
F4,A2,no-prompt,no-prompt,25,deepseek-r1-distill-8b,0.4897777777777777
F4,A2,no-prompt,no-prompt,26,deepseek-r1-distill-8b,0.4868
F4,A2,no-prompt,no-prompt,27,deepseek-r1-distill-8b,0.4734666666666667
F4,A2,no-prompt,no-prompt,28,deepseek-r1-distill-8b,0.4857777777777777
F4,A2,no-prompt,no-prompt,29,deepseek-r1-distill-8b,0.4897333333333333
F4,A2,no-prompt,no-prompt,30,deepseek-r1-distill-8b,0.4874666666666667
F4,A2,no-prompt,no-prompt,31,deepseek-r1-distill-8b,0.4955111111111111
F4,A2,no-prompt,no-prompt,32,deepseek-r1-distill-8b,0.5405333333333332
F4,A3,no-prompt,no-prompt,0,deepseek-r1-distill-8b,0.5282222222222223
F4,A3,no-prompt,no-prompt,1,deepseek-r1-distill-8b,0.5378222222222222
F4,A3,no-prompt,no-prompt,2,deepseek-r1-distill-8b,0.518
F4,A3,no-prompt,no-prompt,3,deepseek-r1-distill-8b,0.5167111111111111
F4,A3,no-prompt,no-prompt,4,deepseek-r1-distill-8b,0.5075555555555555
F4,A3,no-prompt,no-prompt,5,deepseek-r1-distill-8b,0.479911111111111
F4,A3,no-prompt,no-prompt,6,deepseek-r1-distill-8b,0.508
F4,A3,no-prompt,no-prompt,7,deepseek-r1-distill-8b,0.5097777777777778
F4,A3,no-prompt,no-prompt,8,deepseek-r1-distill-8b,0.5207111111111111
F4,A3,no-prompt,no-prompt,9,deepseek-r1-distill-8b,0.5577777777777778
F4,A3,no-prompt,no-prompt,10,deepseek-r1-distill-8b,0.5613777777777778
F4,A3,no-prompt,no-prompt,11,deepseek-r1-distill-8b,0.5648888888888889
F4,A3,no-prompt,no-prompt,12,deepseek-r1-distill-8b,0.5714666666666667
F4,A3,no-prompt,no-prompt,13,deepseek-r1-distill-8b,0.5501333333333333
F4,A3,no-prompt,no-prompt,14,deepseek-r1-distill-8b,0.5569333333333333
F4,A3,no-prompt,no-prompt,15,deepseek-r1-distill-8b,0.5236444444444445
F4,A3,no-prompt,no-prompt,16,deepseek-r1-distill-8b,0.5285333333333333
F4,A3,no-prompt,no-prompt,17,deepseek-r1-distill-8b,0.5261777777777779
F4,A3,no-prompt,no-prompt,18,deepseek-r1-distill-8b,0.5213777777777778
F4,A3,no-prompt,no-prompt,19,deepseek-r1-distill-8b,0.5318666666666667
F4,A3,no-prompt,no-prompt,20,deepseek-r1-distill-8b,0.5310222222222222
F4,A3,no-prompt,no-prompt,21,deepseek-r1-distill-8b,0.5397333333333333
F4,A3,no-prompt,no-prompt,22,deepseek-r1-distill-8b,0.5236000000000001
F4,A3,no-prompt,no-prompt,23,deepseek-r1-distill-8b,0.5133777777777778
F4,A3,no-prompt,no-prompt,24,deepseek-r1-distill-8b,0.5148888888888888
F4,A3,no-prompt,no-prompt,25,deepseek-r1-distill-8b,0.5164444444444445
F4,A3,no-prompt,no-prompt,26,deepseek-r1-distill-8b,0.5094222222222222
F4,A3,no-prompt,no-prompt,27,deepseek-r1-distill-8b,0.5031111111111112
F4,A3,no-prompt,no-prompt,28,deepseek-r1-distill-8b,0.5227111111111111
F4,A3,no-prompt,no-prompt,29,deepseek-r1-distill-8b,0.5169777777777778
F4,A3,no-prompt,no-prompt,30,deepseek-r1-distill-8b,0.5405777777777777
F4,A3,no-prompt,no-prompt,31,deepseek-r1-distill-8b,0.5152444444444444
F4,A3,no-prompt,no-prompt,32,deepseek-r1-distill-8b,0.5307111111111111
F4,F0,no-prompt,no-prompt,0,deepseek-r1-distill-8b,0.52734375
F4,F0,no-prompt,no-prompt,1,deepseek-r1-distill-8b,0.5100250244140625
F4,F0,no-prompt,no-prompt,2,deepseek-r1-distill-8b,0.5132598876953125
F4,F0,no-prompt,no-prompt,3,deepseek-r1-distill-8b,0.5140838623046875
F4,F0,no-prompt,no-prompt,4,deepseek-r1-distill-8b,0.511383056640625
F4,F0,no-prompt,no-prompt,5,deepseek-r1-distill-8b,0.523529052734375
F4,F0,no-prompt,no-prompt,6,deepseek-r1-distill-8b,0.538238525390625
F4,F0,no-prompt,no-prompt,7,deepseek-r1-distill-8b,0.5217437744140625
F4,F0,no-prompt,no-prompt,8,deepseek-r1-distill-8b,0.52520751953125
F4,F0,no-prompt,no-prompt,9,deepseek-r1-distill-8b,0.6149444580078125
F4,F0,no-prompt,no-prompt,10,deepseek-r1-distill-8b,0.7086181640625
F4,F0,no-prompt,no-prompt,11,deepseek-r1-distill-8b,0.74462890625
F4,F0,no-prompt,no-prompt,12,deepseek-r1-distill-8b,0.696624755859375
F4,F0,no-prompt,no-prompt,13,deepseek-r1-distill-8b,0.706146240234375
F4,F0,no-prompt,no-prompt,14,deepseek-r1-distill-8b,0.7056121826171875
F4,F0,no-prompt,no-prompt,15,deepseek-r1-distill-8b,0.66546630859375
F4,F0,no-prompt,no-prompt,16,deepseek-r1-distill-8b,0.644500732421875
F4,F0,no-prompt,no-prompt,17,deepseek-r1-distill-8b,0.6583404541015625
F4,F0,no-prompt,no-prompt,18,deepseek-r1-distill-8b,0.65972900390625
F4,F0,no-prompt,no-prompt,19,deepseek-r1-distill-8b,0.662445068359375
F4,F0,no-prompt,no-prompt,20,deepseek-r1-distill-8b,0.64166259765625
F4,F0,no-prompt,no-prompt,21,deepseek-r1-distill-8b,0.6458740234375
F4,F0,no-prompt,no-prompt,22,deepseek-r1-distill-8b,0.6266937255859375
F4,F0,no-prompt,no-prompt,23,deepseek-r1-distill-8b,0.6242523193359375
F4,F0,no-prompt,no-prompt,24,deepseek-r1-distill-8b,0.6279754638671875
F4,F0,no-prompt,no-prompt,25,deepseek-r1-distill-8b,0.628387451171875
F4,F0,no-prompt,no-prompt,26,deepseek-r1-distill-8b,0.6256866455078125
F4,F0,no-prompt,no-prompt,27,deepseek-r1-distill-8b,0.614532470703125
F4,F0,no-prompt,no-prompt,28,deepseek-r1-distill-8b,0.6094512939453125
F4,F0,no-prompt,no-prompt,29,deepseek-r1-distill-8b,0.6182403564453125
F4,F0,no-prompt,no-prompt,30,deepseek-r1-distill-8b,0.6146392822265625
F4,F0,no-prompt,no-prompt,31,deepseek-r1-distill-8b,0.6461029052734375
F4,F0,no-prompt,no-prompt,32,deepseek-r1-distill-8b,0.6210479736328125
F4,F1,no-prompt,no-prompt,0,deepseek-r1-distill-8b,0.501953125
F4,F1,no-prompt,no-prompt,1,deepseek-r1-distill-8b,0.4923553466796875
F4,F1,no-prompt,no-prompt,2,deepseek-r1-distill-8b,0.487030029296875
F4,F1,no-prompt,no-prompt,3,deepseek-r1-distill-8b,0.486968994140625
F4,F1,no-prompt,no-prompt,4,deepseek-r1-distill-8b,0.4857025146484375
F4,F1,no-prompt,no-prompt,5,deepseek-r1-distill-8b,0.4505462646484375
F4,F1,no-prompt,no-prompt,6,deepseek-r1-distill-8b,0.463134765625
F4,F1,no-prompt,no-prompt,7,deepseek-r1-distill-8b,0.4495086669921875
F4,F1,no-prompt,no-prompt,8,deepseek-r1-distill-8b,0.410491943359375
F4,F1,no-prompt,no-prompt,9,deepseek-r1-distill-8b,0.3623809814453125
F4,F1,no-prompt,no-prompt,10,deepseek-r1-distill-8b,0.27252197265625
F4,F1,no-prompt,no-prompt,11,deepseek-r1-distill-8b,0.3613739013671875
F4,F1,no-prompt,no-prompt,12,deepseek-r1-distill-8b,0.40478515625
F4,F1,no-prompt,no-prompt,13,deepseek-r1-distill-8b,0.4854583740234375
F4,F1,no-prompt,no-prompt,14,deepseek-r1-distill-8b,0.50982666015625
F4,F1,no-prompt,no-prompt,15,deepseek-r1-distill-8b,0.521942138671875
F4,F1,no-prompt,no-prompt,16,deepseek-r1-distill-8b,0.55364990234375
F4,F1,no-prompt,no-prompt,17,deepseek-r1-distill-8b,0.585906982421875
F4,F1,no-prompt,no-prompt,18,deepseek-r1-distill-8b,0.595367431640625
F4,F1,no-prompt,no-prompt,19,deepseek-r1-distill-8b,0.620208740234375
F4,F1,no-prompt,no-prompt,20,deepseek-r1-distill-8b,0.6090240478515625
F4,F1,no-prompt,no-prompt,21,deepseek-r1-distill-8b,0.613189697265625
F4,F1,no-prompt,no-prompt,22,deepseek-r1-distill-8b,0.6139984130859375
F4,F1,no-prompt,no-prompt,23,deepseek-r1-distill-8b,0.617034912109375
F4,F1,no-prompt,no-prompt,24,deepseek-r1-distill-8b,0.62005615234375
F4,F1,no-prompt,no-prompt,25,deepseek-r1-distill-8b,0.6276397705078125
F4,F1,no-prompt,no-prompt,26,deepseek-r1-distill-8b,0.638702392578125
F4,F1,no-prompt,no-prompt,27,deepseek-r1-distill-8b,0.6272735595703125
F4,F1,no-prompt,no-prompt,28,deepseek-r1-distill-8b,0.5930938720703125
F4,F1,no-prompt,no-prompt,29,deepseek-r1-distill-8b,0.576141357421875
F4,F1,no-prompt,no-prompt,30,deepseek-r1-distill-8b,0.5570526123046875
F4,F1,no-prompt,no-prompt,31,deepseek-r1-distill-8b,0.568939208984375
F4,F1,no-prompt,no-prompt,32,deepseek-r1-distill-8b,0.6867828369140625
F4,F2,no-prompt,no-prompt,0,deepseek-r1-distill-8b,0.52734375
F4,F2,no-prompt,no-prompt,1,deepseek-r1-distill-8b,0.524261474609375
F4,F2,no-prompt,no-prompt,2,deepseek-r1-distill-8b,0.5343170166015625
F4,F2,no-prompt,no-prompt,3,deepseek-r1-distill-8b,0.5377349853515625
F4,F2,no-prompt,no-prompt,4,deepseek-r1-distill-8b,0.5404052734375
F4,F2,no-prompt,no-prompt,5,deepseek-r1-distill-8b,0.5558929443359375
F4,F2,no-prompt,no-prompt,6,deepseek-r1-distill-8b,0.5576934814453125
F4,F2,no-prompt,no-prompt,7,deepseek-r1-distill-8b,0.5601348876953125
F4,F2,no-prompt,no-prompt,8,deepseek-r1-distill-8b,0.5606842041015625
F4,F2,no-prompt,no-prompt,9,deepseek-r1-distill-8b,0.661407470703125
F4,F2,no-prompt,no-prompt,10,deepseek-r1-distill-8b,0.6874847412109375
F4,F2,no-prompt,no-prompt,11,deepseek-r1-distill-8b,0.6482391357421875
F4,F2,no-prompt,no-prompt,12,deepseek-r1-distill-8b,0.6075592041015625
F4,F2,no-prompt,no-prompt,13,deepseek-r1-distill-8b,0.6560821533203125
F4,F2,no-prompt,no-prompt,14,deepseek-r1-distill-8b,0.676025390625
F4,F2,no-prompt,no-prompt,15,deepseek-r1-distill-8b,0.6326751708984375
F4,F2,no-prompt,no-prompt,16,deepseek-r1-distill-8b,0.6250457763671875
F4,F2,no-prompt,no-prompt,17,deepseek-r1-distill-8b,0.6805877685546875
F4,F2,no-prompt,no-prompt,18,deepseek-r1-distill-8b,0.641632080078125
F4,F2,no-prompt,no-prompt,19,deepseek-r1-distill-8b,0.651092529296875
F4,F2,no-prompt,no-prompt,20,deepseek-r1-distill-8b,0.611785888671875
F4,F2,no-prompt,no-prompt,21,deepseek-r1-distill-8b,0.6363067626953125
F4,F2,no-prompt,no-prompt,22,deepseek-r1-distill-8b,0.627777099609375
F4,F2,no-prompt,no-prompt,23,deepseek-r1-distill-8b,0.6488189697265625
F4,F2,no-prompt,no-prompt,24,deepseek-r1-distill-8b,0.679107666015625
F4,F2,no-prompt,no-prompt,25,deepseek-r1-distill-8b,0.661712646484375
F4,F2,no-prompt,no-prompt,26,deepseek-r1-distill-8b,0.7009735107421875
F4,F2,no-prompt,no-prompt,27,deepseek-r1-distill-8b,0.6934051513671875
F4,F2,no-prompt,no-prompt,28,deepseek-r1-distill-8b,0.6567230224609375
F4,F2,no-prompt,no-prompt,29,deepseek-r1-distill-8b,0.6607513427734375
F4,F2,no-prompt,no-prompt,30,deepseek-r1-distill-8b,0.6817779541015625
F4,F2,no-prompt,no-prompt,31,deepseek-r1-distill-8b,0.7125701904296875
F4,F2,no-prompt,no-prompt,32,deepseek-r1-distill-8b,0.711639404296875
F4,F3,no-prompt,no-prompt,0,deepseek-r1-distill-8b,0.5016666666666667
F4,F3,no-prompt,no-prompt,1,deepseek-r1-distill-8b,0.5030888888888889
F4,F3,no-prompt,no-prompt,2,deepseek-r1-distill-8b,0.5021555555555556
F4,F3,no-prompt,no-prompt,3,deepseek-r1-distill-8b,0.5088777777777778
F4,F3,no-prompt,no-prompt,4,deepseek-r1-distill-8b,0.5101333333333333
F4,F3,no-prompt,no-prompt,5,deepseek-r1-distill-8b,0.5129333333333334
F4,F3,no-prompt,no-prompt,6,deepseek-r1-distill-8b,0.5162777777777778
F4,F3,no-prompt,no-prompt,7,deepseek-r1-distill-8b,0.5202111111111111
F4,F3,no-prompt,no-prompt,8,deepseek-r1-distill-8b,0.5280333333333334
F4,F3,no-prompt,no-prompt,9,deepseek-r1-distill-8b,0.5668
F4,F3,no-prompt,no-prompt,10,deepseek-r1-distill-8b,0.5692666666666667
F4,F3,no-prompt,no-prompt,11,deepseek-r1-distill-8b,0.5862555555555555
F4,F3,no-prompt,no-prompt,12,deepseek-r1-distill-8b,0.5838333333333333
F4,F3,no-prompt,no-prompt,13,deepseek-r1-distill-8b,0.601288888888889
F4,F3,no-prompt,no-prompt,14,deepseek-r1-distill-8b,0.6087
F4,F3,no-prompt,no-prompt,15,deepseek-r1-distill-8b,0.6440444444444445
F4,F3,no-prompt,no-prompt,16,deepseek-r1-distill-8b,0.6421333333333333
F4,F3,no-prompt,no-prompt,17,deepseek-r1-distill-8b,0.6515666666666666
F4,F3,no-prompt,no-prompt,18,deepseek-r1-distill-8b,0.6566333333333334
F4,F3,no-prompt,no-prompt,19,deepseek-r1-distill-8b,0.6637222222222221
F4,F3,no-prompt,no-prompt,20,deepseek-r1-distill-8b,0.642611111111111
F4,F3,no-prompt,no-prompt,21,deepseek-r1-distill-8b,0.6711555555555555
F4,F3,no-prompt,no-prompt,22,deepseek-r1-distill-8b,0.6659333333333333
F4,F3,no-prompt,no-prompt,23,deepseek-r1-distill-8b,0.6678666666666666
F4,F3,no-prompt,no-prompt,24,deepseek-r1-distill-8b,0.6708555555555555
F4,F3,no-prompt,no-prompt,25,deepseek-r1-distill-8b,0.6728777777777778
F4,F3,no-prompt,no-prompt,26,deepseek-r1-distill-8b,0.6779444444444445
F4,F3,no-prompt,no-prompt,27,deepseek-r1-distill-8b,0.6856555555555556
F4,F3,no-prompt,no-prompt,28,deepseek-r1-distill-8b,0.6700666666666667
F4,F3,no-prompt,no-prompt,29,deepseek-r1-distill-8b,0.6652888888888889
F4,F3,no-prompt,no-prompt,30,deepseek-r1-distill-8b,0.6715
F4,F3,no-prompt,no-prompt,31,deepseek-r1-distill-8b,0.6773666666666667
F4,F3,no-prompt,no-prompt,32,deepseek-r1-distill-8b,0.6900000000000001
F4,F5,no-prompt,no-prompt,0,deepseek-r1-distill-8b,0.5277095277095277
F4,F5,no-prompt,no-prompt,1,deepseek-r1-distill-8b,0.5326007826007826
F4,F5,no-prompt,no-prompt,2,deepseek-r1-distill-8b,0.532088907088907
F4,F5,no-prompt,no-prompt,3,deepseek-r1-distill-8b,0.5286650286650286
F4,F5,no-prompt,no-prompt,4,deepseek-r1-distill-8b,0.5389252889252889
F4,F5,no-prompt,no-prompt,5,deepseek-r1-distill-8b,0.5420647920647921
F4,F5,no-prompt,no-prompt,6,deepseek-r1-distill-8b,0.5399262899262899
F4,F5,no-prompt,no-prompt,7,deepseek-r1-distill-8b,0.5474679224679224
F4,F5,no-prompt,no-prompt,8,deepseek-r1-distill-8b,0.5694444444444445
F4,F5,no-prompt,no-prompt,9,deepseek-r1-distill-8b,0.6104399854399855
F4,F5,no-prompt,no-prompt,10,deepseek-r1-distill-8b,0.6225657475657476
F4,F5,no-prompt,no-prompt,11,deepseek-r1-distill-8b,0.639002639002639
F4,F5,no-prompt,no-prompt,12,deepseek-r1-distill-8b,0.6392415142415142
F4,F5,no-prompt,no-prompt,13,deepseek-r1-distill-8b,0.6472040222040223
F4,F5,no-prompt,no-prompt,14,deepseek-r1-distill-8b,0.6446218946218947
F4,F5,no-prompt,no-prompt,15,deepseek-r1-distill-8b,0.6385135135135135
F4,F5,no-prompt,no-prompt,16,deepseek-r1-distill-8b,0.6343047593047593
F4,F5,no-prompt,no-prompt,17,deepseek-r1-distill-8b,0.6328601328601329
F4,F5,no-prompt,no-prompt,18,deepseek-r1-distill-8b,0.6441100191100191
F4,F5,no-prompt,no-prompt,19,deepseek-r1-distill-8b,0.6417440167440167
F4,F5,no-prompt,no-prompt,20,deepseek-r1-distill-8b,0.6219059969059969
F4,F5,no-prompt,no-prompt,21,deepseek-r1-distill-8b,0.641016016016016
F4,F5,no-prompt,no-prompt,22,deepseek-r1-distill-8b,0.6434275184275184
F4,F5,no-prompt,no-prompt,23,deepseek-r1-distill-8b,0.6324278824278824
F4,F5,no-prompt,no-prompt,24,deepseek-r1-distill-8b,0.622929747929748
F4,F5,no-prompt,no-prompt,25,deepseek-r1-distill-8b,0.6092228592228592
F4,F5,no-prompt,no-prompt,26,deepseek-r1-distill-8b,0.622884247884248
F4,F5,no-prompt,no-prompt,27,deepseek-r1-distill-8b,0.6035581035581035
F4,F5,no-prompt,no-prompt,28,deepseek-r1-distill-8b,0.5906247156247157
F4,F5,no-prompt,no-prompt,29,deepseek-r1-distill-8b,0.5753480753480753
F4,F5,no-prompt,no-prompt,30,deepseek-r1-distill-8b,0.577941577941578
F4,F5,no-prompt,no-prompt,31,deepseek-r1-distill-8b,0.5580011830011831
F4,F5,no-prompt,no-prompt,32,deepseek-r1-distill-8b,0.56003731003731
F5,A1,no-prompt,no-prompt,0,deepseek-r1-distill-8b,0.5258222222222222
F5,A1,no-prompt,no-prompt,1,deepseek-r1-distill-8b,0.5284888888888888
F5,A1,no-prompt,no-prompt,2,deepseek-r1-distill-8b,0.5527111111111112
F5,A1,no-prompt,no-prompt,3,deepseek-r1-distill-8b,0.5516
F5,A1,no-prompt,no-prompt,4,deepseek-r1-distill-8b,0.539511111111111
F5,A1,no-prompt,no-prompt,5,deepseek-r1-distill-8b,0.5439555555555555
F5,A1,no-prompt,no-prompt,6,deepseek-r1-distill-8b,0.5364444444444445
F5,A1,no-prompt,no-prompt,7,deepseek-r1-distill-8b,0.5070222222222223
F5,A1,no-prompt,no-prompt,8,deepseek-r1-distill-8b,0.5410222222222223
F5,A1,no-prompt,no-prompt,9,deepseek-r1-distill-8b,0.5616444444444445
F5,A1,no-prompt,no-prompt,10,deepseek-r1-distill-8b,0.5373333333333333
F5,A1,no-prompt,no-prompt,11,deepseek-r1-distill-8b,0.5972444444444445
F5,A1,no-prompt,no-prompt,12,deepseek-r1-distill-8b,0.6154666666666666
F5,A1,no-prompt,no-prompt,13,deepseek-r1-distill-8b,0.6052000000000001
F5,A1,no-prompt,no-prompt,14,deepseek-r1-distill-8b,0.5775111111111111
F5,A1,no-prompt,no-prompt,15,deepseek-r1-distill-8b,0.5629333333333333
F5,A1,no-prompt,no-prompt,16,deepseek-r1-distill-8b,0.5588444444444445
F5,A1,no-prompt,no-prompt,17,deepseek-r1-distill-8b,0.5531555555555555
F5,A1,no-prompt,no-prompt,18,deepseek-r1-distill-8b,0.533511111111111
F5,A1,no-prompt,no-prompt,19,deepseek-r1-distill-8b,0.5148888888888888
F5,A1,no-prompt,no-prompt,20,deepseek-r1-distill-8b,0.5286222222222221
F5,A1,no-prompt,no-prompt,21,deepseek-r1-distill-8b,0.5186666666666667
F5,A1,no-prompt,no-prompt,22,deepseek-r1-distill-8b,0.5092000000000001
F5,A1,no-prompt,no-prompt,23,deepseek-r1-distill-8b,0.5241333333333333
F5,A1,no-prompt,no-prompt,24,deepseek-r1-distill-8b,0.5478666666666667
F5,A1,no-prompt,no-prompt,25,deepseek-r1-distill-8b,0.5282666666666667
F5,A1,no-prompt,no-prompt,26,deepseek-r1-distill-8b,0.5671111111111111
F5,A1,no-prompt,no-prompt,27,deepseek-r1-distill-8b,0.5788444444444444
F5,A1,no-prompt,no-prompt,28,deepseek-r1-distill-8b,0.6066222222222223
F5,A1,no-prompt,no-prompt,29,deepseek-r1-distill-8b,0.6033333333333334
F5,A1,no-prompt,no-prompt,30,deepseek-r1-distill-8b,0.6137333333333334
F5,A1,no-prompt,no-prompt,31,deepseek-r1-distill-8b,0.6272
F5,A1,no-prompt,no-prompt,32,deepseek-r1-distill-8b,0.5493333333333333
F5,A2,no-prompt,no-prompt,0,deepseek-r1-distill-8b,0.4977333333333333
F5,A2,no-prompt,no-prompt,1,deepseek-r1-distill-8b,0.4700444444444445
F5,A2,no-prompt,no-prompt,2,deepseek-r1-distill-8b,0.4780888888888889
F5,A2,no-prompt,no-prompt,3,deepseek-r1-distill-8b,0.4736
F5,A2,no-prompt,no-prompt,4,deepseek-r1-distill-8b,0.4772
F5,A2,no-prompt,no-prompt,5,deepseek-r1-distill-8b,0.4712444444444444
F5,A2,no-prompt,no-prompt,6,deepseek-r1-distill-8b,0.4625777777777777
F5,A2,no-prompt,no-prompt,7,deepseek-r1-distill-8b,0.4703555555555556
F5,A2,no-prompt,no-prompt,8,deepseek-r1-distill-8b,0.4582666666666666
F5,A2,no-prompt,no-prompt,9,deepseek-r1-distill-8b,0.5117333333333334
F5,A2,no-prompt,no-prompt,10,deepseek-r1-distill-8b,0.554
F5,A2,no-prompt,no-prompt,11,deepseek-r1-distill-8b,0.5718222222222222
F5,A2,no-prompt,no-prompt,12,deepseek-r1-distill-8b,0.5533333333333333
F5,A2,no-prompt,no-prompt,13,deepseek-r1-distill-8b,0.5361777777777778
F5,A2,no-prompt,no-prompt,14,deepseek-r1-distill-8b,0.5113333333333333
F5,A2,no-prompt,no-prompt,15,deepseek-r1-distill-8b,0.4939555555555556
F5,A2,no-prompt,no-prompt,16,deepseek-r1-distill-8b,0.4863555555555555
F5,A2,no-prompt,no-prompt,17,deepseek-r1-distill-8b,0.4777777777777778
F5,A2,no-prompt,no-prompt,18,deepseek-r1-distill-8b,0.4835555555555555
F5,A2,no-prompt,no-prompt,19,deepseek-r1-distill-8b,0.4859555555555555
F5,A2,no-prompt,no-prompt,20,deepseek-r1-distill-8b,0.4906666666666666
F5,A2,no-prompt,no-prompt,21,deepseek-r1-distill-8b,0.5077777777777778
F5,A2,no-prompt,no-prompt,22,deepseek-r1-distill-8b,0.5049777777777777
F5,A2,no-prompt,no-prompt,23,deepseek-r1-distill-8b,0.4885777777777777
F5,A2,no-prompt,no-prompt,24,deepseek-r1-distill-8b,0.5025777777777778
F5,A2,no-prompt,no-prompt,25,deepseek-r1-distill-8b,0.4908
F5,A2,no-prompt,no-prompt,26,deepseek-r1-distill-8b,0.4868
F5,A2,no-prompt,no-prompt,27,deepseek-r1-distill-8b,0.4853777777777778
F5,A2,no-prompt,no-prompt,28,deepseek-r1-distill-8b,0.4866222222222223
F5,A2,no-prompt,no-prompt,29,deepseek-r1-distill-8b,0.4763555555555555
F5,A2,no-prompt,no-prompt,30,deepseek-r1-distill-8b,0.4788444444444444
F5,A2,no-prompt,no-prompt,31,deepseek-r1-distill-8b,0.4832888888888889
F5,A2,no-prompt,no-prompt,32,deepseek-r1-distill-8b,0.4806666666666667
F5,A3,no-prompt,no-prompt,0,deepseek-r1-distill-8b,0.4717777777777778
F5,A3,no-prompt,no-prompt,1,deepseek-r1-distill-8b,0.4796888888888889
F5,A3,no-prompt,no-prompt,2,deepseek-r1-distill-8b,0.4890222222222221
F5,A3,no-prompt,no-prompt,3,deepseek-r1-distill-8b,0.4851111111111111
F5,A3,no-prompt,no-prompt,4,deepseek-r1-distill-8b,0.4650222222222222
F5,A3,no-prompt,no-prompt,5,deepseek-r1-distill-8b,0.4640888888888889
F5,A3,no-prompt,no-prompt,6,deepseek-r1-distill-8b,0.4736444444444443
F5,A3,no-prompt,no-prompt,7,deepseek-r1-distill-8b,0.4933777777777778
F5,A3,no-prompt,no-prompt,8,deepseek-r1-distill-8b,0.5021333333333333
F5,A3,no-prompt,no-prompt,9,deepseek-r1-distill-8b,0.5167555555555555
F5,A3,no-prompt,no-prompt,10,deepseek-r1-distill-8b,0.5350666666666667
F5,A3,no-prompt,no-prompt,11,deepseek-r1-distill-8b,0.5570222222222222
F5,A3,no-prompt,no-prompt,12,deepseek-r1-distill-8b,0.5744888888888889
F5,A3,no-prompt,no-prompt,13,deepseek-r1-distill-8b,0.5573333333333333
F5,A3,no-prompt,no-prompt,14,deepseek-r1-distill-8b,0.5327999999999999
F5,A3,no-prompt,no-prompt,15,deepseek-r1-distill-8b,0.516311111111111
F5,A3,no-prompt,no-prompt,16,deepseek-r1-distill-8b,0.5258222222222222
F5,A3,no-prompt,no-prompt,17,deepseek-r1-distill-8b,0.5127111111111111
F5,A3,no-prompt,no-prompt,18,deepseek-r1-distill-8b,0.5049777777777777
F5,A3,no-prompt,no-prompt,19,deepseek-r1-distill-8b,0.5128
F5,A3,no-prompt,no-prompt,20,deepseek-r1-distill-8b,0.5071111111111111
F5,A3,no-prompt,no-prompt,21,deepseek-r1-distill-8b,0.5068888888888888
F5,A3,no-prompt,no-prompt,22,deepseek-r1-distill-8b,0.4937777777777777
F5,A3,no-prompt,no-prompt,23,deepseek-r1-distill-8b,0.4723555555555556
F5,A3,no-prompt,no-prompt,24,deepseek-r1-distill-8b,0.4837333333333333
F5,A3,no-prompt,no-prompt,25,deepseek-r1-distill-8b,0.4772444444444444
F5,A3,no-prompt,no-prompt,26,deepseek-r1-distill-8b,0.4808888888888888
F5,A3,no-prompt,no-prompt,27,deepseek-r1-distill-8b,0.4863111111111111
F5,A3,no-prompt,no-prompt,28,deepseek-r1-distill-8b,0.4973333333333333
F5,A3,no-prompt,no-prompt,29,deepseek-r1-distill-8b,0.5009777777777777
F5,A3,no-prompt,no-prompt,30,deepseek-r1-distill-8b,0.5244444444444445
F5,A3,no-prompt,no-prompt,31,deepseek-r1-distill-8b,0.5152444444444445
F5,A3,no-prompt,no-prompt,32,deepseek-r1-distill-8b,0.5011111111111111
F5,F0,no-prompt,no-prompt,0,deepseek-r1-distill-8b,0.47265625
F5,F0,no-prompt,no-prompt,1,deepseek-r1-distill-8b,0.46234130859375
F5,F0,no-prompt,no-prompt,2,deepseek-r1-distill-8b,0.4621734619140625
F5,F0,no-prompt,no-prompt,3,deepseek-r1-distill-8b,0.4615936279296875
F5,F0,no-prompt,no-prompt,4,deepseek-r1-distill-8b,0.4664306640625
F5,F0,no-prompt,no-prompt,5,deepseek-r1-distill-8b,0.4695892333984375
F5,F0,no-prompt,no-prompt,6,deepseek-r1-distill-8b,0.485382080078125
F5,F0,no-prompt,no-prompt,7,deepseek-r1-distill-8b,0.4964141845703125
F5,F0,no-prompt,no-prompt,8,deepseek-r1-distill-8b,0.500030517578125
F5,F0,no-prompt,no-prompt,9,deepseek-r1-distill-8b,0.524627685546875
F5,F0,no-prompt,no-prompt,10,deepseek-r1-distill-8b,0.5647735595703125
F5,F0,no-prompt,no-prompt,11,deepseek-r1-distill-8b,0.56304931640625
F5,F0,no-prompt,no-prompt,12,deepseek-r1-distill-8b,0.54486083984375
F5,F0,no-prompt,no-prompt,13,deepseek-r1-distill-8b,0.5469818115234375
F5,F0,no-prompt,no-prompt,14,deepseek-r1-distill-8b,0.54046630859375
F5,F0,no-prompt,no-prompt,15,deepseek-r1-distill-8b,0.5350799560546875
F5,F0,no-prompt,no-prompt,16,deepseek-r1-distill-8b,0.523101806640625
F5,F0,no-prompt,no-prompt,17,deepseek-r1-distill-8b,0.52911376953125
F5,F0,no-prompt,no-prompt,18,deepseek-r1-distill-8b,0.533172607421875
F5,F0,no-prompt,no-prompt,19,deepseek-r1-distill-8b,0.531829833984375
F5,F0,no-prompt,no-prompt,20,deepseek-r1-distill-8b,0.5284271240234375
F5,F0,no-prompt,no-prompt,21,deepseek-r1-distill-8b,0.5231475830078125
F5,F0,no-prompt,no-prompt,22,deepseek-r1-distill-8b,0.52166748046875
F5,F0,no-prompt,no-prompt,23,deepseek-r1-distill-8b,0.50286865234375
F5,F0,no-prompt,no-prompt,24,deepseek-r1-distill-8b,0.4947052001953125
F5,F0,no-prompt,no-prompt,25,deepseek-r1-distill-8b,0.493408203125
F5,F0,no-prompt,no-prompt,26,deepseek-r1-distill-8b,0.506103515625
F5,F0,no-prompt,no-prompt,27,deepseek-r1-distill-8b,0.530303955078125
F5,F0,no-prompt,no-prompt,28,deepseek-r1-distill-8b,0.551177978515625
F5,F0,no-prompt,no-prompt,29,deepseek-r1-distill-8b,0.5665130615234375
F5,F0,no-prompt,no-prompt,30,deepseek-r1-distill-8b,0.5719451904296875
F5,F0,no-prompt,no-prompt,31,deepseek-r1-distill-8b,0.5636749267578125
F5,F0,no-prompt,no-prompt,32,deepseek-r1-distill-8b,0.678314208984375
F5,F1,no-prompt,no-prompt,0,deepseek-r1-distill-8b,0.498046875
F5,F1,no-prompt,no-prompt,1,deepseek-r1-distill-8b,0.4682769775390625
F5,F1,no-prompt,no-prompt,2,deepseek-r1-distill-8b,0.4795684814453125
F5,F1,no-prompt,no-prompt,3,deepseek-r1-distill-8b,0.47918701171875
F5,F1,no-prompt,no-prompt,4,deepseek-r1-distill-8b,0.47119140625
F5,F1,no-prompt,no-prompt,5,deepseek-r1-distill-8b,0.467498779296875
F5,F1,no-prompt,no-prompt,6,deepseek-r1-distill-8b,0.4649200439453125
F5,F1,no-prompt,no-prompt,7,deepseek-r1-distill-8b,0.4600677490234375
F5,F1,no-prompt,no-prompt,8,deepseek-r1-distill-8b,0.432586669921875
F5,F1,no-prompt,no-prompt,9,deepseek-r1-distill-8b,0.41241455078125
F5,F1,no-prompt,no-prompt,10,deepseek-r1-distill-8b,0.385406494140625
F5,F1,no-prompt,no-prompt,11,deepseek-r1-distill-8b,0.40179443359375
F5,F1,no-prompt,no-prompt,12,deepseek-r1-distill-8b,0.4239501953125
F5,F1,no-prompt,no-prompt,13,deepseek-r1-distill-8b,0.4310302734375
F5,F1,no-prompt,no-prompt,14,deepseek-r1-distill-8b,0.444305419921875
F5,F1,no-prompt,no-prompt,15,deepseek-r1-distill-8b,0.4648284912109375
F5,F1,no-prompt,no-prompt,16,deepseek-r1-distill-8b,0.4898223876953125
F5,F1,no-prompt,no-prompt,17,deepseek-r1-distill-8b,0.5014190673828125
F5,F1,no-prompt,no-prompt,18,deepseek-r1-distill-8b,0.5088653564453125
F5,F1,no-prompt,no-prompt,19,deepseek-r1-distill-8b,0.5181427001953125
F5,F1,no-prompt,no-prompt,20,deepseek-r1-distill-8b,0.517730712890625
F5,F1,no-prompt,no-prompt,21,deepseek-r1-distill-8b,0.533477783203125
F5,F1,no-prompt,no-prompt,22,deepseek-r1-distill-8b,0.51605224609375
F5,F1,no-prompt,no-prompt,23,deepseek-r1-distill-8b,0.4940032958984375
F5,F1,no-prompt,no-prompt,24,deepseek-r1-distill-8b,0.5019683837890625
F5,F1,no-prompt,no-prompt,25,deepseek-r1-distill-8b,0.4830169677734375
F5,F1,no-prompt,no-prompt,26,deepseek-r1-distill-8b,0.469329833984375
F5,F1,no-prompt,no-prompt,27,deepseek-r1-distill-8b,0.48284912109375
F5,F1,no-prompt,no-prompt,28,deepseek-r1-distill-8b,0.489532470703125
F5,F1,no-prompt,no-prompt,29,deepseek-r1-distill-8b,0.4758453369140625
F5,F1,no-prompt,no-prompt,30,deepseek-r1-distill-8b,0.472808837890625
F5,F1,no-prompt,no-prompt,31,deepseek-r1-distill-8b,0.5079345703125
F5,F1,no-prompt,no-prompt,32,deepseek-r1-distill-8b,0.5274505615234375
F5,F2,no-prompt,no-prompt,0,deepseek-r1-distill-8b,0.47265625
F5,F2,no-prompt,no-prompt,1,deepseek-r1-distill-8b,0.4679718017578125
F5,F2,no-prompt,no-prompt,2,deepseek-r1-distill-8b,0.4715728759765625
F5,F2,no-prompt,no-prompt,3,deepseek-r1-distill-8b,0.4929351806640625
F5,F2,no-prompt,no-prompt,4,deepseek-r1-distill-8b,0.494903564453125
F5,F2,no-prompt,no-prompt,5,deepseek-r1-distill-8b,0.4995574951171875
F5,F2,no-prompt,no-prompt,6,deepseek-r1-distill-8b,0.5054168701171875
F5,F2,no-prompt,no-prompt,7,deepseek-r1-distill-8b,0.514312744140625
F5,F2,no-prompt,no-prompt,8,deepseek-r1-distill-8b,0.5248565673828125
F5,F2,no-prompt,no-prompt,9,deepseek-r1-distill-8b,0.550811767578125
F5,F2,no-prompt,no-prompt,10,deepseek-r1-distill-8b,0.57293701171875
F5,F2,no-prompt,no-prompt,11,deepseek-r1-distill-8b,0.5695953369140625
F5,F2,no-prompt,no-prompt,12,deepseek-r1-distill-8b,0.5405731201171875
F5,F2,no-prompt,no-prompt,13,deepseek-r1-distill-8b,0.563751220703125
F5,F2,no-prompt,no-prompt,14,deepseek-r1-distill-8b,0.5694427490234375
F5,F2,no-prompt,no-prompt,15,deepseek-r1-distill-8b,0.5672607421875
F5,F2,no-prompt,no-prompt,16,deepseek-r1-distill-8b,0.54595947265625
F5,F2,no-prompt,no-prompt,17,deepseek-r1-distill-8b,0.5405731201171875
F5,F2,no-prompt,no-prompt,18,deepseek-r1-distill-8b,0.54443359375
F5,F2,no-prompt,no-prompt,19,deepseek-r1-distill-8b,0.535614013671875
F5,F2,no-prompt,no-prompt,20,deepseek-r1-distill-8b,0.5359649658203125
F5,F2,no-prompt,no-prompt,21,deepseek-r1-distill-8b,0.5418853759765625
F5,F2,no-prompt,no-prompt,22,deepseek-r1-distill-8b,0.536895751953125
F5,F2,no-prompt,no-prompt,23,deepseek-r1-distill-8b,0.5493011474609375
F5,F2,no-prompt,no-prompt,24,deepseek-r1-distill-8b,0.546630859375
F5,F2,no-prompt,no-prompt,25,deepseek-r1-distill-8b,0.5519866943359375
F5,F2,no-prompt,no-prompt,26,deepseek-r1-distill-8b,0.5492095947265625
F5,F2,no-prompt,no-prompt,27,deepseek-r1-distill-8b,0.5474853515625
F5,F2,no-prompt,no-prompt,28,deepseek-r1-distill-8b,0.54278564453125
F5,F2,no-prompt,no-prompt,29,deepseek-r1-distill-8b,0.54437255859375
F5,F2,no-prompt,no-prompt,30,deepseek-r1-distill-8b,0.544219970703125
F5,F2,no-prompt,no-prompt,31,deepseek-r1-distill-8b,0.53399658203125
F5,F2,no-prompt,no-prompt,32,deepseek-r1-distill-8b,0.57684326171875
F5,F3,no-prompt,no-prompt,0,deepseek-r1-distill-8b,0.4983333333333334
F5,F3,no-prompt,no-prompt,1,deepseek-r1-distill-8b,0.5038111111111111
F5,F3,no-prompt,no-prompt,2,deepseek-r1-distill-8b,0.4961444444444444
F5,F3,no-prompt,no-prompt,3,deepseek-r1-distill-8b,0.4895
F5,F3,no-prompt,no-prompt,4,deepseek-r1-distill-8b,0.4901222222222222
F5,F3,no-prompt,no-prompt,5,deepseek-r1-distill-8b,0.4913888888888889
F5,F3,no-prompt,no-prompt,6,deepseek-r1-distill-8b,0.4953999999999999
F5,F3,no-prompt,no-prompt,7,deepseek-r1-distill-8b,0.4987555555555555
F5,F3,no-prompt,no-prompt,8,deepseek-r1-distill-8b,0.512788888888889
F5,F3,no-prompt,no-prompt,9,deepseek-r1-distill-8b,0.5303777777777778
F5,F3,no-prompt,no-prompt,10,deepseek-r1-distill-8b,0.5390333333333334
F5,F3,no-prompt,no-prompt,11,deepseek-r1-distill-8b,0.5440333333333334
F5,F3,no-prompt,no-prompt,12,deepseek-r1-distill-8b,0.5431222222222223
F5,F3,no-prompt,no-prompt,13,deepseek-r1-distill-8b,0.5553999999999999
F5,F3,no-prompt,no-prompt,14,deepseek-r1-distill-8b,0.5501222222222222
F5,F3,no-prompt,no-prompt,15,deepseek-r1-distill-8b,0.5508
F5,F3,no-prompt,no-prompt,16,deepseek-r1-distill-8b,0.5460333333333334
F5,F3,no-prompt,no-prompt,17,deepseek-r1-distill-8b,0.5375222222222222
F5,F3,no-prompt,no-prompt,18,deepseek-r1-distill-8b,0.5371777777777778
F5,F3,no-prompt,no-prompt,19,deepseek-r1-distill-8b,0.5371888888888889
F5,F3,no-prompt,no-prompt,20,deepseek-r1-distill-8b,0.5445111111111112
F5,F3,no-prompt,no-prompt,21,deepseek-r1-distill-8b,0.5531777777777778
F5,F3,no-prompt,no-prompt,22,deepseek-r1-distill-8b,0.5636444444444444
F5,F3,no-prompt,no-prompt,23,deepseek-r1-distill-8b,0.5640444444444445
F5,F3,no-prompt,no-prompt,24,deepseek-r1-distill-8b,0.5724444444444444
F5,F3,no-prompt,no-prompt,25,deepseek-r1-distill-8b,0.5721
F5,F3,no-prompt,no-prompt,26,deepseek-r1-distill-8b,0.5711888888888889
F5,F3,no-prompt,no-prompt,27,deepseek-r1-distill-8b,0.5786555555555556
F5,F3,no-prompt,no-prompt,28,deepseek-r1-distill-8b,0.5852999999999999
F5,F3,no-prompt,no-prompt,29,deepseek-r1-distill-8b,0.5912222222222222
F5,F3,no-prompt,no-prompt,30,deepseek-r1-distill-8b,0.5904777777777778
F5,F3,no-prompt,no-prompt,31,deepseek-r1-distill-8b,0.5973999999999999
F5,F3,no-prompt,no-prompt,32,deepseek-r1-distill-8b,0.5891222222222221
F5,F4,no-prompt,no-prompt,0,deepseek-r1-distill-8b,0.4816053511705686
F5,F4,no-prompt,no-prompt,1,deepseek-r1-distill-8b,0.5049607946219841
F5,F4,no-prompt,no-prompt,2,deepseek-r1-distill-8b,0.5091777496896008
F5,F4,no-prompt,no-prompt,3,deepseek-r1-distill-8b,0.5134394469860516
F5,F4,no-prompt,no-prompt,4,deepseek-r1-distill-8b,0.5171194953076588
F5,F4,no-prompt,no-prompt,5,deepseek-r1-distill-8b,0.5243789219359962
F5,F4,no-prompt,no-prompt,6,deepseek-r1-distill-8b,0.5306763906444
F5,F4,no-prompt,no-prompt,7,deepseek-r1-distill-8b,0.5425554523998614
F5,F4,no-prompt,no-prompt,8,deepseek-r1-distill-8b,0.5570631200993278
F5,F4,no-prompt,no-prompt,9,deepseek-r1-distill-8b,0.5959329313989776
F5,F4,no-prompt,no-prompt,10,deepseek-r1-distill-8b,0.6158320376729567
F5,F4,no-prompt,no-prompt,11,deepseek-r1-distill-8b,0.6194337870941042
F5,F4,no-prompt,no-prompt,12,deepseek-r1-distill-8b,0.6102840012975247
F5,F4,no-prompt,no-prompt,13,deepseek-r1-distill-8b,0.6081363743134865
F5,F4,no-prompt,no-prompt,14,deepseek-r1-distill-8b,0.6000939586805516
F5,F4,no-prompt,no-prompt,15,deepseek-r1-distill-8b,0.5967271059607835
F5,F4,no-prompt,no-prompt,16,deepseek-r1-distill-8b,0.5989754029596985
F5,F4,no-prompt,no-prompt,17,deepseek-r1-distill-8b,0.589635462690574
F5,F4,no-prompt,no-prompt,18,deepseek-r1-distill-8b,0.5923647386494558
F5,F4,no-prompt,no-prompt,19,deepseek-r1-distill-8b,0.585832373239673
F5,F4,no-prompt,no-prompt,20,deepseek-r1-distill-8b,0.5966152503886981
F5,F4,no-prompt,no-prompt,21,deepseek-r1-distill-8b,0.6024988534803861
F5,F4,no-prompt,no-prompt,22,deepseek-r1-distill-8b,0.6082146732139462
F5,F4,no-prompt,no-prompt,23,deepseek-r1-distill-8b,0.6135837406740416
F5,F4,no-prompt,no-prompt,24,deepseek-r1-distill-8b,0.6227223409134126
F5,F4,no-prompt,no-prompt,25,deepseek-r1-distill-8b,0.6252390912853325
F5,F4,no-prompt,no-prompt,26,deepseek-r1-distill-8b,0.6274314604982048
F5,F4,no-prompt,no-prompt,27,deepseek-r1-distill-8b,0.6319056833816177
F5,F4,no-prompt,no-prompt,28,deepseek-r1-distill-8b,0.6381584098611872
F5,F4,no-prompt,no-prompt,29,deepseek-r1-distill-8b,0.634265835952618
F5,F4,no-prompt,no-prompt,30,deepseek-r1-distill-8b,0.6324314045704187
F5,F4,no-prompt,no-prompt,31,deepseek-r1-distill-8b,0.6324761467992528
F5,F4,no-prompt,no-prompt,32,deepseek-r1-distill-8b,0.6527667475755305
