statement,label,stmt1_id,stmt2_id
It is the case both that The city of Esenler is in Turkey. and that The city of Suizhou is in China..,1,120,665
It is the case both that The city of Ribeirao Preto is in Vietnam. and that The city of Incheon is in China..,0,415,844
It is the case both that The city of Basrah is in Iraq. and that The city of Akure is in Nigeria..,1,700,454
It is the case both that The city of Yibin is in China. and that The city of Bauchi is in Nigeria..,1,779,316
It is the case both that The city of Xuchang is in China. and that The city of Pokhara is in Uzbekistan..,0,783,304
It is the case both that The city of Rohini is in India. and that The city of Yingkou is in Malaysia..,0,538,62
It is the case both that The city of Katsina is in South Korea. and that The city of Nellore is in Egypt..,0,1086,395
It is the case both that The city of Xuancheng is in China. and that The city of Vladivostok is in China..,0,325,175
It is the case both that The city of Niluefer is in Turkey. and that The city of Irbid is in Jordan..,1,300,95
It is the case both that The city of Bukavu is in the Democratic Republic of the Congo. and that The city of Latakia is in Syria..,1,667,289
It is the case both that The city of Varanasi is in Vietnam. and that The city of Mbuji-Mayi is in Somalia..,0,212,19
It is the case both that The city of Omsk is in Russia. and that The city of Tucson is in China..,0,424,249
It is the case both that The city of Novosibirsk is in China. and that The city of Rui'an is in China..,0,146,515
It is the case both that The city of Jos is in India. and that The city of Kinshasa is in the Democratic Republic of the Congo..,0,340,848
It is the case both that The city of Tokyo is in Japan. and that The city of Ujjain is in India..,1,1129,21
It is the case both that The city of Zigong is in China. and that The city of Soshanguve is in India..,0,608,565
It is the case both that The city of Krasnoyarsk is in Russia. and that The city of Diyarbakir is in India..,0,1060,10
It is the case both that The city of Johor Bahru is in Malaysia. and that The city of Teresina is in South Korea..,0,1071,76
It is the case both that The city of Anqing is in China. and that The city of Tabriz is in Iran..,1,7,432
It is the case both that The city of Wanning is in China. and that The city of Islamabad is in New Zealand..,0,701,210
It is the case both that The city of Bogor is in Yemen. and that The city of Jiangyin is in China..,0,435,935
It is the case both that The city of Battagram is in Pakistan. and that The city of Kyoto is in Japan..,1,602,268
It is the case both that The city of Contagem is in Brazil. and that The city of Hegang is in Kyrgyzstan..,0,135,392
It is the case both that The city of Ujjain is in India. and that The city of Marrakesh is in Morocco..,1,21,603
It is the case both that The city of Zhangjiagang is in China. and that The city of Busan is in South Korea..,1,407,460
It is the case both that The city of Daejeon is in Rwanda. and that The city of Winnipeg is in Indonesia..,0,615,398
It is the case both that The city of Homyel' is in Belarus. and that The city of Weinan is in China..,1,589,42
It is the case both that The city of Bikaner is in India. and that The city of Malang is in Angola..,0,817,579
It is the case both that The city of Ebute Ikorodu is in Nigeria. and that The city of Omsk is in Russia..,1,386,424
It is the case both that The city of Golfe is in Angola. and that The city of Nova Iguacu is in Brazil..,1,645,691
It is the case both that The city of Yerevan is in Armenia. and that The city of Qingpu is in China..,1,376,984
It is the case both that The city of Florianopolis is in the United States. and that The city of Chattogram is in Bangladesh..,0,192,936
It is the case both that The city of Ecatepec de Morelos is in Mexico. and that The city of Abuja is in China..,0,907,156
It is the case both that The city of Kikwit is in Argentina. and that The city of Kumamoto is in Brazil..,0,970,893
It is the case both that The city of Milwaukee is in the United States. and that The city of Ulyanovsk is in Russia..,1,789,654
It is the case both that The city of Nanded is in India. and that The city of Kirkuk is in Iraq..,1,242,863
It is the case both that The city of New Kingston is in Jordan. and that The city of Esenler is in Turkey..,0,247,120
It is the case both that The city of Mosul is in North Korea. and that The city of Matola is in China..,0,217,464
It is the case both that The city of Yekaterinburg is in Iraq. and that The city of Contagem is in China..,0,746,486
It is the case both that The city of Niigata is in Japan. and that The city of Heroica Matamoros is in Mexico..,1,346,924
"It is the case both that The city of Chongming is in China. and that The city of Mianzhu, Deyang, Sichuan is in Angola..",0,14,221
It is the case both that The city of Guang'an is in China. and that The city of Katsina is in Nigeria..,1,882,262
It is the case both that The city of Florianopolis is in the United States. and that The city of Hohhot is in China..,0,192,770
It is the case both that The city of Paranaque City is in the Philippines. and that The city of Anshan is in China..,1,737,269
It is the case both that The city of Lueliang is in China. and that The city of Gqeberha is in South Africa..,1,206,72
It is the case both that The city of Shymkent is in India. and that The city of Tehran is in Russia..,0,134,197
It is the case both that The city of Abu Ghurayb is in Iraq. and that The city of Shangrao is in China..,1,94,706
It is the case both that The city of Maturin is in Brazil. and that The city of Virar is in India..,0,316,395
It is the case both that The city of Tokyo is in Japan. and that The city of Changwon is in China..,0,1129,204
It is the case both that The city of Dortmund is in Germany. and that The city of Bangkok is in Thailand..,1,760,694
It is the case both that The city of Chuzhou is in China. and that The city of Nansana is in Uganda..,1,307,387
It is the case both that The city of Chattogram is in Bangladesh. and that The city of Torreon is in Mexico..,1,936,1056
It is the case both that The city of Palembang is in Indonesia. and that The city of Zhongwei is in China..,1,163,276
It is the case both that The city of Winnipeg is in Canada. and that The city of Naberezhnyye Chelny is in Russia..,1,1187,397
It is the case both that The city of Rahim Yar Khan is in Pakistan. and that The city of Orumiyeh is in Iran..,1,585,319
It is the case both that The city of Lueliang is in India. and that The city of Daegu is in Mexico..,0,526,951
It is the case both that The city of Soacha is in Colombia. and that The city of Ansan-si is in South Korea..,1,360,445
It is the case both that The city of Basrah is in Iraq. and that The city of Jos is in Nigeria..,1,700,477
It is the case both that The city of Salta is in Argentina. and that The city of Aktobe is in Kazakhstan..,1,934,1051
It is the case both that The city of Muntinlupa is in the Philippines. and that The city of Shangluo is in Saudi Arabia..,0,1109,139
It is the case both that The city of Cabinda is in Angola. and that The city of Jieyang is in China..,1,56,236
It is the case both that The city of Zhabei is in China. and that The city of Zhangjiakou is in China..,1,338,792
It is the case both that The city of Bannu is in Pakistan. and that The city of Harare is in India..,0,154,1156
It is the case both that The city of Caracas is in India. and that The city of Qionghai is in China..,0,239,847
It is the case both that The city of Hlaingthaya is in Myanmar. and that The city of Ankara is in Turkey..,1,61,344
It is the case both that The city of Camama is in Angola. and that The city of Hebi is in China..,1,400,499
It is the case both that The city of Vijayawada is in India. and that The city of Weinan is in China..,1,1001,42
It is the case both that The city of Douala is in China. and that The city of Xinyang is in China..,0,1148,869
It is the case both that The city of Bujumbura is in China. and that The city of Vadodara is in India..,0,1038,821
It is the case both that The city of Xinyu is in India. and that The city of Baise is in Angola..,0,236,85
It is the case both that The city of Rostov-on-Don is in Russia. and that The city of Bukit Rahman Putra is in India..,0,143,169
It is the case both that The city of Hohhot is in China. and that The city of Quetta is in India..,0,770,1013
It is the case both that The city of Himeji is in Japan. and that The city of Wenzhou is in Colombia..,0,59,344
It is the case both that The city of Nouakchott is in Mauritania. and that The city of Puducherry is in India..,1,185,240
It is the case both that The city of Ryazan' is in Russia. and that The city of Shizuishan is in China..,1,123,228
It is the case both that The city of Nasiriyah is in Iraq. and that The city of Voronezh is in Russia..,1,107,18
It is the case both that The city of Seoul is in Mozambique. and that The city of Baghdad is in China..,0,896,798
It is the case both that The city of Islamabad is in Pakistan. and that The city of Xiaogan is in China..,1,158,267
It is the case both that The city of Jakarta is in Indonesia. and that The city of Lviv is in Ukraine..,1,552,912
It is the case both that The city of Vadodara is in India. and that The city of Al Hudaydah is in Yemen..,1,821,655
It is the case both that The city of Madurai is in India. and that The city of Sialkot is in Pakistan..,1,962,491
It is the case both that The city of Qingdao is in China. and that The city of Qinzhou is in China..,1,155,517
It is the case both that The city of Foshan is in China. and that The city of Ghaziabad is in India..,1,66,994
It is the case both that The city of Mengzi is in Venezuela. and that The city of Sao Bernardo do Campo is in Brazil..,0,187,149
It is the case both that The city of Samarinda is in Indonesia. and that The city of Gqeberha is in South Africa..,1,1125,72
It is the case both that The city of Albuquerque is in Nepal. and that The city of Lyon is in France..,0,617,336
It is the case both that The city of Handan is in China. and that The city of Zaria is in Pakistan..,0,462,373
It is the case both that The city of Vinh is in Vietnam. and that The city of Nanded is in India..,1,629,242
It is the case both that The city of Enugu is in China. and that The city of Najran is in Saudi Arabia..,0,1100,156
It is the case both that The city of Soacha is in Colombia. and that The city of Qiqihar is in China..,1,360,776
It is the case both that The city of Luzhou is in Brazil. and that The city of Sanaa is in Russia..,0,59,355
It is the case both that The city of Hongkou is in China. and that The city of Soacha is in Colombia..,1,621,360
It is the case both that The city of Benoni is in South Africa. and that The city of Hoji ya Henda is in Angola..,1,421,296
It is the case both that The city of Indore is in India. and that The city of Budta is in the Philippines..,1,678,463
It is the case both that The city of Dehradun is in India. and that The city of Maputo is in China..,0,49,1191
It is the case both that The city of Giza is in Egypt. and that The city of Izhevsk is in Russia..,1,895,1178
It is the case both that The city of Bagcilar is in the United States. and that The city of Rahim Yar Khan is in Pakistan..,0,325,585
It is the case both that The city of Johannesburg is in Japan. and that The city of Oujda is in Japan..,0,604,305
It is the case both that The city of Beirut is in Lebanon. and that The city of Kampala is in Uganda..,1,304,892
It is the case both that The city of Carrefour is in China. and that The city of Kumamoto is in Japan..,0,86,234
It is the case both that The city of Daxing'anling is in China. and that The city of Puente Alto is in Chile..,1,599,406
It is the case both that The city of Ibague is in Colombia. and that The city of Ulan Bator is in China..,0,540,241
It is the case both that The city of Asansol is in India. and that The city of Joao Pessoa is in Brazil..,1,382,32
It is the case both that The city of Niluefer is in Turkey. and that The city of Novokuznetsk is in Russia..,1,300,295
It is the case both that The city of Kallakurichi is in Germany. and that The city of Caloocan is in the Philippines..,0,598,512
It is the case both that The city of The Bronx is in the United States. and that The city of Tianshui is in China..,1,259,33
It is the case both that The city of Pune is in the United States. and that The city of Tasikmalaya is in Indonesia..,0,1007,834
It is the case both that The city of Shenyang is in China. and that The city of Kampala is in Uganda..,1,161,892
It is the case both that The city of Lviv is in Ukraine. and that The city of Krakow is in Poland..,1,912,455
It is the case both that The city of Hamamatsu is in Russia. and that The city of Sorocaba is in Iraq..,0,595,620
It is the case both that The city of Qingdao is in China. and that The city of Porto Alegre is in Brazil..,1,155,278
It is the case both that The city of Maiduguri is in China. and that The city of Shaoxing is in South Korea..,0,473,899
It is the case both that The city of Borama is in Somalia. and that The city of Arifwala is in Pakistan..,1,377,511
It is the case both that The city of Dharavi is in India. and that The city of Callao is in Peru..,1,696,507
It is the case both that The city of Minhang is in China. and that The city of Kota Kuala Muda is in Malaysia..,1,1040,92
It is the case both that The city of Vladivostok is in Russia. and that The city of Laiwu is in China..,1,470,1098
It is the case both that The city of Budapest is in Hungary. and that The city of Mukim Pulai is in Malaysia..,1,1073,504
It is the case both that The city of Juiz de Fora is in China. and that The city of Nellore is in Egypt..,0,424,395
It is the case both that The city of Milwaukee is in the United States. and that The city of Ciudad Juarez is in Mexico..,1,789,350
It is the case both that The city of Deyang is in China. and that The city of Ansan-si is in South Korea..,1,409,445
It is the case both that The city of Anshun is in China. and that The city of Meerut is in India..,1,253,91
It is the case both that The city of Wroclaw is in Poland. and that The city of Dera Ismail Khan is in Pakistan..,1,880,178
It is the case both that The city of Hengyang is in the Philippines. and that The city of Soshanguve is in India..,0,680,565
It is the case both that The city of Istanbul is in Turkey. and that The city of Amravati is in India..,1,35,838
It is the case both that The city of Yunfu is in Indonesia. and that The city of Tangier is in Morocco..,0,417,439
It is the case both that The city of Shaoguan is in Angola. and that The city of Ananindeua is in Iran..,0,295,285
It is the case both that The city of Callao is in Peru. and that The city of Riga is in Latvia..,1,507,65
It is the case both that The city of Managua is in China. and that The city of Ryazan' is in Russia..,0,930,123
It is the case both that The city of Muntinlupa is in the Philippines. and that The city of Osaka is in Indonesia..,0,1109,447
It is the case both that The city of Maceio is in Brazil. and that The city of Baku is in China..,0,1165,849
It is the case both that The city of Sangli is in China. and that The city of Bandar Lampung is in Vietnam..,0,51,238
It is the case both that The city of Taguig is in the Philippines. and that The city of Jiangyin is in China..,1,53,935
It is the case both that The city of Qingpu is in China. and that The city of Aracaju is in the United States..,0,984,830
It is the case both that The city of Marseille is in China. and that The city of Sanming is in China..,0,169,828
It is the case both that The city of Aktobe is in Kazakhstan. and that The city of Hannover is in Afghanistan..,0,1051,969
It is the case both that The city of Douala is in Cameroon. and that The city of Ordos is in China..,1,511,725
It is the case both that The city of Mumbai is in Vietnam. and that The city of Tiruchirappalli is in China..,0,67,149
It is the case both that The city of Omdurman is in Sudan. and that The city of Xiaogan is in Bangladesh..,0,1168,336
It is the case both that The city of Rajkot is in India. and that The city of Hamamatsu is in Russia..,0,990,595
It is the case both that The city of Al Basrah al Qadimah is in Iraq. and that The city of Teresina is in South Korea..,0,374,76
It is the case both that The city of Shizuoka is in Japan. and that The city of Hefei is in China..,1,430,851
It is the case both that The city of Daegu is in Mexico. and that The city of UEskuedar is in China..,0,951,198
It is the case both that The city of Jiangyin is in India. and that The city of Qinhuangdao is in India..,0,465,756
It is the case both that The city of Ribeirao Preto is in Brazil. and that The city of Mukalla is in Yemen..,1,431,1159
It is the case both that The city of Tokyo is in China. and that The city of Ziyang is in China..,0,406,140
It is the case both that The city of Jiamusi is in China. and that The city of Xuancheng is in China..,1,1015,325
It is the case both that The city of Chiclayo is in Pakistan. and that The city of Kobe is in Japan..,0,641,458
It is the case both that The city of Conakry is in Guinea. and that The city of Malacca is in China..,0,2,995
It is the case both that The city of Ya'an is in China. and that The city of Agege is in Nigeria..,1,23,310
It is the case both that The city of Shangyu is in China. and that The city of Oslo is in Norway..,1,524,113
It is the case both that The city of Gaziantep is in Turkey. and that The city of Sorocaba is in Brazil..,1,684,1077
It is the case both that The city of Minhang is in China. and that The city of Ipoh is in Malaysia..,1,1040,8
It is the case both that The city of Gwalior is in China. and that The city of Sargodha is in Bangladesh..,0,891,378
It is the case both that The city of Nellore is in India. and that The city of Oujda is in Japan..,0,165,305
It is the case both that The city of Zhangzhou is in Malaysia. and that The city of Putian is in China..,0,21,505
It is the case both that The city of Qinzhou is in China. and that The city of Kyoto is in Japan..,1,517,268
It is the case both that The city of Naucalpan de Juarez is in Mexico. and that The city of Bukit Rahman Putra is in Malaysia..,1,271,1151
It is the case both that The city of Pudong is in China. and that The city of Erode is in India..,1,214,58
It is the case both that The city of Ganzhou is in China. and that The city of Guatemala City is in Guatemala..,1,498,771
It is the case both that The city of Wanxian is in Syria. and that The city of Detroit is in the United States..,0,460,519
It is the case both that The city of Vinh is in Vietnam. and that The city of Benoni is in India..,0,629,77
It is the case both that The city of Coyoacan is in Mexico. and that The city of Luohu District is in Turkey..,0,9,459
It is the case both that The city of Kirkuk is in Iraq. and that The city of Bangkok is in Thailand..,1,863,694
It is the case both that The city of Bhubaneswar is in India. and that The city of Sokoto is in Syria..,0,378,256
It is the case both that The city of Cuautitlan Izcalli is in Turkey. and that The city of Istanbul is in China..,0,1049,747
It is the case both that The city of Baghdad is in Iraq. and that The city of Andijon is in Uzbekistan..,1,502,207
It is the case both that The city of Jingmen is in China. and that The city of Okara is in Pakistan..,1,43,966
It is the case both that The city of Dandong is in Indonesia. and that The city of Mandalay is in Myanmar..,0,290,483
It is the case both that The city of Kakamega is in Kenya. and that The city of Gaziantep is in Turkey..,1,130,684
It is the case both that The city of Niluefer is in Mexico. and that The city of Jos is in Nigeria..,0,854,477
It is the case both that The city of Cotonou is in Benin. and that The city of Mosul is in Iraq..,1,717,376
It is the case both that The city of Arusha is in Tanzania. and that The city of Al Ahmadi is in Kuwait..,1,264,782
It is the case both that The city of Zhangjiagang is in China. and that The city of Tiruchirappalli is in China..,0,407,149
It is the case both that The city of Makassar is in Indonesia. and that The city of Yaroslavl is in Russia..,1,162,373
It is the case both that The city of Ecatepec de Morelos is in Mexico. and that The city of Amman is in Jordan..,1,907,819
It is the case both that The city of Pingliang is in China. and that The city of Anshan is in China..,1,290,269
It is the case both that The city of Anshan is in Pakistan. and that The city of Queens is in the United States..,0,570,287
It is the case both that The city of Osogbo is in Nigeria. and that The city of Pallabi is in Bangladesh..,1,600,1020
It is the case both that The city of Cheonan is in South Korea. and that The city of Quetta is in Pakistan..,1,490,41
It is the case both that The city of Zhangjiagang is in China. and that The city of Surat is in Angola..,0,407,807
It is the case both that The city of Multan is in Pakistan. and that The city of Lilongwe is in Malawi..,1,669,80
It is the case both that The city of Ziyang is in China. and that The city of Cho Lon is in Vietnam..,1,140,401
It is the case both that The city of Dar es Salaam is in Tanzania. and that The city of Petaling Jaya is in China..,0,666,894
It is the case both that The city of Qom is in Iran. and that The city of Heze is in China..,1,105,74
It is the case both that The city of Makhachkala is in China. and that The city of Chunian is in Pakistan..,0,541,200
It is the case both that The city of Feira de Santana is in Brazil. and that The city of Kanayannur is in India..,1,1041,477
It is the case both that The city of Kyiv is in Ukraine. and that The city of Shizuishan is in China..,1,476,228
It is the case both that The city of Abu Dhabi is in the Dominican Republic. and that The city of Ibadan is in Nigeria..,0,920,365
It is the case both that The city of Thembisa is in South Africa. and that The city of Ujjain is in India..,1,201,21
It is the case both that The city of Dandong is in Indonesia. and that The city of Pasig City is in the Philippines..,0,290,578
It is the case both that The city of Nuremberg is in Germany. and that The city of Qiqihar is in China..,1,170,776
It is the case both that The city of Culiacan is in Mexico. and that The city of Okara is in Pakistan..,1,624,966
It is the case both that The city of Ulan Bator is in Mongolia. and that The city of Cuttack is in Jordan..,0,419,417
It is the case both that The city of Kanayannur is in Mexico. and that The city of Balikpapan is in Indonesia..,0,153,1048
It is the case both that The city of Kota Kinabalu is in Malaysia. and that The city of Anshan is in China..,1,44,269
It is the case both that The city of Adachi is in Japan. and that The city of Amravati is in India..,1,582,838
It is the case both that The city of Erzurum is in Turkey. and that The city of Huaibei is in China..,1,232,720
It is the case both that The city of Sofia is in Bulgaria. and that The city of Adachi is in Jamaica..,0,224,144
It is the case both that The city of Heze is in China. and that The city of Niigata is in China..,0,74,508
It is the case both that The city of Suez is in China. and that The city of Nanded is in India..,0,549,242
It is the case both that The city of Benguela is in Angola. and that The city of Ouagadougou is in Burkina Faso..,1,649,1082
It is the case both that The city of Kasur is in Yemen. and that The city of Hiroshima is in Poland..,0,383,136
It is the case both that The city of Lueliang is in China. and that The city of Panshan is in China..,1,206,1135
It is the case both that The city of Borivli is in India. and that The city of Rajshahi is in Bangladesh..,1,659,832
It is the case both that The city of Gazipur is in Bangladesh. and that The city of Fortaleza is in Brazil..,1,5,26
It is the case both that The city of Helsinki is in Finland. and that The city of Thiruvananthapuram is in India..,1,115,927
It is the case both that The city of Pretoria is in South Africa. and that The city of Suwon is in South Korea..,1,60,663
It is the case both that The city of Esenler is in Turkey. and that The city of Katsina is in Nigeria..,1,120,262
It is the case both that The city of Puning is in China. and that The city of Kalyan is in India..,1,31,1054
It is the case both that The city of Malatya is in Turkey. and that The city of Adachi is in Japan..,1,740,582
It is the case both that The city of Dandong is in Indonesia. and that The city of Naberezhnyye Chelny is in China..,0,290,234
It is the case both that The city of Sarajevo is in Bosnia and Herzegovina. and that The city of Palembang is in Indonesia..,1,1053,163
It is the case both that The city of Cotonou is in Benin. and that The city of Zagreb is in India..,0,717,897
It is the case both that The city of Kalyan is in India. and that The city of Kolwezi is in Mozambique..,0,1054,1055
It is the case both that The city of Pontianak is in Indonesia. and that The city of Salta is in Argentina..,1,468,934
It is the case both that The city of Cancun is in Vietnam. and that The city of Ulyanovsk is in Russia..,0,1107,654
It is the case both that The city of Suizhou is in Kyrgyzstan. and that The city of Salta is in Argentina..,0,479,934
It is the case both that The city of Abu Ghurayb is in Iraq. and that The city of Maceio is in China..,0,94,22
It is the case both that The city of Langfang is in China. and that The city of Algiers is in Algeria..,1,1136,286
It is the case both that The city of Uberlandia is in Uzbekistan. and that The city of Lyon is in France..,0,1172,336
It is the case both that The city of Al Ahmadi is in Kuwait. and that The city of Santo Domingo Este is in the Dominican Republic..,1,782,394
It is the case both that The city of Nagoya is in Japan. and that The city of Sukkur is in Pakistan..,1,54,753
It is the case both that The city of Sangli is in India. and that The city of Barranquilla is in Mexico..,0,323,933
It is the case both that The city of Setagaya is in Hungary. and that The city of Dortmund is in China..,0,1064,142
It is the case both that The city of Erzurum is in Turkey. and that The city of Puning is in China..,1,232,31
It is the case both that The city of Nanded is in the Democratic Republic of the Congo. and that The city of Thuan An is in China..,0,451,427
It is the case both that The city of Sapporo is in Japan. and that The city of Can Tho is in China..,0,961,496
It is the case both that The city of Xining is in China. and that The city of Antalya is in Kazakhstan..,0,0,152
It is the case both that The city of Hiroshima is in Poland. and that The city of Xuhui is in India..,0,136,436
It is the case both that The city of Nizhniy Novgorod is in Russia. and that The city of Bien Hoa is in China..,0,12,82
It is the case both that The city of Chenzhou is in Ukraine. and that The city of Wuzhou is in China..,0,25,79
It is the case both that The city of Paranaque City is in the Philippines. and that The city of General Santos is in the Philippines..,1,737,275
It is the case both that The city of Guarulhos is in Brazil. and that The city of Toulouse is in France..,1,630,370
It is the case both that The city of Cebu City is in the Philippines. and that The city of Thane is in India..,1,313,859
It is the case both that The city of Antalya is in Kazakhstan. and that The city of Maputo is in China..,0,152,1191
It is the case both that The city of Changwon is in China. and that The city of Sorocaba is in Iraq..,0,204,620
It is the case both that The city of Stockholm is in Sweden. and that The city of Tyumen is in Turkey..,0,492,293
It is the case both that The city of Homs is in Syria. and that The city of Recife is in Brazil..,1,522,520
It is the case both that The city of Qujing is in Turkey. and that The city of Puente Alto is in Chile..,0,358,406
It is the case both that The city of Arusha is in Tanzania. and that The city of San Miguel de Tucuman is in China..,0,264,544
It is the case both that The city of Balbala is in Djibouti. and that The city of Xinyu is in China..,1,1147,38
It is the case both that The city of Haiphong is in China. and that The city of Teni is in India..,0,651,1131
It is the case both that The city of Guatemala City is in Guatemala. and that The city of Vientiane is in Laos..,1,771,132
It is the case both that The city of Porto Alegre is in China. and that The city of Cho Lon is in the Dominican Republic..,0,323,355
It is the case both that The city of Qiqihar is in China. and that The city of Deyang is in China..,1,776,409
It is the case both that The city of Qom is in China. and that The city of Ranchi is in India..,0,167,230
It is the case both that The city of Baghdad is in China. and that The city of Johannesburg is in South Africa..,0,798,674
It is the case both that The city of Ahvaz is in China. and that The city of Soacha is in Colombia..,0,333,360
It is the case both that The city of Aguascalientes is in Mexico. and that The city of Ipoh is in Ghana..,0,456,702
It is the case both that The city of Vientiane is in Laos. and that The city of Rui'an is in China..,1,132,515
It is the case both that The city of Bandar Lampung is in Indonesia. and that The city of Bhiwandi is in India..,1,601,317
It is the case both that The city of Xingtai is in Kazakhstan. and that The city of Goyang-si is in Brazil..,0,319,478
It is the case both that The city of Kirkuk is in Iraq. and that The city of Aleppo is in Syria..,1,863,467
It is the case both that The city of Jalandhar is in India. and that The city of Busan is in South Korea..,1,939,460
It is the case both that The city of Santo Domingo Este is in the Philippines. and that The city of Yangon is in Myanmar..,0,283,116
It is the case both that The city of Seongnam-si is in South Korea. and that The city of Zunyi is in China..,1,356,1152
It is the case both that The city of Bandar Lampung is in Indonesia. and that The city of Zagreb is in India..,0,601,897
It is the case both that The city of Puducherry is in China. and that The city of Samarkand is in Burundi..,0,353,321
It is the case both that The city of Wenzhou is in China. and that The city of Huizhou is in China..,1,396,464
It is the case both that The city of Gwalior is in India. and that The city of Reynosa is in Mexico..,1,723,311
It is the case both that The city of Zaozhuang is in China. and that The city of Madinah is in Saudi Arabia..,1,414,215
It is the case both that The city of Baise is in China. and that The city of Dammam is in Saudi Arabia..,1,1027,112
It is the case both that The city of Teresina is in Brazil. and that The city of Denpasar is in Indonesia..,1,195,174
It is the case both that The city of Kalininskiy is in Germany. and that The city of Ndola is in Poland..,0,1059,425
It is the case both that The city of Bagcilar is in Turkey. and that The city of Zhabei is in China..,1,399,338
It is the case both that The city of Rajshahi is in Bangladesh. and that The city of Mohammadpur is in Turkey..,0,832,563
It is the case both that The city of Asmara is in South Korea. and that The city of Cuautitlan Izcalli is in Mexico..,0,929,1095
It is the case both that The city of Warangal is in Myanmar. and that The city of Nagoya is in India..,0,296,469
It is the case both that The city of Namangan is in Uzbekistan. and that The city of Kharkiv is in Ukraine..,1,210,28
It is the case both that The city of Ganzhou is in China. and that The city of Manaus is in Brazil..,1,498,456
It is the case both that The city of Jakarta is in Mongolia. and that The city of Quito is in Ecuador..,0,1110,591
It is the case both that The city of Anyang-si is in Poland. and that The city of Haiphong is in Vietnam..,0,870,1065
It is the case both that The city of Katsina is in South Korea. and that The city of Kanayannur is in Mexico..,0,1086,153
It is the case both that The city of Kanpur is in India. and that The city of Kumasi is in Russia..,0,913,231
It is the case both that The city of Aihara is in Japan. and that The city of Santo Domingo Este is in the Dominican Republic..,1,150,394
It is the case both that The city of Chennai is in India. and that The city of Madinah is in Saudi Arabia..,1,74,215
It is the case both that The city of Chelyabinsk is in Russia. and that The city of Khartoum North is in Sudan..,1,175,259
It is the case both that The city of Toulouse is in Kenya. and that The city of Abu Dhabi is in the Dominican Republic..,0,840,920
It is the case both that The city of Benoni is in South Africa. and that The city of Xiaogan is in China..,1,421,267
It is the case both that The city of Hue is in Vietnam. and that The city of Meerut is in India..,1,244,91
It is the case both that The city of Dortmund is in Germany. and that The city of Ludhiana is in India..,1,760,170
It is the case both that The city of Penza is in Colombia. and that The city of Tonghua is in China..,0,394,14
It is the case both that The city of Jinzhong is in Russia. and that The city of Prayagraj is in China..,0,246,509
It is the case both that The city of Sapporo is in Turkey. and that The city of Zagreb is in Croatia..,0,305,835
It is the case both that The city of Kaduna is in India. and that The city of Bangkok is in Thailand..,0,287,694
It is the case both that The city of Soshanguve is in South Africa. and that The city of Fukuoka is in Belarus..,0,224,402
It is the case both that The city of Chongming is in China. and that The city of Sao Bernardo do Campo is in Brazil..,1,14,149
It is the case both that The city of Shangrao is in India. and that The city of Kitwe is in Malaysia..,0,501,129
It is the case both that The city of Ciudad Guayana is in Venezuela. and that The city of Sargodha is in Bangladesh..,0,113,378
It is the case both that The city of Bhavnagar is in India. and that The city of Guarulhos is in Brazil..,1,682,630
It is the case both that The city of Mukim Pulai is in Malaysia. and that The city of Goiania is in Brazil..,1,504,761
It is the case both that The city of Ibague is in Colombia. and that The city of Camayenne is in Guinea..,1,540,385
It is the case both that The city of Subang Jaya is in Malaysia. and that The city of Joao Pessoa is in Brazil..,1,367,32
It is the case both that The city of Muscat is in Oman. and that The city of Tirunelveli is in India..,1,246,658
It is the case both that The city of Cagayan de Oro is in the United States. and that The city of Xinyang is in Chad..,0,352,17
It is the case both that The city of Puducherry is in India. and that The city of Siping is in the Democratic Republic of the Congo..,0,240,30
It is the case both that The city of Maiduguri is in China. and that The city of Bilimora is in India..,0,473,79
It is the case both that The city of Antalya is in Turkey. and that The city of Puxi is in Nigeria..,0,1002,661
It is the case both that The city of Baoji is in Japan. and that The city of Madurai is in India..,0,614,962
It is the case both that The city of Tokyo is in Japan. and that The city of Dhanbad is in India..,1,1129,433
It is the case both that The city of Riga is in Latvia. and that The city of Hamhung is in North Korea..,1,65,457
It is the case both that The city of Voronezh is in Russia. and that The city of Jeonju is in Egypt..,0,18,497
It is the case both that The city of Detroit is in the United States. and that The city of Mysuru is in India..,1,519,532
It is the case both that The city of Hermosillo is in Mexico. and that The city of Tanggu is in China..,1,303,412
It is the case both that The city of Malingao is in the Philippines. and that The city of San Miguel de Tucuman is in Argentina..,1,205,250
It is the case both that The city of Leipzig is in China. and that The city of Visakhapatnam is in India..,0,542,248
It is the case both that The city of Xinyu is in China. and that The city of Ibague is in Mexico..,0,38,683
It is the case both that The city of Voronezh is in Russia. and that The city of Zhabei is in China..,1,18,338
It is the case both that The city of Hlaingthaya is in China. and that The city of Anqing is in India..,0,398,568
It is the case both that The city of Sapporo is in Turkey. and that The city of Kota Kinabalu is in Malaysia..,0,305,44
It is the case both that The city of Xiangtan is in China. and that The city of Kemerovo is in Russia..,1,17,6
It is the case both that The city of Balikpapan is in Ukraine. and that The city of Wuzhou is in China..,0,146,79
It is the case both that The city of Wanzhou is in Guinea. and that The city of Nay Pyi Taw is in Kazakhstan..,0,381,380
It is the case both that The city of Maputo is in China. and that The city of Coyoacan is in Mexico..,0,1191,9
It is the case both that The city of Huzhou is in China. and that The city of Shenyang is in Malaysia..,0,1037,872
It is the case both that The city of Gujrat is in Pakistan. and that The city of The Bronx is in the United States..,1,107,259
It is the case both that The city of Sangli is in China. and that The city of Soweto is in Mexico..,0,51,1173
It is the case both that The city of Huangshi is in China. and that The city of Kikolo is in Angola..,1,87,160
It is the case both that The city of Suwon is in South Korea. and that The city of Puxi is in China..,1,663,727
It is the case both that The city of Hohhot is in China. and that The city of Banjarmasin is in Indonesia..,1,770,1021
It is the case both that The city of Maputo is in Mozambique. and that The city of Saint Petersburg is in India..,0,829,786
It is the case both that The city of Douala is in China. and that The city of Linfen is in Russia..,0,1148,530
It is the case both that The city of Zhoushan is in Jordan. and that The city of Zhangzhou is in Malaysia..,0,128,21
It is the case both that The city of Teresina is in Brazil. and that The city of Assiut is in Indonesia..,0,195,1081
It is the case both that The city of Tlalpan is in Mexico. and that The city of Karbala is in Kuwait..,0,27,1009
It is the case both that The city of Bareilly is in India. and that The city of Comilla is in Bangladesh..,1,474,191
It is the case both that The city of Caloocan is in the Philippines. and that The city of Port Harcourt is in Nigeria..,1,512,342
It is the case both that The city of Bhubaneswar is in Turkey. and that The city of Krasnoyarsk is in the Dominican Republic..,0,96,422
It is the case both that The city of Daejeon is in Rwanda. and that The city of Onitsha is in Nigeria..,0,615,82
It is the case both that The city of Shymkent is in Kazakhstan. and that The city of Setagaya is in Japan..,1,237,363
It is the case both that The city of Siliguri is in Pakistan. and that The city of Laiwu is in Sudan..,0,795,867
It is the case both that The city of Calabar is in Uganda. and that The city of Jeddah is in the Democratic Republic of the Congo..,0,171,357
It is the case both that The city of Lyon is in France. and that The city of Osogbo is in Nigeria..,1,336,600
It is the case both that The city of Seongnam-si is in South Korea. and that The city of Thiruvananthapuram is in India..,1,356,927
It is the case both that The city of Sulaymaniyah is in China. and that The city of Jilin is in China..,0,328,233
It is the case both that The city of Al Mawsil al Jadidah is in the United States. and that The city of Vinh is in Vietnam..,0,270,629
It is the case both that The city of Lanzhou is in China. and that The city of Niluefer is in Turkey..,1,340,300
It is the case both that The city of Culiacan is in Mexico. and that The city of Khartoum is in India..,0,624,263
It is the case both that The city of Zigong is in China. and that The city of Pekanbaru is in Indonesia..,1,608,211
It is the case both that The city of Xianyang is in China. and that The city of Lahore is in the Democratic Republic of the Congo..,0,890,1123
It is the case both that The city of Hengyang is in the Philippines. and that The city of Rangpur is in Bosnia and Herzegovina..,0,680,227
It is the case both that The city of Kharkiv is in Ukraine. and that The city of Hamhung is in Turkey..,0,28,68
It is the case both that The city of Changshu is in China. and that The city of Soweto is in Mexico..,0,1161,1173
It is the case both that The city of Niteroi is in India. and that The city of Xuhui is in India..,0,1036,436
It is the case both that The city of Itabashi is in Japan. and that The city of Izmir is in Turkey..,1,294,235
It is the case both that The city of Johannesburg is in South Africa. and that The city of Hebi is in China..,1,674,499
It is the case both that The city of Suez is in Egypt. and that The city of Chizhou is in China..,1,39,279
It is the case both that The city of Nanded is in India. and that The city of Carrefour is in Haiti..,1,242,351
It is the case both that The city of Malatya is in Turkey. and that The city of Hubballi is in India..,1,740,372
It is the case both that The city of Soweto is in Mexico. and that The city of Muzaffarabad is in India..,0,1173,69
It is the case both that The city of Kakamega is in India. and that The city of Qinhuangdao is in India..,0,216,756
It is the case both that The city of Sanya is in Malaysia. and that The city of Xinyu is in India..,0,4,236
It is the case both that The city of Jamnagar is in the Philippines. and that The city of Kolwezi is in Mozambique..,0,751,1055
It is the case both that The city of Santo Domingo Oeste is in Iran. and that The city of Busan is in South Korea..,0,1128,460
It is the case both that The city of Chuxiong is in China. and that The city of Davao is in China..,0,950,1113
It is the case both that The city of Bhayandar is in China. and that The city of Andijon is in China..,0,219,1047
It is the case both that The city of Al Mahallah al Kubra is in Egypt. and that The city of Omdurman is in Sudan..,1,947,1168
It is the case both that The city of Bishkek is in Iraq. and that The city of Gustavo Adolfo Madero is in China..,0,104,368
It is the case both that The city of Leipzig is in Germany. and that The city of Calabar is in Uganda..,0,750,171
It is the case both that The city of Dammam is in Pakistan. and that The city of Warangal is in India..,0,216,806
It is the case both that The city of Faisalabad is in Pakistan. and that The city of Coimbatore is in India..,1,868,509
It is the case both that The city of Aparecida de Goiania is in Brazil. and that The city of Al Fayyum is in Egypt..,1,206,833
It is the case both that The city of Jammu is in India. and that The city of Seattle is in China..,0,1089,152
It is the case both that The city of Kayseri is in Turkey. and that The city of Maracaibo is in China..,0,415,853
It is the case both that The city of Pingliang is in Indonesia. and that The city of Kolhapur is in Tanzania..,0,638,16
It is the case both that The city of Muscat is in Oman. and that The city of Ciudad Nezahualcoyotl is in Mexico..,1,246,358
It is the case both that The city of Ibb is in India. and that The city of Sulaymaniyah is in Iraq..,0,280,275
It is the case both that The city of Lanzhou is in China. and that The city of Tokyo is in Japan..,1,340,1129
It is the case both that The city of Kalaburagi is in Turkey. and that The city of Thiruvananthapuram is in Mozambique..,0,382,1117
It is the case both that The city of Ulanqab is in Pakistan. and that The city of Dakar is in Germany..,0,607,127
It is the case both that The city of Cheongju-si is in South Korea. and that The city of UEskuedar is in Turkey..,1,173,196
It is the case both that The city of Muscat is in China. and that The city of Pikine is in Senegal..,0,1094,504
It is the case both that The city of Bursa is in Turkey. and that The city of Conakry is in Guinea..,1,57,2
It is the case both that The city of Daegu is in Mexico. and that The city of Langfang is in Angola..,0,951,815
It is the case both that The city of Batam is in Indonesia. and that The city of Panshan is in China..,1,1005,1135
It is the case both that The city of Pingliang is in China. and that The city of Kagoshima is in Ecuador..,0,290,278
It is the case both that The city of Jos is in Nigeria. and that The city of Edogawe is in Japan..,1,477,1184
It is the case both that The city of Zunyi is in the United Arab Emirates. and that The city of Phnom Penh is in Cambodia..,0,255,823
It is the case both that The city of Quezon City is in the Philippines. and that The city of Jabalpur is in India..,1,65,510
It is the case both that The city of Quito is in Ecuador. and that The city of Weihai is in China..,1,591,493
It is the case both that The city of Teresina is in Brazil. and that The city of Beirut is in India..,0,195,965
It is the case both that The city of Porto Alegre is in Brazil. and that The city of Pretoria is in South Africa..,1,278,60
It is the case both that The city of Bhavnagar is in India. and that The city of UEruemqi is in China..,1,682,613
It is the case both that The city of Yaounde is in China. and that The city of Xinyu is in China..,0,443,38
It is the case both that The city of Tiruchirappalli is in India. and that The city of Barquisimeto is in Venezuela..,1,403,253
It is the case both that The city of Kallakurichi is in India. and that The city of Ya'an is in China..,1,1120,23
It is the case both that The city of Dar es Salaam is in Tanzania. and that The city of San Luis Potosi is in Mexico..,1,666,233
It is the case both that The city of Suizhou is in Kyrgyzstan. and that The city of Islamabad is in New Zealand..,0,479,210
It is the case both that The city of Huludao is in China. and that The city of Beijing is in the Philippines..,0,932,711
It is the case both that The city of Ha'il is in Finland. and that The city of Faridabad is in Indonesia..,0,739,189
It is the case both that The city of Dehradun is in Mexico. and that The city of Anqing is in China..,0,277,7
It is the case both that The city of Kimhae is in South Korea. and that The city of Shenyang is in China..,1,569,161
It is the case both that The city of Barnaul is in Russia. and that The city of Kyiv is in Germany..,0,199,945
It is the case both that The city of Ananindeua is in Iran. and that The city of Puente Alto is in China..,0,285,52
It is the case both that The city of Perm is in India. and that The city of Vijayawada is in Turkey..,0,1145,83
It is the case both that The city of Shekhupura is in Lithuania. and that The city of Arusha is in Tanzania..,0,801,264
It is the case both that The city of Narela is in China. and that The city of Taguig is in the Philippines..,0,62,53
It is the case both that The city of Hwaseong-si is in South Korea. and that The city of Durban is in South Africa..,1,332,724
It is the case both that The city of Balbala is in Djibouti. and that The city of Tangshan is in India..,0,1147,125
It is the case both that The city of Goiania is in Brazil. and that The city of General Santos is in the Philippines..,1,761,275
It is the case both that The city of Bobo-Dioulasso is in Malaysia. and that The city of Adana is in China..,0,587,487
It is the case both that The city of Battagram is in Pakistan. and that The city of Cancun is in Mexico..,1,602,205
It is the case both that The city of Jaboatao dos Guararapes is in Brazil. and that The city of Zhu Cheng City is in China..,1,671,35
It is the case both that The city of Guli is in China. and that The city of Bouake is in China..,0,369,388
It is the case both that The city of Fes is in Morocco. and that The city of Pelentong is in Malaysia..,1,321,138
It is the case both that The city of Pimpri is in India. and that The city of Shah Alam is in Malaysia..,1,698,539
It is the case both that The city of Faridabad is in India. and that The city of Novokuznetsk is in Russia..,1,64,295
It is the case both that The city of Moradabad is in India. and that The city of Nairobi is in Kenya..,1,1186,968
It is the case both that The city of Odesa is in Pakistan. and that The city of Irbid is in Jordan..,0,554,95
It is the case both that The city of Panjin is in China. and that The city of Korla is in China..,1,338,442
It is the case both that The city of Kumamoto is in Japan. and that The city of Owerri is in Nigeria..,1,234,306
It is the case both that The city of Xuchang is in China. and that The city of Addis Ababa is in Ethiopia..,1,783,410
It is the case both that The city of Jieyang is in China. and that The city of Nyala is in Sudan..,1,236,257
It is the case both that The city of Zunyi is in the United Arab Emirates. and that The city of Kumasi is in Ghana..,0,255,931
It is the case both that The city of Kagoshima is in Japan. and that The city of Hangzhou is in China..,1,486,258
It is the case both that The city of Benoni is in South Africa. and that The city of Malatya is in Turkey..,1,421,740
It is the case both that The city of Serang is in Sudan. and that The city of Daqing is in India..,0,985,1078
It is the case both that The city of Qujing is in Turkey. and that The city of Buraydah is in Saudi Arabia..,0,358,341
It is the case both that The city of Multan is in Pakistan. and that The city of Sanya is in Malaysia..,0,669,4
It is the case both that The city of Binzhou is in China. and that The city of Hiroshima is in Japan..,1,1018,944
It is the case both that The city of Lodz is in Poland. and that The city of Khulna is in Bangladesh..,1,411,75
It is the case both that The city of Aracaju is in Brazil. and that The city of Muntinlupa is in the Philippines..,1,982,1109
It is the case both that The city of Zhuzhou is in the United States. and that The city of Quebec is in Canada..,0,354,1141
It is the case both that The city of Changshu is in China. and that The city of Mandalay is in the United States..,0,1161,173
It is the case both that The city of Kananga is in the Democratic Republic of the Congo. and that The city of Najafgarh is in India..,1,186,482
It is the case both that The city of Vadodara is in Bangladesh. and that The city of Erode is in Guinea..,0,15,508
It is the case both that The city of Bilimora is in the United States. and that The city of Fuxin is in China..,0,434,1143
It is the case both that The city of Anqing is in India. and that The city of Jinan is in India..,0,568,147
It is the case both that The city of Anshun is in China. and that The city of Al Basrah al Qadimah is in Iraq..,1,253,374
It is the case both that The city of Arak is in Iran. and that The city of Ulan Bator is in Mongolia..,1,1130,419
It is the case both that The city of Dalian is in China. and that The city of Jilin is in China..,1,721,233
It is the case both that The city of Bujumbura is in Burundi. and that The city of Sofia is in Bulgaria..,1,352,224
It is the case both that The city of New South Memphis is in the United States. and that The city of Bhubaneswar is in Turkey..,0,188,96
It is the case both that The city of Ulan Bator is in China. and that The city of Osogbo is in Nigeria..,0,241,600
It is the case both that The city of Yinchuan is in France. and that The city of Pasig City is in the Philippines..,0,1033,578
It is the case both that The city of Kirkuk is in the United States. and that The city of Arak is in Iran..,0,371,1130
It is the case both that The city of Kermanshah is in Iran. and that The city of Gqeberha is in China..,0,209,1079
It is the case both that The city of Kalaburagi is in Turkey. and that The city of Ar Raqqah is in Syria..,0,382,84
It is the case both that The city of Surat is in India. and that The city of Feira de Santana is in Brazil..,1,557,1041
It is the case both that The city of Siliguri is in India. and that The city of Nowrangapur is in India..,1,281,1014
It is the case both that The city of Marseille is in France. and that The city of Dar es Salaam is in Tanzania..,1,218,666
It is the case both that The city of Kananga is in China. and that The city of Soacha is in Colombia..,0,560,360
It is the case both that The city of Aihara is in Japan. and that The city of Porto Alegre is in Brazil..,1,150,278
It is the case both that The city of Budta is in the Philippines. and that The city of Ahvaz is in China..,0,463,333
It is the case both that The city of Kimhae is in South Korea. and that The city of Zibo is in Bangladesh..,0,569,301
It is the case both that The city of Barnaul is in Russia. and that The city of Incheon is in South Korea..,1,199,605
It is the case both that The city of Novokuznetsk is in Malaysia. and that The city of Barranquilla is in Mexico..,0,36,933
It is the case both that The city of Zhangjiagang is in Indonesia. and that The city of Hubballi is in India..,0,86,372
It is the case both that The city of Matsuyama is in India. and that The city of Kathmandu is in Nepal..,0,327,1028
It is the case both that The city of Naucalpan de Juarez is in Mexico. and that The city of Ta'if is in Nigeria..,0,271,1104
It is the case both that The city of Cheongju-si is in South Korea. and that The city of Guangzhou is in the Democratic Republic of the Congo..,0,173,397
It is the case both that The city of Nanchang is in India. and that The city of Astana is in Kazakhstan..,0,314,93
It is the case both that The city of Al Basrah al Qadimah is in China. and that The city of Douala is in China..,0,114,1148
It is the case both that The city of Malatya is in Iran. and that The city of Rostov-on-Don is in China..,0,489,1103
It is the case both that The city of Yingkou is in China. and that The city of Ra's Bayrut is in Lebanon..,1,203,1035
It is the case both that The city of Zhaotong is in China. and that The city of Wenzhou is in China..,1,53,396
It is the case both that The city of Anshun is in China. and that The city of Kitakyushu is in Japan..,1,253,856
It is the case both that The city of Jiangyin is in China. and that The city of Auckland is in New Zealand..,1,935,1093
It is the case both that The city of Daxing'anling is in China. and that The city of Quezon City is in the Philippines..,1,599,65
It is the case both that The city of Warri is in Myanmar. and that The city of Ar Raqqah is in Syria..,0,347,84
"It is the case both that The city of Mianzhu, Deyang, Sichuan is in China. and that The city of Ibb is in India..",0,571,280
It is the case both that The city of Aden is in China. and that The city of Irbid is in Jordan..,0,164,95
It is the case both that The city of Okayama is in Japan. and that The city of Taguig is in the Philippines..,1,866,53
It is the case both that The city of Chelyabinsk is in Japan. and that The city of Himeji is in Japan..,0,222,59
It is the case both that The city of Busan is in China. and that The city of Victoria de Durango is in Belarus..,0,1061,196
It is the case both that The city of Banjarmasin is in Nigeria. and that The city of Wuwei is in Russia..,0,47,943
It is the case both that The city of Santo Domingo Oeste is in the Dominican Republic. and that The city of Hoji ya Henda is in Angola..,1,54,296
It is the case both that The city of Kuala Lumpur is in Malaysia. and that The city of Chennai is in India..,1,34,74
It is the case both that The city of Kaifeng is in China. and that The city of Mosul is in Iraq..,1,221,376
It is the case both that The city of Kunming is in Mexico. and that The city of Benguela is in Angola..,0,20,649
It is the case both that The city of Khartoum North is in Sudan. and that The city of Fuxin is in China..,1,259,1143
It is the case both that The city of Chenzhou is in China. and that The city of Songjiang is in China..,1,450,826
It is the case both that The city of Vientiane is in Laos. and that The city of Kharkiv is in Iraq..,0,132,389
It is the case both that The city of Gwalior is in China. and that The city of Mandalay is in the United States..,0,891,173
It is the case both that The city of Bagcilar is in Turkey. and that The city of Aracaju is in Brazil..,1,399,982
It is the case both that The city of Sharjah is in Brazil. and that The city of Setagaya is in Japan..,0,1052,363
It is the case both that The city of Bhiwandi is in China. and that The city of Belford Roxo is in China..,0,334,50
It is the case both that The city of Libreville is in Gabon. and that The city of Muntinlupa is in the Philippines..,1,974,1109
It is the case both that The city of Thuan An is in China. and that The city of Jeonju is in South Korea..,0,427,401
It is the case both that The city of Suez is in Egypt. and that The city of San Luis Potosi is in Mexico..,1,39,233
It is the case both that The city of Ulan Bator is in China. and that The city of Naberezhnyye Chelny is in China..,0,241,234
It is the case both that The city of Cabinda is in South Africa. and that The city of Amritsar is in China..,0,362,230
It is the case both that The city of Sevastopol is in Ukraine. and that The city of Mogadishu is in Somalia..,1,9,195
It is the case both that The city of Rizhao is in China. and that The city of Bukit Rahman Putra is in Malaysia..,1,618,1151
It is the case both that The city of Dar es Salaam is in Tanzania. and that The city of Mississauga is in India..,0,666,335
It is the case both that The city of Madurai is in China. and that The city of Nay Pyi Taw is in Kazakhstan..,0,487,380
It is the case both that The city of Ibb is in Yemen. and that The city of Rohini is in Saudi Arabia..,0,413,492
It is the case both that The city of Baku is in China. and that The city of Tijuana is in Mexico..,0,849,978
It is the case both that The city of Mogadishu is in Somalia. and that The city of Rizhao is in China..,1,195,618
It is the case both that The city of Sungai Petani is in Malawi. and that The city of Khartoum is in India..,0,97,263
It is the case both that The city of Sofia is in Bulgaria. and that The city of Madurai is in India..,1,224,962
It is the case both that The city of Tolyatti is in Russia. and that The city of Gqeberha is in South Africa..,1,495,72
It is the case both that The city of Johannesburg is in South Africa. and that The city of Amritsar is in India..,1,674,809
It is the case both that The city of Makhachkala is in Russia. and that The city of Ulsan is in South Korea..,1,241,1063
It is the case both that The city of Huzhou is in China. and that The city of Warri is in Nigeria..,1,1037,584
It is the case both that The city of Ciudad Guayana is in Venezuela. and that The city of Dombivali is in India..,1,113,836
It is the case both that The city of Qujing is in Turkey. and that The city of Busan is in China..,0,358,1061
It is the case both that The city of Ziyang is in Iraq. and that The city of Al Basrah al Qadimah is in Iraq..,0,650,374
It is the case both that The city of Antalya is in Turkey. and that The city of Changwon is in South Korea..,1,1002,862
It is the case both that The city of Langfang is in China. and that The city of Khulna is in Bangladesh..,1,1136,75
It is the case both that The city of Saratov is in Russia. and that The city of Antananarivo is in Egypt..,0,157,96
It is the case both that The city of Kuantan is in China. and that The city of Zanzibar is in Tanzania..,0,979,1085
It is the case both that The city of Bengbu is in the United States. and that The city of Pekanbaru is in Indonesia..,0,1025,211
It is the case both that The city of Dortmund is in Germany. and that The city of Vladivostok is in Russia..,1,760,470
It is the case both that The city of Anqing is in China. and that The city of Aguascalientes is in Mexico..,1,7,456
It is the case both that The city of Yingkou is in China. and that The city of Duesseldorf is in Vietnam..,0,203,1091
It is the case both that The city of Conakry is in Guinea. and that The city of Matola is in Mozambique..,1,2,332
It is the case both that The city of UEruemqi is in China. and that The city of Namangan is in Uzbekistan..,1,613,210
It is the case both that The city of Agege is in Japan. and that The city of Zhengzhou is in China..,0,400,39
It is the case both that The city of Guwahati is in India. and that The city of Nanjing is in China..,1,874,1088
It is the case both that The city of Xuchang is in China. and that The city of Qui Nhon is in Vietnam..,1,783,81
It is the case both that The city of Putian is in China. and that The city of Kanayannur is in India..,1,505,477
It is the case both that The city of Guiyang is in China. and that The city of Dar es Salaam is in Tanzania..,1,429,666
It is the case both that The city of Aracaju is in Brazil. and that The city of Mersin is in China..,0,982,824
It is the case both that The city of Pest is in Hungary. and that The city of Bogor is in Yemen..,0,22,435
It is the case both that The city of Hamamatsu is in Japan. and that The city of Lviv is in Ukraine..,1,785,912
It is the case both that The city of Mersin is in China. and that The city of Aleppo is in Syria..,0,824,467
It is the case both that The city of Liaocheng is in China. and that The city of Yangjiang is in China..,1,202,535
It is the case both that The city of Kimhae is in South Korea. and that The city of Puxi is in Nigeria..,0,569,661
It is the case both that The city of Ashgabat is in Turkmenistan. and that The city of Benin City is in Nigeria..,1,366,903
It is the case both that The city of Dortmund is in Germany. and that The city of Guigang is in China..,1,760,802
It is the case both that The city of Albuquerque is in Nepal. and that The city of Thu GJuc is in Vietnam..,0,617,150
It is the case both that The city of Salta is in Argentina. and that The city of Hiroshima is in Japan..,1,934,944
It is the case both that The city of Shekhupura is in Pakistan. and that The city of Porto Alegre is in China..,0,730,323
It is the case both that The city of Borama is in Somalia. and that The city of Tomsk is in Russia..,1,377,110
It is the case both that The city of Zaozhuang is in South Korea. and that The city of Kagoshima is in Ecuador..,0,160,278
It is the case both that The city of Rajshahi is in Malaysia. and that The city of Feira de Santana is in Brazil..,0,330,1041
It is the case both that The city of San Miguel de Tucuman is in Argentina. and that The city of Gazipur is in India..,0,250,213
It is the case both that The city of Cagayan de Oro is in the United States. and that The city of Florianopolis is in the United States..,0,352,192
It is the case both that The city of Dera Ismail Khan is in Mozambique. and that The city of Hefei is in Russia..,0,988,339
It is the case both that The city of Pyongyang is in North Korea. and that The city of Chattogram is in Djibouti..,0,49,1106
It is the case both that The city of Tomsk is in Russia. and that The city of Seoul is in Mozambique..,0,110,896
It is the case both that The city of Wroclaw is in Poland. and that The city of Pune is in India..,1,880,284
It is the case both that The city of Al Fayyum is in Malaysia. and that The city of Kashgar is in China..,0,184,232
It is the case both that The city of Guankou is in China. and that The city of Niamey is in Niger..,1,873,55
It is the case both that The city of Irkutsk is in Russia. and that The city of Mazar-e Sharif is in Afghanistan..,1,218,43
It is the case both that The city of Ebute Ikorodu is in Nigeria. and that The city of Narela is in China..,0,386,62
It is the case both that The city of Ahmedabad is in India. and that The city of Bursa is in Turkey..,1,1084,57
It is the case both that The city of Kikwit is in the Democratic Republic of the Congo. and that The city of Shihezi is in China..,1,114,365
It is the case both that The city of Dalian is in China. and that The city of Sanya is in China..,1,721,788
It is the case both that The city of Port Said is in Egypt. and that The city of Neijiang is in China..,1,850,126
It is the case both that The city of Suwon is in China. and that The city of Xiaogan is in Bangladesh..,0,837,336
It is the case both that The city of Stockholm is in the Dominican Republic. and that The city of Selayang Baru Utara is in Malaysia..,0,901,1087
It is the case both that The city of Bijie is in China. and that The city of Oklahoma City is in the United States..,1,657,884
It is the case both that The city of Zhongwei is in China. and that The city of Najran is in China..,0,276,343
It is the case both that The city of Karol Bagh is in India. and that The city of Benin City is in Nigeria..,1,292,903
It is the case both that The city of Kumamoto is in Japan. and that The city of Managua is in China..,0,234,930
It is the case both that The city of Thembisa is in South Africa. and that The city of Nanded is in India..,1,201,242
It is the case both that The city of Foshan is in China. and that The city of Petaling Jaya is in China..,0,66,894
It is the case both that The city of Tasikmalaya is in China. and that The city of New York City is in the United States..,0,413,734
It is the case both that The city of Kigali is in India. and that The city of Jamnagar is in the Philippines..,0,714,751
It is the case both that The city of Kisangani is in the Democratic Republic of the Congo. and that The city of Qingdao is in India..,0,534,153
It is the case both that The city of Zhoushan is in China. and that The city of Kalyan is in India..,1,574,1054
It is the case both that The city of Abobo is in Côte d'Ivoire. and that The city of Mar del Plata is in Argentina..,1,426,402
It is the case both that The city of Shaoguan is in Angola. and that The city of Onitsha is in India..,0,295,841
It is the case both that The city of Ryazan' is in Russia. and that The city of Ordos is in China..,1,123,725
It is the case both that The city of Erzurum is in Brazil. and that The city of Dar es Salaam is in the Philippines..,0,446,76
It is the case both that The city of Longyan is in China. and that The city of Carrefour is in Haiti..,1,56,351
It is the case both that The city of Bikaner is in Egypt. and that The city of Yibin is in China..,0,577,779
It is the case both that The city of Amritsar is in India. and that The city of Xingtai is in China..,1,809,361
It is the case both that The city of Benxi is in China. and that The city of Pyongyang is in China..,0,766,496
It is the case both that The city of Heze is in China. and that The city of Vinh is in China..,0,74,164
It is the case both that The city of San Pedro Sula is in Honduras. and that The city of Ciudad Guayana is in Poland..,0,482,676
It is the case both that The city of Cancun is in Mexico. and that The city of Krasnoyarsk is in the Dominican Republic..,0,205,422
It is the case both that The city of Luzhou is in China. and that The city of Harare is in India..,0,1170,1156
It is the case both that The city of Luancheng is in India. and that The city of Shangyu is in Saudi Arabia..,0,385,119
It is the case both that The city of Tangier is in Egypt. and that The city of Zhuzhou is in the United States..,0,281,354
It is the case both that The city of Mosul is in Iraq. and that The city of Hoji ya Henda is in Angola..,1,376,296
It is the case both that The city of Qingpu is in China. and that The city of Xianyang is in Mexico..,0,984,118
It is the case both that The city of Abuja is in Nigeria. and that The city of Yingkou is in China..,1,439,203
It is the case both that The city of Tiruchirappalli is in India. and that The city of Owerri is in Japan..,0,403,194
It is the case both that The city of Coyoacan is in Mexico. and that The city of Pasir Gudang is in Malaysia..,1,9,466
It is the case both that The city of Quezon City is in the Philippines. and that The city of General Santos is in the Philippines..,1,65,275
It is the case both that The city of Chisinau is in Moldova. and that The city of Binzhou is in China..,1,186,1018
It is the case both that The city of Jieyang is in China. and that The city of Sargodha is in Pakistan..,1,236,158
It is the case both that The city of Wuzhong is in China. and that The city of Shangyu is in China..,1,421,524
It is the case both that The city of Cagayan de Oro is in the United States. and that The city of Konya is in Turkey..,0,352,46
It is the case both that The city of Auckland is in China. and that The city of Maturin is in Venezuela..,0,348,204
It is the case both that The city of Borivli is in India. and that The city of Lyon is in France..,1,659,336
It is the case both that The city of Tirunelveli is in Turkmenistan. and that The city of Zhuzhou is in China..,0,388,348
It is the case both that The city of Binzhou is in China. and that The city of Ar Raqqah is in Turkey..,0,1018,812
It is the case both that The city of Jeonju is in Egypt. and that The city of Siliguri is in India..,0,497,281
It is the case both that The city of Teni is in India. and that The city of Shenyang is in China..,1,1131,161
It is the case both that The city of Astana is in Hungary. and that The city of Wanxian is in Syria..,0,861,460
It is the case both that The city of Cuttack is in India. and that The city of Jhang Sadr is in Pakistan..,1,468,3
It is the case both that The city of Kalyan is in India. and that The city of Hohhot is in China..,1,1054,770
It is the case both that The city of Bekasi is in Indonesia. and that The city of Selayang Baru Utara is in India..,0,181,330
It is the case both that The city of Bijie is in China. and that The city of Khabarovsk is in Saudi Arabia..,0,657,258
It is the case both that The city of Ecatepec de Morelos is in Lebanon. and that The city of Gujrat is in Pakistan..,0,251,107
It is the case both that The city of Dera Ismail Khan is in Pakistan. and that The city of Hermosillo is in Mexico..,1,178,303
It is the case both that The city of Meknes is in Morocco. and that The city of Benguela is in Angola..,1,237,649
It is the case both that The city of Nansana is in Uganda. and that The city of Mengzi is in China..,1,387,471
It is the case both that The city of Bulawayo is in Zimbabwe. and that The city of Sanaa is in Yemen..,1,393,594
It is the case both that The city of Wenzhou is in Colombia. and that The city of Rio de Janeiro is in Brazil..,0,344,66
It is the case both that The city of Nashik is in India. and that The city of Kimhae is in South Korea..,1,805,569
It is the case both that The city of Al Mahallah al Kubra is in Indonesia. and that The city of Kikwit is in the Democratic Republic of the Congo..,0,759,114
It is the case both that The city of Kota Bharu is in China. and that The city of Bhubaneswar is in India..,0,274,378
It is the case both that The city of Bengaluru is in India. and that The city of Bokaro is in India..,1,493,1080
It is the case both that The city of Nanjing is in India. and that The city of Saitama is in Japan..,0,536,364
It is the case both that The city of Jajmau is in India. and that The city of Paranaque City is in the Philippines..,1,1004,737
It is the case both that The city of Callao is in Peru. and that The city of Laibin is in China..,1,507,763
It is the case both that The city of Jinzhong is in China. and that The city of Pallabi is in Bangladesh..,1,2,1020
It is the case both that The city of Pingliang is in China. and that The city of Kalyan is in India..,1,290,1054
It is the case both that The city of Voronezh is in Russia. and that The city of Khartoum is in Sudan..,1,18,250
It is the case both that The city of Shizuishan is in Iran. and that The city of Marseille is in China..,0,736,169
It is the case both that The city of Tyumen is in Russia. and that The city of Luohu District is in China..,1,137,220
It is the case both that The city of Ho Chi Minh City is in Vietnam. and that The city of Hanzhong is in Nigeria..,0,559,273
It is the case both that The city of Ho Chi Minh City is in Vietnam. and that The city of Kolhapur is in Tanzania..,0,559,16
It is the case both that The city of Ulan Bator is in Mongolia. and that The city of Lodz is in Poland..,1,419,411
It is the case both that The city of Thu GJuc is in Vietnam. and that The city of Indore is in India..,1,150,678
It is the case both that The city of Reynosa is in China. and that The city of Zunyi is in the United Arab Emirates..,0,282,255
It is the case both that The city of Wuzhou is in China. and that The city of Daxing'anling is in Nepal..,0,79,906
It is the case both that The city of Pretoria is in South Africa. and that The city of Las Pinas is in the Philippines..,1,60,102
It is the case both that The city of Mbeya is in Tanzania. and that The city of Osaka is in Japan..,1,876,1024
It is the case both that The city of San Pedro Sula is in Côte d'Ivoire. and that The city of Ganzhou is in China..,0,409,498
It is the case both that The city of Tasikmalaya is in China. and that The city of Muzaffarabad is in Pakistan..,0,413,177
It is the case both that The city of Nagpur is in India. and that The city of Kharkiv is in Ukraine..,1,440,28
It is the case both that The city of Stockholm is in the Dominican Republic. and that The city of Rizhao is in India..,0,901,888
It is the case both that The city of Warri is in Nigeria. and that The city of Johannesburg is in South Africa..,1,584,674
It is the case both that The city of Contagem is in China. and that The city of Weihai is in China..,0,486,493
It is the case both that The city of Vadodara is in India. and that The city of Shihezi is in Turkey..,0,821,910
It is the case both that The city of Pudong is in China. and that The city of Kampala is in Uganda..,1,214,892
It is the case both that The city of Bouake is in China. and that The city of Huaihua is in China..,0,388,445
It is the case both that The city of Andijon is in Uzbekistan. and that The city of Zhengzhou is in Uzbekistan..,0,207,226
It is the case both that The city of Gwalior is in India. and that The city of Kuantan is in Malaysia..,1,723,485
It is the case both that The city of Linyi is in Mexico. and that The city of Panjin is in Syria..,0,647,435
It is the case both that The city of Bareilly is in India. and that The city of Vadodara is in India..,1,474,821
It is the case both that The city of Petaling Jaya is in China. and that The city of Heze is in China..,0,894,74
It is the case both that The city of Ziyang is in Iraq. and that The city of Zagreb is in Croatia..,0,650,835
It is the case both that The city of Anshan is in China. and that The city of Teni is in India..,1,269,1131
It is the case both that The city of Yaounde is in Cameroon. and that The city of Abuja is in Nigeria..,1,104,439
It is the case both that The city of Balbala is in Djibouti. and that The city of Gold Coast is in Australia..,1,1147,108
It is the case both that The city of New Kingston is in Jamaica. and that The city of Dnipro is in Ukraine..,1,908,261
It is the case both that The city of Hanzhong is in China. and that The city of Shangrao is in China..,1,813,706
It is the case both that The city of Baise is in Angola. and that The city of Qinzhou is in the Democratic Republic of the Congo..,0,85,46
It is the case both that The city of Okara is in Pakistan. and that The city of Ra's Bayrut is in Ghana..,0,966,162
It is the case both that The city of Shizuoka is in India. and that The city of Krakow is in China..,0,521,1142
It is the case both that The city of Koeln is in Kyrgyzstan. and that The city of Pelentong is in Malaysia..,0,85,138
It is the case both that The city of Laiwu is in China. and that The city of Palembang is in Russia..,0,1098,1016
It is the case both that The city of Petaling Jaya is in Malaysia. and that The city of Guwahati is in India..,1,471,874
It is the case both that The city of Khartoum North is in India. and that The city of Huaibei is in Japan..,0,583,497
It is the case both that The city of Penza is in Colombia. and that The city of Tianshui is in Turkey..,0,394,363
It is the case both that The city of Thane is in Bangladesh. and that The city of Nagpur is in Bangladesh..,0,252,516
It is the case both that The city of Amravati is in India. and that The city of Guli is in China..,1,838,369
It is the case both that The city of Jakarta is in Indonesia. and that The city of Dombivali is in India..,1,552,836
It is the case both that The city of Muzaffarabad is in Pakistan. and that The city of Davao is in the Philippines..,1,177,481
It is the case both that The city of Zhu Cheng City is in Japan. and that The city of Zhangjiakou is in Colombia..,0,480,692
It is the case both that The city of Wuzhou is in China. and that The city of Barranquilla is in Mexico..,0,79,933
It is the case both that The city of Tonghua is in China. and that The city of Langfang is in Angola..,0,14,815
It is the case both that The city of Kaifeng is in China. and that The city of Konya is in Turkey..,1,221,46
It is the case both that The city of Pikine is in Senegal. and that The city of Yangon is in Turkey..,0,504,209
It is the case both that The city of Ananindeua is in Iran. and that The city of Kota Kinabalu is in India..,0,285,356
It is the case both that The city of Aracaju is in the United States. and that The city of Munich is in Syria..,0,830,712
It is the case both that The city of Mazar-e Sharif is in India. and that The city of Thu GJuc is in India..,0,375,697
It is the case both that The city of Khartoum is in Sudan. and that The city of Tlalpan is in Mexico..,1,250,27
It is the case both that The city of Zhongwei is in China. and that The city of Zhu Cheng City is in China..,1,276,35
It is the case both that The city of Culiacan is in Mexico. and that The city of Gurugram is in India..,1,624,203
It is the case both that The city of Shantou is in China. and that The city of Marseille is in France..,1,181,218
It is the case both that The city of Karaj is in Iran. and that The city of Eskisehir is in Turkey..,1,765,408
It is the case both that The city of Karbala is in Iraq. and that The city of Cuiaba is in Brazil..,1,293,1144
It is the case both that The city of Barquisimeto is in Russia. and that The city of Hwaseong-si is in South Korea..,0,506,332
It is the case both that The city of Shah Alam is in Mexico. and that The city of New South Memphis is in the United States..,0,277,188
It is the case both that The city of Gujrat is in Pakistan. and that The city of Astana is in Kazakhstan..,1,107,93
It is the case both that The city of Bogor is in Indonesia. and that The city of Banjarmasin is in Indonesia..,1,260,1021
It is the case both that The city of Ilorin is in Nigeria. and that The city of Gazipur is in India..,0,590,213
It is the case both that The city of Addis Ababa is in Ethiopia. and that The city of Lodz is in Poland..,1,410,411
It is the case both that The city of Virar is in India. and that The city of Lodz is in Poland..,1,395,411
It is the case both that The city of Xianning is in China. and that The city of Hubballi is in India..,1,334,372
It is the case both that The city of Chiclayo is in Peru. and that The city of Sadr City is in Iraq..,1,957,345
It is the case both that The city of Kota Kinabalu is in Malaysia. and that The city of Kuecuekcekmece is in Turkey..,1,44,346
It is the case both that The city of Zhaoqing is in China. and that The city of Bujumbura is in Burundi..,1,909,352
It is the case both that The city of Guang'an is in China. and that The city of Malingao is in the Philippines..,1,882,205
It is the case both that The city of Penza is in Russia. and that The city of Kananga is in the Democratic Republic of the Congo..,1,303,186
It is the case both that The city of Tolyatti is in Russia. and that The city of Zhuzhou is in China..,1,495,348
It is the case both that The city of Ndola is in Zambia. and that The city of Aden is in Yemen..,1,858,958
It is the case both that The city of Maputo is in Mozambique. and that The city of Aqsu is in Russia..,0,829,879
It is the case both that The city of Sao Bernardo do Campo is in Nigeria. and that The city of Hengyang is in the Philippines..,0,886,680
It is the case both that The city of Dushanbe is in Tajikistan. and that The city of Tucson is in the United States..,1,167,447
It is the case both that The city of Jinzhong is in China. and that The city of Varanasi is in India..,1,2,184
It is the case both that The city of Taiz is in Yemen. and that The city of Tianjin is in China..,1,857,498
It is the case both that The city of Barranquilla is in Colombia. and that The city of Managua is in China..,0,166,930
It is the case both that The city of Bandar Lampung is in Vietnam. and that The city of Hegang is in Kyrgyzstan..,0,238,392
It is the case both that The city of Ciudad Nezahualcoyotl is in Mexico. and that The city of Coyoacan is in Mexico..,1,358,9
It is the case both that The city of Thane is in Bangladesh. and that The city of Zhaoqing is in China..,0,252,909
It is the case both that The city of Matola is in Mozambique. and that The city of Luancheng is in China..,1,332,405
It is the case both that The city of Dammam is in Pakistan. and that The city of Benguela is in Angola..,0,216,649
It is the case both that The city of Xuancheng is in China. and that The city of Bahawalpur is in Myanmar..,0,325,312
It is the case both that The city of Ribeirao Preto is in Vietnam. and that The city of Semarang is in Malaysia..,0,415,115
It is the case both that The city of Katsina is in Nigeria. and that The city of Ludhiana is in China..,0,262,285
It is the case both that The city of Mbeya is in Burundi. and that The city of Baku is in Azerbaijan..,0,312,457
It is the case both that The city of Okara is in China. and that The city of Kermanshah is in Malaysia..,0,45,1075
It is the case both that The city of Jhang Sadr is in Pakistan. and that The city of Thiruvananthapuram is in India..,1,3,927
It is the case both that The city of Thane is in India. and that The city of Bucaramanga is in Turkey..,0,859,461
It is the case both that The city of Tshikapa is in South Korea. and that The city of Bannu is in Senegal..,0,523,257
It is the case both that The city of Mukalla is in Yemen. and that The city of Al Hudaydah is in Yemen..,1,1159,655
It is the case both that The city of Kikwit is in the Democratic Republic of the Congo. and that The city of Ajmer is in Japan..,0,114,622
It is the case both that The city of Malang is in Indonesia. and that The city of Madurai is in India..,1,573,962
It is the case both that The city of Yangpu is in India. and that The city of Taiz is in Nigeria..,0,1154,1006
It is the case both that The city of Basrah is in Iraq. and that The city of New York City is in the United States..,1,700,734
It is the case both that The city of Bhubaneswar is in India. and that The city of Tehran is in Iran..,1,378,78
It is the case both that The city of Kolkata is in India. and that The city of Peshawar is in Pakistan..,1,804,672
It is the case both that The city of Qingdao is in China. and that The city of Shekhupura is in Pakistan..,1,155,730
It is the case both that The city of Guayaquil is in Bangladesh. and that The city of Taicang is in Nigeria..,0,1146,71
It is the case both that The city of Barnaul is in Russia. and that The city of Tyumen is in Russia..,1,199,137
It is the case both that The city of Guangyuan is in Indonesia. and that The city of Gustavo Adolfo Madero is in Mexico..,0,713,1175
It is the case both that The city of Saint Petersburg is in India. and that The city of Katsina is in Nigeria..,0,786,262
It is the case both that The city of Wuzhong is in China. and that The city of Petaling Jaya is in Malaysia..,1,421,471
It is the case both that The city of Can Tho is in Vietnam. and that The city of Contagem is in China..,0,214,486
It is the case both that The city of Huludao is in China. and that The city of Ciudad Juarez is in Mexico..,1,932,350
It is the case both that The city of Lubumbashi is in Mexico. and that The city of Incheon is in South Korea..,0,1121,605
It is the case both that The city of Rajkot is in India. and that The city of Balikpapan is in Indonesia..,1,990,1048
It is the case both that The city of Kota Kuala Muda is in Malaysia. and that The city of Tanggu is in Turkey..,0,92,26
It is the case both that The city of Jamshedpur is in Russia. and that The city of Serang is in Indonesia..,0,116,29
It is the case both that The city of Chengdu is in China. and that The city of Shizuishan is in Iran..,0,180,736
It is the case both that The city of Ulanqab is in Pakistan. and that The city of Langfang is in Angola..,0,607,815
It is the case both that The city of Yunfu is in China. and that The city of Hannover is in Germany..,1,359,347
It is the case both that The city of Bhavnagar is in China. and that The city of Chenzhou is in Ukraine..,0,722,25
It is the case both that The city of Bukavu is in the Democratic Republic of the Congo. and that The city of Shah Alam is in Malaysia..,1,667,539
It is the case both that The city of Ra's Bayrut is in Ghana. and that The city of Iskandar Puteri is in Gabon..,0,162,299
It is the case both that The city of Kozhikode is in Yemen. and that The city of Bauchi is in India..,0,88,808
It is the case both that The city of Nanning is in China. and that The city of Suginami is in Japan..,1,298,11
It is the case both that The city of Taguig is in the Philippines. and that The city of Brasilia is in Brazil..,1,53,168
It is the case both that The city of Rostov-on-Don is in China. and that The city of Kagoshima is in Japan..,0,1103,486
It is the case both that The city of Guatemala City is in Guatemala. and that The city of Qiqihar is in China..,1,771,776
It is the case both that The city of Aden is in Yemen. and that The city of Rajshahi is in Bangladesh..,1,958,832
It is the case both that The city of Benoni is in South Africa. and that The city of Zhanjiang is in China..,1,421,1042
It is the case both that The city of Denpasar is in Indonesia. and that The city of Zhongwei is in China..,1,174,276
It is the case both that The city of Chengdu is in China. and that The city of Zhumadian is in China..,1,180,973
It is the case both that The city of Kuantan is in Malaysia. and that The city of Belford Roxo is in Brazil..,1,485,999
It is the case both that The city of Cucuta is in Colombia. and that The city of Jiangyin is in China..,1,748,935
It is the case both that The city of Sorocaba is in Brazil. and that The city of Guang'an is in China..,1,1077,882
It is the case both that The city of Yingkou is in China. and that The city of Suizhou is in China..,1,203,665
It is the case both that The city of Abobo is in Saudi Arabia. and that The city of Teresina is in South Korea..,0,108,76
It is the case both that The city of Tiruchirappalli is in India. and that The city of Coimbatore is in India..,1,403,509
It is the case both that The city of Ya'an is in China. and that The city of Jiaozhou is in China..,1,23,494
It is the case both that The city of Aktobe is in Kazakhstan. and that The city of Huainan is in India..,0,1051,339
It is the case both that The city of Puducherry is in China. and that The city of Shaoxing is in China..,0,353,249
It is the case both that The city of Asansol is in India. and that The city of Ibadan is in Nigeria..,1,382,365
It is the case both that The city of Conakry is in Sudan. and that The city of Yangpu is in India..,0,422,1154
It is the case both that The city of Camama is in Russia. and that The city of Sevastopol is in Brazil..,0,513,742
It is the case both that The city of Soweto is in South Africa. and that The city of Khabarovsk is in Russia..,1,458,172
It is the case both that The city of Subang Jaya is in Germany. and that The city of Tijuana is in Mexico..,0,243,978
It is the case both that The city of Tanggu is in Turkey. and that The city of Iztapalapa is in Malaysia..,0,26,1119
It is the case both that The city of Calumbo is in Brazil. and that The city of Sofia is in China..,0,163,448
It is the case both that The city of Tiruppur is in Russia. and that The city of Bucheon-si is in Uzbekistan..,0,501,390
It is the case both that The city of Al Hudaydah is in Yemen. and that The city of Mississauga is in Canada..,1,655,537
It is the case both that The city of Golfe is in Togo. and that The city of Rasapudipalem is in Cambodia..,0,1134,453
It is the case both that The city of Cuautitlan Izcalli is in Turkey. and that The city of Vijayawada is in Turkey..,0,1049,83
It is the case both that The city of Zhaoqing is in China. and that The city of Kathmandu is in Nepal..,1,909,1028
It is the case both that The city of Yibin is in China. and that The city of Erode is in Guinea..,0,779,508
It is the case both that The city of Mbuji-Mayi is in the Democratic Republic of the Congo. and that The city of Abidjan is in Côte d'Ivoire..,1,93,768
It is the case both that The city of Qujing is in Turkey. and that The city of Khulna is in Bangladesh..,0,358,75
It is the case both that The city of Erbil is in Iraq. and that The city of Kalininskiy is in Russia..,1,726,478
It is the case both that The city of Yaounde is in Cameroon. and that The city of Hegang is in China..,1,104,643
It is the case both that The city of Kermanshah is in Iran. and that The city of Zhuzhou is in the United States..,0,209,354
It is the case both that The city of Pallabi is in Bangladesh. and that The city of Mukalla is in Indonesia..,0,1020,871
It is the case both that The city of Shaoguan is in China. and that The city of Batam is in Vietnam..,0,567,100
It is the case both that The city of Nansana is in Uganda. and that The city of Tashkent is in Ukraine..,0,387,634
It is the case both that The city of Yangon is in Myanmar. and that The city of Bucaramanga is in Colombia..,1,116,670
It is the case both that The city of Qom is in China. and that The city of Calgary is in Canada..,0,167,885
It is the case both that The city of Kalyan is in India. and that The city of Weinan is in China..,1,1054,42
It is the case both that The city of Quito is in Ecuador. and that The city of Maputo is in Mozambique..,1,591,829
It is the case both that The city of Narela is in India. and that The city of Dar es Salaam is in Tanzania..,1,301,666
It is the case both that The city of Chuxiong is in China. and that The city of Sokoto is in Nigeria..,1,950,128
It is the case both that The city of Kuecuekcekmece is in Turkey. and that The city of Oklahoma City is in the United States..,1,346,884
It is the case both that The city of Jinan is in China. and that The city of Shanghai is in China..,1,231,916
It is the case both that The city of Suining is in China. and that The city of Al Fayyum is in Egypt..,1,148,833
It is the case both that The city of Yichang is in China. and that The city of Assiut is in Egypt..,1,171,758
It is the case both that The city of Sorocaba is in Brazil. and that The city of Ya'an is in China..,1,1077,23
It is the case both that The city of Vinh is in Vietnam. and that The city of Zhaotong is in India..,0,629,707
It is the case both that The city of Xiamen is in China. and that The city of Bukavu is in the Democratic Republic of the Congo..,1,423,667
It is the case both that The city of Perm is in Russia. and that The city of Narela is in India..,1,703,301
It is the case both that The city of Kananga is in the Democratic Republic of the Congo. and that The city of Krasnodar is in Russia..,1,186,410
It is the case both that The city of Pimpri-Chinchwad is in India. and that The city of Zhoushan is in China..,1,440,574
It is the case both that The city of Ebute Ikorodu is in Nigeria. and that The city of Ryazan' is in Russia..,1,386,123
It is the case both that The city of Duque de Caxias is in China. and that The city of Malacca is in China..,0,780,995
It is the case both that The city of Pimpri is in India. and that The city of Jalandhar is in India..,1,698,939
It is the case both that The city of Kigali is in India. and that The city of Shenyang is in Malaysia..,0,714,872
It is the case both that The city of Ciudad Juarez is in Japan. and that The city of Huangshi is in China..,0,636,87
It is the case both that The city of Tangerang is in Indonesia. and that The city of Pasig City is in the Philippines..,1,202,578
It is the case both that The city of Moradabad is in India. and that The city of Tlalpan is in Saudi Arabia..,0,1186,283
It is the case both that The city of Dnipro is in Turkey. and that The city of Pest is in India..,0,430,811
It is the case both that The city of Tonghua is in China. and that The city of Malingao is in the Philippines..,1,14,205
It is the case both that The city of Cangzhou is in China. and that The city of Chizhou is in China..,1,1158,279
It is the case both that The city of San Pedro Sula is in Côte d'Ivoire. and that The city of Callao is in Peru..,0,409,507
It is the case both that The city of Zhanjiang is in China. and that The city of Laibin is in China..,1,1042,763
It is the case both that The city of Asansol is in China. and that The city of Sukkur is in the Philippines..,0,266,201
It is the case both that The city of Owerri is in Japan. and that The city of Ujjain is in India..,0,194,21
It is the case both that The city of Xiangtan is in China. and that The city of Zigong is in China..,1,17,608
It is the case both that The city of Hoji ya Henda is in Angola. and that The city of Ulanqab is in China..,1,296,119
It is the case both that The city of Wuzhong is in China. and that The city of Santiago de los Caballeros is in the Dominican Republic..,1,421,452
It is the case both that The city of Jinan is in India. and that The city of Aparecida de Goiania is in Brazil..,0,147,206
It is the case both that The city of Pudong is in China. and that The city of Shangyu is in China..,1,214,524
It is the case both that The city of Ryazan' is in Russia. and that The city of Lviv is in Ukraine..,1,123,912
It is the case both that The city of Abidjan is in Brazil. and that The city of Langfang is in Angola..,0,1012,815
It is the case both that The city of Chattogram is in Djibouti. and that The city of Qingdao is in China..,0,1106,155
It is the case both that The city of Borivli is in India. and that The city of Tiruppur is in Russia..,0,659,501
It is the case both that The city of Almaty is in Turkey. and that The city of Kampala is in Malaysia..,0,13,189
It is the case both that The city of Kota Bharu is in China. and that The city of Sagamihara is in Japan..,0,274,273
It is the case both that The city of Karaj is in Iran. and that The city of Jakarta is in Indonesia..,1,765,552
It is the case both that The city of Quebec is in Canada. and that The city of Qiqihar is in China..,1,1141,776
It is the case both that The city of Gold Coast is in Angola. and that The city of Oklahoma City is in Russia..,0,675,111
It is the case both that The city of Hue is in Vietnam. and that The city of Port Harcourt is in Nigeria..,1,244,342
It is the case both that The city of Zhaotong is in China. and that The city of Islamabad is in Pakistan..,1,53,158
It is the case both that The city of Zhumadian is in China. and that The city of Jabalpur is in India..,1,973,510
It is the case both that The city of Pekanbaru is in Indonesia. and that The city of Mexicali is in Mexico..,1,211,503
It is the case both that The city of Zhongwei is in China. and that The city of Budta is in the Philippines..,1,276,463
It is the case both that The city of Maiduguri is in China. and that The city of Meerut is in India..,0,473,91
It is the case both that The city of Yaounde is in China. and that The city of Reynosa is in China..,0,443,282
It is the case both that The city of Najran is in Saudi Arabia. and that The city of Qingdao is in China..,1,156,155
It is the case both that The city of Culiacan is in Mexico. and that The city of Warangal is in India..,1,624,806
It is the case both that The city of Changchun is in Pakistan. and that The city of Kakamega is in Kenya..,0,212,130
It is the case both that The city of Aleppo is in Turkey. and that The city of Macapa is in Iraq..,0,90,688
It is the case both that The city of Chizhou is in China. and that The city of Pyongyang is in North Korea..,1,279,49
It is the case both that The city of Frankfurt am Main is in China. and that The city of Sanmenxia is in India..,0,390,197
It is the case both that The city of Duesseldorf is in Germany. and that The city of Maiduguri is in China..,0,491,473
It is the case both that The city of Seongnam-si is in South Korea. and that The city of Siliguri is in India..,1,356,281
It is the case both that The city of Omdurman is in Sudan. and that The city of Kinshasa is in the Democratic Republic of the Congo..,1,1168,848
It is the case both that The city of Hanzhong is in Nigeria. and that The city of Jaboatao dos Guararapes is in Brazil..,0,273,671
It is the case both that The city of Navi Mumbai is in India. and that The city of Zhongwei is in China..,1,63,276
It is the case both that The city of Yinchuan is in France. and that The city of Bengbu is in China..,0,1033,112
It is the case both that The city of Oklahoma City is in the United States. and that The city of Belford Roxo is in Brazil..,1,884,999
It is the case both that The city of Al Mawsil al Jadidah is in Iraq. and that The city of Pimpri is in India..,1,960,698
It is the case both that The city of Gazipur is in Bangladesh. and that The city of Ecatepec de Morelos is in Mexico..,1,5,907
It is the case both that The city of Xuhui is in India. and that The city of Weihai is in Tajikistan..,0,436,757
It is the case both that The city of Ahvaz is in Iran. and that The city of Calumbo is in Brazil..,0,183,163
It is the case both that The city of Brasilia is in Brazil. and that The city of Heze is in China..,1,168,74
It is the case both that The city of Aqsu is in China. and that The city of Port Said is in Egypt..,1,307,850
It is the case both that The city of Ouagadougou is in Burkina Faso. and that The city of Ciudad Guayana is in Venezuela..,1,1082,113
It is the case both that The city of Vladivostok is in Russia. and that The city of Samarinda is in Indonesia..,1,470,1125
It is the case both that The city of Homyel' is in Belarus. and that The city of Hubballi is in Angola..,0,589,627
It is the case both that The city of Lubumbashi is in Mexico. and that The city of Hongkou is in Morocco..,0,1121,1149
It is the case both that The city of Baoji is in China. and that The city of Thiruvananthapuram is in India..,1,437,927
It is the case both that The city of Dar es Salaam is in Tanzania. and that The city of Nasiriyah is in Iraq..,1,666,107
It is the case both that The city of Kaifeng is in China. and that The city of Shizuoka is in Japan..,1,221,430
It is the case both that The city of Cebu City is in the Philippines. and that The city of Najafgarh is in India..,1,313,482
It is the case both that The city of The Bronx is in the United States. and that The city of Milwaukee is in the United States..,1,259,789
It is the case both that The city of Linyi is in Mexico. and that The city of Baoji is in China..,0,647,437
It is the case both that The city of Bucharest is in Romania. and that The city of Bhiwandi is in India..,1,109,317
It is the case both that The city of Astrakhan is in Nigeria. and that The city of Baotou is in China..,0,268,0
It is the case both that The city of Kryvyy Rih is in China. and that The city of Hezhou is in China..,0,474,99
It is the case both that The city of Milwaukee is in Brazil. and that The city of Uberlandia is in Uzbekistan..,0,1137,1172
It is the case both that The city of Santo Domingo Oeste is in the Dominican Republic. and that The city of Esenyurt is in Jordan..,0,54,19
It is the case both that The city of Qingdao is in China. and that The city of Guli is in Brazil..,0,155,1179
It is the case both that The city of Eskisehir is in Mauritania. and that The city of Qui Nhon is in Vietnam..,0,1,81
It is the case both that The city of Chengdu is in China. and that The city of Teni is in Côte d'Ivoire..,0,180,102
It is the case both that The city of San Miguel de Tucuman is in China. and that The city of Jiujiang is in China..,0,544,800
It is the case both that The city of Yangpu is in China. and that The city of Puente Alto is in Chile..,1,1180,406
It is the case both that The city of Chennai is in India. and that The city of Volgograd is in Russia..,1,74,279
It is the case both that The city of Maturin is in Venezuela. and that The city of Katsina is in South Korea..,0,204,1086
It is the case both that The city of Vadodara is in India. and that The city of Sungai Petani is in Malaysia..,1,821,389
It is the case both that The city of Teni is in India. and that The city of Guangzhou is in China..,1,1131,227
It is the case both that The city of Suginami is in Japan. and that The city of Cangzhou is in China..,1,11,1158
It is the case both that The city of Al Basrah al Qadimah is in China. and that The city of Pretoria is in Egypt..,0,114,952
It is the case both that The city of Utsunomiya is in Canada. and that The city of Dnipro is in Turkey..,0,78,430
It is the case both that The city of Bareilly is in India. and that The city of Paranaque City is in the Philippines..,1,474,737
It is the case both that The city of Hohhot is in China. and that The city of Pontianak is in Indonesia..,1,770,468
It is the case both that The city of Yaounde is in Cameroon. and that The city of Binh Thanh is in Vietnam..,1,104,190
It is the case both that The city of Golfe is in Angola. and that The city of Bien Hoa is in Vietnam..,1,645,135
It is the case both that The city of Bauchi is in Nigeria. and that The city of Wanzhou is in China..,1,316,124
It is the case both that The city of Nanchong is in China. and that The city of Taicang is in China..,1,772,274
It is the case both that The city of Gold Coast is in Angola. and that The city of Yichang is in China..,0,675,171
It is the case both that The city of Siping is in China. and that The city of Agadir is in Morocco..,1,431,145
It is the case both that The city of Hiroshima is in Japan. and that The city of Andijon is in Uzbekistan..,1,944,207
It is the case both that The city of Lilongwe is in Malawi. and that The city of Sanming is in Colombia..,0,80,265
It is the case both that The city of Muzaffarabad is in India. and that The city of Amravati is in the Democratic Republic of the Congo..,0,69,349
It is the case both that The city of Homs is in Syria. and that The city of Visakhapatnam is in India..,1,522,248
It is the case both that The city of Bucharest is in Romania. and that The city of New South Memphis is in South Korea..,0,109,37
It is the case both that The city of Bhopal is in India. and that The city of Palembang is in Indonesia..,1,229,163
It is the case both that The city of Likasi is in the Democratic Republic of the Congo. and that The city of Wuwei is in China..,1,764,151
It is the case both that The city of Gujranwala is in Japan. and that The city of Nansana is in Uganda..,0,392,387
It is the case both that The city of Incheon is in China. and that The city of Kaduna is in India..,0,844,287
It is the case both that The city of Culiacan is in Mexico. and that The city of Abuja is in China..,0,624,156
It is the case both that The city of Lahore is in Pakistan. and that The city of Kanpur is in India..,1,386,913
It is the case both that The city of Ibadan is in Nigeria. and that The city of Carrefour is in Haiti..,1,365,351
It is the case both that The city of Mississauga is in Canada. and that The city of Ibadan is in India..,0,537,1010
It is the case both that The city of Muscat is in Oman. and that The city of Naucalpan de Juarez is in Mexico..,1,246,271
It is the case both that The city of Nakuru is in Kenya. and that The city of Changwon is in South Korea..,1,121,862
It is the case both that The city of Teresina is in Brazil. and that The city of Xiaogan is in China..,1,195,267
It is the case both that The city of Golfe is in Angola. and that The city of Vilnius is in Ukraine..,0,645,576
It is the case both that The city of Batam is in Indonesia. and that The city of Suez is in Egypt..,1,1005,39
It is the case both that The city of Kalaburagi is in India. and that The city of Zhangjiagang is in China..,1,200,407
It is the case both that The city of Jamnagar is in India. and that The city of Sapporo is in Japan..,1,120,961
It is the case both that The city of Haiphong is in Vietnam. and that The city of Andijon is in Uzbekistan..,1,1065,207
It is the case both that The city of Weinan is in China. and that The city of Denpasar is in Indonesia..,1,42,174
It is the case both that The city of Sangli is in India. and that The city of Kanpur is in India..,1,323,913
It is the case both that The city of Karbala is in Iraq. and that The city of Guwahati is in China..,0,293,313
It is the case both that The city of Maracaibo is in Venezuela. and that The city of Qujing is in China..,1,375,883
It is the case both that The city of Longyan is in Thailand. and that The city of Maputo is in Mozambique..,0,220,829
It is the case both that The city of Kitwe is in Malaysia. and that The city of Agege is in Japan..,0,129,400
It is the case both that The city of Qinzhou is in China. and that The city of Borama is in Somalia..,1,517,377
It is the case both that The city of Al Mawsil al Jadidah is in the United States. and that The city of Maoming is in China..,0,270,479
It is the case both that The city of Akure is in Nigeria. and that The city of Kolhapur is in India..,1,454,609
It is the case both that The city of Sukkur is in the Philippines. and that The city of Dnipro is in Ukraine..,0,201,261
It is the case both that The city of Xining is in India. and that The city of Mysuru is in China..,0,1162,1153
It is the case both that The city of Diyarbakir is in Turkey. and that The city of Adana is in Turkey..,1,1032,1193
It is the case both that The city of Sevastopol is in Brazil. and that The city of Zhumadian is in China..,0,742,973
It is the case both that The city of Mulenvos is in Mexico. and that The city of Makkah is in Saudi Arabia..,0,240,391
It is the case both that The city of Benoni is in South Africa. and that The city of Malacca is in Malaysia..,1,421,255
It is the case both that The city of Mississauga is in Canada. and that The city of Nizhniy Novgorod is in the Democratic Republic of the Congo..,0,537,1188
It is the case both that The city of Korla is in the United States. and that The city of Izmir is in Indonesia..,0,432,13
It is the case both that The city of Battagram is in Indonesia. and that The city of Foshan is in South Africa..,0,427,342
It is the case both that The city of Al Mahallah al Kubra is in Egypt. and that The city of Aktobe is in Kazakhstan..,1,947,1051
It is the case both that The city of Situbondo is in Indonesia. and that The city of Ulyanovsk is in Russia..,1,1058,654
It is the case both that The city of Langfang is in China. and that The city of Bukavu is in China..,0,1136,449
It is the case both that The city of Baotou is in Iran. and that The city of Penza is in Colombia..,0,144,394
It is the case both that The city of Indore is in Myanmar. and that The city of Harare is in Zimbabwe..,0,628,24
It is the case both that The city of Ra's Bayrut is in Lebanon. and that The city of Homs is in Syria..,1,1035,522
It is the case both that The city of Cuttack is in India. and that The city of Anyang-si is in South Korea..,1,468,140
It is the case both that The city of Ningbo is in China. and that The city of Gazipur is in Bangladesh..,1,488,5
It is the case both that The city of Salta is in Argentina. and that The city of Tlalpan is in Saudi Arabia..,0,934,283
It is the case both that The city of Owerri is in Japan. and that The city of Reynosa is in Mexico..,0,194,311
It is the case both that The city of Tangerang is in Indonesia. and that The city of Kaduna is in Nigeria..,1,202,810
It is the case both that The city of Borivli is in India. and that The city of Beira is in Mozambique..,1,659,1090
It is the case both that The city of Adachi is in Japan. and that The city of Rasapudipalem is in Cambodia..,0,582,453
It is the case both that The city of Golfe is in Togo. and that The city of Borama is in Somalia..,0,1134,377
It is the case both that The city of Sao Bernardo do Campo is in Brazil. and that The city of Zhaoqing is in China..,1,149,909
It is the case both that The city of Wroclaw is in China. and that The city of Antananarivo is in Egypt..,0,350,96
It is the case both that The city of Pietermaritzburg is in South Africa. and that The city of Frankfurt am Main is in Germany..,1,639,816
It is the case both that The city of Makkah is in Saudi Arabia. and that The city of Quezon City is in the Philippines..,1,391,65
It is the case both that The city of Guwahati is in India. and that The city of Jinzhong is in Russia..,0,874,246
It is the case both that The city of Ashgabat is in Turkmenistan. and that The city of Abu Dhabi is in the Dominican Republic..,0,366,920
It is the case both that The city of Andijon is in Uzbekistan. and that The city of Benxi is in Peru..,0,207,288
It is the case both that The city of Antalya is in Kazakhstan. and that The city of Edogawe is in Japan..,0,152,1184
It is the case both that The city of Ulyanovsk is in Russia. and that The city of Zhaotong is in China..,1,654,53
It is the case both that The city of Davao is in the Philippines. and that The city of Zhu Cheng City is in Japan..,0,481,480
It is the case both that The city of Kagoshima is in Ecuador. and that The city of Erbil is in China..,0,278,416
It is the case both that The city of Ajegunle is in Nigeria. and that The city of Isfahan is in Iran..,1,345,131
It is the case both that The city of Changwon is in South Korea. and that The city of Agadir is in Kenya..,0,862,1068
It is the case both that The city of Ansan-si is in Afghanistan. and that The city of Budapest is in Hungary..,0,451,1073
It is the case both that The city of Saint Petersburg is in India. and that The city of Al Mawsil al Jadidah is in the United States..,0,786,270
It is the case both that The city of Kemerovo is in Russia. and that The city of Maiduguri is in Nigeria..,1,6,1092
It is the case both that The city of Santiago de los Caballeros is in the Dominican Republic. and that The city of Arequipa is in Peru..,1,452,444
It is the case both that The city of Zhuzhou is in the United States. and that The city of Teni is in India..,0,354,1131
It is the case both that The city of Suginami is in Japan. and that The city of Ouagadougou is in Burkina Faso..,1,11,1082
It is the case both that The city of Niteroi is in Brazil. and that The city of Virar is in India..,1,326,395
It is the case both that The city of Mosul is in Iraq. and that The city of Enugu is in Nigeria..,1,376,44
It is the case both that The city of Gustavo Adolfo Madero is in Mexico. and that The city of Khulna is in China..,0,1175,242
It is the case both that The city of Antananarivo is in Egypt. and that The city of Sevastopol is in Brazil..,0,96,742
It is the case both that The city of Kimhae is in South Korea. and that The city of Itabashi is in Japan..,1,569,294
It is the case both that The city of Dandong is in China. and that The city of Jakarta is in Indonesia..,1,461,552
It is the case both that The city of Bijie is in Brazil. and that The city of Port Said is in Egypt..,0,796,850
It is the case both that The city of Gustavo Adolfo Madero is in Mexico. and that The city of Jiaxing is in China..,1,1175,208
It is the case both that The city of Warri is in Nigeria. and that The city of Loni is in Indonesia..,0,584,846
It is the case both that The city of Soacha is in Colombia. and that The city of Sevastopol is in Ukraine..,1,360,9
It is the case both that The city of Qionghai is in Tanzania. and that The city of Rizhao is in India..,0,229,888
It is the case both that The city of Ecatepec de Morelos is in Lebanon. and that The city of Zhongwei is in Jamaica..,0,251,380
It is the case both that The city of Binh Thanh is in Vietnam. and that The city of Wuwei is in China..,1,190,151
It is the case both that The city of Katsina is in South Korea. and that The city of Selayang Baru Utara is in Malaysia..,0,1086,1087
It is the case both that The city of Serang is in Indonesia. and that The city of Thu GJuc is in India..,0,29,697
It is the case both that The city of Comilla is in Bangladesh. and that The city of Maputo is in Mozambique..,1,191,829
It is the case both that The city of Khartoum is in India. and that The city of Amravati is in India..,0,263,838
It is the case both that The city of Bujumbura is in China. and that The city of New Kingston is in Jordan..,0,1038,247
It is the case both that The city of Libreville is in Gabon. and that The city of Vinh is in Vietnam..,1,974,629
It is the case both that The city of Linyi is in China. and that The city of Taiz is in Nigeria..,0,469,1006
It is the case both that The city of Marseille is in France. and that The city of Auckland is in New Zealand..,1,218,1093
It is the case both that The city of Zhu Cheng City is in China. and that The city of Calabar is in Nigeria..,1,35,291
It is the case both that The city of Juiz de Fora is in Brazil. and that The city of Jiaozhou is in China..,1,191,494
It is the case both that The city of Ulsan is in South Korea. and that The city of Aleppo is in Syria..,1,1063,467
It is the case both that The city of Mexico City is in Mexico. and that The city of Warri is in Nigeria..,1,188,584
It is the case both that The city of Managua is in Nicaragua. and that The city of Kayseri is in Turkey..,1,262,415
It is the case both that The city of Shaoxing is in China. and that The city of Kananga is in the Democratic Republic of the Congo..,1,249,186
It is the case both that The city of Agadir is in Morocco. and that The city of Bhiwandi is in India..,1,145,317
It is the case both that The city of Chunian is in Pakistan. and that The city of Erode is in India..,1,200,58
It is the case both that The city of Orumiyeh is in Iran. and that The city of Hangzhou is in Indonesia..,0,319,217
It is the case both that The city of Ta'if is in Nigeria. and that The city of Bandar Lampung is in Indonesia..,0,1104,601
It is the case both that The city of Kayseri is in Turkey. and that The city of Makati City is in the Philippines..,1,415,677
It is the case both that The city of Lyon is in China. and that The city of Niamey is in Niger..,0,139,55
It is the case both that The city of Laiwu is in China. and that The city of Lubango is in Angola..,1,1098,361
It is the case both that The city of Tangshan is in India. and that The city of Ningbo is in China..,0,125,488
It is the case both that The city of Mirpur Model Thana is in Bangladesh. and that The city of Zamboanga is in India..,0,668,446
It is the case both that The city of Dodoma is in Tanzania. and that The city of Qionghai is in Tanzania..,0,263,229
It is the case both that The city of Abidjan is in Brazil. and that The city of Huaibei is in China..,0,1012,720
It is the case both that The city of Vilnius is in Lithuania. and that The city of Suqian is in China..,1,318,996
It is the case both that The city of Tiruppur is in India. and that The city of Mississauga is in Canada..,1,379,537
It is the case both that The city of Laibin is in Egypt. and that The city of Semarang is in Indonesia..,0,123,793
It is the case both that The city of Quebec is in India. and that The city of Baku is in China..,0,324,849
It is the case both that The city of Chuxiong is in Russia. and that The city of General Santos is in Canada..,0,450,467
It is the case both that The city of Can Tho is in Vietnam. and that The city of Karol Bagh is in India..,1,214,292
It is the case both that The city of Bucheon-si is in Uzbekistan. and that The city of Esenyurt is in Jordan..,0,390,19
It is the case both that The city of Calabar is in Uganda. and that The city of Dandong is in China..,0,171,461
It is the case both that The city of Namangan is in Brazil. and that The city of Maianga is in China..,0,1,546
It is the case both that The city of Isfahan is in Iran. and that The city of Santiago de Queretaro is in Mexico..,1,131,728
It is the case both that The city of Hachioji is in Japan. and that The city of Huaibei is in China..,1,270,720
It is the case both that The city of Camama is in Angola. and that The city of Ganzhou is in China..,1,400,498
It is the case both that The city of Queens is in China. and that The city of Fes is in Morocco..,0,466,321
It is the case both that The city of Rui'an is in China. and that The city of Calgary is in China..,0,515,484
It is the case both that The city of Jiamusi is in China. and that The city of Jieyang is in Russia..,0,1015,500
It is the case both that The city of Macapa is in Iraq. and that The city of Kitakyushu is in Nigeria..,0,688,463
It is the case both that The city of Astrakhan is in Russia. and that The city of Novosibirsk is in Russia..,1,822,51
It is the case both that The city of Harare is in Zimbabwe. and that The city of Bucharest is in Romania..,1,24,109
It is the case both that The city of Hengyang is in China. and that The city of Handan is in China..,1,420,462
It is the case both that The city of Lanzhou is in China. and that The city of Hengyang is in China..,1,340,420
It is the case both that The city of Hubballi is in India. and that The city of Handan is in China..,1,372,462
It is the case both that The city of Johor Bahru is in Malaysia. and that The city of Nanchang is in China..,1,1071,1099
It is the case both that The city of Agege is in Japan. and that The city of Dandong is in Indonesia..,0,400,290
It is the case both that The city of Likasi is in the Democratic Republic of the Congo. and that The city of Weihai is in China..,1,764,493
It is the case both that The city of Kagoshima is in Japan. and that The city of Bulawayo is in Zimbabwe..,1,486,393
It is the case both that The city of Borama is in South Korea. and that The city of Chattogram is in Djibouti..,0,416,1106
It is the case both that The city of Linfen is in China. and that The city of Agadir is in Morocco..,1,302,145
It is the case both that The city of Ipoh is in Ghana. and that The city of Jieyang is in China..,0,702,236
It is the case both that The city of Krasnodar is in Russia. and that The city of Bloemfontein is in South Africa..,1,410,168
It is the case both that The city of Kobe is in Japan. and that The city of Golfe is in Angola..,1,458,645
It is the case both that The city of Enugu is in China. and that The city of Serang is in Indonesia..,0,1100,29
It is the case both that The city of Dombivali is in India. and that The city of Jieyang is in China..,1,836,236
It is the case both that The city of Shijiazhuang is in China. and that The city of Yangquan is in China..,1,384,50
It is the case both that The city of Niamey is in South Korea. and that The city of Tiruchirappalli is in China..,0,223,149
It is the case both that The city of Wanzhou is in Guinea. and that The city of Shizuishan is in China..,0,381,228
It is the case both that The city of Surat is in India. and that The city of Abobo is in Saudi Arabia..,0,557,108
It is the case both that The city of Munich is in Syria. and that The city of Ibadan is in Nigeria..,0,712,365
It is the case both that The city of Orenburg is in Turkey. and that The city of Chuxiong is in Russia..,0,981,450
It is the case both that The city of Leon de los Aldama is in Somalia. and that The city of Irbid is in Jordan..,0,55,95
It is the case both that The city of Mexicali is in Mexico. and that The city of Guilin is in Nigeria..,0,503,399
It is the case both that The city of Xingtai is in Kazakhstan. and that The city of Suginami is in China..,0,319,127
It is the case both that The city of Ha'il is in Saudi Arabia. and that The city of Samarinda is in Indonesia..,1,308,1125
It is the case both that The city of Weinan is in China. and that The city of Enugu is in Nigeria..,1,42,44
It is the case both that The city of Auckland is in China. and that The city of Setagaya is in Japan..,0,348,363
It is the case both that The city of Wenzhou is in China. and that The city of Omsk is in Russia..,1,396,424
It is the case both that The city of Chisinau is in Moldova. and that The city of Bujumbura is in Burundi..,1,186,352
It is the case both that The city of Lubango is in India. and that The city of Pingliang is in China..,0,354,290
It is the case both that The city of Budta is in the Philippines. and that The city of Shaoxing is in China..,1,463,249
It is the case both that The city of Latakia is in Syria. and that The city of Seoul is in South Korea..,1,289,878
It is the case both that The city of Nagoya is in India. and that The city of Thembisa is in Yemen..,0,469,282
It is the case both that The city of Malang is in Angola. and that The city of Mexicali is in Mexico..,0,579,503
It is the case both that The city of Nairobi is in Kenya. and that The city of Kunming is in China..,1,968,77
It is the case both that The city of Guwahati is in India. and that The city of Ciudad Juarez is in Japan..,0,874,636
It is the case both that The city of Quebec is in India. and that The city of Naucalpan de Juarez is in Mexico..,0,324,271
It is the case both that The city of Port-au-Prince is in Haiti. and that The city of Novosibirsk is in Russia..,1,555,51
It is the case both that The city of Ebute Ikorodu is in Nigeria. and that The city of Munich is in Germany..,1,386,993
It is the case both that The city of Hanzhong is in China. and that The city of Evaton is in South Africa..,1,813,315
It is the case both that The city of Barranquilla is in Colombia. and that The city of Soshanguve is in India..,0,166,565
It is the case both that The city of Hohhot is in Pakistan. and that The city of Beira is in China..,0,472,687
It is the case both that The city of Saratov is in Russia. and that The city of Zhumadian is in China..,1,157,973
It is the case both that The city of Pasig City is in the Philippines. and that The city of Ilorin is in India..,0,578,117
It is the case both that The city of Calabar is in Nigeria. and that The city of Brasilia is in Venezuela..,0,291,928
It is the case both that The city of Guang'an is in China. and that The city of Kuala Lumpur is in Malaysia..,1,882,34
It is the case both that The city of Pimpri-Chinchwad is in India. and that The city of Hue is in Iraq..,0,440,640
It is the case both that The city of Barranquilla is in Colombia. and that The city of Mbeya is in Tanzania..,1,166,876
It is the case both that The city of Tabriz is in Iran. and that The city of Setagaya is in Hungary..,0,432,1064
It is the case both that The city of Xuhui is in China. and that The city of Anshun is in China..,1,762,253
It is the case both that The city of Kalyan is in India. and that The city of Lviv is in Ukraine..,1,1054,912
It is the case both that The city of Addis Ababa is in Ethiopia. and that The city of Suginami is in Japan..,1,410,11
It is the case both that The city of Kirkuk is in Iraq. and that The city of Nanded is in India..,1,863,242
It is the case both that The city of Arak is in India. and that The city of Changwon is in South Korea..,0,980,862
It is the case both that The city of Beirut is in Lebanon. and that The city of Zhuzhou is in China..,1,304,348
It is the case both that The city of Pudong is in Morocco. and that The city of Suginami is in Japan..,0,922,11
It is the case both that The city of Anshan is in China. and that The city of Tshikapa is in the Democratic Republic of the Congo..,1,269,314
It is the case both that The city of Agege is in Japan. and that The city of Yinchuan is in France..,0,400,1033
It is the case both that The city of Libreville is in Gabon. and that The city of Jiamusi is in China..,1,974,1015
It is the case both that The city of Guang'an is in Japan. and that The city of Wenzhou is in Colombia..,0,337,344
It is the case both that The city of Bucaramanga is in Colombia. and that The city of Omsk is in Finland..,0,670,185
It is the case both that The city of Pelentong is in Malaysia. and that The city of Bhilai is in India..,1,138,483
It is the case both that The city of Puente Alto is in Chile. and that The city of Niluefer is in Mexico..,0,406,854
It is the case both that The city of Denpasar is in Indonesia. and that The city of Ulhasnagar is in India..,1,174,959
It is the case both that The city of Jajmau is in India. and that The city of Tiruppur is in India..,1,1004,379
It is the case both that The city of Dharavi is in India. and that The city of Luohu District is in Turkey..,0,696,459
It is the case both that The city of Najran is in Saudi Arabia. and that The city of Lusaka is in Zambia..,1,156,1133
It is the case both that The city of Bhavnagar is in China. and that The city of Zhaoqing is in Mexico..,0,722,403
It is the case both that The city of Bhavnagar is in India. and that The city of Ecatepec de Morelos is in Mexico..,1,682,907
It is the case both that The city of Harare is in India. and that The city of Al Ahmadi is in Yemen..,0,1156,1045
It is the case both that The city of Port-au-Prince is in Haiti. and that The city of Cheonan is in South Korea..,1,555,490
It is the case both that The city of Abeokuta is in Bangladesh. and that The city of Kota Kuala Muda is in Malaysia..,0,89,92
It is the case both that The city of Rasapudipalem is in Cambodia. and that The city of Serang is in Sudan..,0,453,985
It is the case both that The city of Jieyang is in China. and that The city of Sarajevo is in Bosnia and Herzegovina..,1,236,1053
It is the case both that The city of Ho Chi Minh City is in Nigeria. and that The city of Nagpur is in India..,0,90,440
It is the case both that The city of Zhangzhou is in China. and that The city of Belford Roxo is in Brazil..,1,991,999
It is the case both that The city of Aracaju is in Brazil. and that The city of Hubballi is in India..,1,982,372
It is the case both that The city of Warri is in Myanmar. and that The city of Weifang is in China..,0,347,420
It is the case both that The city of Taiz is in Nigeria. and that The city of Oujda is in Morocco..,0,1006,592
It is the case both that The city of Nagoya is in India. and that The city of Benxi is in China..,0,469,766
It is the case both that The city of Oujda is in Japan. and that The city of Pest is in Hungary..,0,305,22
It is the case both that The city of Weifang is in China. and that The city of Tshikapa is in the Democratic Republic of the Congo..,1,420,314
It is the case both that The city of Mexicali is in Mexico. and that The city of Yaounde is in Cameroon..,1,503,104
It is the case both that The city of Bhavnagar is in India. and that The city of Daejeon is in South Korea..,1,682,1183
It is the case both that The city of Jamshedpur is in India. and that The city of Benin City is in Saudi Arabia..,0,57,1096
It is the case both that The city of San Pedro Sula is in Côte d'Ivoire. and that The city of Dehradun is in India..,0,409,49
It is the case both that The city of Andijon is in Uzbekistan. and that The city of Maturin is in Venezuela..,1,207,204
It is the case both that The city of Helsinki is in Finland. and that The city of Chelyabinsk is in Russia..,1,115,175
It is the case both that The city of Douala is in Cameroon. and that The city of Cankaya is in Mozambique..,0,511,977
It is the case both that The city of Pasig City is in Syria. and that The city of Jaboatao dos Guararapes is in Japan..,0,777,1192
It is the case both that The city of Maoming is in China. and that The city of Oklahoma City is in the United States..,1,479,884
It is the case both that The city of Dhanbad is in the United States. and that The city of Denpasar is in Indonesia..,0,1127,174
It is the case both that The city of Incheon is in South Korea. and that The city of Pimpri-Chinchwad is in India..,1,605,440
It is the case both that The city of Nellore is in India. and that The city of Hegang is in China..,1,165,643
It is the case both that The city of Quezon City is in the Philippines. and that The city of Bulawayo is in Zimbabwe..,1,65,393
It is the case both that The city of Yekaterinburg is in Russia. and that The city of Jajmau is in India..,1,441,1004
It is the case both that The city of Puning is in Russia. and that The city of Queens is in China..,0,48,466
It is the case both that The city of Baoji is in China. and that The city of Mexico City is in Mexico..,1,437,188
It is the case both that The city of Kota Kuala Muda is in Malaysia. and that The city of Tijuana is in Mexico..,1,92,978
It is the case both that The city of Rohini is in India. and that The city of Samarinda is in Indonesia..,1,538,1125
It is the case both that The city of Moradabad is in India. and that The city of Sanya is in China..,1,1186,788
It is the case both that The city of Pasig City is in Syria. and that The city of Benoni is in South Africa..,0,777,421
It is the case both that The city of Kirkuk is in Iraq. and that The city of Calgary is in Canada..,1,863,885
It is the case both that The city of Yaounde is in Cameroon. and that The city of Siping is in China..,1,104,431
It is the case both that The city of Himeji is in the United States. and that The city of Muzaffarabad is in India..,0,141,69
It is the case both that The city of Cancun is in Mexico. and that The city of Luohu District is in China..,1,205,220
It is the case both that The city of Jeonju is in Egypt. and that The city of Shangqiu is in Uzbekistan..,0,497,72
It is the case both that The city of Winnipeg is in Indonesia. and that The city of Ibb is in Yemen..,0,398,413
It is the case both that The city of Niamey is in Niger. and that The city of Longyan is in China..,1,55,56
It is the case both that The city of Bhubaneswar is in India. and that The city of Bucaramanga is in Colombia..,1,378,670
It is the case both that The city of Maceio is in China. and that The city of Tomsk is in the Philippines..,0,22,690
It is the case both that The city of Hebi is in China. and that The city of Guwahati is in China..,0,499,313
It is the case both that The city of Hermosillo is in China. and that The city of Sulaymaniyah is in Iraq..,0,351,275
It is the case both that The city of Kobe is in China. and that The city of Ndola is in Poland..,0,558,425
It is the case both that The city of Jiujiang is in India. and that The city of N'Djamena is in China..,0,182,126
It is the case both that The city of Nasiriyah is in Iraq. and that The city of New South Memphis is in the United States..,1,107,188
It is the case both that The city of Benoni is in South Africa. and that The city of Marseille is in China..,0,421,169
It is the case both that The city of Bucaramanga is in Turkey. and that The city of Navi Mumbai is in China..,0,461,87
It is the case both that The city of Victoria de Durango is in Mexico. and that The city of Matsuyama is in Japan..,1,1185,58
It is the case both that The city of Macapa is in Brazil. and that The city of Abidjan is in Côte d'Ivoire..,1,190,768
It is the case both that The city of Chuzhou is in Bangladesh. and that The city of Ya'an is in China..,0,695,23
It is the case both that The city of Zigong is in China. and that The city of Rohini is in India..,1,608,538
It is the case both that The city of Ulsan is in China. and that The city of Xinyu is in India..,0,1070,236
It is the case both that The city of Muzaffarabad is in India. and that The city of Ciudad Nezahualcoyotl is in Bangladesh..,0,69,743
It is the case both that The city of Ha'il is in Saudi Arabia. and that The city of Benguela is in Angola..,1,308,649
It is the case both that The city of Gujrat is in Pakistan. and that The city of Al Basrah al Qadimah is in China..,0,107,114
It is the case both that The city of Vinh is in Vietnam. and that The city of Songjiang is in China..,1,629,826
It is the case both that The city of Qujing is in Turkey. and that The city of Yangjiang is in China..,0,358,535
It is the case both that The city of Homs is in Morocco. and that The city of Puente Alto is in China..,0,653,52
It is the case both that The city of Nuremberg is in China. and that The city of Jalandhar is in Russia..,0,103,741
It is the case both that The city of Port Said is in Egypt. and that The city of Pyongyang is in North Korea..,1,850,49
It is the case both that The city of Jammu is in India. and that The city of Fushun is in Indonesia..,0,1089,226
It is the case both that The city of Ipoh is in Malaysia. and that The city of UEskuedar is in Turkey..,1,8,196
It is the case both that The city of Gustavo Adolfo Madero is in China. and that The city of Mysuru is in China..,0,368,1153
It is the case both that The city of Qionghai is in China. and that The city of Bareilly is in North Korea..,0,847,502
It is the case both that The city of Indianapolis is in the United States. and that The city of Niluefer is in Turkey..,1,187,300
It is the case both that The city of Naberezhnyye Chelny is in China. and that The city of Jinzhong is in China..,0,234,2
It is the case both that The city of Pikine is in India. and that The city of Kyiv is in Ukraine..,0,418,476
It is the case both that The city of Yunfu is in Indonesia. and that The city of Hubballi is in India..,0,417,372
It is the case both that The city of Almaty is in Kazakhstan. and that The city of Longyan is in China..,1,918,56
It is the case both that The city of Kasur is in Pakistan. and that The city of Moradabad is in India..,1,632,1186
It is the case both that The city of Zhongwei is in China. and that The city of Auckland is in New Zealand..,1,276,1093
It is the case both that The city of Thembisa is in South Africa. and that The city of Chongming is in Tanzania..,0,201,1043
It is the case both that The city of Kikwit is in the Democratic Republic of the Congo. and that The city of Orenburg is in Russia..,1,114,887
It is the case both that The city of Mumbai is in India. and that The city of Taicang is in Nigeria..,0,329,71
It is the case both that The city of Arequipa is in Peru. and that The city of Siping is in China..,1,444,431
It is the case both that The city of Juiz de Fora is in Brazil. and that The city of Seoul is in South Korea..,1,191,878
It is the case both that The city of Gqeberha is in China. and that The city of Aleppo is in Turkey..,0,1079,90
It is the case both that The city of The Bronx is in the United States. and that The city of Beirut is in India..,0,259,965
It is the case both that The city of Nouakchott is in Mauritania. and that The city of Jiaozuo is in China..,1,185,860
It is the case both that The city of Sultanah is in China. and that The city of Wroclaw is in China..,0,1155,350
It is the case both that The city of Naucalpan de Juarez is in Mexico. and that The city of Paranaque City is in the Philippines..,1,271,737
It is the case both that The city of Shijiazhuang is in Belarus. and that The city of UEruemqi is in Bangladesh..,0,1138,208
It is the case both that The city of Dombivali is in India. and that The city of Tasikmalaya is in Indonesia..,1,836,834
It is the case both that The city of Kermanshah is in Iran. and that The city of Sholapur is in India..,1,209,547
It is the case both that The city of Zhenjiang is in Norway. and that The city of Orenburg is in Turkey..,0,548,981
It is the case both that The city of Nyala is in China. and that The city of Bijie is in China..,0,476,657
It is the case both that The city of Chongqing is in China. and that The city of Dhanbad is in India..,1,438,433
It is the case both that The city of Goyang-si is in South Korea. and that The city of Shekhupura is in Lithuania..,0,633,801
It is the case both that The city of UEruemqi is in China. and that The city of Weihai is in Tajikistan..,0,613,757
It is the case both that The city of Lahore is in Pakistan. and that The city of San Luis Potosi is in China..,0,386,1140
It is the case both that The city of Ahmedabad is in India. and that The city of Shangqiu is in China..,1,1084,97
It is the case both that The city of Phnom Penh is in Cambodia. and that The city of Puning is in China..,1,823,31
It is the case both that The city of Heroica Matamoros is in China. and that The city of Cucuta is in Colombia..,0,322,748
It is the case both that The city of Curitiba is in Brazil. and that The city of Jinzhong is in Russia..,0,710,246
It is the case both that The city of Santiago de Cuba is in China. and that The city of Cimahi is in Egypt..,0,1069,619
It is the case both that The city of Ananindeua is in Iran. and that The city of Malacca is in China..,0,285,995
It is the case both that The city of Abuja is in China. and that The city of Zhanjiang is in China..,0,156,1042
It is the case both that The city of Acapulco de Juarez is in Mexico. and that The city of Makassar is in Indonesia..,1,616,162
It is the case both that The city of Minhang is in China. and that The city of Dushanbe is in Tajikistan..,1,1040,167
It is the case both that The city of Novosibirsk is in Russia. and that The city of Zapopan is in Mexico..,1,51,955
It is the case both that The city of Pietermaritzburg is in South Africa. and that The city of Bukit Rahman Putra is in Malaysia..,1,639,1151
It is the case both that The city of Kumamoto is in Japan. and that The city of Akure is in Jordan..,0,234,310
It is the case both that The city of Detroit is in the Democratic Republic of the Congo. and that The city of Shaoxing is in South Korea..,0,308,899
It is the case both that The city of Qujing is in Turkey. and that The city of Agege is in Nigeria..,0,358,310
It is the case both that The city of Ouagadougou is in Burkina Faso. and that The city of Cebu City is in the Philippines..,1,1082,313
It is the case both that The city of Kemerovo is in Russia. and that The city of Tanggu is in Turkey..,0,6,26
It is the case both that The city of Ganzhou is in China. and that The city of Stockholm is in Sweden..,1,498,492
It is the case both that The city of Albuquerque is in the United States. and that The city of Kananga is in the Democratic Republic of the Congo..,1,729,186
It is the case both that The city of Guilin is in Nigeria. and that The city of Mysuru is in India..,0,399,532
It is the case both that The city of Tijuana is in Mexico. and that The city of Bilimora is in India..,1,978,79
It is the case both that The city of Handan is in China. and that The city of Cancun is in Mexico..,1,462,205
It is the case both that The city of Nanchong is in China. and that The city of Ghaziabad is in China..,0,772,972
It is the case both that The city of Bursa is in India. and that The city of Guangzhou is in the Democratic Republic of the Congo..,0,525,397
It is the case both that The city of Puning is in Russia. and that The city of Santiago de Queretaro is in Mexico..,0,48,728
It is the case both that The city of Pasir Gudang is in Malaysia. and that The city of Kampala is in Uganda..,1,466,892
It is the case both that The city of Orumiyeh is in Angola. and that The city of Aracaju is in the United States..,0,784,830
It is the case both that The city of Ra's Bayrut is in Lebanon. and that The city of Marrakesh is in China..,0,1035,689
It is the case both that The city of Liaocheng is in China. and that The city of Tlalpan is in Mexico..,1,202,27
It is the case both that The city of Quezon City is in the Philippines. and that The city of Tlaquepaque is in Sudan..,0,65,369
It is the case both that The city of Soshanguve is in South Africa. and that The city of Changchun is in China..,1,224,1167
It is the case both that The city of Seattle is in China. and that The city of Soweto is in South Africa..,0,152,458
It is the case both that The city of Jilin is in China. and that The city of Prayagraj is in China..,0,233,509
It is the case both that The city of Jaipur is in India. and that The city of Santiago de Cuba is in Cuba..,1,84,1017
It is the case both that The city of Luzhou is in China. and that The city of Khabarovsk is in Russia..,1,1170,172
It is the case both that The city of Winnipeg is in Canada. and that The city of Tegucigalpa is in Honduras..,1,1187,575
It is the case both that The city of Subang Jaya is in Malaysia. and that The city of Mbeya is in Tanzania..,1,367,876
It is the case both that The city of Victoria de Durango is in Mexico. and that The city of Ibague is in Colombia..,1,1185,540
It is the case both that The city of Guang'an is in Japan. and that The city of Qujing is in Turkey..,0,337,358
It is the case both that The city of Jambi City is in China. and that The city of Shubra al Khaymah is in Indonesia..,0,967,1169
It is the case both that The city of Shuangyashan is in China. and that The city of Lanzhou is in China..,1,715,340
It is the case both that The city of Madinat an Nasr is in Mexico. and that The city of Xiaogan is in Bangladesh..,0,245,336
It is the case both that The city of Bamako is in Mali. and that The city of Maiduguri is in China..,0,372,473
It is the case both that The city of Yangjiang is in China. and that The city of Budta is in the Philippines..,1,535,463
