statement,label,country,cities,stated_k,actual_k
"Exactly 5 of the following cities are in Peru: Algiers, Arequipa, Ajmer, Piura, Chiclayo.",0,Peru,"('Ajmer', 'Algiers', 'Arequipa', 'Chiclayo', 'Piura')",5,3
"Exactly 4 of the following cities are in Germany: Salta, Frankfurt am Main, Hannover, Dortmund, Munich.",1,Germany,"('Dortmund', 'Frankfurt am Main', 'Hannover', 'Munich', 'Salta')",4,4
"Exactly 1 of the following cities are in Vietnam: Sharjah, Hiroshima, Ho Chi Minh City, Thu GJuc, Lusaka.",0,Vietnam,"('Hiroshima', 'Ho Chi Minh City', 'Lusaka', 'Sharjah', 'Thu GJuc')",1,2
"Exactly 4 of the following cities are in the United Arab Emirates: Matola, Durban, Coimbatore, Mogadishu, Al Ain City.",0,the United Arab Emirates,"('Al Ain City', 'Coimbatore', 'Durban', 'Matola', 'Mogadishu')",4,1
"Exactly 0 of the following cities are in South Africa: Kermanshah, Ulhasnagar, Kaifeng, Torreon, Bamako.",1,South Africa,"('Bamako', 'Kaifeng', 'Kermanshah', 'Torreon', 'Ulhasnagar')",0,0
"Exactly 4 of the following cities are in Nepal: Foshan, Kuantan, Frankfurt am Main, Chicago, Pokhara.",0,Nepal,"('Chicago', 'Foshan', 'Frankfurt am Main', 'Kuantan', 'Pokhara')",4,1
"Exactly 0 of the following cities are in New Zealand: Benguela, Chenzhou, Minhang, Karachi, Auckland.",0,New Zealand,"('Auckland', 'Benguela', 'Chenzhou', 'Karachi', 'Minhang')",0,1
"Exactly 3 of the following cities are in India: Benin City, Tiruchirappalli, Dhanbad, Najafgarh, Dandong.",1,India,"('Benin City', 'Dandong', 'Dhanbad', 'Najafgarh', 'Tiruchirappalli')",3,3
"Exactly 0 of the following cities are in India: Xinyu, Coimbatore, Dombivali, Mengzi, Puducherry.",0,India,"('Coimbatore', 'Dombivali', 'Mengzi', 'Puducherry', 'Xinyu')",0,3
"Exactly 0 of the following cities are in Denmark: Kigali, Ta'if, Copenhagen, Koeln, Xingtai.",0,Denmark,"('Copenhagen', 'Kigali', 'Koeln', ""Ta'if"", 'Xingtai')",0,1
"Exactly 5 of the following cities are in Kyrgyzstan: Cancun, Mogadishu, Asmara, Nova Iguacu, Bauchi.",0,Kyrgyzstan,"('Asmara', 'Bauchi', 'Cancun', 'Mogadishu', 'Nova Iguacu')",5,0
"Exactly 3 of the following cities are in Haiti: Tirunelveli, Carrefour, Puducherry, Lubumbashi, Zhangzhou.",0,Haiti,"('Carrefour', 'Lubumbashi', 'Puducherry', 'Tirunelveli', 'Zhangzhou')",3,1
"Exactly 3 of the following cities are in Argentina: Setagaya, Salta, San Miguel de Tucuman, Mar del Plata, Jeddah.",1,Argentina,"('Jeddah', 'Mar del Plata', 'Salta', 'San Miguel de Tucuman', 'Setagaya')",3,3
"Exactly 5 of the following cities are in Nigeria: Onitsha, Osogbo, Abuja, Akure, Benin City.",1,Nigeria,"('Abuja', 'Akure', 'Benin City', 'Onitsha', 'Osogbo')",5,5
"Exactly 0 of the following cities are in Croatia: Shihezi, Bamako, Nizhniy Novgorod, Zamboanga, Kinshasa.",1,Croatia,"('Bamako', 'Kinshasa', 'Nizhniy Novgorod', 'Shihezi', 'Zamboanga')",0,0
"Exactly 4 of the following cities are in Mongolia: Hengyang, Marseille, Las Pinas, Himeji, Borama.",0,Mongolia,"('Borama', 'Hengyang', 'Himeji', 'Las Pinas', 'Marseille')",4,0
"Exactly 0 of the following cities are in Mali: Latakia, Bamako, Arequipa, Izmir, Kinshasa.",0,Mali,"('Arequipa', 'Bamako', 'Izmir', 'Kinshasa', 'Latakia')",0,1
"Exactly 2 of the following cities are in the Dominican Republic: Bannu, Koeln, Qingpu, Santo Domingo Oeste, Santiago de los Caballeros.",1,the Dominican Republic,"('Bannu', 'Koeln', 'Qingpu', 'Santiago de los Caballeros', 'Santo Domingo Oeste')",2,2
"Exactly 0 of the following cities are in Slovakia: Thuan An, Sanaa, Al Fayyum, Camayenne, Zhangye.",1,Slovakia,"('Al Fayyum', 'Camayenne', 'Sanaa', 'Thuan An', 'Zhangye')",0,0
"Exactly 1 of the following cities are in Ukraine: Kharkiv, Sevastopol, Kryvyy Rih, Dnipro, Kyiv.",0,Ukraine,"('Dnipro', 'Kharkiv', 'Kryvyy Rih', 'Kyiv', 'Sevastopol')",1,5
"Exactly 2 of the following cities are in Japan: Okayama, Petaling Jaya, Ahmedabad, Owerri, Dharavi.",0,Japan,"('Ahmedabad', 'Dharavi', 'Okayama', 'Owerri', 'Petaling Jaya')",2,1
"Exactly 1 of the following cities are in Saudi Arabia: Zapopan, Jiangyin, Calabar, Mandalay, Madinah.",1,Saudi Arabia,"('Calabar', 'Jiangyin', 'Madinah', 'Mandalay', 'Zapopan')",1,1
"Exactly 1 of the following cities are in Algeria: Situbondo, Gujranwala, Yunfu, Algiers, Antananarivo.",1,Algeria,"('Algiers', 'Antananarivo', 'Gujranwala', 'Situbondo', 'Yunfu')",1,1
"Exactly 4 of the following cities are in Malaysia: Shah Alam, Johor Bahru, Sungai Petani, Kuala Lumpur, Kota Kuala Muda.",0,Malaysia,"('Johor Bahru', 'Kota Kuala Muda', 'Kuala Lumpur', 'Shah Alam', 'Sungai Petani')",4,5
"Exactly 2 of the following cities are in Tanzania: Samarinda, Suwon, Wuzhou, Gold Coast, Wuzhong.",0,Tanzania,"('Gold Coast', 'Samarinda', 'Suwon', 'Wuzhong', 'Wuzhou')",2,0
"Exactly 0 of the following cities are in Mauritius: Pietermaritzburg, Pimpri, Mexicali, Mar del Plata, Nasiriyah.",1,Mauritius,"('Mar del Plata', 'Mexicali', 'Nasiriyah', 'Pietermaritzburg', 'Pimpri')",0,0
"Exactly 2 of the following cities are in the Democratic Republic of the Congo: Pekanbaru, Bukavu, Indianapolis, Kinshasa, Tshikapa.",0,the Democratic Republic of the Congo,"('Bukavu', 'Indianapolis', 'Kinshasa', 'Pekanbaru', 'Tshikapa')",2,3
"Exactly 3 of the following cities are in Somalia: Sulaymaniyah, Muscat, Bannu, Mogadishu, Sarajevo.",0,Somalia,"('Bannu', 'Mogadishu', 'Muscat', 'Sarajevo', 'Sulaymaniyah')",3,1
"Exactly 0 of the following cities are in Burundi: San Miguel de Tucuman, Visakhapatnam, Marseille, General Santos, Virar.",1,Burundi,"('General Santos', 'Marseille', 'San Miguel de Tucuman', 'Virar', 'Visakhapatnam')",0,0
"Exactly 2 of the following cities are in Iraq: Al Basrah al Qadimah, Baghdad, Shah Alam, Sadr City, Hangzhou.",0,Iraq,"('Al Basrah al Qadimah', 'Baghdad', 'Hangzhou', 'Sadr City', 'Shah Alam')",2,3
"Exactly 5 of the following cities are in Nigeria: Kalaburagi, Bekasi, Kaduna, Chennai, Macapa.",0,Nigeria,"('Bekasi', 'Chennai', 'Kaduna', 'Kalaburagi', 'Macapa')",5,1
"Exactly 4 of the following cities are in Myanmar: Yangon, Nay Pyi Taw, Hlaingthaya, Mbeya, Mandalay.",1,Myanmar,"('Hlaingthaya', 'Mandalay', 'Mbeya', 'Nay Pyi Taw', 'Yangon')",4,4
"Exactly 2 of the following cities are in the United States: Seattle, Indianapolis, Fort Worth, The Bronx, Algiers.",0,the United States,"('Algiers', 'Fort Worth', 'Indianapolis', 'Seattle', 'The Bronx')",2,4
"Exactly 2 of the following cities are in Myanmar: Contagem, Tomsk, Yingkou, Omdurman, Kathmandu.",0,Myanmar,"('Contagem', 'Kathmandu', 'Omdurman', 'Tomsk', 'Yingkou')",2,0
"Exactly 3 of the following cities are in Indonesia: Bekasi, Huludao, Jambi City, Serang, Tangerang.",0,Indonesia,"('Bekasi', 'Huludao', 'Jambi City', 'Serang', 'Tangerang')",3,4
"Exactly 4 of the following cities are in Montenegro: Makati City, Anshan, Huaibei, Erode, Dera Ismail Khan.",0,Montenegro,"('Anshan', 'Dera Ismail Khan', 'Erode', 'Huaibei', 'Makati City')",4,0
"Exactly 3 of the following cities are in Bosnia and Herzegovina: Sarajevo, Qom, Prayagraj, Sharjah, Wanning.",0,Bosnia and Herzegovina,"('Prayagraj', 'Qom', 'Sarajevo', 'Sharjah', 'Wanning')",3,1
"Exactly 2 of the following cities are in Iran: Maiduguri, Arak, Qom, Taiz, Rangpur.",1,Iran,"('Arak', 'Maiduguri', 'Qom', 'Rangpur', 'Taiz')",2,2
"Exactly 3 of the following cities are in Kuwait: Handan, Aparecida de Goiania, Makati City, Sialkot, Krasnoyarsk.",0,Kuwait,"('Aparecida de Goiania', 'Handan', 'Krasnoyarsk', 'Makati City', 'Sialkot')",3,0
"Exactly 4 of the following cities are in Angola: Comilla, Samarkand, Qingpu, Jingmen, Pimpri.",0,Angola,"('Comilla', 'Jingmen', 'Pimpri', 'Qingpu', 'Samarkand')",4,0
"Exactly 4 of the following cities are in Ukraine: Kryvyy Rih, Odesa, Lviv, Linfen, Dnipro.",1,Ukraine,"('Dnipro', 'Kryvyy Rih', 'Linfen', 'Lviv', 'Odesa')",4,4
"Exactly 3 of the following cities are in Kazakhstan: Aktobe, Almaty, Astana, Shizuoka, Panjin.",1,Kazakhstan,"('Aktobe', 'Almaty', 'Astana', 'Panjin', 'Shizuoka')",3,3
"Exactly 5 of the following cities are in Tanzania: Shizuoka, Setagaya, Zanzibar, Buraydah, Bengaluru.",0,Tanzania,"('Bengaluru', 'Buraydah', 'Setagaya', 'Shizuoka', 'Zanzibar')",5,1
"Exactly 0 of the following cities are in the Gambia: Makhachkala, San Miguel de Tucuman, Abidjan, Ashgabat, Latakia.",1,the Gambia,"('Abidjan', 'Ashgabat', 'Latakia', 'Makhachkala', 'San Miguel de Tucuman')",0,0
"Exactly 1 of the following cities are in Oman: Nha Trang, Zahedan, Muscat, Khabarovsk, Kitakyushu.",1,Oman,"('Khabarovsk', 'Kitakyushu', 'Muscat', 'Nha Trang', 'Zahedan')",1,1
"Exactly 2 of the following cities are in Angola: Cabinda, Xiamen, Camama, Callao, Al Fayyum.",1,Angola,"('Al Fayyum', 'Cabinda', 'Callao', 'Camama', 'Xiamen')",2,2
"Exactly 2 of the following cities are in Japan: Nagoya, Niigata, Kobe, Sagamihara, Aihara.",0,Japan,"('Aihara', 'Kobe', 'Nagoya', 'Niigata', 'Sagamihara')",2,5
"Exactly 4 of the following cities are in Algeria: Algiers, Qingpu, Rio de Janeiro, Lubango, Tasikmalaya.",0,Algeria,"('Algiers', 'Lubango', 'Qingpu', 'Rio de Janeiro', 'Tasikmalaya')",4,1
"Exactly 1 of the following cities are in Tuvalu: Ulyanovsk, Hiroshima, Auckland, Zhongwei, Qom.",0,Tuvalu,"('Auckland', 'Hiroshima', 'Qom', 'Ulyanovsk', 'Zhongwei')",1,0
"Exactly 0 of the following cities are in Cyprus: Iztapalapa, Zhongwei, Minhang, Contagem, Benoni.",1,Cyprus,"('Benoni', 'Contagem', 'Iztapalapa', 'Minhang', 'Zhongwei')",0,0
"Exactly 5 of the following cities are in Peru: Chiclayo, Callao, Arequipa, Shuangyashan, Piura.",0,Peru,"('Arequipa', 'Callao', 'Chiclayo', 'Piura', 'Shuangyashan')",5,4
"Exactly 0 of the following cities are in Vanuatu: Osogbo, Ankara, Benoni, Aleppo, Tiruchirappalli.",1,Vanuatu,"('Aleppo', 'Ankara', 'Benoni', 'Osogbo', 'Tiruchirappalli')",0,0
"Exactly 3 of the following cities are in Gabon: Karbala, New South Memphis, Makhachkala, Karaj, Nagpur.",0,Gabon,"('Karaj', 'Karbala', 'Makhachkala', 'Nagpur', 'New South Memphis')",3,0
"Exactly 3 of the following cities are in China: Guatemala City, Xiangtan, Makassar, Weifang, Sanmenxia.",1,China,"('Guatemala City', 'Makassar', 'Sanmenxia', 'Weifang', 'Xiangtan')",3,3
"Exactly 1 of the following cities are in Saudi Arabia: Borivli, Luohu District, Makkah, Najran, Marseille.",0,Saudi Arabia,"('Borivli', 'Luohu District', 'Makkah', 'Marseille', 'Najran')",1,2
"Exactly 4 of the following cities are in Afghanistan: Munich, Kanayannur, Mazar-e Sharif, Bucaramanga, Ilorin.",0,Afghanistan,"('Bucaramanga', 'Ilorin', 'Kanayannur', 'Mazar-e Sharif', 'Munich')",4,1
"Exactly 1 of the following cities are in the Central African Republic: Madurai, Aden, Bareilly, Bangkok, Liupanshui.",0,the Central African Republic,"('Aden', 'Bangkok', 'Bareilly', 'Liupanshui', 'Madurai')",1,0
"Exactly 1 of the following cities are in Côte d'Ivoire: Chengdu, Balbala, Lianyungang, Abobo, Fushun.",1,Côte d'Ivoire,"('Abobo', 'Balbala', 'Chengdu', 'Fushun', 'Lianyungang')",1,1
"Exactly 3 of the following cities are in Colombia: Barranquilla, Cucuta, Ibague, Ta'if, Multan.",1,Colombia,"('Barranquilla', 'Cucuta', 'Ibague', 'Multan', ""Ta'if"")",3,3
"Exactly 2 of the following cities are in Nigeria: Enugu, Maiduguri, Benin City, Owerri, Ibadan.",0,Nigeria,"('Benin City', 'Enugu', 'Ibadan', 'Maiduguri', 'Owerri')",2,5
"Exactly 0 of the following cities are in Ghana: Kumasi, Islamabad, Lyon, N'Djamena, Goyang-si.",0,Ghana,"('Goyang-si', 'Islamabad', 'Kumasi', 'Lyon', ""N'Djamena"")",0,1
"Exactly 3 of the following cities are in Zambia: Ndola, Lusaka, Bikaner, Kitwe, Tlaquepaque.",1,Zambia,"('Bikaner', 'Kitwe', 'Lusaka', 'Ndola', 'Tlaquepaque')",3,3
"Exactly 3 of the following cities are in Chad: Kashgar, Puducherry, Joao Pessoa, Porto Alegre, Kallakurichi.",0,Chad,"('Joao Pessoa', 'Kallakurichi', 'Kashgar', 'Porto Alegre', 'Puducherry')",3,0
"Exactly 4 of the following cities are in South Africa: Evaton, Jiamusi, Almaty, Feira de Santana, Dar es Salaam.",0,South Africa,"('Almaty', 'Dar es Salaam', 'Evaton', 'Feira de Santana', 'Jiamusi')",4,1
"Exactly 1 of the following cities are in the Democratic Republic of the Congo: Tshikapa, Dera Ismail Khan, Kinshasa, Qinzhou, Ahvaz.",0,the Democratic Republic of the Congo,"('Ahvaz', 'Dera Ismail Khan', 'Kinshasa', 'Qinzhou', 'Tshikapa')",1,2
"Exactly 2 of the following cities are in Turkey: Xingtai, Ananindeua, Kayseri, Recife, Mersin.",1,Turkey,"('Ananindeua', 'Kayseri', 'Mersin', 'Recife', 'Xingtai')",2,2
"Exactly 1 of the following cities are in Burkina Faso: Guayaquil, Ouagadougou, New Kingston, Kuala Lumpur, Bobo-Dioulasso.",0,Burkina Faso,"('Bobo-Dioulasso', 'Guayaquil', 'Kuala Lumpur', 'New Kingston', 'Ouagadougou')",1,2
"Exactly 1 of the following cities are in Venezuela: Barquisimeto, Maracaibo, Caracas, Rajkot, Ciudad Guayana.",0,Venezuela,"('Barquisimeto', 'Caracas', 'Ciudad Guayana', 'Maracaibo', 'Rajkot')",1,4
"Exactly 0 of the following cities are in Somalia: Pekanbaru, Iztapalapa, Mogadishu, San Pedro Sula, Borama.",0,Somalia,"('Borama', 'Iztapalapa', 'Mogadishu', 'Pekanbaru', 'San Pedro Sula')",0,2
"Exactly 2 of the following cities are in the United Arab Emirates: Kalyan, Pekanbaru, Al Ain City, Tyumen, Abu Dhabi.",1,the United Arab Emirates,"('Abu Dhabi', 'Al Ain City', 'Kalyan', 'Pekanbaru', 'Tyumen')",2,2
"Exactly 5 of the following cities are in Russia: Irkutsk, Khabarovsk, Tomsk, Omsk, Saint Petersburg.",1,Russia,"('Irkutsk', 'Khabarovsk', 'Omsk', 'Saint Petersburg', 'Tomsk')",5,5
"Exactly 3 of the following cities are in Togo: Al Fayyum, Paranaque City, Jiaxing, Izhevsk, Lome.",0,Togo,"('Al Fayyum', 'Izhevsk', 'Jiaxing', 'Lome', 'Paranaque City')",3,1
"Exactly 0 of the following cities are in Nepal: Jamshedpur, Kaifeng, Nairobi, Wanzhou, Pasig City.",1,Nepal,"('Jamshedpur', 'Kaifeng', 'Nairobi', 'Pasig City', 'Wanzhou')",0,0
"Exactly 2 of the following cities are in Suriname: Bucheon-si, Ulsan, Pretoria, Bucaramanga, Mogadishu.",0,Suriname,"('Bucaramanga', 'Bucheon-si', 'Mogadishu', 'Pretoria', 'Ulsan')",2,0
"Exactly 4 of the following cities are in Saudi Arabia: Makati City, Jeddah, Ta'if, Dammam, Najran.",1,Saudi Arabia,"('Dammam', 'Jeddah', 'Makati City', 'Najran', ""Ta'if"")",4,4
"Exactly 5 of the following cities are in Iraq: Mosul, Xuhui, Guli, Oklahoma City, Baghdad.",0,Iraq,"('Baghdad', 'Guli', 'Mosul', 'Oklahoma City', 'Xuhui')",5,2
"Exactly 5 of the following cities are in Iran: Orumiyeh, Kermanshah, Isfahan, Hamadan, Zahedan.",1,Iran,"('Hamadan', 'Isfahan', 'Kermanshah', 'Orumiyeh', 'Zahedan')",5,5
"Exactly 2 of the following cities are in Tuvalu: Zhenjiang, Kigali, Jinan, Faridabad, Kumamoto.",0,Tuvalu,"('Faridabad', 'Jinan', 'Kigali', 'Kumamoto', 'Zhenjiang')",2,0
"Exactly 3 of the following cities are in Hungary: Budapest, Abidjan, Harare, Okayama, Wuwei.",0,Hungary,"('Abidjan', 'Budapest', 'Harare', 'Okayama', 'Wuwei')",3,1
"Exactly 1 of the following cities are in Thailand: Macapa, Bobo-Dioulasso, Bangkok, Comilla, Jiaozuo.",1,Thailand,"('Bangkok', 'Bobo-Dioulasso', 'Comilla', 'Jiaozuo', 'Macapa')",1,1
"Exactly 0 of the following cities are in Syria: Ra's Bayrut, Nansana, Cuiaba, Aleppo, Qujing.",0,Syria,"('Aleppo', 'Cuiaba', 'Nansana', 'Qujing', ""Ra's Bayrut"")",0,1
"Exactly 3 of the following cities are in Angola: Luohu District, Dongying, Peshawar, Dushanbe, Iskandar Puteri.",0,Angola,"('Dongying', 'Dushanbe', 'Iskandar Puteri', 'Luohu District', 'Peshawar')",3,0
"Exactly 3 of the following cities are in Austria: Andijon, Da Nang, Rio de Janeiro, Pimpri-Chinchwad, Kuantan.",0,Austria,"('Andijon', 'Da Nang', 'Kuantan', 'Pimpri-Chinchwad', 'Rio de Janeiro')",3,0
"Exactly 5 of the following cities are in Angola: Mulenvos, Benguela, Camama, Kikolo, Golfe.",1,Angola,"('Benguela', 'Camama', 'Golfe', 'Kikolo', 'Mulenvos')",5,5
"Exactly 3 of the following cities are in Mozambique: Nampula, Beira, Rizhao, Maputo, Varanasi.",1,Mozambique,"('Beira', 'Maputo', 'Nampula', 'Rizhao', 'Varanasi')",3,3
"Exactly 2 of the following cities are in Morocco: Handan, Agadir, Marrakesh, Tangier, Oujda.",0,Morocco,"('Agadir', 'Handan', 'Marrakesh', 'Oujda', 'Tangier')",2,4
"Exactly 3 of the following cities are in South Korea: Goyang-si, Cheonan, Niamey, Maoming, Daegu.",1,South Korea,"('Cheonan', 'Daegu', 'Goyang-si', 'Maoming', 'Niamey')",3,3
"Exactly 3 of the following cities are in Russia: Saint Petersburg, Krasnoyarsk, Rostov-on-Don, Saratov, Nizhniy Novgorod.",0,Russia,"('Krasnoyarsk', 'Nizhniy Novgorod', 'Rostov-on-Don', 'Saint Petersburg', 'Saratov')",3,5
"Exactly 5 of the following cities are in Somalia: Fuxin, Buraydah, Guigang, Mogadishu, Jajmau.",0,Somalia,"('Buraydah', 'Fuxin', 'Guigang', 'Jajmau', 'Mogadishu')",5,1
"Exactly 4 of the following cities are in Russia: Saint Petersburg, Makassar, Lipetsk, Perm, Izhevsk.",1,Russia,"('Izhevsk', 'Lipetsk', 'Makassar', 'Perm', 'Saint Petersburg')",4,4
"Exactly 1 of the following cities are in Burundi: Sao Jose dos Campos, Shaoguan, Bujumbura, Sangli, Santiago de Queretaro.",1,Burundi,"('Bujumbura', 'Sangli', 'Santiago de Queretaro', 'Sao Jose dos Campos', 'Shaoguan')",1,1
"Exactly 3 of the following cities are in the Maldives: Pyongyang, Golfe, Fortaleza, Guangzhou, Luohe.",0,the Maldives,"('Fortaleza', 'Golfe', 'Guangzhou', 'Luohe', 'Pyongyang')",3,0
"Exactly 0 of the following cities are in Canada: Hamhung, Langfang, Anyang-si, E'zhou, Kimhae.",1,Canada,"('Anyang-si', ""E'zhou"", 'Hamhung', 'Kimhae', 'Langfang')",0,0
"Exactly 3 of the following cities are in Jordan: Ile-Ife, Zarqa, Irbid, Arequipa, Amman.",1,Jordan,"('Amman', 'Arequipa', 'Ile-Ife', 'Irbid', 'Zarqa')",3,3
"Exactly 3 of the following cities are in Cameroon: Guayaquil, Mohammadpur, Stockholm, Lodz, Changchun.",0,Cameroon,"('Changchun', 'Guayaquil', 'Lodz', 'Mohammadpur', 'Stockholm')",3,0
"Exactly 2 of the following cities are in Mozambique: Bagcilar, Mianzhu, Deyang, Sichuan, Ipoh, Chengdu, Cixi.",0,Mozambique,"('Bagcilar', 'Chengdu', 'Cixi', 'Ipoh', 'Mianzhu, Deyang, Sichuan')",2,0
"Exactly 2 of the following cities are in China: Gold Coast, Jingmen, Itabashi, Dakar, Yongzhou.",1,China,"('Dakar', 'Gold Coast', 'Itabashi', 'Jingmen', 'Yongzhou')",2,2
"Exactly 3 of the following cities are in Rwanda: South Tangerang, Uberlandia, Panshan, Weihai, Namangan.",0,Rwanda,"('Namangan', 'Panshan', 'South Tangerang', 'Uberlandia', 'Weihai')",3,0
"Exactly 3 of the following cities are in Mali: Muntinlupa, Zigong, Feira de Santana, Adana, Bamako.",0,Mali,"('Adana', 'Bamako', 'Feira de Santana', 'Muntinlupa', 'Zigong')",3,1
"Exactly 1 of the following cities are in Colombia: Barranquilla, Bucaramanga, Soacha, Cucuta, Ibague.",0,Colombia,"('Barranquilla', 'Bucaramanga', 'Cucuta', 'Ibague', 'Soacha')",1,5
"Exactly 1 of the following cities are in Argentina: San Miguel de Tucuman, Kermanshah, Wuhan, Wanxian, Neijiang.",1,Argentina,"('Kermanshah', 'Neijiang', 'San Miguel de Tucuman', 'Wanxian', 'Wuhan')",1,1
"Exactly 5 of the following cities are in Iran: Tabriz, Tehran, Arak, Isfahan, Kermanshah.",1,Iran,"('Arak', 'Isfahan', 'Kermanshah', 'Tabriz', 'Tehran')",5,5
"Exactly 2 of the following cities are in Hungary: Zhuzhou, Budapest, Bhubaneswar, Pest, Bagcilar.",1,Hungary,"('Bagcilar', 'Bhubaneswar', 'Budapest', 'Pest', 'Zhuzhou')",2,2
"Exactly 1 of the following cities are in Denmark: Dnipro, Copenhagen, Dombivali, Anqing, Homs.",1,Denmark,"('Anqing', 'Copenhagen', 'Dnipro', 'Dombivali', 'Homs')",1,1
"Exactly 0 of the following cities are in Rwanda: Moradabad, Kyoto, Izmir, Kigali, Zhaotong.",0,Rwanda,"('Izmir', 'Kigali', 'Kyoto', 'Moradabad', 'Zhaotong')",0,1
"Exactly 0 of the following cities are in Myanmar: Baku, Nay Pyi Taw, Toulouse, Hlaingthaya, Maoming.",0,Myanmar,"('Baku', 'Hlaingthaya', 'Maoming', 'Nay Pyi Taw', 'Toulouse')",0,2
"Exactly 1 of the following cities are in Swaziland: Zhu Cheng City, Davao, Prayagraj, Lianyungang, Jaipur.",0,Swaziland,"('Davao', 'Jaipur', 'Lianyungang', 'Prayagraj', 'Zhu Cheng City')",1,0
"Exactly 0 of the following cities are in Tanzania: Karaj, Pingdingshan, Sao Bernardo do Campo, Arusha, Lubango.",0,Tanzania,"('Arusha', 'Karaj', 'Lubango', 'Pingdingshan', 'Sao Bernardo do Campo')",0,1
"Exactly 0 of the following cities are in Yemen: Changchun, Ibb, Sanaa, Mukalla, Aden.",0,Yemen,"('Aden', 'Changchun', 'Ibb', 'Mukalla', 'Sanaa')",0,4
"Exactly 3 of the following cities are in Vietnam: Zhangjiakou, Vinh, Binh Thanh, Muzaffarabad, Da Nang.",1,Vietnam,"('Binh Thanh', 'Da Nang', 'Muzaffarabad', 'Vinh', 'Zhangjiakou')",3,3
"Exactly 4 of the following cities are in Morocco: Fes, Tangier, San Luis Potosi, Agadir, Oujda.",1,Morocco,"('Agadir', 'Fes', 'Oujda', 'San Luis Potosi', 'Tangier')",4,4
"Exactly 3 of the following cities are in Syria: Homs, Ajegunle, Ar Raqqah, Aleppo, Naberezhnyye Chelny.",1,Syria,"('Ajegunle', 'Aleppo', 'Ar Raqqah', 'Homs', 'Naberezhnyye Chelny')",3,3
"Exactly 2 of the following cities are in India: Bannu, Istanbul, Hamhung, Gurugram, Coimbatore.",1,India,"('Bannu', 'Coimbatore', 'Gurugram', 'Hamhung', 'Istanbul')",2,2
"Exactly 4 of the following cities are in China: Zhongwei, Rostov-on-Don, Helsinki, Chengdu, Anshun.",0,China,"('Anshun', 'Chengdu', 'Helsinki', 'Rostov-on-Don', 'Zhongwei')",4,3
"Exactly 4 of the following cities are in Brazil: Sao Bernardo do Campo, Ribeirao Preto, Belford Roxo, Sorocaba, Borama.",1,Brazil,"('Belford Roxo', 'Borama', 'Ribeirao Preto', 'Sao Bernardo do Campo', 'Sorocaba')",4,4
"Exactly 0 of the following cities are in Japan: Suginami, Kagoshima, Niigata, Osaka, Kyoto.",0,Japan,"('Kagoshima', 'Kyoto', 'Niigata', 'Osaka', 'Suginami')",0,5
"Exactly 5 of the following cities are in Angola: Lubango, Calumbo, Maianga, Camama, Cabinda.",1,Angola,"('Cabinda', 'Calumbo', 'Camama', 'Lubango', 'Maianga')",5,5
"Exactly 3 of the following cities are in China: Weifang, Linyi, Al Hudaydah, Bulawayo, Foshan.",1,China,"('Al Hudaydah', 'Bulawayo', 'Foshan', 'Linyi', 'Weifang')",3,3
"Exactly 0 of the following cities are in Burundi: Binh Thanh, Chunian, Kaifeng, Kampung Baru Subang, Qinzhou.",1,Burundi,"('Binh Thanh', 'Chunian', 'Kaifeng', 'Kampung Baru Subang', 'Qinzhou')",0,0
"Exactly 3 of the following cities are in Venezuela: Maracaibo, Barquisimeto, Zhongwei, Maturin, Rio de Janeiro.",1,Venezuela,"('Barquisimeto', 'Maracaibo', 'Maturin', 'Rio de Janeiro', 'Zhongwei')",3,3
"Exactly 2 of the following cities are in Kenya: New York City, Dhanbad, Ouagadougou, Kozhikode, Durban.",0,Kenya,"('Dhanbad', 'Durban', 'Kozhikode', 'New York City', 'Ouagadougou')",2,0
"Exactly 5 of the following cities are in Japan: Hachioji, Tokyo, Suginami, Kagoshima, Itabashi.",1,Japan,"('Hachioji', 'Itabashi', 'Kagoshima', 'Suginami', 'Tokyo')",5,5
"Exactly 0 of the following cities are in Indonesia: Tasikmalaya, Tangerang, Banjarmasin, Pontianak, Bandar Lampung.",0,Indonesia,"('Bandar Lampung', 'Banjarmasin', 'Pontianak', 'Tangerang', 'Tasikmalaya')",0,5
"Exactly 3 of the following cities are in Germany: Koeln, Lilongwe, Aden, Nuremberg, Duesseldorf.",1,Germany,"('Aden', 'Duesseldorf', 'Koeln', 'Lilongwe', 'Nuremberg')",3,3
"Exactly 4 of the following cities are in Mexico: Santiago de Queretaro, Culiacan, Guang'an, Hermosillo, Victoria de Durango.",1,Mexico,"('Culiacan', ""Guang'an"", 'Hermosillo', 'Santiago de Queretaro', 'Victoria de Durango')",4,4
"Exactly 3 of the following cities are in China: Cuttack, Shanghai, Daxing'anling, Zhuzhou, Bogor.",1,China,"('Bogor', 'Cuttack', ""Daxing'anling"", 'Shanghai', 'Zhuzhou')",3,3
"Exactly 0 of the following cities are in Turkey: Iztapalapa, Bengaluru, Matola, Likasi, Siping.",1,Turkey,"('Bengaluru', 'Iztapalapa', 'Likasi', 'Matola', 'Siping')",0,0
"Exactly 3 of the following cities are in Japan: Madinah, Kitakyushu, Tokyo, Fukuoka, Wuzhou.",1,Japan,"('Fukuoka', 'Kitakyushu', 'Madinah', 'Tokyo', 'Wuzhou')",3,3
"Exactly 2 of the following cities are in Cameroon: Douala, Mumbai, Irbid, Muzaffarabad, Yaounde.",1,Cameroon,"('Douala', 'Irbid', 'Mumbai', 'Muzaffarabad', 'Yaounde')",2,2
"Exactly 0 of the following cities are in Pakistan: Battagram, Okara, Gujranwala, Sukkur, Lahore.",0,Pakistan,"('Battagram', 'Gujranwala', 'Lahore', 'Okara', 'Sukkur')",0,5
"Exactly 5 of the following cities are in Iraq: Pallabi, Kirkuk, Al Basrah al Qadimah, Al Mawsil al Jadidah, N'Djamena.",0,Iraq,"('Al Basrah al Qadimah', 'Al Mawsil al Jadidah', 'Kirkuk', ""N'Djamena"", 'Pallabi')",5,3
"Exactly 2 of the following cities are in Ecuador: Lusaka, Da Nang, Bareilly, Huaibei, Manaus.",0,Ecuador,"('Bareilly', 'Da Nang', 'Huaibei', 'Lusaka', 'Manaus')",2,0
"Exactly 5 of the following cities are in Cambodia: Karaj, Nampula, Panshan, Phnom Penh, Suez.",0,Cambodia,"('Karaj', 'Nampula', 'Panshan', 'Phnom Penh', 'Suez')",5,1
"Exactly 0 of the following cities are in Cuba: Liupanshui, Naberezhnyye Chelny, Itabashi, Nizhniy Novgorod, Krakow.",1,Cuba,"('Itabashi', 'Krakow', 'Liupanshui', 'Naberezhnyye Chelny', 'Nizhniy Novgorod')",0,0
"Exactly 0 of the following cities are in Egypt: Santiago de Cuba, Douala, Kharkiv, Barquisimeto, Bujumbura.",1,Egypt,"('Barquisimeto', 'Bujumbura', 'Douala', 'Kharkiv', 'Santiago de Cuba')",0,0
"Exactly 2 of the following cities are in Canada: Winnipeg, Lubumbashi, Mississauga, Liuzhou, Dongying.",1,Canada,"('Dongying', 'Liuzhou', 'Lubumbashi', 'Mississauga', 'Winnipeg')",2,2
"Exactly 1 of the following cities are in Turkmenistan: Weifang, Nouakchott, Kallakurichi, Dar es Salaam, Ashgabat.",1,Turkmenistan,"('Ashgabat', 'Dar es Salaam', 'Kallakurichi', 'Nouakchott', 'Weifang')",1,1
"Exactly 0 of the following cities are in Ukraine: Lviv, Ebute Ikorodu, Puxi, Ciudad Nezahualcoyotl, Barnaul.",0,Ukraine,"('Barnaul', 'Ciudad Nezahualcoyotl', 'Ebute Ikorodu', 'Lviv', 'Puxi')",0,1
"Exactly 2 of the following cities are in Honduras: Huaibei, Tegucigalpa, Heroica Matamoros, Samarkand, Ribeirao Preto.",0,Honduras,"('Heroica Matamoros', 'Huaibei', 'Ribeirao Preto', 'Samarkand', 'Tegucigalpa')",2,1
"Exactly 3 of the following cities are in Romania: Liupanshui, Naberezhnyye Chelny, Kanpur, Zhanjiang, Hohhot.",0,Romania,"('Hohhot', 'Kanpur', 'Liupanshui', 'Naberezhnyye Chelny', 'Zhanjiang')",3,0
"Exactly 5 of the following cities are in Vietnam: Dhanbad, Nha Trang, Hue, Suez, Ho Chi Minh City.",0,Vietnam,"('Dhanbad', 'Ho Chi Minh City', 'Hue', 'Nha Trang', 'Suez')",5,3
"Exactly 3 of the following cities are in Tajikistan: Dushanbe, Sanya, Al Mahallah al Kubra, Iztapalapa, Nizhniy Novgorod.",0,Tajikistan,"('Al Mahallah al Kubra', 'Dushanbe', 'Iztapalapa', 'Nizhniy Novgorod', 'Sanya')",3,1
"Exactly 4 of the following cities are in India: Vijayawada, Pimpri-Chinchwad, Guwahati, Indore, Tijuana.",1,India,"('Guwahati', 'Indore', 'Pimpri-Chinchwad', 'Tijuana', 'Vijayawada')",4,4
"Exactly 4 of the following cities are in Senegal: Ebute Ikorodu, Ajmer, Madinat an Nasr, Jaboatao dos Guararapes, Pikine.",0,Senegal,"('Ajmer', 'Ebute Ikorodu', 'Jaboatao dos Guararapes', 'Madinat an Nasr', 'Pikine')",4,1
"Exactly 3 of the following cities are in Seychelles: Kananga, Quebec, Vilnius, New York City, Jiangyin.",0,Seychelles,"('Jiangyin', 'Kananga', 'New York City', 'Quebec', 'Vilnius')",3,0
"Exactly 2 of the following cities are in Pakistan: Anyang-si, Barnaul, Johor Bahru, Anqing, Erzurum.",0,Pakistan,"('Anqing', 'Anyang-si', 'Barnaul', 'Erzurum', 'Johor Bahru')",2,0
"Exactly 4 of the following cities are in the Philippines: Taguig, Budta, Bikaner, Malingao, Makati City.",1,the Philippines,"('Bikaner', 'Budta', 'Makati City', 'Malingao', 'Taguig')",4,4
"Exactly 4 of the following cities are in Russia: Yekaterinburg, Saratov, Krasnodar, Songjiang, Penza.",1,Russia,"('Krasnodar', 'Penza', 'Saratov', 'Songjiang', 'Yekaterinburg')",4,4
"Exactly 2 of the following cities are in the Dominican Republic: Thane, Gujrat, Santo Domingo Oeste, Semarang, Santo Domingo Este.",1,the Dominican Republic,"('Gujrat', 'Santo Domingo Este', 'Santo Domingo Oeste', 'Semarang', 'Thane')",2,2
"Exactly 5 of the following cities are in Saudi Arabia: Makkah, Ta'if, Jeddah, Dammam, Ha'il.",1,Saudi Arabia,"('Dammam', ""Ha'il"", 'Jeddah', 'Makkah', ""Ta'if"")",5,5
"Exactly 1 of the following cities are in Eritrea: Asmara, Khulna, Meknes, Mazar-e Sharif, Xianyang.",1,Eritrea,"('Asmara', 'Khulna', 'Mazar-e Sharif', 'Meknes', 'Xianyang')",1,1
"Exactly 2 of the following cities are in Mexico: Kota Kuala Muda, Tlalpan, Shizuishan, Baku, Victoria de Durango.",1,Mexico,"('Baku', 'Kota Kuala Muda', 'Shizuishan', 'Tlalpan', 'Victoria de Durango')",2,2
"Exactly 3 of the following cities are in Angola: Lusaka, Sao Bernardo do Campo, Pest, Sevastopol, Wuzhong.",0,Angola,"('Lusaka', 'Pest', 'Sao Bernardo do Campo', 'Sevastopol', 'Wuzhong')",3,0
"Exactly 0 of the following cities are in Uzbekistan: Nashik, Samarkand, Suqian, Muzaffarabad, Kirkuk.",0,Uzbekistan,"('Kirkuk', 'Muzaffarabad', 'Nashik', 'Samarkand', 'Suqian')",0,1
"Exactly 4 of the following cities are in Sudan: Khartoum North, Omdurman, Khartoum, Nyala, Amravati.",1,Sudan,"('Amravati', 'Khartoum', 'Khartoum North', 'Nyala', 'Omdurman')",4,4
"Exactly 1 of the following cities are in Malaysia: Fushun, Mukim Pulai, Giza, Ya'an, Puducherry.",1,Malaysia,"('Fushun', 'Giza', 'Mukim Pulai', 'Puducherry', ""Ya'an"")",1,1
"Exactly 0 of the following cities are in Turkey: Cankaya, Erzurum, The Bronx, Pekanbaru, Gustavo Adolfo Madero.",0,Turkey,"('Cankaya', 'Erzurum', 'Gustavo Adolfo Madero', 'Pekanbaru', 'The Bronx')",0,2
"Exactly 0 of the following cities are in Gabon: Guatemala City, Kampung Baru Subang, Libreville, Nova Iguacu, Eskisehir.",0,Gabon,"('Eskisehir', 'Guatemala City', 'Kampung Baru Subang', 'Libreville', 'Nova Iguacu')",0,1
"Exactly 2 of the following cities are in Poland: Yongzhou, Amman, Krakow, Wroclaw, Kyoto.",1,Poland,"('Amman', 'Krakow', 'Kyoto', 'Wroclaw', 'Yongzhou')",2,2
"Exactly 1 of the following cities are in Bosnia and Herzegovina: Thiruvananthapuram, Siliguri, Tasikmalaya, Bareilly, Sarajevo.",1,Bosnia and Herzegovina,"('Bareilly', 'Sarajevo', 'Siliguri', 'Tasikmalaya', 'Thiruvananthapuram')",1,1
"Exactly 1 of the following cities are in Ecuador: Chattogram, Bhavnagar, Quito, Camayenne, Kharkiv.",1,Ecuador,"('Bhavnagar', 'Camayenne', 'Chattogram', 'Kharkiv', 'Quito')",1,1
"Exactly 1 of the following cities are in Malaysia: Pelentong, Oslo, Hanzhong, Huludao, Rostov-on-Don.",1,Malaysia,"('Hanzhong', 'Huludao', 'Oslo', 'Pelentong', 'Rostov-on-Don')",1,1
"Exactly 4 of the following cities are in Pakistan: Cucuta, Lahore, Quetta, Shekhupura, Muzaffarabad.",1,Pakistan,"('Cucuta', 'Lahore', 'Muzaffarabad', 'Quetta', 'Shekhupura')",4,4
"Exactly 5 of the following cities are in South Korea: Bucheon-si, Hwaseong-si, Anyang-si, Goyang-si, Cheongju-si.",1,South Korea,"('Anyang-si', 'Bucheon-si', 'Cheongju-si', 'Goyang-si', 'Hwaseong-si')",5,5
"Exactly 4 of the following cities are in Venezuela: Ciudad Guayana, Caracas, Maracaibo, Cuautitlan Izcalli, Maturin.",1,Venezuela,"('Caracas', 'Ciudad Guayana', 'Cuautitlan Izcalli', 'Maracaibo', 'Maturin')",4,4
"Exactly 1 of the following cities are in India: Bokaro, Kalyan, Mysuru, Chennai, Vadodara.",0,India,"('Bokaro', 'Chennai', 'Kalyan', 'Mysuru', 'Vadodara')",1,5
"Exactly 2 of the following cities are in Hungary: Abobo, Malang, Callao, Pest, Budapest.",1,Hungary,"('Abobo', 'Budapest', 'Callao', 'Malang', 'Pest')",2,2
"Exactly 1 of the following cities are in Belize: Comilla, Cancun, Rajshahi, San Luis Potosi, Osogbo.",0,Belize,"('Cancun', 'Comilla', 'Osogbo', 'Rajshahi', 'San Luis Potosi')",1,0
"Exactly 0 of the following cities are in Lithuania: Zahedan, Surat, Hamhung, Taiz, Aihara.",1,Lithuania,"('Aihara', 'Hamhung', 'Surat', 'Taiz', 'Zahedan')",0,0
"Exactly 4 of the following cities are in Montenegro: Pietermaritzburg, Kakamega, Multan, Lubango, Lome.",0,Montenegro,"('Kakamega', 'Lome', 'Lubango', 'Multan', 'Pietermaritzburg')",4,0
"Exactly 1 of the following cities are in Russia: Nizhniy Novgorod, Vilnius, Bareilly, Sultanah, Kigali.",1,Russia,"('Bareilly', 'Kigali', 'Nizhniy Novgorod', 'Sultanah', 'Vilnius')",1,1
"Exactly 2 of the following cities are in Montenegro: Dalian, Jeonju, Madinat an Nasr, Makhachkala, Algiers.",0,Montenegro,"('Algiers', 'Dalian', 'Jeonju', 'Madinat an Nasr', 'Makhachkala')",2,0
"Exactly 0 of the following cities are in Uzbekistan: Namangan, Yingkou, Shaoxing, Yangpu, Qui Nhon.",0,Uzbekistan,"('Namangan', 'Qui Nhon', 'Shaoxing', 'Yangpu', 'Yingkou')",0,1
"Exactly 2 of the following cities are in the Dominican Republic: Zahedan, Santo Domingo Oeste, Okara, Malingao, Santo Domingo Este.",1,the Dominican Republic,"('Malingao', 'Okara', 'Santo Domingo Este', 'Santo Domingo Oeste', 'Zahedan')",2,2
"Exactly 0 of the following cities are in the Bahamas: Qionghai, Jiaozhou, Kallakurichi, Nasiriyah, Vinh.",1,the Bahamas,"('Jiaozhou', 'Kallakurichi', 'Nasiriyah', 'Qionghai', 'Vinh')",0,0
"Exactly 0 of the following cities are in Bangladesh: Muntinlupa, Gazipur, Pallabi, Mohammadpur, Mirpur Model Thana.",0,Bangladesh,"('Gazipur', 'Mirpur Model Thana', 'Mohammadpur', 'Muntinlupa', 'Pallabi')",0,4
"Exactly 4 of the following cities are in Iran: Ahvaz, Isfahan, Kermanshah, Prayagraj, Karaj.",1,Iran,"('Ahvaz', 'Isfahan', 'Karaj', 'Kermanshah', 'Prayagraj')",4,4
"Exactly 3 of the following cities are in Zambia: Lusaka, Ndola, Bengbu, Tshikapa, Kitwe.",1,Zambia,"('Bengbu', 'Kitwe', 'Lusaka', 'Ndola', 'Tshikapa')",3,3
"Exactly 3 of the following cities are in Jordan: Zunyi, Zarqa, Irbid, Wanzhou, Amman.",1,Jordan,"('Amman', 'Irbid', 'Wanzhou', 'Zarqa', 'Zunyi')",3,3
"Exactly 4 of the following cities are in Panama: Cheongju-si, Shaoxing, Maianga, Meizhou, Zhoushan.",0,Panama,"('Cheongju-si', 'Maianga', 'Meizhou', 'Shaoxing', 'Zhoushan')",4,0
"Exactly 4 of the following cities are in India: Sultanah, Indore, Loni, Madurai, Coimbatore.",1,India,"('Coimbatore', 'Indore', 'Loni', 'Madurai', 'Sultanah')",4,4
"Exactly 4 of the following cities are in China: Jiaozhou, Zhaoqing, Liaocheng, Yangquan, Sadr City.",1,China,"('Jiaozhou', 'Liaocheng', 'Sadr City', 'Yangquan', 'Zhaoqing')",4,4
"Exactly 4 of the following cities are in Saint Kitts and Nevis: Bien Hoa, Ribeirao Preto, Al Mahallah al Kubra, Homs, Serang.",0,Saint Kitts and Nevis,"('Al Mahallah al Kubra', 'Bien Hoa', 'Homs', 'Ribeirao Preto', 'Serang')",4,0
"Exactly 0 of the following cities are in Vietnam: Anshan, Wuzhou, Aguascalientes, Battagram, Situbondo.",1,Vietnam,"('Aguascalientes', 'Anshan', 'Battagram', 'Situbondo', 'Wuzhou')",0,0
"Exactly 0 of the following cities are in Tanzania: Laiwu, Ashgabat, Dar es Salaam, Mbeya, Antananarivo.",0,Tanzania,"('Antananarivo', 'Ashgabat', 'Dar es Salaam', 'Laiwu', 'Mbeya')",0,2
"Exactly 2 of the following cities are in Myanmar: Nanjing, Coimbatore, Mandalay, Nay Pyi Taw, Yangon.",0,Myanmar,"('Coimbatore', 'Mandalay', 'Nanjing', 'Nay Pyi Taw', 'Yangon')",2,3
"Exactly 4 of the following cities are in the Democratic Republic of the Congo: Tangerang, Kinshasa, Likasi, Kikwit, Lubumbashi.",1,the Democratic Republic of the Congo,"('Kikwit', 'Kinshasa', 'Likasi', 'Lubumbashi', 'Tangerang')",4,4
"Exactly 2 of the following cities are in Bangladesh: Khulna, Al Mawsil al Jadidah, Homyel', Kaduna, Gazipur.",1,Bangladesh,"('Al Mawsil al Jadidah', 'Gazipur', ""Homyel'"", 'Kaduna', 'Khulna')",2,2
"Exactly 0 of the following cities are in Dominica: Fes, Ecatepec de Morelos, Davao, The Bronx, Onitsha.",1,Dominica,"('Davao', 'Ecatepec de Morelos', 'Fes', 'Onitsha', 'The Bronx')",0,0
"Exactly 4 of the following cities are in Uruguay: Iskandar Puteri, Mexico City, Xinyu, Pelentong, Lusaka.",0,Uruguay,"('Iskandar Puteri', 'Lusaka', 'Mexico City', 'Pelentong', 'Xinyu')",4,0
"Exactly 0 of the following cities are in Belarus: Changshu, Najafgarh, Sanaa, Tirunelveli, Kikolo.",1,Belarus,"('Changshu', 'Kikolo', 'Najafgarh', 'Sanaa', 'Tirunelveli')",0,0
"Exactly 4 of the following cities are in Estonia: Ulanqab, Tangerang, Pingdingshan, Huainan, Moradabad.",0,Estonia,"('Huainan', 'Moradabad', 'Pingdingshan', 'Tangerang', 'Ulanqab')",4,0
"Exactly 2 of the following cities are in Bangladesh: Gazipur, Bishkek, Niamey, Najran, Tucson.",0,Bangladesh,"('Bishkek', 'Gazipur', 'Najran', 'Niamey', 'Tucson')",2,1
"Exactly 5 of the following cities are in the Dominican Republic: Tegucigalpa, Pingdingshan, Zagreb, Kozhikode, Santo Domingo Oeste.",0,the Dominican Republic,"('Kozhikode', 'Pingdingshan', 'Santo Domingo Oeste', 'Tegucigalpa', 'Zagreb')",5,1
"Exactly 4 of the following cities are in Venezuela: Ciudad Guayana, Liupanshui, Maracaibo, Maturin, Caracas.",1,Venezuela,"('Caracas', 'Ciudad Guayana', 'Liupanshui', 'Maracaibo', 'Maturin')",4,4
"Exactly 3 of the following cities are in Nigeria: Ebute Ikorodu, Bien Hoa, New York City, Homs, Voronezh.",0,Nigeria,"('Bien Hoa', 'Ebute Ikorodu', 'Homs', 'New York City', 'Voronezh')",3,1
"Exactly 2 of the following cities are in India: Tegucigalpa, Onitsha, Santo Domingo Oeste, Xiangtan, Songjiang.",0,India,"('Onitsha', 'Santo Domingo Oeste', 'Songjiang', 'Tegucigalpa', 'Xiangtan')",2,0
"Exactly 5 of the following cities are in Colombia: Weihai, Kuecuekcekmece, Soacha, Almaty, Nashik.",0,Colombia,"('Almaty', 'Kuecuekcekmece', 'Nashik', 'Soacha', 'Weihai')",5,1
"Exactly 2 of the following cities are in Armenia: Maoming, Ibadan, Yerevan, Zarqa, Changchun.",0,Armenia,"('Changchun', 'Ibadan', 'Maoming', 'Yerevan', 'Zarqa')",2,1
"Exactly 2 of the following cities are in Senegal: Pikine, Tonghua, Najran, Dakar, Rahim Yar Khan.",1,Senegal,"('Dakar', 'Najran', 'Pikine', 'Rahim Yar Khan', 'Tonghua')",2,2
"Exactly 1 of the following cities are in Morocco: Hegang, Bijie, Semarang, Zhaotong, Niteroi.",0,Morocco,"('Bijie', 'Hegang', 'Niteroi', 'Semarang', 'Zhaotong')",1,0
"Exactly 2 of the following cities are in Nigeria: Bauchi, Dera Ismail Khan, Kaduna, Qom, Pontianak.",1,Nigeria,"('Bauchi', 'Dera Ismail Khan', 'Kaduna', 'Pontianak', 'Qom')",2,2
"Exactly 3 of the following cities are in Rwanda: Asansol, Mirpur Model Thana, Mudanjiang, Matsuyama, Fortaleza.",0,Rwanda,"('Asansol', 'Fortaleza', 'Matsuyama', 'Mirpur Model Thana', 'Mudanjiang')",3,0
"Exactly 0 of the following cities are in New Zealand: Auckland, Vinh, Mohammadpur, Sholapur, Irbid.",0,New Zealand,"('Auckland', 'Irbid', 'Mohammadpur', 'Sholapur', 'Vinh')",0,1
"Exactly 0 of the following cities are in Argentina: Tlaquepaque, New South Memphis, Salta, Cebu City, Cucuta.",0,Argentina,"('Cebu City', 'Cucuta', 'New South Memphis', 'Salta', 'Tlaquepaque')",0,1
"Exactly 3 of the following cities are in Kazakhstan: Mukalla, Shymkent, Astana, Almaty, Aktobe.",0,Kazakhstan,"('Aktobe', 'Almaty', 'Astana', 'Mukalla', 'Shymkent')",3,4
"Exactly 5 of the following cities are in Burkina Faso: Caracas, Ouagadougou, Soacha, Rizhao, Ryazan'.",0,Burkina Faso,"('Caracas', 'Ouagadougou', 'Rizhao', ""Ryazan'"", 'Soacha')",5,1
"Exactly 3 of the following cities are in Sudan: Iztapalapa, Khartoum North, Omdurman, Khartoum, Nyala.",0,Sudan,"('Iztapalapa', 'Khartoum', 'Khartoum North', 'Nyala', 'Omdurman')",3,4
"Exactly 1 of the following cities are in the United States: Detroit, Milwaukee, New South Memphis, The Bronx, Seattle.",0,the United States,"('Detroit', 'Milwaukee', 'New South Memphis', 'Seattle', 'The Bronx')",1,5
"Exactly 1 of the following cities are in Germany: Dortmund, Hannover, Pekanbaru, Minsk, Duesseldorf.",0,Germany,"('Dortmund', 'Duesseldorf', 'Hannover', 'Minsk', 'Pekanbaru')",1,3
"Exactly 3 of the following cities are in Poland: Krakow, Lodz, Benxi, Petaling Jaya, Wroclaw.",1,Poland,"('Benxi', 'Krakow', 'Lodz', 'Petaling Jaya', 'Wroclaw')",3,3
"Exactly 0 of the following cities are in Kyrgyzstan: Konya, Vladivostok, Baotou, Ta'if, Niluefer.",1,Kyrgyzstan,"('Baotou', 'Konya', 'Niluefer', ""Ta'if"", 'Vladivostok')",0,0
"Exactly 5 of the following cities are in Saudi Arabia: Jeddah, Najran, Makkah, Sultanah, Ha'il.",1,Saudi Arabia,"(""Ha'il"", 'Jeddah', 'Makkah', 'Najran', 'Sultanah')",5,5
"Exactly 0 of the following cities are in Iraq: Karbala, Chunian, Puente Alto, Sadr City, Kuantan.",0,Iraq,"('Chunian', 'Karbala', 'Kuantan', 'Puente Alto', 'Sadr City')",0,2
"Exactly 4 of the following cities are in Somalia: Mogadishu, Borama, Madinat an Nasr, Zhangjiakou, Tlaquepaque.",0,Somalia,"('Borama', 'Madinat an Nasr', 'Mogadishu', 'Tlaquepaque', 'Zhangjiakou')",4,2
"Exactly 2 of the following cities are in Angola: Maianga, Benguela, Cabinda, Hoji ya Henda, Golfe.",0,Angola,"('Benguela', 'Cabinda', 'Golfe', 'Hoji ya Henda', 'Maianga')",2,5
"Exactly 4 of the following cities are in Canada: Narela, Winnipeg, Mississauga, Calgary, Quebec.",1,Canada,"('Calgary', 'Mississauga', 'Narela', 'Quebec', 'Winnipeg')",4,4
"Exactly 3 of the following cities are in Oman: Himeji, Coyoacan, Beijing, Makhachkala, Muscat.",0,Oman,"('Beijing', 'Coyoacan', 'Himeji', 'Makhachkala', 'Muscat')",3,1
"Exactly 0 of the following cities are in Japan: Setagaya, Okayama, Adachi, Liuzhou, Beirut.",0,Japan,"('Adachi', 'Beirut', 'Liuzhou', 'Okayama', 'Setagaya')",0,3
"Exactly 1 of the following cities are in Finland: Kalaburagi, Jeddah, Banjarmasin, Xingtai, Helsinki.",1,Finland,"('Banjarmasin', 'Helsinki', 'Jeddah', 'Kalaburagi', 'Xingtai')",1,1
"Exactly 0 of the following cities are in Afghanistan: Mazar-e Sharif, Fortaleza, Changshu, Auckland, Owerri.",0,Afghanistan,"('Auckland', 'Changshu', 'Fortaleza', 'Mazar-e Sharif', 'Owerri')",0,1
"Exactly 1 of the following cities are in Finland: Chuxiong, Bilimora, Mulenvos, Jos, Helsinki.",1,Finland,"('Bilimora', 'Chuxiong', 'Helsinki', 'Jos', 'Mulenvos')",1,1
"Exactly 1 of the following cities are in Syria: Pyongyang, Homs, Cape Town, Amritsar, Tianshui.",1,Syria,"('Amritsar', 'Cape Town', 'Homs', 'Pyongyang', 'Tianshui')",1,1
"Exactly 1 of the following cities are in the Philippines: San Pedro Sula, Lipetsk, Pasig City, Luzhou, New South Memphis.",1,the Philippines,"('Lipetsk', 'Luzhou', 'New South Memphis', 'Pasig City', 'San Pedro Sula')",1,1
"Exactly 1 of the following cities are in Bangladesh: Mirpur Model Thana, Rajshahi, Rostov-on-Don, Pallabi, Baise.",0,Bangladesh,"('Baise', 'Mirpur Model Thana', 'Pallabi', 'Rajshahi', 'Rostov-on-Don')",1,3
"Exactly 3 of the following cities are in Jordan: Irbid, Amman, Binh Thanh, Zarqa, Pretoria.",1,Jordan,"('Amman', 'Binh Thanh', 'Irbid', 'Pretoria', 'Zarqa')",3,3
"Exactly 5 of the following cities are in Uganda: Piura, Kampala, Sanaa, Putuo, Jaipur.",0,Uganda,"('Jaipur', 'Kampala', 'Piura', 'Putuo', 'Sanaa')",5,1
"Exactly 2 of the following cities are in Pakistan: Battagram, Multan, Sialkot, Rawalpindi, Sukkur.",0,Pakistan,"('Battagram', 'Multan', 'Rawalpindi', 'Sialkot', 'Sukkur')",2,5
"Exactly 1 of the following cities are in Ecuador: Guayaquil, Banjarmasin, Ribeirao Preto, Bhilai, Conakry.",1,Ecuador,"('Banjarmasin', 'Bhilai', 'Conakry', 'Guayaquil', 'Ribeirao Preto')",1,1
"Exactly 2 of the following cities are in the Democratic Republic of the Congo: Suizhou, Lubumbashi, Erbil, Busan, Madurai.",0,the Democratic Republic of the Congo,"('Busan', 'Erbil', 'Lubumbashi', 'Madurai', 'Suizhou')",2,1
"Exactly 4 of the following cities are in Angola: Camama, Cabinda, Kikolo, Golfe, Lubango.",0,Angola,"('Cabinda', 'Camama', 'Golfe', 'Kikolo', 'Lubango')",4,5
"Exactly 1 of the following cities are in Gabon: Xuzhou, Soweto, Jeddah, Jiangyin, Beirut.",0,Gabon,"('Beirut', 'Jeddah', 'Jiangyin', 'Soweto', 'Xuzhou')",1,0
"Exactly 1 of the following cities are in Eritrea: Juiz de Fora, Al Ain City, Niamey, Asmara, Ulan Bator.",1,Eritrea,"('Al Ain City', 'Asmara', 'Juiz de Fora', 'Niamey', 'Ulan Bator')",1,1
"Exactly 0 of the following cities are in Peru: Callao, Dar es Salaam, Voronezh, Piura, Cuttack.",0,Peru,"('Callao', 'Cuttack', 'Dar es Salaam', 'Piura', 'Voronezh')",0,2
"Exactly 1 of the following cities are in Niger: Niamey, Leon de los Aldama, Mysuru, Kota Kuala Muda, Xiamen.",1,Niger,"('Kota Kuala Muda', 'Leon de los Aldama', 'Mysuru', 'Niamey', 'Xiamen')",1,1
"Exactly 0 of the following cities are in Laos: Leipzig, Kemerovo, Accra, Jiamusi, Suining.",1,Laos,"('Accra', 'Jiamusi', 'Kemerovo', 'Leipzig', 'Suining')",0,0
"Exactly 1 of the following cities are in Turkmenistan: Santiago de Cuba, Antananarivo, Kalaburagi, Rizhao, Jinzhong.",0,Turkmenistan,"('Antananarivo', 'Jinzhong', 'Kalaburagi', 'Rizhao', 'Santiago de Cuba')",1,0
"Exactly 4 of the following cities are in Angola: Camama, Mulenvos, Calumbo, Faridabad, Benguela.",1,Angola,"('Benguela', 'Calumbo', 'Camama', 'Faridabad', 'Mulenvos')",4,4
"Exactly 5 of the following cities are in Italy: Yangpu, Ho Chi Minh City, Chattogram, Mukalla, UEruemqi.",0,Italy,"('Chattogram', 'Ho Chi Minh City', 'Mukalla', 'UEruemqi', 'Yangpu')",5,0
"Exactly 3 of the following cities are in Mexico: Oslo, Rahim Yar Khan, Aguascalientes, Bamako, Torreon.",0,Mexico,"('Aguascalientes', 'Bamako', 'Oslo', 'Rahim Yar Khan', 'Torreon')",3,2
"Exactly 3 of the following cities are in Russia: Xiamen, Makhachkala, Indore, Voronezh, Omsk.",1,Russia,"('Indore', 'Makhachkala', 'Omsk', 'Voronezh', 'Xiamen')",3,3
"Exactly 2 of the following cities are in Iran: Nuremberg, Kolkata, Kermanshah, Hamadan, Hanzhong.",1,Iran,"('Hamadan', 'Hanzhong', 'Kermanshah', 'Kolkata', 'Nuremberg')",2,2
"Exactly 2 of the following cities are in China: Nanjing, Voronezh, Budapest, Oslo, Siping.",1,China,"('Budapest', 'Nanjing', 'Oslo', 'Siping', 'Voronezh')",2,2
"Exactly 1 of the following cities are in Mali: San Pedro Sula, Liaocheng, Recife, Zhoushan, Ordos.",0,Mali,"('Liaocheng', 'Ordos', 'Recife', 'San Pedro Sula', 'Zhoushan')",1,0
"Exactly 1 of the following cities are in Germany: Dortmund, Frankfurt am Main, Hannover, Santo Domingo Oeste, Ciudad Juarez.",0,Germany,"('Ciudad Juarez', 'Dortmund', 'Frankfurt am Main', 'Hannover', 'Santo Domingo Oeste')",1,3
"Exactly 0 of the following cities are in Tanzania: Pyongyang, Arusha, Abu Dhabi, Aihara, Loni.",0,Tanzania,"('Abu Dhabi', 'Aihara', 'Arusha', 'Loni', 'Pyongyang')",0,1
"Exactly 1 of the following cities are in Slovenia: Toulouse, Namangan, Bareilly, Ganzhou, Dhanbad.",0,Slovenia,"('Bareilly', 'Dhanbad', 'Ganzhou', 'Namangan', 'Toulouse')",1,0
"Exactly 5 of the following cities are in Bangladesh: Khulna, Gazipur, Rajshahi, Mirpur Model Thana, Pallabi.",1,Bangladesh,"('Gazipur', 'Khulna', 'Mirpur Model Thana', 'Pallabi', 'Rajshahi')",5,5
"Exactly 2 of the following cities are in South Korea: Hwaseong-si, Aktobe, Kaifeng, Adachi, New South Memphis.",0,South Korea,"('Adachi', 'Aktobe', 'Hwaseong-si', 'Kaifeng', 'New South Memphis')",2,1
"Exactly 3 of the following cities are in the Democratic Republic of the Congo: Petaling Jaya, Ibb, Weinan, Marseille, Sholapur.",0,the Democratic Republic of the Congo,"('Ibb', 'Marseille', 'Petaling Jaya', 'Sholapur', 'Weinan')",3,0
"Exactly 2 of the following cities are in Norway: Hermosillo, San Pedro Sula, Thane, Qui Nhon, Bulawayo.",0,Norway,"('Bulawayo', 'Hermosillo', 'Qui Nhon', 'San Pedro Sula', 'Thane')",2,0
"Exactly 0 of the following cities are in Cameroon: Piura, Koeln, Thembisa, Harbin, Kitwe.",1,Cameroon,"('Harbin', 'Kitwe', 'Koeln', 'Piura', 'Thembisa')",0,0
"Exactly 3 of the following cities are in Bangladesh: Kalaburagi, Comilla, Cucuta, Perm, Pallabi.",0,Bangladesh,"('Comilla', 'Cucuta', 'Kalaburagi', 'Pallabi', 'Perm')",3,2
"Exactly 0 of the following cities are in Bulgaria: Wenzhou, Abobo, Winnipeg, Pasig City, Sofia.",0,Bulgaria,"('Abobo', 'Pasig City', 'Sofia', 'Wenzhou', 'Winnipeg')",0,1
"Exactly 2 of the following cities are in Turkey: Pasig City, Mersin, Jaboatao dos Guararapes, Esenler, Banjarmasin.",1,Turkey,"('Banjarmasin', 'Esenler', 'Jaboatao dos Guararapes', 'Mersin', 'Pasig City')",2,2
"Exactly 5 of the following cities are in South Korea: Incheon, Daegu, Suwon, Seoul, Seongnam-si.",1,South Korea,"('Daegu', 'Incheon', 'Seongnam-si', 'Seoul', 'Suwon')",5,5
"Exactly 0 of the following cities are in Cuba: Agege, Lipetsk, Santiago de Queretaro, Suez, Qui Nhon.",1,Cuba,"('Agege', 'Lipetsk', 'Qui Nhon', 'Santiago de Queretaro', 'Suez')",0,0
"Exactly 0 of the following cities are in Malawi: Torreon, Binzhou, Langfang, Bien Hoa, Sokoto.",1,Malawi,"('Bien Hoa', 'Binzhou', 'Langfang', 'Sokoto', 'Torreon')",0,0
"Exactly 3 of the following cities are in Bulgaria: Tokyo, Sofia, Cheongju-si, Abobo, Banjarmasin.",0,Bulgaria,"('Abobo', 'Banjarmasin', 'Cheongju-si', 'Sofia', 'Tokyo')",3,1
"Exactly 1 of the following cities are in Iran: Ahvaz, Kyoto, Samarinda, Zaozhuang, Beira.",1,Iran,"('Ahvaz', 'Beira', 'Kyoto', 'Samarinda', 'Zaozhuang')",1,1
"Exactly 4 of the following cities are in Iran: Isfahan, Ahvaz, Qom, Arak, Las Pinas.",1,Iran,"('Ahvaz', 'Arak', 'Isfahan', 'Las Pinas', 'Qom')",4,4
"Exactly 4 of the following cities are in South Africa: Goiania, Durban, Johannesburg, Soshanguve, Thembisa.",1,South Africa,"('Durban', 'Goiania', 'Johannesburg', 'Soshanguve', 'Thembisa')",4,4
"Exactly 3 of the following cities are in Guyana: Diyarbakir, Guli, Carrefour, Sofia, Qingdao.",0,Guyana,"('Carrefour', 'Diyarbakir', 'Guli', 'Qingdao', 'Sofia')",3,0
"Exactly 4 of the following cities are in Latvia: Riga, Jieyang, Mersin, Mbuji-Mayi, Helsinki.",0,Latvia,"('Helsinki', 'Jieyang', 'Mbuji-Mayi', 'Mersin', 'Riga')",4,1
"Exactly 1 of the following cities are in Panama: Nha Trang, Thembisa, Hengyang, Perm, Incheon.",0,Panama,"('Hengyang', 'Incheon', 'Nha Trang', 'Perm', 'Thembisa')",1,0
"Exactly 3 of the following cities are in Iraq: Sadr City, Sulaymaniyah, Erbil, Vladivostok, Qinzhou.",1,Iraq,"('Erbil', 'Qinzhou', 'Sadr City', 'Sulaymaniyah', 'Vladivostok')",3,3
"Exactly 3 of the following cities are in Samoa: Konya, Bikaner, Dammam, Kunshan, Hue.",0,Samoa,"('Bikaner', 'Dammam', 'Hue', 'Konya', 'Kunshan')",3,0
"Exactly 2 of the following cities are in Tanzania: Dodoma, Batam, Dar es Salaam, Koeln, Okara.",1,Tanzania,"('Batam', 'Dar es Salaam', 'Dodoma', 'Koeln', 'Okara')",2,2
"Exactly 3 of the following cities are in India: Dodoma, Amritsar, Kolhapur, Ibb, Moradabad.",1,India,"('Amritsar', 'Dodoma', 'Ibb', 'Kolhapur', 'Moradabad')",3,3
"Exactly 5 of the following cities are in Tajikistan: Dortmund, Zhabei, Warri, Jabalpur, Dushanbe.",0,Tajikistan,"('Dortmund', 'Dushanbe', 'Jabalpur', 'Warri', 'Zhabei')",5,1
"Exactly 2 of the following cities are in Mozambique: Esenyurt, Varanasi, Multan, Mysuru, Mississauga.",0,Mozambique,"('Esenyurt', 'Mississauga', 'Multan', 'Mysuru', 'Varanasi')",2,0
"Exactly 3 of the following cities are in Zambia: Malang, Mukalla, Ndola, Malingao, Lusaka.",0,Zambia,"('Lusaka', 'Malang', 'Malingao', 'Mukalla', 'Ndola')",3,2
"Exactly 2 of the following cities are in Venezuela: Barquisimeto, Kolwezi, Maracaibo, Hezhou, Erzurum.",1,Venezuela,"('Barquisimeto', 'Erzurum', 'Hezhou', 'Kolwezi', 'Maracaibo')",2,2
"Exactly 2 of the following cities are in Iraq: Eskisehir, Pokhara, Niteroi, Suginami, Soshanguve.",0,Iraq,"('Eskisehir', 'Niteroi', 'Pokhara', 'Soshanguve', 'Suginami')",2,0
"Exactly 3 of the following cities are in Peru: Konya, Hebi, Linfen, Najran, Callao.",0,Peru,"('Callao', 'Hebi', 'Konya', 'Linfen', 'Najran')",3,1
"Exactly 3 of the following cities are in South Korea: Kimhae, Hwaseong-si, Zhongwei, Daejeon, Albuquerque.",1,South Korea,"('Albuquerque', 'Daejeon', 'Hwaseong-si', 'Kimhae', 'Zhongwei')",3,3
"Exactly 2 of the following cities are in Egypt: Madinat an Nasr, Al Mahallah al Kubra, Seattle, Suez, Lu'an.",0,Egypt,"('Al Mahallah al Kubra', ""Lu'an"", 'Madinat an Nasr', 'Seattle', 'Suez')",2,3
"Exactly 5 of the following cities are in Sudan: Florianopolis, Rio de Janeiro, Tucson, Khartoum, Omdurman.",0,Sudan,"('Florianopolis', 'Khartoum', 'Omdurman', 'Rio de Janeiro', 'Tucson')",5,2
"Exactly 5 of the following cities are in Iraq: Kirkuk, Baghdad, Al Mawsil al Jadidah, Nasiriyah, Karbala.",1,Iraq,"('Al Mawsil al Jadidah', 'Baghdad', 'Karbala', 'Kirkuk', 'Nasiriyah')",5,5
"Exactly 0 of the following cities are in Iran: Malingao, Sao Jose dos Campos, Chisinau, Al Fayyum, Xianning.",1,Iran,"('Al Fayyum', 'Chisinau', 'Malingao', 'Sao Jose dos Campos', 'Xianning')",0,0
"Exactly 3 of the following cities are in Argentina: Mar del Plata, San Miguel de Tucuman, Niamey, Salta, Muzaffarabad.",1,Argentina,"('Mar del Plata', 'Muzaffarabad', 'Niamey', 'Salta', 'San Miguel de Tucuman')",3,3
"Exactly 4 of the following cities are in Iraq: Baghdad, Quebec, Chuzhou, Nizhniy Novgorod, Kirkuk.",0,Iraq,"('Baghdad', 'Chuzhou', 'Kirkuk', 'Nizhniy Novgorod', 'Quebec')",4,2
"Exactly 1 of the following cities are in Denmark: Copenhagen, Zhaoqing, Chisinau, Nakuru, Nagpur.",1,Denmark,"('Chisinau', 'Copenhagen', 'Nagpur', 'Nakuru', 'Zhaoqing')",1,1
"Exactly 4 of the following cities are in Saint Kitts and Nevis: Peshawar, Qingpu, Pudong, Salta, Denpasar.",0,Saint Kitts and Nevis,"('Denpasar', 'Peshawar', 'Pudong', 'Qingpu', 'Salta')",4,0
"Exactly 1 of the following cities are in Cuba: Izmir, Latakia, Suizhou, Zagreb, Nanded.",0,Cuba,"('Izmir', 'Latakia', 'Nanded', 'Suizhou', 'Zagreb')",1,0
"Exactly 1 of the following cities are in Mauritania: Islamabad, Nouakchott, Ryazan', Ziyang, Asansol.",1,Mauritania,"('Asansol', 'Islamabad', 'Nouakchott', ""Ryazan'"", 'Ziyang')",1,1
"Exactly 5 of the following cities are in the Bahamas: Guang'an, Diyarbakir, Hwaseong-si, Loni, Bhavnagar.",0,the Bahamas,"('Bhavnagar', 'Diyarbakir', ""Guang'an"", 'Hwaseong-si', 'Loni')",5,0
"Exactly 3 of the following cities are in Haiti: Port-au-Prince, Guwahati, Tonghua, Aguascalientes, Dar es Salaam.",0,Haiti,"('Aguascalientes', 'Dar es Salaam', 'Guwahati', 'Port-au-Prince', 'Tonghua')",3,1
"Exactly 2 of the following cities are in Yemen: Kolhapur, Al Hudaydah, Ibb, Beira, Krasnoyarsk.",1,Yemen,"('Al Hudaydah', 'Beira', 'Ibb', 'Kolhapur', 'Krasnoyarsk')",2,2
"Exactly 5 of the following cities are in Iran: Karaj, Zahedan, Kermanshah, Arak, Orumiyeh.",1,Iran,"('Arak', 'Karaj', 'Kermanshah', 'Orumiyeh', 'Zahedan')",5,5
"Exactly 5 of the following cities are in the Netherlands: Sialkot, Kananga, Yongzhou, Jiujiang, Lodz.",0,the Netherlands,"('Jiujiang', 'Kananga', 'Lodz', 'Sialkot', 'Yongzhou')",5,0
"Exactly 5 of the following cities are in Malta: Zigong, Chennai, Wuzhong, Osogbo, Battagram.",0,Malta,"('Battagram', 'Chennai', 'Osogbo', 'Wuzhong', 'Zigong')",5,0
"Exactly 1 of the following cities are in Papua New Guinea: Shanghai, Xiamen, Juiz de Fora, Taiz, Barnaul.",0,Papua New Guinea,"('Barnaul', 'Juiz de Fora', 'Shanghai', 'Taiz', 'Xiamen')",1,0
"Exactly 1 of the following cities are in Moldova: Chisinau, Bursa, Nairobi, Handan, Anshun.",1,Moldova,"('Anshun', 'Bursa', 'Chisinau', 'Handan', 'Nairobi')",1,1
"Exactly 2 of the following cities are in Ukraine: Kyiv, Kryvyy Rih, Ya'an, Zigong, Erbil.",1,Ukraine,"('Erbil', 'Kryvyy Rih', 'Kyiv', ""Ya'an"", 'Zigong')",2,2
"Exactly 5 of the following cities are in Mozambique: Bamako, Pelentong, Bauchi, Qiqihar, Lu'an.",0,Mozambique,"('Bamako', 'Bauchi', ""Lu'an"", 'Pelentong', 'Qiqihar')",5,0
"Exactly 3 of the following cities are in Mozambique: Kozhikode, Cape Town, Irbid, Zhumadian, San Pedro Sula.",0,Mozambique,"('Cape Town', 'Irbid', 'Kozhikode', 'San Pedro Sula', 'Zhumadian')",3,0
"Exactly 1 of the following cities are in Turkey: Diyarbakir, Hubballi, Suginami, Khartoum North, Kakamega.",1,Turkey,"('Diyarbakir', 'Hubballi', 'Kakamega', 'Khartoum North', 'Suginami')",1,1
"Exactly 4 of the following cities are in Uzbekistan: Tashkent, Samarkand, Phnom Penh, Andijon, Namangan.",1,Uzbekistan,"('Andijon', 'Namangan', 'Phnom Penh', 'Samarkand', 'Tashkent')",4,4
"Exactly 1 of the following cities are in India: Zhu Cheng City, Prayagraj, Kashgar, Hongkou, Beirut.",1,India,"('Beirut', 'Hongkou', 'Kashgar', 'Prayagraj', 'Zhu Cheng City')",1,1
"Exactly 0 of the following cities are in Zimbabwe: Dalian, Harare, Bulawayo, Busan, Dammam.",0,Zimbabwe,"('Bulawayo', 'Busan', 'Dalian', 'Dammam', 'Harare')",0,2
"Exactly 2 of the following cities are in Zambia: Ansan-si, Ndola, Mirpur Model Thana, Vijayawada, Lianyungang.",0,Zambia,"('Ansan-si', 'Lianyungang', 'Mirpur Model Thana', 'Ndola', 'Vijayawada')",2,1
"Exactly 5 of the following cities are in the United States: Milwaukee, Oklahoma City, Indianapolis, New York City, Chicago.",1,the United States,"('Chicago', 'Indianapolis', 'Milwaukee', 'New York City', 'Oklahoma City')",5,5
"Exactly 2 of the following cities are in Gabon: Dandong, Libreville, Nanchang, Aparecida de Goiania, Shizuishan.",0,Gabon,"('Aparecida de Goiania', 'Dandong', 'Libreville', 'Nanchang', 'Shizuishan')",2,1
"Exactly 5 of the following cities are in the United Arab Emirates: Wanxian, Antalya, Al Ain City, Asansol, Surakarta.",0,the United Arab Emirates,"('Al Ain City', 'Antalya', 'Asansol', 'Surakarta', 'Wanxian')",5,1
"Exactly 2 of the following cities are in the Philippines: Caloocan, Seattle, Jiangmen, Taguig, Ibague.",1,the Philippines,"('Caloocan', 'Ibague', 'Jiangmen', 'Seattle', 'Taguig')",2,2
"Exactly 4 of the following cities are in Venezuela: Maracaibo, Ciudad Guayana, Caracas, Jammu, Barquisimeto.",1,Venezuela,"('Barquisimeto', 'Caracas', 'Ciudad Guayana', 'Jammu', 'Maracaibo')",4,4
"Exactly 4 of the following cities are in Malaysia: Pasir Gudang, Pelentong, Mukim Pulai, Kampala, Kota Kuala Muda.",1,Malaysia,"('Kampala', 'Kota Kuala Muda', 'Mukim Pulai', 'Pasir Gudang', 'Pelentong')",4,4
"Exactly 3 of the following cities are in the Dominican Republic: Guigang, Kallakurichi, Mbuji-Mayi, Panjin, Santiago de los Caballeros.",0,the Dominican Republic,"('Guigang', 'Kallakurichi', 'Mbuji-Mayi', 'Panjin', 'Santiago de los Caballeros')",3,1
"Exactly 1 of the following cities are in Myanmar: Baise, Surat, Hlaingthaya, Mandalay, Nay Pyi Taw.",0,Myanmar,"('Baise', 'Hlaingthaya', 'Mandalay', 'Nay Pyi Taw', 'Surat')",1,3
"Exactly 0 of the following cities are in Luxembourg: Kitwe, Khartoum, Guangyuan, Nova Iguacu, Kumasi.",1,Luxembourg,"('Guangyuan', 'Khartoum', 'Kitwe', 'Kumasi', 'Nova Iguacu')",0,0
"Exactly 1 of the following cities are in Brazil: Kalininskiy, Qom, Ananindeua, Curitiba, Uberlandia.",0,Brazil,"('Ananindeua', 'Curitiba', 'Kalininskiy', 'Qom', 'Uberlandia')",1,3
"Exactly 4 of the following cities are in Algeria: Benguela, Chunian, Benoni, Helsinki, Algiers.",0,Algeria,"('Algiers', 'Benguela', 'Benoni', 'Chunian', 'Helsinki')",4,1
"Exactly 2 of the following cities are in Iran: Tehran, Okara, Serang, Ahvaz, Putuo.",1,Iran,"('Ahvaz', 'Okara', 'Putuo', 'Serang', 'Tehran')",2,2
"Exactly 0 of the following cities are in Turkey: Aguascalientes, Malatya, Niluefer, Hubballi, Ibb.",0,Turkey,"('Aguascalientes', 'Hubballi', 'Ibb', 'Malatya', 'Niluefer')",0,2
"Exactly 4 of the following cities are in Brazil: Jaboatao dos Guararapes, Maceio, Asmara, Nova Iguacu, Goiania.",1,Brazil,"('Asmara', 'Goiania', 'Jaboatao dos Guararapes', 'Maceio', 'Nova Iguacu')",4,4
"Exactly 0 of the following cities are in Saudi Arabia: Al Ahmadi, Xianyang, Balikpapan, Madinah, Homyel'.",0,Saudi Arabia,"('Al Ahmadi', 'Balikpapan', ""Homyel'"", 'Madinah', 'Xianyang')",0,1
"Exactly 5 of the following cities are in Brazil: Contagem, Porto Alegre, Joao Pessoa, Loni, Porto Velho.",0,Brazil,"('Contagem', 'Joao Pessoa', 'Loni', 'Porto Alegre', 'Porto Velho')",5,4
"Exactly 0 of the following cities are in India: Pimpri-Chinchwad, Pune, Bilimora, Vijayawada, Nowrangapur.",0,India,"('Bilimora', 'Nowrangapur', 'Pimpri-Chinchwad', 'Pune', 'Vijayawada')",0,5
"Exactly 3 of the following cities are in Guinea: Tshikapa, Rawalpindi, Makhachkala, Zhabei, Kolkata.",0,Guinea,"('Kolkata', 'Makhachkala', 'Rawalpindi', 'Tshikapa', 'Zhabei')",3,0
"Exactly 0 of the following cities are in South Africa: Cape Town, Pietermaritzburg, Mexico City, Bloemfontein, Soweto.",0,South Africa,"('Bloemfontein', 'Cape Town', 'Mexico City', 'Pietermaritzburg', 'Soweto')",0,4
"Exactly 0 of the following cities are in Cambodia: Kota Kuala Muda, Anyang-si, Pasir Gudang, Bekasi, Kirkuk.",1,Cambodia,"('Anyang-si', 'Bekasi', 'Kirkuk', 'Kota Kuala Muda', 'Pasir Gudang')",0,0
"Exactly 2 of the following cities are in Macedonia: New South Memphis, Taiz, Bagcilar, Joao Pessoa, Leon de los Aldama.",0,Macedonia,"('Bagcilar', 'Joao Pessoa', 'Leon de los Aldama', 'New South Memphis', 'Taiz')",2,0
"Exactly 4 of the following cities are in Seychelles: Tlaquepaque, Cotonou, Nizhniy Novgorod, Makkah, Zhoushan.",0,Seychelles,"('Cotonou', 'Makkah', 'Nizhniy Novgorod', 'Tlaquepaque', 'Zhoushan')",4,0
"Exactly 4 of the following cities are in India: Ulyanovsk, Thiruvananthapuram, Indore, Ranchi, Kolhapur.",1,India,"('Indore', 'Kolhapur', 'Ranchi', 'Thiruvananthapuram', 'Ulyanovsk')",4,4
"Exactly 4 of the following cities are in China: Zanzibar, Jiangmen, Hwaseong-si, Taguig, Faisalabad.",0,China,"('Faisalabad', 'Hwaseong-si', 'Jiangmen', 'Taguig', 'Zanzibar')",4,1
"Exactly 0 of the following cities are in the Dominican Republic: Ciudad Juarez, Santo Domingo Oeste, Caloocan, Santo Domingo Este, Khabarovsk.",0,the Dominican Republic,"('Caloocan', 'Ciudad Juarez', 'Khabarovsk', 'Santo Domingo Este', 'Santo Domingo Oeste')",0,2
"Exactly 3 of the following cities are in Sudan: Laibin, Khartoum, Nyala, Bhayandar, Omdurman.",1,Sudan,"('Bhayandar', 'Khartoum', 'Laibin', 'Nyala', 'Omdurman')",3,3
"Exactly 2 of the following cities are in Peru: Qionghai, Soshanguve, Callao, Thane, Chuxiong.",0,Peru,"('Callao', 'Chuxiong', 'Qionghai', 'Soshanguve', 'Thane')",2,1
"Exactly 1 of the following cities are in Finland: Penza, Taiz, Helsinki, Thembisa, Novokuznetsk.",1,Finland,"('Helsinki', 'Novokuznetsk', 'Penza', 'Taiz', 'Thembisa')",1,1
"Exactly 4 of the following cities are in Germany: Nuremberg, Borivli, Taiz, Kaifeng, Duesseldorf.",0,Germany,"('Borivli', 'Duesseldorf', 'Kaifeng', 'Nuremberg', 'Taiz')",4,2
"Exactly 2 of the following cities are in Yemen: Anshun, Al Hudaydah, Taiz, Sialkot, Kuala Lumpur.",1,Yemen,"('Al Hudaydah', 'Anshun', 'Kuala Lumpur', 'Sialkot', 'Taiz')",2,2
"Exactly 5 of the following cities are in China: Helsinki, Mexico City, Quezon City, Gazipur, Niigata.",0,China,"('Gazipur', 'Helsinki', 'Mexico City', 'Niigata', 'Quezon City')",5,0
"Exactly 1 of the following cities are in France: Zhangye, Toulouse, Jieyang, Nellore, Lyon.",0,France,"('Jieyang', 'Lyon', 'Nellore', 'Toulouse', 'Zhangye')",1,2
"Exactly 2 of the following cities are in Ecuador: Meizhou, Binh Thanh, Quito, Guayaquil, Warangal.",1,Ecuador,"('Binh Thanh', 'Guayaquil', 'Meizhou', 'Quito', 'Warangal')",2,2
"Exactly 2 of the following cities are in Benin: Anshan, Pyongyang, Ar Raqqah, Bujumbura, Calumbo.",0,Benin,"('Anshan', 'Ar Raqqah', 'Bujumbura', 'Calumbo', 'Pyongyang')",2,0
"Exactly 1 of the following cities are in Guatemala: Kimhae, Guatemala City, Aparecida de Goiania, Petaling Jaya, Sukkur.",1,Guatemala,"('Aparecida de Goiania', 'Guatemala City', 'Kimhae', 'Petaling Jaya', 'Sukkur')",1,1
"Exactly 2 of the following cities are in Tanzania: Arusha, Rio de Janeiro, Dar es Salaam, Pontianak, Baoji.",1,Tanzania,"('Arusha', 'Baoji', 'Dar es Salaam', 'Pontianak', 'Rio de Janeiro')",2,2
"Exactly 3 of the following cities are in Serbia: Omsk, Mysuru, Ibague, Siliguri, Tucson.",0,Serbia,"('Ibague', 'Mysuru', 'Omsk', 'Siliguri', 'Tucson')",3,0
"Exactly 3 of the following cities are in China: Volgograd, Shanghai, Pasig City, Luancheng, Handan.",1,China,"('Handan', 'Luancheng', 'Pasig City', 'Shanghai', 'Volgograd')",3,3
"Exactly 1 of the following cities are in the United States: Ulsan, Maiduguri, Phnom Penh, Helsinki, Ufa.",0,the United States,"('Helsinki', 'Maiduguri', 'Phnom Penh', 'Ufa', 'Ulsan')",1,0
"Exactly 4 of the following cities are in Malaysia: Mukim Pulai, Iskandar Puteri, Erbil, Kuala Lumpur, Kampung Baru Subang.",1,Malaysia,"('Erbil', 'Iskandar Puteri', 'Kampung Baru Subang', 'Kuala Lumpur', 'Mukim Pulai')",4,4
"Exactly 5 of the following cities are in Germany: Dortmund, Koeln, Nuremberg, Frankfurt am Main, Munich.",1,Germany,"('Dortmund', 'Frankfurt am Main', 'Koeln', 'Munich', 'Nuremberg')",5,5
"Exactly 2 of the following cities are in Mexico: Xiamen, Acapulco de Juarez, Ecatepec de Morelos, Nagoya, Pyongyang.",1,Mexico,"('Acapulco de Juarez', 'Ecatepec de Morelos', 'Nagoya', 'Pyongyang', 'Xiamen')",2,2
"Exactly 5 of the following cities are in Jordan: Mexicali, Xiaogan, Ludhiana, Mogadishu, Malang.",0,Jordan,"('Ludhiana', 'Malang', 'Mexicali', 'Mogadishu', 'Xiaogan')",5,0
"Exactly 4 of the following cities are in Guinea: Varanasi, Cho Lon, Luancheng, Conakry, Camayenne.",0,Guinea,"('Camayenne', 'Cho Lon', 'Conakry', 'Luancheng', 'Varanasi')",4,2
"Exactly 5 of the following cities are in Iran: Zahedan, Kermanshah, Tabriz, Karaj, Hamadan.",1,Iran,"('Hamadan', 'Karaj', 'Kermanshah', 'Tabriz', 'Zahedan')",5,5
"Exactly 3 of the following cities are in Bolivia: Kanayannur, Kolkata, Tegucigalpa, Krakow, Krasnoyarsk.",0,Bolivia,"('Kanayannur', 'Kolkata', 'Krakow', 'Krasnoyarsk', 'Tegucigalpa')",3,0
"Exactly 3 of the following cities are in Laos: Joao Pessoa, Tijuana, Malatya, Vientiane, Kirkuk.",0,Laos,"('Joao Pessoa', 'Kirkuk', 'Malatya', 'Tijuana', 'Vientiane')",3,1
"Exactly 0 of the following cities are in Afghanistan: Rohini, Florianopolis, Kaduna, Himeji, Niamey.",1,Afghanistan,"('Florianopolis', 'Himeji', 'Kaduna', 'Niamey', 'Rohini')",0,0
"Exactly 3 of the following cities are in Russia: Isfahan, Ar Raqqah, Kigali, Cagayan de Oro, Novosibirsk.",0,Russia,"('Ar Raqqah', 'Cagayan de Oro', 'Isfahan', 'Kigali', 'Novosibirsk')",3,1
"Exactly 1 of the following cities are in Gabon: Libreville, Goyang-si, Cimahi, Malang, Isfahan.",1,Gabon,"('Cimahi', 'Goyang-si', 'Isfahan', 'Libreville', 'Malang')",1,1
"Exactly 0 of the following cities are in Turkmenistan: Madinat an Nasr, Nakuru, Oslo, Ashgabat, Bouake.",0,Turkmenistan,"('Ashgabat', 'Bouake', 'Madinat an Nasr', 'Nakuru', 'Oslo')",0,1
"Exactly 5 of the following cities are in North Korea: Guatemala City, Hamhung, Jalandhar, Kemerovo, Pyongyang.",0,North Korea,"('Guatemala City', 'Hamhung', 'Jalandhar', 'Kemerovo', 'Pyongyang')",5,2
"Exactly 1 of the following cities are in Pakistan: Chenzhou, Deyang, Varanasi, Battagram, Faisalabad.",0,Pakistan,"('Battagram', 'Chenzhou', 'Deyang', 'Faisalabad', 'Varanasi')",1,2
"Exactly 1 of the following cities are in Uganda: Karbala, Xiaogan, Tolyatti, Paranaque City, Izmir.",0,Uganda,"('Izmir', 'Karbala', 'Paranaque City', 'Tolyatti', 'Xiaogan')",1,0
"Exactly 3 of the following cities are in Burkina Faso: Zahedan, Pune, Bobo-Dioulasso, Ouagadougou, Yinchuan.",0,Burkina Faso,"('Bobo-Dioulasso', 'Ouagadougou', 'Pune', 'Yinchuan', 'Zahedan')",3,2
"Exactly 1 of the following cities are in the Philippines: Krakow, Las Pinas, Novosibirsk, Gustavo Adolfo Madero, Albuquerque.",1,the Philippines,"('Albuquerque', 'Gustavo Adolfo Madero', 'Krakow', 'Las Pinas', 'Novosibirsk')",1,1
"Exactly 1 of the following cities are in Azerbaijan: Conakry, Maputo, Faisalabad, Seoul, Gurugram.",0,Azerbaijan,"('Conakry', 'Faisalabad', 'Gurugram', 'Maputo', 'Seoul')",1,0
"Exactly 1 of the following cities are in Laos: Asmara, Duque de Caxias, Vientiane, Qui Nhon, Bien Hoa.",1,Laos,"('Asmara', 'Bien Hoa', 'Duque de Caxias', 'Qui Nhon', 'Vientiane')",1,1
"Exactly 4 of the following cities are in Nicaragua: Tanggu, Abu Ghurayb, Heroica Matamoros, Kuala Lumpur, Odesa.",0,Nicaragua,"('Abu Ghurayb', 'Heroica Matamoros', 'Kuala Lumpur', 'Odesa', 'Tanggu')",4,0
"Exactly 3 of the following cities are in Japan: Nanchang, Benin City, Ulhasnagar, Chengdu, Zhangjiakou.",0,Japan,"('Benin City', 'Chengdu', 'Nanchang', 'Ulhasnagar', 'Zhangjiakou')",3,0
"Exactly 5 of the following cities are in Germany: Kampung Baru Subang, Suginami, Shangqiu, Ile-Ife, Curitiba.",0,Germany,"('Curitiba', 'Ile-Ife', 'Kampung Baru Subang', 'Shangqiu', 'Suginami')",5,0
"Exactly 3 of the following cities are in Syria: Koeln, Aleppo, Ar Raqqah, Latakia, Nuremberg.",1,Syria,"('Aleppo', 'Ar Raqqah', 'Koeln', 'Latakia', 'Nuremberg')",3,3
"Exactly 0 of the following cities are in the Democratic Republic of the Congo: Mbuji-Mayi, Kinshasa, Likasi, Bukavu, Tshikapa.",0,the Democratic Republic of the Congo,"('Bukavu', 'Kinshasa', 'Likasi', 'Mbuji-Mayi', 'Tshikapa')",0,5
"Exactly 1 of the following cities are in Bulgaria: Vilnius, Barnaul, Luohu District, Iskandar Puteri, Weifang.",0,Bulgaria,"('Barnaul', 'Iskandar Puteri', 'Luohu District', 'Vilnius', 'Weifang')",1,0
"Exactly 0 of the following cities are in Latvia: Bagcilar, Visakhapatnam, Pest, Tabriz, Zhanjiang.",1,Latvia,"('Bagcilar', 'Pest', 'Tabriz', 'Visakhapatnam', 'Zhanjiang')",0,0
"Exactly 1 of the following cities are in Cameroon: Jakarta, Baoji, Malang, Yaounde, Wuzhou.",1,Cameroon,"('Baoji', 'Jakarta', 'Malang', 'Wuzhou', 'Yaounde')",1,1
"Exactly 1 of the following cities are in Colombia: Cheongju-si, Qinzhou, Cucuta, Nowrangapur, Kozhikode.",1,Colombia,"('Cheongju-si', 'Cucuta', 'Kozhikode', 'Nowrangapur', 'Qinzhou')",1,1
"Exactly 4 of the following cities are in Saudi Arabia: Kaduna, Carrefour, Nizhniy Novgorod, Jaboatao dos Guararapes, Chuzhou.",0,Saudi Arabia,"('Carrefour', 'Chuzhou', 'Jaboatao dos Guararapes', 'Kaduna', 'Nizhniy Novgorod')",4,0
"Exactly 1 of the following cities are in Turkmenistan: Sialkot, Ciudad Juarez, Kathmandu, Baotou, Huangshi.",0,Turkmenistan,"('Baotou', 'Ciudad Juarez', 'Huangshi', 'Kathmandu', 'Sialkot')",1,0
"Exactly 5 of the following cities are in Zambia: Luohe, Daejeon, Yekaterinburg, Ndola, Kharkiv.",0,Zambia,"('Daejeon', 'Kharkiv', 'Luohe', 'Ndola', 'Yekaterinburg')",5,1
"Exactly 5 of the following cities are in Iran: Orumiyeh, Arak, Zahedan, Tabriz, Hamadan.",1,Iran,"('Arak', 'Hamadan', 'Orumiyeh', 'Tabriz', 'Zahedan')",5,5
"Exactly 2 of the following cities are in Saudi Arabia: Ha'il, Jammu, Buraydah, Libreville, Daqing.",1,Saudi Arabia,"('Buraydah', 'Daqing', ""Ha'il"", 'Jammu', 'Libreville')",2,2
"Exactly 5 of the following cities are in Norway: Liaocheng, Barranquilla, Oslo, Hue, Libreville.",0,Norway,"('Barranquilla', 'Hue', 'Liaocheng', 'Libreville', 'Oslo')",5,1
"Exactly 3 of the following cities are in Saudi Arabia: Surat, Ta'if, Dammam, Port-au-Prince, Ha'il.",1,Saudi Arabia,"('Dammam', ""Ha'il"", 'Port-au-Prince', 'Surat', ""Ta'if"")",3,3
"Exactly 2 of the following cities are in Nepal: Pokhara, Kathmandu, Zhangjiagang, Aracaju, Bahawalpur.",1,Nepal,"('Aracaju', 'Bahawalpur', 'Kathmandu', 'Pokhara', 'Zhangjiagang')",2,2
"Exactly 1 of the following cities are in Nepal: Da Nang, Daxing'anling, Weifang, Gustavo Adolfo Madero, Luohe.",0,Nepal,"('Da Nang', ""Daxing'anling"", 'Gustavo Adolfo Madero', 'Luohe', 'Weifang')",1,0
"Exactly 4 of the following cities are in Kenya: Kakamega, Gujrat, Mombasa, Nakuru, Nairobi.",1,Kenya,"('Gujrat', 'Kakamega', 'Mombasa', 'Nairobi', 'Nakuru')",4,4
"Exactly 0 of the following cities are in Mali: Kyiv, Qom, Guwahati, Bamako, Changwon.",0,Mali,"('Bamako', 'Changwon', 'Guwahati', 'Kyiv', 'Qom')",0,1
"Exactly 0 of the following cities are in Angola: Anshan, Chattogram, Handan, Cucuta, Enugu.",1,Angola,"('Anshan', 'Chattogram', 'Cucuta', 'Enugu', 'Handan')",0,0
"Exactly 0 of the following cities are in Colombia: Al Mahallah al Kubra, Tonghua, Rangpur, Duesseldorf, Ciudad Guayana.",1,Colombia,"('Al Mahallah al Kubra', 'Ciudad Guayana', 'Duesseldorf', 'Rangpur', 'Tonghua')",0,0
"Exactly 3 of the following cities are in Peru: Arequipa, Qinhuangdao, Abuja, Accra, Piura.",0,Peru,"('Abuja', 'Accra', 'Arequipa', 'Piura', 'Qinhuangdao')",3,2
"Exactly 0 of the following cities are in Honduras: San Pedro Sula, Orumiyeh, Ulanqab, Gustavo Adolfo Madero, Madurai.",0,Honduras,"('Gustavo Adolfo Madero', 'Madurai', 'Orumiyeh', 'San Pedro Sula', 'Ulanqab')",0,1
"Exactly 2 of the following cities are in Venezuela: Chiclayo, Arak, Caracas, Jambi City, Ciudad Guayana.",1,Venezuela,"('Arak', 'Caracas', 'Chiclayo', 'Ciudad Guayana', 'Jambi City')",2,2
"Exactly 2 of the following cities are in Zambia: Makkah, Lusaka, Ndola, Johannesburg, Jammu.",1,Zambia,"('Jammu', 'Johannesburg', 'Lusaka', 'Makkah', 'Ndola')",2,2
"Exactly 0 of the following cities are in the Czech Republic: Jiaozuo, Eskisehir, Qiqihar, Sanya, Astana.",1,the Czech Republic,"('Astana', 'Eskisehir', 'Jiaozuo', 'Qiqihar', 'Sanya')",0,0
"Exactly 1 of the following cities are in Cyprus: Makhachkala, Fushun, Sorocaba, Nizhniy Novgorod, Abobo.",0,Cyprus,"('Abobo', 'Fushun', 'Makhachkala', 'Nizhniy Novgorod', 'Sorocaba')",1,0
"Exactly 2 of the following cities are in Sudan: Libreville, Omdurman, Loni, Petaling Jaya, Nyala.",1,Sudan,"('Libreville', 'Loni', 'Nyala', 'Omdurman', 'Petaling Jaya')",2,2
"Exactly 5 of the following cities are in Indonesia: Pekanbaru, Samarinda, Makassar, Tasikmalaya, Semarang.",1,Indonesia,"('Makassar', 'Pekanbaru', 'Samarinda', 'Semarang', 'Tasikmalaya')",5,5
"Exactly 3 of the following cities are in Peru: Shangqiu, Callao, Arequipa, Chiclayo, Harbin.",1,Peru,"('Arequipa', 'Callao', 'Chiclayo', 'Harbin', 'Shangqiu')",3,3
"Exactly 4 of the following cities are in Cambodia: Qionghai, Nyala, Nampula, Matola, Tanggu.",0,Cambodia,"('Matola', 'Nampula', 'Nyala', 'Qionghai', 'Tanggu')",4,0
"Exactly 2 of the following cities are in Canada: Ho Chi Minh City, Astana, Luohe, Recife, Shizuoka.",0,Canada,"('Astana', 'Ho Chi Minh City', 'Luohe', 'Recife', 'Shizuoka')",2,0
"Exactly 1 of the following cities are in Zimbabwe: Kagoshima, Almaty, Puning, Bahawalpur, Harare.",1,Zimbabwe,"('Almaty', 'Bahawalpur', 'Harare', 'Kagoshima', 'Puning')",1,1
"Exactly 5 of the following cities are in Japan: Adachi, Kyoto, Niigata, Hachioji, Saitama.",1,Japan,"('Adachi', 'Hachioji', 'Kyoto', 'Niigata', 'Saitama')",5,5
"Exactly 0 of the following cities are in Mozambique: Chicago, Batam, Baoji, Ibague, Zhumadian.",1,Mozambique,"('Baoji', 'Batam', 'Chicago', 'Ibague', 'Zhumadian')",0,0
"Exactly 5 of the following cities are in Pakistan: Karachi, Quetta, Dera Ismail Khan, Kasur, Gujranwala.",1,Pakistan,"('Dera Ismail Khan', 'Gujranwala', 'Karachi', 'Kasur', 'Quetta')",5,5
"Exactly 1 of the following cities are in Kuwait: Zapopan, Al Ahmadi, Chiclayo, Panjin, Pest.",1,Kuwait,"('Al Ahmadi', 'Chiclayo', 'Panjin', 'Pest', 'Zapopan')",1,1
"Exactly 4 of the following cities are in Spain: Las Pinas, Managua, Tijuana, Aracaju, Homs.",0,Spain,"('Aracaju', 'Homs', 'Las Pinas', 'Managua', 'Tijuana')",4,0
"Exactly 0 of the following cities are in North Korea: Agadir, Laibin, Pimpri, Almaty, Krasnodar.",1,North Korea,"('Agadir', 'Almaty', 'Krasnodar', 'Laibin', 'Pimpri')",0,0
"Exactly 0 of the following cities are in Togo: Guli, Pietermaritzburg, Detroit, Lome, Orumiyeh.",0,Togo,"('Detroit', 'Guli', 'Lome', 'Orumiyeh', 'Pietermaritzburg')",0,1
"Exactly 1 of the following cities are in Uzbekistan: Tashkent, Shizuoka, Andijon, Namangan, Samarkand.",0,Uzbekistan,"('Andijon', 'Namangan', 'Samarkand', 'Shizuoka', 'Tashkent')",1,4
"Exactly 2 of the following cities are in Pakistan: Sukkur, Faisalabad, Okara, Bahawalpur, Lu'an.",0,Pakistan,"('Bahawalpur', 'Faisalabad', ""Lu'an"", 'Okara', 'Sukkur')",2,4
"Exactly 1 of the following cities are in Japan: Kalyan, Ufa, Sao Bernardo do Campo, Utsunomiya, Tokyo.",0,Japan,"('Kalyan', 'Sao Bernardo do Campo', 'Tokyo', 'Ufa', 'Utsunomiya')",1,2
"Exactly 3 of the following cities are in Angola: Kagoshima, Lubango, Qionghai, Hoji ya Henda, Maianga.",1,Angola,"('Hoji ya Henda', 'Kagoshima', 'Lubango', 'Maianga', 'Qionghai')",3,3
"Exactly 3 of the following cities are in India: Faridabad, Jamshedpur, Ranchi, Benxi, Vadodara.",0,India,"('Benxi', 'Faridabad', 'Jamshedpur', 'Ranchi', 'Vadodara')",3,4
"Exactly 2 of the following cities are in Russia: Naberezhnyye Chelny, Makhachkala, Yaroslavl, Yekaterinburg, Novokuznetsk.",0,Russia,"('Makhachkala', 'Naberezhnyye Chelny', 'Novokuznetsk', 'Yaroslavl', 'Yekaterinburg')",2,5
"Exactly 0 of the following cities are in Ghana: Mirpur Model Thana, Ta'if, Victoria de Durango, Sapporo, Madinah.",1,Ghana,"('Madinah', 'Mirpur Model Thana', 'Sapporo', ""Ta'if"", 'Victoria de Durango')",0,0
"Exactly 5 of the following cities are in Mexico: Mexicali, Tijuana, Zapopan, San Luis Potosi, Reynosa.",1,Mexico,"('Mexicali', 'Reynosa', 'San Luis Potosi', 'Tijuana', 'Zapopan')",5,5
"Exactly 2 of the following cities are in Sudan: Omdurman, Jabalpur, Khartoum North, Wuzhou, Nyala.",0,Sudan,"('Jabalpur', 'Khartoum North', 'Nyala', 'Omdurman', 'Wuzhou')",2,3
"Exactly 0 of the following cities are in Japan: Dhanbad, Petaling Jaya, Luzhou, Soacha, Wuwei.",1,Japan,"('Dhanbad', 'Luzhou', 'Petaling Jaya', 'Soacha', 'Wuwei')",0,0
"Exactly 2 of the following cities are in Fiji: Santiago de Queretaro, Rangpur, Jilin, Cuiaba, Isfahan.",0,Fiji,"('Cuiaba', 'Isfahan', 'Jilin', 'Rangpur', 'Santiago de Queretaro')",2,0
"Exactly 5 of the following cities are in Nigeria: Putuo, Contagem, Bucheon-si, Arifwala, Ciudad Guayana.",0,Nigeria,"('Arifwala', 'Bucheon-si', 'Ciudad Guayana', 'Contagem', 'Putuo')",5,0
"Exactly 4 of the following cities are in Canada: Chongming, Qujing, Vientiane, Cotonou, Winnipeg.",0,Canada,"('Chongming', 'Cotonou', 'Qujing', 'Vientiane', 'Winnipeg')",4,1
"Exactly 3 of the following cities are in Vietnam: Bien Hoa, Irkutsk, Voronezh, Cho Lon, Binh Thanh.",1,Vietnam,"('Bien Hoa', 'Binh Thanh', 'Cho Lon', 'Irkutsk', 'Voronezh')",3,3
"Exactly 5 of the following cities are in Mozambique: Erzurum, Pasig City, Islamabad, Nampula, Navi Mumbai.",0,Mozambique,"('Erzurum', 'Islamabad', 'Nampula', 'Navi Mumbai', 'Pasig City')",5,1
"Exactly 1 of the following cities are in the Dominican Republic: Cebu City, Kuantan, Kagoshima, Santiago de los Caballeros, New South Memphis.",1,the Dominican Republic,"('Cebu City', 'Kagoshima', 'Kuantan', 'New South Memphis', 'Santiago de los Caballeros')",1,1
"Exactly 1 of the following cities are in the Democratic Republic of the Congo: Kakamega, Mbuji-Mayi, Dongying, Tshikapa, Soshanguve.",0,the Democratic Republic of the Congo,"('Dongying', 'Kakamega', 'Mbuji-Mayi', 'Soshanguve', 'Tshikapa')",1,2
"Exactly 3 of the following cities are in Pakistan: Benxi, Busan, Cape Town, Huangshi, Quetta.",0,Pakistan,"('Benxi', 'Busan', 'Cape Town', 'Huangshi', 'Quetta')",3,1
"Exactly 4 of the following cities are in Yemen: Guwahati, Mukalla, Taiz, Sanaa, Al Hudaydah.",1,Yemen,"('Al Hudaydah', 'Guwahati', 'Mukalla', 'Sanaa', 'Taiz')",4,4
"Exactly 3 of the following cities are in Vietnam: Anshan, Nellore, Kikwit, Kitwe, Jiaozhou.",0,Vietnam,"('Anshan', 'Jiaozhou', 'Kikwit', 'Kitwe', 'Nellore')",3,0
"Exactly 0 of the following cities are in the United States: Shenyang, Assiut, Coyoacan, Novokuznetsk, Nanjing.",1,the United States,"('Assiut', 'Coyoacan', 'Nanjing', 'Novokuznetsk', 'Shenyang')",0,0
"Exactly 5 of the following cities are in India: Kolkata, Faridabad, Sangli, Bhubaneswar, Vijayawada.",1,India,"('Bhubaneswar', 'Faridabad', 'Kolkata', 'Sangli', 'Vijayawada')",5,5
"Exactly 2 of the following cities are in India: Thiruvananthapuram, Sultanah, Zahedan, Astrakhan, Nagpur.",1,India,"('Astrakhan', 'Nagpur', 'Sultanah', 'Thiruvananthapuram', 'Zahedan')",2,2
"Exactly 0 of the following cities are in Tanzania: Santiago de Queretaro, Pietermaritzburg, Kaifeng, Hue, Johor Bahru.",1,Tanzania,"('Hue', 'Johor Bahru', 'Kaifeng', 'Pietermaritzburg', 'Santiago de Queretaro')",0,0
"Exactly 0 of the following cities are in Peru: Cotonou, Shangyu, Callao, Chiclayo, Piura.",0,Peru,"('Callao', 'Chiclayo', 'Cotonou', 'Piura', 'Shangyu')",0,3
"Exactly 4 of the following cities are in Uzbekistan: Andijon, Tashkent, Namangan, Samarkand, Dushanbe.",1,Uzbekistan,"('Andijon', 'Dushanbe', 'Namangan', 'Samarkand', 'Tashkent')",4,4
"Exactly 3 of the following cities are in Zambia: Ndola, Kitwe, Ipoh, Lusaka, Laibin.",1,Zambia,"('Ipoh', 'Kitwe', 'Laibin', 'Lusaka', 'Ndola')",3,3
"Exactly 0 of the following cities are in Slovakia: Sofia, Sadr City, Las Pinas, Ansan-si, Benin City.",1,Slovakia,"('Ansan-si', 'Benin City', 'Las Pinas', 'Sadr City', 'Sofia')",0,0
"Exactly 0 of the following cities are in Belgium: UEskuedar, Ashgabat, Nakuru, Tanggu, Teresina.",1,Belgium,"('Ashgabat', 'Nakuru', 'Tanggu', 'Teresina', 'UEskuedar')",0,0
"Exactly 0 of the following cities are in India: Hubballi, Bokaro, Baise, Zhaotong, Pimpri-Chinchwad.",0,India,"('Baise', 'Bokaro', 'Hubballi', 'Pimpri-Chinchwad', 'Zhaotong')",0,3
"Exactly 5 of the following cities are in Russia: Guwahati, Esenyurt, Conakry, Vladivostok, Astrakhan.",0,Russia,"('Astrakhan', 'Conakry', 'Esenyurt', 'Guwahati', 'Vladivostok')",5,2
"Exactly 4 of the following cities are in Sudan: Khartoum North, Bijie, Khartoum, Nyala, Omdurman.",1,Sudan,"('Bijie', 'Khartoum', 'Khartoum North', 'Nyala', 'Omdurman')",4,4
"Exactly 0 of the following cities are in Guinea-Bissau: Malacca, Suining, Hue, Rostov-on-Don, Baku.",1,Guinea-Bissau,"('Baku', 'Hue', 'Malacca', 'Rostov-on-Don', 'Suining')",0,0
"Exactly 4 of the following cities are in Ghana: Selayang Baru Utara, Kumasi, Malatya, Bucharest, Samarkand.",0,Ghana,"('Bucharest', 'Kumasi', 'Malatya', 'Samarkand', 'Selayang Baru Utara')",4,1
"Exactly 1 of the following cities are in India: Bahawalpur, Puning, Thiruvananthapuram, Dera Ismail Khan, Khulna.",1,India,"('Bahawalpur', 'Dera Ismail Khan', 'Khulna', 'Puning', 'Thiruvananthapuram')",1,1
"Exactly 2 of the following cities are in Lebanon: Bengaluru, Ra's Bayrut, Lueliang, Beirut, Jhang Sadr.",1,Lebanon,"('Beirut', 'Bengaluru', 'Jhang Sadr', 'Lueliang', ""Ra's Bayrut"")",2,2
"Exactly 5 of the following cities are in Mexico: Naucalpan de Juarez, Heroica Matamoros, Santiago de Queretaro, Culiacan, Mexico City.",1,Mexico,"('Culiacan', 'Heroica Matamoros', 'Mexico City', 'Naucalpan de Juarez', 'Santiago de Queretaro')",5,5
"Exactly 4 of the following cities are in Malaysia: Malacca, Pelentong, Mukim Pulai, Pasir Gudang, Kota Kinabalu.",0,Malaysia,"('Kota Kinabalu', 'Malacca', 'Mukim Pulai', 'Pasir Gudang', 'Pelentong')",4,5
"Exactly 3 of the following cities are in Thailand: Pimpri-Chinchwad, Shangrao, Quebec, Bangkok, Chisinau.",0,Thailand,"('Bangkok', 'Chisinau', 'Pimpri-Chinchwad', 'Quebec', 'Shangrao')",3,1
"Exactly 1 of the following cities are in Sudan: Yerevan, Kemerovo, Wuwei, Cebu City, Antalya.",0,Sudan,"('Antalya', 'Cebu City', 'Kemerovo', 'Wuwei', 'Yerevan')",1,0
"Exactly 1 of the following cities are in Vietnam: Mexico City, Kisangani, Bursa, Vinh, Douala.",1,Vietnam,"('Bursa', 'Douala', 'Kisangani', 'Mexico City', 'Vinh')",1,1
"Exactly 1 of the following cities are in the Philippines: Guarulhos, Samarkand, Heze, Cho Lon, Taguig.",1,the Philippines,"('Cho Lon', 'Guarulhos', 'Heze', 'Samarkand', 'Taguig')",1,1
"Exactly 0 of the following cities are in Bulgaria: Benguela, Ra's Bayrut, Gaziantep, Latakia, Sofia.",0,Bulgaria,"('Benguela', 'Gaziantep', 'Latakia', ""Ra's Bayrut"", 'Sofia')",0,1
"Exactly 3 of the following cities are in Pakistan: Sukkur, Islamabad, Bahawalpur, Okara, Kathmandu.",0,Pakistan,"('Bahawalpur', 'Islamabad', 'Kathmandu', 'Okara', 'Sukkur')",3,4
"Exactly 5 of the following cities are in Greece: Suizhou, Vladivostok, Mogadishu, Pekanbaru, Guayaquil.",0,Greece,"('Guayaquil', 'Mogadishu', 'Pekanbaru', 'Suizhou', 'Vladivostok')",5,0
"Exactly 5 of the following cities are in Malaysia: Pasir Gudang, Iskandar Puteri, Kota Kinabalu, Kota Kuala Muda, Selayang Baru Utara.",1,Malaysia,"('Iskandar Puteri', 'Kota Kinabalu', 'Kota Kuala Muda', 'Pasir Gudang', 'Selayang Baru Utara')",5,5
"Exactly 1 of the following cities are in Venezuela: Caracas, Kalaburagi, Ahmedabad, Meknes, Dharavi.",1,Venezuela,"('Ahmedabad', 'Caracas', 'Dharavi', 'Kalaburagi', 'Meknes')",1,1
"Exactly 2 of the following cities are in Burkina Faso: Reynosa, Bobo-Dioulasso, Dalian, Varanasi, Ouagadougou.",1,Burkina Faso,"('Bobo-Dioulasso', 'Dalian', 'Ouagadougou', 'Reynosa', 'Varanasi')",2,2
"Exactly 4 of the following cities are in Ecuador: Mersin, Quito, Leipzig, Nha Trang, Rajkot.",0,Ecuador,"('Leipzig', 'Mersin', 'Nha Trang', 'Quito', 'Rajkot')",4,1
"Exactly 1 of the following cities are in Saudi Arabia: Oklahoma City, Dammam, Wuzhou, Tianjin, Buraydah.",0,Saudi Arabia,"('Buraydah', 'Dammam', 'Oklahoma City', 'Tianjin', 'Wuzhou')",1,2
"Exactly 5 of the following cities are in Germany: Koeln, Leipzig, Nuremberg, Dortmund, Frankfurt am Main.",1,Germany,"('Dortmund', 'Frankfurt am Main', 'Koeln', 'Leipzig', 'Nuremberg')",5,5
"Exactly 0 of the following cities are in the Democratic Republic of the Congo: Sorocaba, Okayama, Tshikapa, Kikwit, Albuquerque.",0,the Democratic Republic of the Congo,"('Albuquerque', 'Kikwit', 'Okayama', 'Sorocaba', 'Tshikapa')",0,2
"Exactly 3 of the following cities are in South Africa: Benoni, Aguascalientes, Gqeberha, Zhabei, Johannesburg.",1,South Africa,"('Aguascalientes', 'Benoni', 'Gqeberha', 'Johannesburg', 'Zhabei')",3,3
"Exactly 1 of the following cities are in Burkina Faso: Ouagadougou, Zhongwei, Soshanguve, Ananindeua, Owerri.",1,Burkina Faso,"('Ananindeua', 'Ouagadougou', 'Owerri', 'Soshanguve', 'Zhongwei')",1,1
"Exactly 4 of the following cities are in Uzbekistan: Andijon, Tashkent, Namangan, Samarkand, Homs.",1,Uzbekistan,"('Andijon', 'Homs', 'Namangan', 'Samarkand', 'Tashkent')",4,4
"Exactly 4 of the following cities are in Kazakhstan: Almaty, Astana, Shymkent, Aktobe, Dongying.",1,Kazakhstan,"('Aktobe', 'Almaty', 'Astana', 'Dongying', 'Shymkent')",4,4
"Exactly 1 of the following cities are in Romania: Ra's Bayrut, Lianyungang, Bucharest, Benin City, Qinhuangdao.",1,Romania,"('Benin City', 'Bucharest', 'Lianyungang', 'Qinhuangdao', ""Ra's Bayrut"")",1,1
"Exactly 3 of the following cities are in Côte d'Ivoire: Abidjan, Bouake, Caloocan, Mazar-e Sharif, Ndola.",0,Côte d'Ivoire,"('Abidjan', 'Bouake', 'Caloocan', 'Mazar-e Sharif', 'Ndola')",3,2
"Exactly 3 of the following cities are in the Dominican Republic: Santiago de los Caballeros, Xuancheng, Gustavo Adolfo Madero, Santo Domingo Este, Santo Domingo Oeste.",1,the Dominican Republic,"('Gustavo Adolfo Madero', 'Santiago de los Caballeros', 'Santo Domingo Este', 'Santo Domingo Oeste', 'Xuancheng')",3,3
"Exactly 4 of the following cities are in Croatia: Barnaul, Kayseri, Izmir, Krasnoyarsk, Nha Trang.",0,Croatia,"('Barnaul', 'Izmir', 'Kayseri', 'Krasnoyarsk', 'Nha Trang')",4,0
"Exactly 0 of the following cities are in Malawi: Mumbai, Zhaotong, Longyan, Bekasi, Bhubaneswar.",1,Malawi,"('Bekasi', 'Bhubaneswar', 'Longyan', 'Mumbai', 'Zhaotong')",0,0
"Exactly 5 of the following cities are in Angola: Benguela, Camama, Calumbo, Cabinda, Kikolo.",1,Angola,"('Benguela', 'Cabinda', 'Calumbo', 'Camama', 'Kikolo')",5,5
"Exactly 3 of the following cities are in Russia: Saint Petersburg, Tyumen, Rostov-on-Don, Makhachkala, Nizhniy Novgorod.",0,Russia,"('Makhachkala', 'Nizhniy Novgorod', 'Rostov-on-Don', 'Saint Petersburg', 'Tyumen')",3,5
"Exactly 0 of the following cities are in Iraq: Basrah, Diyarbakir, Changde, Mosul, Dakar.",0,Iraq,"('Basrah', 'Changde', 'Dakar', 'Diyarbakir', 'Mosul')",0,2
"Exactly 1 of the following cities are in Turkey: Quebec, Bhavnagar, Shekhupura, UEskuedar, Selayang Baru Utara.",1,Turkey,"('Bhavnagar', 'Quebec', 'Selayang Baru Utara', 'Shekhupura', 'UEskuedar')",1,1
"Exactly 5 of the following cities are in Vanuatu: Guang'an, Vladivostok, Abeokuta, Rizhao, Bobo-Dioulasso.",0,Vanuatu,"('Abeokuta', 'Bobo-Dioulasso', ""Guang'an"", 'Rizhao', 'Vladivostok')",5,0
"Exactly 0 of the following cities are in the United States: Nansana, Wuzhou, Chicago, Vijayawada, Kharkiv.",0,the United States,"('Chicago', 'Kharkiv', 'Nansana', 'Vijayawada', 'Wuzhou')",0,1
"Exactly 2 of the following cities are in Guinea: Wuzhou, Copenhagen, Nha Trang, Toulouse, Kampala.",0,Guinea,"('Copenhagen', 'Kampala', 'Nha Trang', 'Toulouse', 'Wuzhou')",2,0
"Exactly 2 of the following cities are in Afghanistan: Tegucigalpa, Naberezhnyye Chelny, Peshawar, Mazar-e Sharif, Bien Hoa.",0,Afghanistan,"('Bien Hoa', 'Mazar-e Sharif', 'Naberezhnyye Chelny', 'Peshawar', 'Tegucigalpa')",2,1
"Exactly 5 of the following cities are in Saudi Arabia: Osaka, Sanya, Taicang, Porto Alegre, Karaj.",0,Saudi Arabia,"('Karaj', 'Osaka', 'Porto Alegre', 'Sanya', 'Taicang')",5,0
"Exactly 2 of the following cities are in Malaysia: Petaling Jaya, Shah Alam, Ipoh, Selayang Baru Utara, Kuantan.",0,Malaysia,"('Ipoh', 'Kuantan', 'Petaling Jaya', 'Selayang Baru Utara', 'Shah Alam')",2,5
"Exactly 1 of the following cities are in Malaysia: Penza, Pasir Gudang, Pretoria, Jajmau, Voronezh.",1,Malaysia,"('Jajmau', 'Pasir Gudang', 'Penza', 'Pretoria', 'Voronezh')",1,1
"Exactly 1 of the following cities are in Sudan: Ciudad Juarez, Khartoum North, Khartoum, Jinzhong, Caracas.",0,Sudan,"('Caracas', 'Ciudad Juarez', 'Jinzhong', 'Khartoum', 'Khartoum North')",1,2
"Exactly 1 of the following cities are in Argentina: Mexicali, Tangshan, Gustavo Adolfo Madero, Curitiba, Ibadan.",0,Argentina,"('Curitiba', 'Gustavo Adolfo Madero', 'Ibadan', 'Mexicali', 'Tangshan')",1,0
"Exactly 4 of the following cities are in South Africa: Cabinda, Nouakchott, Mukalla, Daegu, Tyumen.",0,South Africa,"('Cabinda', 'Daegu', 'Mukalla', 'Nouakchott', 'Tyumen')",4,0
"Exactly 1 of the following cities are in Peru: Arequipa, Zunyi, Piura, Puducherry, Callao.",0,Peru,"('Arequipa', 'Callao', 'Piura', 'Puducherry', 'Zunyi')",1,3
"Exactly 0 of the following cities are in Equatorial Guinea: Ulanqab, Kaduna, Caracas, Nyala, Chuxiong.",1,Equatorial Guinea,"('Caracas', 'Chuxiong', 'Kaduna', 'Nyala', 'Ulanqab')",0,0
"Exactly 5 of the following cities are in Mauritius: Baotou, Ganzhou, Qom, Bandar Lampung, Luzhou.",0,Mauritius,"('Bandar Lampung', 'Baotou', 'Ganzhou', 'Luzhou', 'Qom')",5,0
"Exactly 0 of the following cities are in Belarus: Pudong, Kolkata, Meknes, Hiroshima, Sapporo.",1,Belarus,"('Hiroshima', 'Kolkata', 'Meknes', 'Pudong', 'Sapporo')",0,0
"Exactly 0 of the following cities are in Luxembourg: Londrina, Ho Chi Minh City, Chongqing, Maiduguri, Nakuru.",1,Luxembourg,"('Chongqing', 'Ho Chi Minh City', 'Londrina', 'Maiduguri', 'Nakuru')",0,0
"Exactly 1 of the following cities are in South Africa: Tyumen, Wanning, Zhaotong, Hlaingthaya, Benoni.",1,South Africa,"('Benoni', 'Hlaingthaya', 'Tyumen', 'Wanning', 'Zhaotong')",1,1
"Exactly 4 of the following cities are in Turkey: Bagcilar, Kayseri, Adana, Konya, Quetta.",1,Turkey,"('Adana', 'Bagcilar', 'Kayseri', 'Konya', 'Quetta')",4,4
"Exactly 5 of the following cities are in Yemen: Taiz, Al Hudaydah, Ibb, Mukalla, Sanaa.",1,Yemen,"('Al Hudaydah', 'Ibb', 'Mukalla', 'Sanaa', 'Taiz')",5,5
"Exactly 5 of the following cities are in Pakistan: Bannu, Sukkur, Rahim Yar Khan, Sargodha, Lahore.",1,Pakistan,"('Bannu', 'Lahore', 'Rahim Yar Khan', 'Sargodha', 'Sukkur')",5,5
"Exactly 0 of the following cities are in Australia: Wanxian, Jakarta, Gold Coast, Denpasar, Lueliang.",0,Australia,"('Denpasar', 'Gold Coast', 'Jakarta', 'Lueliang', 'Wanxian')",0,1
"Exactly 1 of the following cities are in Ecuador: Guayaquil, Quito, Ribeirao Preto, Al Basrah al Qadimah, Tianjin.",0,Ecuador,"('Al Basrah al Qadimah', 'Guayaquil', 'Quito', 'Ribeirao Preto', 'Tianjin')",1,2
"Exactly 2 of the following cities are in the Dominican Republic: Santo Domingo Oeste, Huainan, Santiago de los Caballeros, Santo Domingo Este, Teni.",0,the Dominican Republic,"('Huainan', 'Santiago de los Caballeros', 'Santo Domingo Este', 'Santo Domingo Oeste', 'Teni')",2,3
"Exactly 1 of the following cities are in Nicaragua: Zaria, Al Mawsil al Jadidah, Hue, Rajshahi, Leon de los Aldama.",0,Nicaragua,"('Al Mawsil al Jadidah', 'Hue', 'Leon de los Aldama', 'Rajshahi', 'Zaria')",1,0
"Exactly 4 of the following cities are in Senegal: Santiago de Queretaro, Santo Domingo Este, Yangjiang, Dakar, Pikine.",0,Senegal,"('Dakar', 'Pikine', 'Santiago de Queretaro', 'Santo Domingo Este', 'Yangjiang')",4,2
"Exactly 1 of the following cities are in Zimbabwe: Harare, Karachi, Orumiyeh, Shenyang, Pimpri-Chinchwad.",1,Zimbabwe,"('Harare', 'Karachi', 'Orumiyeh', 'Pimpri-Chinchwad', 'Shenyang')",1,1
"Exactly 1 of the following cities are in Venezuela: Barquisimeto, Ciudad Guayana, Wuwei, Konya, Caracas.",0,Venezuela,"('Barquisimeto', 'Caracas', 'Ciudad Guayana', 'Konya', 'Wuwei')",1,3
"Exactly 2 of the following cities are in Portugal: Songjiang, Cape Town, Andijon, Rangpur, Zhumadian.",0,Portugal,"('Andijon', 'Cape Town', 'Rangpur', 'Songjiang', 'Zhumadian')",2,0
"Exactly 5 of the following cities are in Indonesia: Pontianak, Bandar Lampung, Semarang, Serang, Pekanbaru.",1,Indonesia,"('Bandar Lampung', 'Pekanbaru', 'Pontianak', 'Semarang', 'Serang')",5,5
"Exactly 4 of the following cities are in Peru: Niteroi, Chiclayo, Piura, Arequipa, Callao.",1,Peru,"('Arequipa', 'Callao', 'Chiclayo', 'Niteroi', 'Piura')",4,4
"Exactly 2 of the following cities are in Hungary: Zunyi, Seongnam-si, Osaka, Narela, Londrina.",0,Hungary,"('Londrina', 'Narela', 'Osaka', 'Seongnam-si', 'Zunyi')",2,0
"Exactly 3 of the following cities are in Angola: Jiaozhou, Golfe, San Pedro Sula, Hoji ya Henda, Cabinda.",1,Angola,"('Cabinda', 'Golfe', 'Hoji ya Henda', 'Jiaozhou', 'San Pedro Sula')",3,3
"Exactly 2 of the following cities are in France: Minsk, Volgograd, Kermanshah, Bouake, Phnom Penh.",0,France,"('Bouake', 'Kermanshah', 'Minsk', 'Phnom Penh', 'Volgograd')",2,0
"Exactly 4 of the following cities are in Venezuela: Maracaibo, Cotonou, Ciudad Guayana, Irbid, Caracas.",0,Venezuela,"('Caracas', 'Ciudad Guayana', 'Cotonou', 'Irbid', 'Maracaibo')",4,3
"Exactly 3 of the following cities are in Venezuela: Niteroi, Maturin, Caracas, Ciudad Guayana, Xuancheng.",1,Venezuela,"('Caracas', 'Ciudad Guayana', 'Maturin', 'Niteroi', 'Xuancheng')",3,3
"Exactly 3 of the following cities are in Mexico: Mexico City, San Luis Potosi, Queens, Pune, Leon de los Aldama.",1,Mexico,"('Leon de los Aldama', 'Mexico City', 'Pune', 'Queens', 'San Luis Potosi')",3,3
"Exactly 5 of the following cities are in Bangladesh: Mirpur Model Thana, Comilla, Pallabi, Rangpur, Chattogram.",1,Bangladesh,"('Chattogram', 'Comilla', 'Mirpur Model Thana', 'Pallabi', 'Rangpur')",5,5
"Exactly 4 of the following cities are in Colombia: Bhopal, Soacha, Ibague, Barranquilla, Bucaramanga.",1,Colombia,"('Barranquilla', 'Bhopal', 'Bucaramanga', 'Ibague', 'Soacha')",4,4
"Exactly 3 of the following cities are in Uzbekistan: Tashkent, Yongzhou, Namangan, Samarkand, Fuxin.",1,Uzbekistan,"('Fuxin', 'Namangan', 'Samarkand', 'Tashkent', 'Yongzhou')",3,3
"Exactly 2 of the following cities are in Colombia: Ibague, Barquisimeto, Comilla, Barranquilla, Yekaterinburg.",1,Colombia,"('Barquisimeto', 'Barranquilla', 'Comilla', 'Ibague', 'Yekaterinburg')",2,2
"Exactly 4 of the following cities are in Kenya: Nairobi, Mombasa, Jamshedpur, Kakamega, Nakuru.",1,Kenya,"('Jamshedpur', 'Kakamega', 'Mombasa', 'Nairobi', 'Nakuru')",4,4
"Exactly 1 of the following cities are in the United States: Indianapolis, Oklahoma City, Seattle, Fort Worth, Milwaukee.",0,the United States,"('Fort Worth', 'Indianapolis', 'Milwaukee', 'Oklahoma City', 'Seattle')",1,5
"Exactly 4 of the following cities are in the United States: Fort Worth, Queens, Indianapolis, Detroit, Rizhao.",1,the United States,"('Detroit', 'Fort Worth', 'Indianapolis', 'Queens', 'Rizhao')",4,4
"Exactly 5 of the following cities are in Burkina Faso: Helsinki, Yangjiang, Tasikmalaya, Fuxin, Itabashi.",0,Burkina Faso,"('Fuxin', 'Helsinki', 'Itabashi', 'Tasikmalaya', 'Yangjiang')",5,0
"Exactly 3 of the following cities are in Canada: Calgary, Cuautitlan Izcalli, Fushun, Mississauga, Marseille.",0,Canada,"('Calgary', 'Cuautitlan Izcalli', 'Fushun', 'Marseille', 'Mississauga')",3,2
"Exactly 4 of the following cities are in Tanzania: Zanzibar, Mbeya, Dar es Salaam, Arusha, Shubra al Khaymah.",1,Tanzania,"('Arusha', 'Dar es Salaam', 'Mbeya', 'Shubra al Khaymah', 'Zanzibar')",4,4
"Exactly 5 of the following cities are in Kenya: Hiroshima, Nakuru, Wanning, Nairobi, Meizhou.",0,Kenya,"('Hiroshima', 'Meizhou', 'Nairobi', 'Nakuru', 'Wanning')",5,2
"Exactly 0 of the following cities are in Thailand: Mianzhu, Deyang, Sichuan, Weihai, Ganzhou, Bangkok, Osaka.",0,Thailand,"('Bangkok', 'Ganzhou', 'Mianzhu, Deyang, Sichuan', 'Osaka', 'Weihai')",0,1
"Exactly 4 of the following cities are in Uzbekistan: Tashkent, Namangan, Dandong, Samarkand, Andijon.",1,Uzbekistan,"('Andijon', 'Dandong', 'Namangan', 'Samarkand', 'Tashkent')",4,4
"Exactly 0 of the following cities are in Iraq: Suining, Pasig City, Shah Alam, Nellore, Niteroi.",1,Iraq,"('Nellore', 'Niteroi', 'Pasig City', 'Shah Alam', 'Suining')",0,0
"Exactly 5 of the following cities are in Germany: Nuremberg, Hannover, Leipzig, Dortmund, Frankfurt am Main.",1,Germany,"('Dortmund', 'Frankfurt am Main', 'Hannover', 'Leipzig', 'Nuremberg')",5,5
"Exactly 5 of the following cities are in Panama: Shangqiu, Porto Velho, Rawalpindi, Chizhou, Petaling Jaya.",0,Panama,"('Chizhou', 'Petaling Jaya', 'Porto Velho', 'Rawalpindi', 'Shangqiu')",5,0
"Exactly 5 of the following cities are in Mozambique: Fortaleza, Konya, Matola, Perm, Suwon.",0,Mozambique,"('Fortaleza', 'Konya', 'Matola', 'Perm', 'Suwon')",5,1
"Exactly 2 of the following cities are in Sweden: Douala, Guangzhou, Saint Petersburg, Las Pinas, Astana.",0,Sweden,"('Astana', 'Douala', 'Guangzhou', 'Las Pinas', 'Saint Petersburg')",2,0
"Exactly 0 of the following cities are in the Dominican Republic: Matola, Santiago de los Caballeros, Santo Domingo Oeste, Dongying, Meizhou.",0,the Dominican Republic,"('Dongying', 'Matola', 'Meizhou', 'Santiago de los Caballeros', 'Santo Domingo Oeste')",0,2
"Exactly 2 of the following cities are in Peru: Xuhui, Okayama, Callao, Arequipa, Kitakyushu.",1,Peru,"('Arequipa', 'Callao', 'Kitakyushu', 'Okayama', 'Xuhui')",2,2
"Exactly 5 of the following cities are in Brazil: Contagem, Feira de Santana, Curitiba, Porto Velho, Juiz de Fora.",1,Brazil,"('Contagem', 'Curitiba', 'Feira de Santana', 'Juiz de Fora', 'Porto Velho')",5,5
"Exactly 1 of the following cities are in Cameroon: Anshun, Kinshasa, Bijie, Yangpu, Ordos.",0,Cameroon,"('Anshun', 'Bijie', 'Kinshasa', 'Ordos', 'Yangpu')",1,0
"Exactly 4 of the following cities are in South Africa: Zhu Cheng City, Johannesburg, Soshanguve, Yingkou, Shah Alam.",0,South Africa,"('Johannesburg', 'Shah Alam', 'Soshanguve', 'Yingkou', 'Zhu Cheng City')",4,2
"Exactly 4 of the following cities are in Burundi: Shantou, Bujumbura, Setagaya, Sultanah, Xining.",0,Burundi,"('Bujumbura', 'Setagaya', 'Shantou', 'Sultanah', 'Xining')",4,1
"Exactly 2 of the following cities are in Ghana: Kumasi, San Luis Potosi, Accra, UEruemqi, Gurugram.",1,Ghana,"('Accra', 'Gurugram', 'Kumasi', 'San Luis Potosi', 'UEruemqi')",2,2
"Exactly 0 of the following cities are in Kuwait: Xuzhou, Shizuishan, Mysuru, Tangshan, Phnom Penh.",1,Kuwait,"('Mysuru', 'Phnom Penh', 'Shizuishan', 'Tangshan', 'Xuzhou')",0,0
"Exactly 1 of the following cities are in Mali: Zhangzhou, Kemerovo, Ansan-si, Yekaterinburg, Yerevan.",0,Mali,"('Ansan-si', 'Kemerovo', 'Yekaterinburg', 'Yerevan', 'Zhangzhou')",1,0
"Exactly 4 of the following cities are in Romania: Denpasar, Zamboanga, Zhabei, Ra's Bayrut, Sultanah.",0,Romania,"('Denpasar', ""Ra's Bayrut"", 'Sultanah', 'Zamboanga', 'Zhabei')",4,0
"Exactly 1 of the following cities are in Somalia: Laiwu, Minsk, Borama, Huangshi, Libreville.",1,Somalia,"('Borama', 'Huangshi', 'Laiwu', 'Libreville', 'Minsk')",1,1
"Exactly 3 of the following cities are in Syria: Iztapalapa, Latakia, Puxi, Ar Raqqah, Aleppo.",1,Syria,"('Aleppo', 'Ar Raqqah', 'Iztapalapa', 'Latakia', 'Puxi')",3,3
"Exactly 2 of the following cities are in Germany: Jiujiang, Leipzig, Ibb, Frankfurt am Main, Yekaterinburg.",1,Germany,"('Frankfurt am Main', 'Ibb', 'Jiujiang', 'Leipzig', 'Yekaterinburg')",2,2
"Exactly 4 of the following cities are in Ukraine: Kharkiv, Kryvyy Rih, Odesa, Kyiv, Lviv.",0,Ukraine,"('Kharkiv', 'Kryvyy Rih', 'Kyiv', 'Lviv', 'Odesa')",4,5
"Exactly 4 of the following cities are in Turkey: Adana, Antalya, Malatya, Kayseri, Cankaya.",0,Turkey,"('Adana', 'Antalya', 'Cankaya', 'Kayseri', 'Malatya')",4,5
"Exactly 4 of the following cities are in Mexico: Santiago de Queretaro, Victoria de Durango, Mexicali, Ciudad Juarez, Ryazan'.",1,Mexico,"('Ciudad Juarez', 'Mexicali', ""Ryazan'"", 'Santiago de Queretaro', 'Victoria de Durango')",4,4
"Exactly 5 of the following cities are in India: Kolkata, Faridabad, Bhubaneswar, Hubballi, Tirunelveli.",1,India,"('Bhubaneswar', 'Faridabad', 'Hubballi', 'Kolkata', 'Tirunelveli')",5,5
"Exactly 1 of the following cities are in Malaysia: Iskandar Puteri, Kampung Baru Subang, Selayang Baru Utara, Ile-Ife, Mukim Pulai.",0,Malaysia,"('Ile-Ife', 'Iskandar Puteri', 'Kampung Baru Subang', 'Mukim Pulai', 'Selayang Baru Utara')",1,4
"Exactly 1 of the following cities are in Angola: Brasilia, Maturin, Pimpri, Kyoto, Lubango.",1,Angola,"('Brasilia', 'Kyoto', 'Lubango', 'Maturin', 'Pimpri')",1,1
"Exactly 5 of the following cities are in Bangladesh: Pallabi, Makati City, Las Pinas, Chattogram, Rangpur.",0,Bangladesh,"('Chattogram', 'Las Pinas', 'Makati City', 'Pallabi', 'Rangpur')",5,3
"Exactly 3 of the following cities are in the Democratic Republic of the Congo: Kananga, Kinshasa, Ankara, Mirpur Model Thana, Queens.",0,the Democratic Republic of the Congo,"('Ankara', 'Kananga', 'Kinshasa', 'Mirpur Model Thana', 'Queens')",3,2
"Exactly 0 of the following cities are in Myanmar: Hebi, Can Tho, Suizhou, Cancun, Hamadan.",1,Myanmar,"('Can Tho', 'Cancun', 'Hamadan', 'Hebi', 'Suizhou')",0,0
"Exactly 4 of the following cities are in Latvia: Meizhou, Johor Bahru, Riga, Varanasi, Al Ain City.",0,Latvia,"('Al Ain City', 'Johor Bahru', 'Meizhou', 'Riga', 'Varanasi')",4,1
"Exactly 5 of the following cities are in Russia: Ufa, Ulyanovsk, Astrakhan, Naberezhnyye Chelny, Novokuznetsk.",1,Russia,"('Astrakhan', 'Naberezhnyye Chelny', 'Novokuznetsk', 'Ufa', 'Ulyanovsk')",5,5
"Exactly 5 of the following cities are in Mexico: Gustavo Adolfo Madero, Santiago de Queretaro, Cuautitlan Izcalli, Ecatepec de Morelos, Leon de los Aldama.",1,Mexico,"('Cuautitlan Izcalli', 'Ecatepec de Morelos', 'Gustavo Adolfo Madero', 'Leon de los Aldama', 'Santiago de Queretaro')",5,5
"Exactly 5 of the following cities are in the Democratic Republic of the Congo: Kinshasa, Kikwit, Bukavu, Kolwezi, Tshikapa.",1,the Democratic Republic of the Congo,"('Bukavu', 'Kikwit', 'Kinshasa', 'Kolwezi', 'Tshikapa')",5,5
"Exactly 0 of the following cities are in Cambodia: Zhuzhou, Jinan, Malatya, Dortmund, Jamnagar.",1,Cambodia,"('Dortmund', 'Jamnagar', 'Jinan', 'Malatya', 'Zhuzhou')",0,0
"Exactly 5 of the following cities are in Thailand: Chennai, Bangkok, Pekanbaru, Puxi, Vilnius.",0,Thailand,"('Bangkok', 'Chennai', 'Pekanbaru', 'Puxi', 'Vilnius')",5,1
"Exactly 0 of the following cities are in the Dominican Republic: Ebute Ikorodu, Zhoushan, Wanxian, Karbala, Zibo.",1,the Dominican Republic,"('Ebute Ikorodu', 'Karbala', 'Wanxian', 'Zhoushan', 'Zibo')",0,0
"Exactly 0 of the following cities are in the United States: Fort Worth, Jieyang, Coimbatore, Situbondo, New South Memphis.",0,the United States,"('Coimbatore', 'Fort Worth', 'Jieyang', 'New South Memphis', 'Situbondo')",0,2
"Exactly 1 of the following cities are in China: Hannover, Nasiriyah, Shantou, Katsina, Zaozhuang.",0,China,"('Hannover', 'Katsina', 'Nasiriyah', 'Shantou', 'Zaozhuang')",1,2
"Exactly 1 of the following cities are in Iraq: Evaton, Al Basrah al Qadimah, Bannu, Coyoacan, Jilin.",1,Iraq,"('Al Basrah al Qadimah', 'Bannu', 'Coyoacan', 'Evaton', 'Jilin')",1,1
"Exactly 5 of the following cities are in Saudi Arabia: Najran, Buraydah, Ankara, Adana, Kikwit.",0,Saudi Arabia,"('Adana', 'Ankara', 'Buraydah', 'Kikwit', 'Najran')",5,2
"Exactly 4 of the following cities are in Canada: Calgary, Quebec, Cimahi, Mississauga, Winnipeg.",1,Canada,"('Calgary', 'Cimahi', 'Mississauga', 'Quebec', 'Winnipeg')",4,4
"Exactly 0 of the following cities are in Uzbekistan: Namangan, Samarkand, Suizhou, Bulawayo, Sultanah.",0,Uzbekistan,"('Bulawayo', 'Namangan', 'Samarkand', 'Suizhou', 'Sultanah')",0,2
"Exactly 4 of the following cities are in China: Conakry, Maianga, Guatemala City, Rio de Janeiro, Xinyang.",0,China,"('Conakry', 'Guatemala City', 'Maianga', 'Rio de Janeiro', 'Xinyang')",4,1
"Exactly 2 of the following cities are in the United Arab Emirates: Ecatepec de Morelos, Pokhara, Tasikmalaya, Sharjah, Sungai Petani.",0,the United Arab Emirates,"('Ecatepec de Morelos', 'Pokhara', 'Sharjah', 'Sungai Petani', 'Tasikmalaya')",2,1
"Exactly 0 of the following cities are in Burkina Faso: Narela, Bobo-Dioulasso, Calgary, Lipetsk, Nasiriyah.",0,Burkina Faso,"('Bobo-Dioulasso', 'Calgary', 'Lipetsk', 'Narela', 'Nasiriyah')",0,1
"Exactly 0 of the following cities are in Morocco: Fes, Agadir, Tangier, Goyang-si, Oujda.",0,Morocco,"('Agadir', 'Fes', 'Goyang-si', 'Oujda', 'Tangier')",0,4
"Exactly 5 of the following cities are in India: Hubballi, Kolwezi, Puducherry, Edogawe, Coimbatore.",0,India,"('Coimbatore', 'Edogawe', 'Hubballi', 'Kolwezi', 'Puducherry')",5,3
"Exactly 2 of the following cities are in Mozambique: Beira, Nakuru, Neijiang, Matola, Tolyatti.",1,Mozambique,"('Beira', 'Matola', 'Nakuru', 'Neijiang', 'Tolyatti')",2,2
"Exactly 2 of the following cities are in the United Arab Emirates: Ebute Ikorodu, Dodoma, Sharjah, Soacha, Abu Dhabi.",1,the United Arab Emirates,"('Abu Dhabi', 'Dodoma', 'Ebute Ikorodu', 'Sharjah', 'Soacha')",2,2
"Exactly 5 of the following cities are in Iran: Ahvaz, Orumiyeh, Tehran, Zahedan, Tabriz.",1,Iran,"('Ahvaz', 'Orumiyeh', 'Tabriz', 'Tehran', 'Zahedan')",5,5
"Exactly 4 of the following cities are in Saudi Arabia: Yekaterinburg, Dammam, Sultanah, Buraydah, Makkah.",1,Saudi Arabia,"('Buraydah', 'Dammam', 'Makkah', 'Sultanah', 'Yekaterinburg')",4,4
"Exactly 5 of the following cities are in India: Rajkot, Nashik, Meerut, Amritsar, Tiruchirappalli.",1,India,"('Amritsar', 'Meerut', 'Nashik', 'Rajkot', 'Tiruchirappalli')",5,5
"Exactly 2 of the following cities are in Finland: Dodoma, Himeji, Pimpri-Chinchwad, Al Fayyum, Zamboanga.",0,Finland,"('Al Fayyum', 'Dodoma', 'Himeji', 'Pimpri-Chinchwad', 'Zamboanga')",2,0
"Exactly 4 of the following cities are in Vietnam: Binh Thanh, Qui Nhon, Thu GJuc, Hue, Ho Chi Minh City.",0,Vietnam,"('Binh Thanh', 'Ho Chi Minh City', 'Hue', 'Qui Nhon', 'Thu GJuc')",4,5
"Exactly 2 of the following cities are in Brazil: Jammu, Teresina, Iskandar Puteri, Jaboatao dos Guararapes, Isfahan.",1,Brazil,"('Isfahan', 'Iskandar Puteri', 'Jaboatao dos Guararapes', 'Jammu', 'Teresina')",2,2
"Exactly 5 of the following cities are in Russia: Orenburg, Aparecida de Goiania, Victoria de Durango, Anshan, Irkutsk.",0,Russia,"('Anshan', 'Aparecida de Goiania', 'Irkutsk', 'Orenburg', 'Victoria de Durango')",5,2
"Exactly 5 of the following cities are in Nigeria: Owerri, Calabar, Enugu, Abeokuta, Ebute Ikorodu.",1,Nigeria,"('Abeokuta', 'Calabar', 'Ebute Ikorodu', 'Enugu', 'Owerri')",5,5
"Exactly 1 of the following cities are in Madagascar: Huangshi, Lianyungang, Cho Lon, Paranaque City, Okara.",0,Madagascar,"('Cho Lon', 'Huangshi', 'Lianyungang', 'Okara', 'Paranaque City')",1,0
"Exactly 3 of the following cities are in Suriname: Kunshan, Hiroshima, Zhangjiagang, Antananarivo, Rahim Yar Khan.",0,Suriname,"('Antananarivo', 'Hiroshima', 'Kunshan', 'Rahim Yar Khan', 'Zhangjiagang')",3,0
"Exactly 3 of the following cities are in Niger: Bokaro, Kumasi, Hamhung, Niamey, Baise.",0,Niger,"('Baise', 'Bokaro', 'Hamhung', 'Kumasi', 'Niamey')",3,1
"Exactly 2 of the following cities are in Nigeria: Maiduguri, Ebute Ikorodu, Pontianak, Zhumadian, The Bronx.",1,Nigeria,"('Ebute Ikorodu', 'Maiduguri', 'Pontianak', 'The Bronx', 'Zhumadian')",2,2
"Exactly 5 of the following cities are in Ukraine: Odesa, Kharkiv, Sevastopol, Kyiv, Dnipro.",1,Ukraine,"('Dnipro', 'Kharkiv', 'Kyiv', 'Odesa', 'Sevastopol')",5,5
"Exactly 2 of the following cities are in Iran: Arak, Hamadan, Ahvaz, Zahedan, Baotou.",0,Iran,"('Ahvaz', 'Arak', 'Baotou', 'Hamadan', 'Zahedan')",2,4
"Exactly 5 of the following cities are in Russia: Rahim Yar Khan, Omsk, Krasnodar, Baku, Saint Petersburg.",0,Russia,"('Baku', 'Krasnodar', 'Omsk', 'Rahim Yar Khan', 'Saint Petersburg')",5,3
"Exactly 4 of the following cities are in India: Ranchi, Jamshedpur, Abidjan, Bikaner, Puducherry.",1,India,"('Abidjan', 'Bikaner', 'Jamshedpur', 'Puducherry', 'Ranchi')",4,4
"Exactly 1 of the following cities are in Oman: Okara, Tokyo, Muscat, Madinah, Ribeirao Preto.",1,Oman,"('Madinah', 'Muscat', 'Okara', 'Ribeirao Preto', 'Tokyo')",1,1
"Exactly 1 of the following cities are in Poland: Shah Alam, Lodz, Huzhou, Nova Iguacu, Antananarivo.",1,Poland,"('Antananarivo', 'Huzhou', 'Lodz', 'Nova Iguacu', 'Shah Alam')",1,1
"Exactly 0 of the following cities are in Nigeria: Zanzibar, Laiwu, Bogor, Zapopan, San Luis Potosi.",1,Nigeria,"('Bogor', 'Laiwu', 'San Luis Potosi', 'Zanzibar', 'Zapopan')",0,0
"Exactly 0 of the following cities are in France: Suining, Madinah, Toulouse, Marseille, Qiqihar.",0,France,"('Madinah', 'Marseille', 'Qiqihar', 'Suining', 'Toulouse')",0,2
"Exactly 3 of the following cities are in Saudi Arabia: Kumasi, Dammam, Makkah, Ha'il, Jalandhar.",1,Saudi Arabia,"('Dammam', ""Ha'il"", 'Jalandhar', 'Kumasi', 'Makkah')",3,3
"Exactly 0 of the following cities are in Myanmar: Santiago de Cuba, Yangon, Hlaingthaya, Mandalay, Nay Pyi Taw.",0,Myanmar,"('Hlaingthaya', 'Mandalay', 'Nay Pyi Taw', 'Santiago de Cuba', 'Yangon')",0,4
"Exactly 0 of the following cities are in Angola: Daxing'anling, Maianga, Benguela, Kikolo, Malatya.",0,Angola,"('Benguela', ""Daxing'anling"", 'Kikolo', 'Maianga', 'Malatya')",0,3
"Exactly 4 of the following cities are in Kenya: Mombasa, Nairobi, Kakamega, Nakuru, Santo Domingo Este.",1,Kenya,"('Kakamega', 'Mombasa', 'Nairobi', 'Nakuru', 'Santo Domingo Este')",4,4
"Exactly 5 of the following cities are in Cuba: Deyang, Tlalpan, Nyala, Sialkot, Benoni.",0,Cuba,"('Benoni', 'Deyang', 'Nyala', 'Sialkot', 'Tlalpan')",5,0
"Exactly 1 of the following cities are in Romania: Rostov-on-Don, Nagpur, Linfen, Wuwei, Bucharest.",1,Romania,"('Bucharest', 'Linfen', 'Nagpur', 'Rostov-on-Don', 'Wuwei')",1,1
"Exactly 0 of the following cities are in Venezuela: Ciudad Guayana, Hanzhong, Aracaju, Maturin, Al Ain City.",0,Venezuela,"('Al Ain City', 'Aracaju', 'Ciudad Guayana', 'Hanzhong', 'Maturin')",0,2
"Exactly 3 of the following cities are in Bangladesh: Ajegunle, Rajshahi, Hamhung, Fes, Macapa.",0,Bangladesh,"('Ajegunle', 'Fes', 'Hamhung', 'Macapa', 'Rajshahi')",3,1
"Exactly 4 of the following cities are in Iraq: Pimpri, Sungai Petani, Ludhiana, Mosul, Nasiriyah.",0,Iraq,"('Ludhiana', 'Mosul', 'Nasiriyah', 'Pimpri', 'Sungai Petani')",4,2
"Exactly 5 of the following cities are in Iraq: Sadr City, Luohu District, Mosul, Basrah, Zhanjiang.",0,Iraq,"('Basrah', 'Luohu District', 'Mosul', 'Sadr City', 'Zhanjiang')",5,3
"Exactly 2 of the following cities are in Morocco: Fes, Marrakesh, Jakarta, Ulyanovsk, Davao.",1,Morocco,"('Davao', 'Fes', 'Jakarta', 'Marrakesh', 'Ulyanovsk')",2,2
"Exactly 3 of the following cities are in Venezuela: Zhoushan, Zarqa, Hiroshima, Riga, Bien Hoa.",0,Venezuela,"('Bien Hoa', 'Hiroshima', 'Riga', 'Zarqa', 'Zhoushan')",3,0
"Exactly 1 of the following cities are in Malaysia: Pune, Naucalpan de Juarez, Muzaffarabad, Bogor, Naberezhnyye Chelny.",0,Malaysia,"('Bogor', 'Muzaffarabad', 'Naberezhnyye Chelny', 'Naucalpan de Juarez', 'Pune')",1,0
"Exactly 0 of the following cities are in Azerbaijan: Qui Nhon, Shekhupura, Cimahi, Baku, Las Pinas.",0,Azerbaijan,"('Baku', 'Cimahi', 'Las Pinas', 'Qui Nhon', 'Shekhupura')",0,1
"Exactly 5 of the following cities are in Russia: Khabarovsk, Saint Petersburg, Kemerovo, Kalininskiy, Naberezhnyye Chelny.",1,Russia,"('Kalininskiy', 'Kemerovo', 'Khabarovsk', 'Naberezhnyye Chelny', 'Saint Petersburg')",5,5
"Exactly 3 of the following cities are in Bulgaria: Mudanjiang, Wuhan, Weihai, Tshikapa, Mexicali.",0,Bulgaria,"('Mexicali', 'Mudanjiang', 'Tshikapa', 'Weihai', 'Wuhan')",3,0
"Exactly 3 of the following cities are in Chile: Zagreb, Siliguri, Yichang, Nizhniy Novgorod, Xiaogan.",0,Chile,"('Nizhniy Novgorod', 'Siliguri', 'Xiaogan', 'Yichang', 'Zagreb')",3,0
"Exactly 1 of the following cities are in Kiribati: Baotou, Battagram, Shangluo, Astana, Ecatepec de Morelos.",0,Kiribati,"('Astana', 'Baotou', 'Battagram', 'Ecatepec de Morelos', 'Shangluo')",1,0
"Exactly 4 of the following cities are in Bangladesh: Toulouse, Gazipur, Khulna, Mohammadpur, Rajshahi.",1,Bangladesh,"('Gazipur', 'Khulna', 'Mohammadpur', 'Rajshahi', 'Toulouse')",4,4
"Exactly 0 of the following cities are in Malawi: Quito, Tlaquepaque, Sofia, Mohammadpur, Pune.",1,Malawi,"('Mohammadpur', 'Pune', 'Quito', 'Sofia', 'Tlaquepaque')",0,0
"Exactly 1 of the following cities are in Djibouti: Shizuishan, Ndola, Balbala, Tirunelveli, Cotonou.",1,Djibouti,"('Balbala', 'Cotonou', 'Ndola', 'Shizuishan', 'Tirunelveli')",1,1
"Exactly 3 of the following cities are in Indonesia: Cimahi, Benoni, Banjarmasin, Bujumbura, Jakarta.",1,Indonesia,"('Banjarmasin', 'Benoni', 'Bujumbura', 'Cimahi', 'Jakarta')",3,3
"Exactly 2 of the following cities are in Côte d'Ivoire: Edogawe, Seongnam-si, Aihara, Zhanjiang, Nanjing.",0,Côte d'Ivoire,"('Aihara', 'Edogawe', 'Nanjing', 'Seongnam-si', 'Zhanjiang')",2,0
"Exactly 5 of the following cities are in Uganda: Zaozhuang, Salta, Maianga, Kampala, Qinzhou.",0,Uganda,"('Kampala', 'Maianga', 'Qinzhou', 'Salta', 'Zaozhuang')",5,1
"Exactly 0 of the following cities are in Kiribati: Sangli, Hamamatsu, Bagcilar, Vilnius, Hlaingthaya.",1,Kiribati,"('Bagcilar', 'Hamamatsu', 'Hlaingthaya', 'Sangli', 'Vilnius')",0,0
"Exactly 2 of the following cities are in Malaysia: Ujjain, Juiz de Fora, Subang Jaya, Kampung Baru Subang, Maracaibo.",1,Malaysia,"('Juiz de Fora', 'Kampung Baru Subang', 'Maracaibo', 'Subang Jaya', 'Ujjain')",2,2
"Exactly 3 of the following cities are in Peru: Shenyang, Dodoma, Liuzhou, Yingkou, Omsk.",0,Peru,"('Dodoma', 'Liuzhou', 'Omsk', 'Shenyang', 'Yingkou')",3,0
"Exactly 3 of the following cities are in Croatia: Culiacan, Voronezh, Thane, Zagreb, Erzurum.",0,Croatia,"('Culiacan', 'Erzurum', 'Thane', 'Voronezh', 'Zagreb')",3,1
"Exactly 3 of the following cities are in India: Chennai, Hubballi, Nowrangapur, Sangli, Kanayannur.",0,India,"('Chennai', 'Hubballi', 'Kanayannur', 'Nowrangapur', 'Sangli')",3,5
"Exactly 5 of the following cities are in Vietnam: Vinh, Bien Hoa, Da Nang, Ho Chi Minh City, Qui Nhon.",1,Vietnam,"('Bien Hoa', 'Da Nang', 'Ho Chi Minh City', 'Qui Nhon', 'Vinh')",5,5
"Exactly 1 of the following cities are in France: Bauchi, Navi Mumbai, Shangluo, Cangzhou, Matsuyama.",0,France,"('Bauchi', 'Cangzhou', 'Matsuyama', 'Navi Mumbai', 'Shangluo')",1,0
"Exactly 2 of the following cities are in Syria: Nyala, Latakia, Dortmund, Ar Raqqah, Kermanshah.",1,Syria,"('Ar Raqqah', 'Dortmund', 'Kermanshah', 'Latakia', 'Nyala')",2,2
"Exactly 3 of the following cities are in Tanzania: Dodoma, Mbeya, Huainan, Pudong, Arusha.",1,Tanzania,"('Arusha', 'Dodoma', 'Huainan', 'Mbeya', 'Pudong')",3,3
"Exactly 0 of the following cities are in Russia: Irkutsk, Ludhiana, Penza, Tonghua, Astrakhan.",0,Russia,"('Astrakhan', 'Irkutsk', 'Ludhiana', 'Penza', 'Tonghua')",0,3
"Exactly 1 of the following cities are in Guatemala: Makassar, Sorocaba, Likasi, Makati City, Guatemala City.",1,Guatemala,"('Guatemala City', 'Likasi', 'Makassar', 'Makati City', 'Sorocaba')",1,1
"Exactly 1 of the following cities are in Iran: Tucson, Zamboanga, Orumiyeh, Shaoguan, Itabashi.",1,Iran,"('Itabashi', 'Orumiyeh', 'Shaoguan', 'Tucson', 'Zamboanga')",1,1
"Exactly 4 of the following cities are in Nauru: Panshan, Bishkek, Tianjin, Yekaterinburg, Tabriz.",0,Nauru,"('Bishkek', 'Panshan', 'Tabriz', 'Tianjin', 'Yekaterinburg')",4,0
"Exactly 1 of the following cities are in Myanmar: Bandar Lampung, Mandalay, Hlaingthaya, Yangon, Nay Pyi Taw.",0,Myanmar,"('Bandar Lampung', 'Hlaingthaya', 'Mandalay', 'Nay Pyi Taw', 'Yangon')",1,4
"Exactly 2 of the following cities are in Zambia: Cixi, Daqing, Panshan, Maracaibo, Ndola.",0,Zambia,"('Cixi', 'Daqing', 'Maracaibo', 'Ndola', 'Panshan')",2,1
"Exactly 5 of the following cities are in Bangladesh: Rangpur, Gazipur, Mirpur Model Thana, Chattogram, Pallabi.",1,Bangladesh,"('Chattogram', 'Gazipur', 'Mirpur Model Thana', 'Pallabi', 'Rangpur')",5,5
"Exactly 5 of the following cities are in Malaysia: Guayaquil, Fes, Hefei, Coimbatore, Setagaya.",0,Malaysia,"('Coimbatore', 'Fes', 'Guayaquil', 'Hefei', 'Setagaya')",5,0
"Exactly 0 of the following cities are in the Philippines: Pokhara, Tehran, Handan, Shizuishan, Brasilia.",1,the Philippines,"('Brasilia', 'Handan', 'Pokhara', 'Shizuishan', 'Tehran')",0,0
"Exactly 5 of the following cities are in South Korea: Cheongju-si, Goyang-si, Bucheon-si, Suwon, Jeonju.",1,South Korea,"('Bucheon-si', 'Cheongju-si', 'Goyang-si', 'Jeonju', 'Suwon')",5,5
"Exactly 4 of the following cities are in Brazil: Rio de Janeiro, Macapa, Curitiba, Maceio, Lipetsk.",1,Brazil,"('Curitiba', 'Lipetsk', 'Macapa', 'Maceio', 'Rio de Janeiro')",4,4
"Exactly 3 of the following cities are in Russia: Chennai, Yekaterinburg, Vladivostok, Voronezh, Indore.",1,Russia,"('Chennai', 'Indore', 'Vladivostok', 'Voronezh', 'Yekaterinburg')",3,3
"Exactly 2 of the following cities are in Zimbabwe: Bekasi, Bulawayo, Harare, Foshan, Shah Alam.",1,Zimbabwe,"('Bekasi', 'Bulawayo', 'Foshan', 'Harare', 'Shah Alam')",2,2
"Exactly 0 of the following cities are in Sierra Leone: Sangli, Weihai, Ankara, Kaduna, Kermanshah.",1,Sierra Leone,"('Ankara', 'Kaduna', 'Kermanshah', 'Sangli', 'Weihai')",0,0
"Exactly 2 of the following cities are in Iran: Changwon, Fortaleza, Zahedan, Ahvaz, Sulaymaniyah.",1,Iran,"('Ahvaz', 'Changwon', 'Fortaleza', 'Sulaymaniyah', 'Zahedan')",2,2
"Exactly 1 of the following cities are in Myanmar: Nay Pyi Taw, Zarqa, Izhevsk, Yangon, Ujjain.",0,Myanmar,"('Izhevsk', 'Nay Pyi Taw', 'Ujjain', 'Yangon', 'Zarqa')",1,2
"Exactly 5 of the following cities are in Iran: Arak, Ahvaz, Orumiyeh, Tabriz, Tehran.",1,Iran,"('Ahvaz', 'Arak', 'Orumiyeh', 'Tabriz', 'Tehran')",5,5
"Exactly 0 of the following cities are in Malaysia: Ipoh, Kota Kuala Muda, Subang Jaya, Kota Kinabalu, Sungai Petani.",0,Malaysia,"('Ipoh', 'Kota Kinabalu', 'Kota Kuala Muda', 'Subang Jaya', 'Sungai Petani')",0,5
"Exactly 2 of the following cities are in New Zealand: Balbala, Bishkek, Kryvyy Rih, Shenyang, Auckland.",0,New Zealand,"('Auckland', 'Balbala', 'Bishkek', 'Kryvyy Rih', 'Shenyang')",2,1
"Exactly 2 of the following cities are in Lithuania: Hezhou, Shah Alam, Chenzhou, Agege, Lilongwe.",0,Lithuania,"('Agege', 'Chenzhou', 'Hezhou', 'Lilongwe', 'Shah Alam')",2,0
"Exactly 3 of the following cities are in Bahrain: Khabarovsk, Chizhou, Pimpri, Piura, Kryvyy Rih.",0,Bahrain,"('Chizhou', 'Khabarovsk', 'Kryvyy Rih', 'Pimpri', 'Piura')",3,0
"Exactly 3 of the following cities are in Cameroon: Jiamusi, Situbondo, Douala, Dera Ismail Khan, Sapporo.",0,Cameroon,"('Dera Ismail Khan', 'Douala', 'Jiamusi', 'Sapporo', 'Situbondo')",3,1
"Exactly 4 of the following cities are in Bangladesh: Mohammadpur, Gazipur, Gurugram, Chattogram, Comilla.",1,Bangladesh,"('Chattogram', 'Comilla', 'Gazipur', 'Gurugram', 'Mohammadpur')",4,4
"Exactly 4 of the following cities are in Iran: Arak, Xuchang, Hamadan, Tabriz, Zahedan.",1,Iran,"('Arak', 'Hamadan', 'Tabriz', 'Xuchang', 'Zahedan')",4,4
"Exactly 1 of the following cities are in Bangladesh: Al Mahallah al Kubra, Chattogram, Gurugram, Rajshahi, Mirpur Model Thana.",0,Bangladesh,"('Al Mahallah al Kubra', 'Chattogram', 'Gurugram', 'Mirpur Model Thana', 'Rajshahi')",1,3
"Exactly 1 of the following cities are in Bosnia and Herzegovina: Sarajevo, Cuiaba, Ryazan', Paranaque City, Qujing.",1,Bosnia and Herzegovina,"('Cuiaba', 'Paranaque City', 'Qujing', ""Ryazan'"", 'Sarajevo')",1,1
"Exactly 4 of the following cities are in Venezuela: Ciudad Guayana, Maturin, Caracas, Barquisimeto, Pekanbaru.",1,Venezuela,"('Barquisimeto', 'Caracas', 'Ciudad Guayana', 'Maturin', 'Pekanbaru')",4,4
"Exactly 0 of the following cities are in Italy: Xiaogan, Wroclaw, Faisalabad, Baoji, Zhoushan.",1,Italy,"('Baoji', 'Faisalabad', 'Wroclaw', 'Xiaogan', 'Zhoushan')",0,0
"Exactly 3 of the following cities are in Saudi Arabia: Dammam, Ha'il, Algiers, Makkah, Anyang-si.",1,Saudi Arabia,"('Algiers', 'Anyang-si', 'Dammam', ""Ha'il"", 'Makkah')",3,3
"Exactly 0 of the following cities are in Egypt: Port Said, Islamabad, Paranaque City, Luancheng, Al Fayyum.",0,Egypt,"('Al Fayyum', 'Islamabad', 'Luancheng', 'Paranaque City', 'Port Said')",0,2
"Exactly 4 of the following cities are in Kenya: Nairobi, Nakuru, Mombasa, Hachioji, Kakamega.",1,Kenya,"('Hachioji', 'Kakamega', 'Mombasa', 'Nairobi', 'Nakuru')",4,4
"Exactly 4 of the following cities are in Yemen: Al Hudaydah, Ananindeua, Aden, Ibb, Taiz.",1,Yemen,"('Aden', 'Al Hudaydah', 'Ananindeua', 'Ibb', 'Taiz')",4,4
"Exactly 3 of the following cities are in Egypt: Al Fayyum, Kigali, Al Mahallah al Kubra, Port Said, Almaty.",1,Egypt,"('Al Fayyum', 'Al Mahallah al Kubra', 'Almaty', 'Kigali', 'Port Said')",3,3
"Exactly 4 of the following cities are in Iraq: Nouakchott, Basrah, Al Basrah al Qadimah, Karbala, Baghdad.",1,Iraq,"('Al Basrah al Qadimah', 'Baghdad', 'Basrah', 'Karbala', 'Nouakchott')",4,4
"Exactly 1 of the following cities are in Kazakhstan: Kobe, Shymkent, Krasnoyarsk, Pune, Rawalpindi.",1,Kazakhstan,"('Kobe', 'Krasnoyarsk', 'Pune', 'Rawalpindi', 'Shymkent')",1,1
"Exactly 1 of the following cities are in Benin: Handan, Cotonou, Huainan, Tanggu, Giza.",1,Benin,"('Cotonou', 'Giza', 'Handan', 'Huainan', 'Tanggu')",1,1
"Exactly 5 of the following cities are in China: Tianshui, Pingliang, Zhanjiang, Zhumadian, Guiyang.",1,China,"('Guiyang', 'Pingliang', 'Tianshui', 'Zhanjiang', 'Zhumadian')",5,5
"Exactly 1 of the following cities are in Jordan: Hiroshima, Yingkou, Krasnodar, Niluefer, Calumbo.",0,Jordan,"('Calumbo', 'Hiroshima', 'Krasnodar', 'Niluefer', 'Yingkou')",1,0
"Exactly 5 of the following cities are in Albania: Baotou, Tomsk, Antananarivo, Goyang-si, Iskandar Puteri.",0,Albania,"('Antananarivo', 'Baotou', 'Goyang-si', 'Iskandar Puteri', 'Tomsk')",5,0
"Exactly 4 of the following cities are in Vietnam: Binh Thanh, Vinh, Qui Nhon, Porto Velho, Bien Hoa.",1,Vietnam,"('Bien Hoa', 'Binh Thanh', 'Porto Velho', 'Qui Nhon', 'Vinh')",4,4
"Exactly 2 of the following cities are in Lebanon: Ajmer, Beirut, Abeokuta, Ra's Bayrut, Rawalpindi.",1,Lebanon,"('Abeokuta', 'Ajmer', 'Beirut', ""Ra's Bayrut"", 'Rawalpindi')",2,2
"Exactly 0 of the following cities are in Nigeria: Gustavo Adolfo Madero, Port Harcourt, Abuja, Yangquan, Belford Roxo.",0,Nigeria,"('Abuja', 'Belford Roxo', 'Gustavo Adolfo Madero', 'Port Harcourt', 'Yangquan')",0,2
"Exactly 1 of the following cities are in Pakistan: Pietermaritzburg, Pingliang, Chunian, Muzaffarabad, Sukkur.",0,Pakistan,"('Chunian', 'Muzaffarabad', 'Pietermaritzburg', 'Pingliang', 'Sukkur')",1,3
"Exactly 0 of the following cities are in Tanzania: Arusha, Dar es Salaam, Dodoma, Mbeya, Zanzibar.",0,Tanzania,"('Arusha', 'Dar es Salaam', 'Dodoma', 'Mbeya', 'Zanzibar')",0,5
"Exactly 4 of the following cities are in Morocco: Madinat an Nasr, Sulaymaniyah, Santo Domingo Oeste, Acapulco de Juarez, Homyel'.",0,Morocco,"('Acapulco de Juarez', ""Homyel'"", 'Madinat an Nasr', 'Santo Domingo Oeste', 'Sulaymaniyah')",4,0
"Exactly 1 of the following cities are in India: Kolkata, Dar es Salaam, Kallakurichi, Tiruchirappalli, Guatemala City.",0,India,"('Dar es Salaam', 'Guatemala City', 'Kallakurichi', 'Kolkata', 'Tiruchirappalli')",1,3
"Exactly 1 of the following cities are in Turkey: Ahvaz, Bursa, Konya, Niluefer, Diyarbakir.",0,Turkey,"('Ahvaz', 'Bursa', 'Diyarbakir', 'Konya', 'Niluefer')",1,4
"Exactly 0 of the following cities are in Algeria: Ha'il, Aleppo, Sokoto, Fuxin, Algiers.",0,Algeria,"('Aleppo', 'Algiers', 'Fuxin', ""Ha'il"", 'Sokoto')",0,1
"Exactly 3 of the following cities are in China: Soshanguve, Yaounde, Tasikmalaya, Hubballi, Mudanjiang.",0,China,"('Hubballi', 'Mudanjiang', 'Soshanguve', 'Tasikmalaya', 'Yaounde')",3,1
"Exactly 0 of the following cities are in Hungary: Maceio, Naucalpan de Juarez, Fukuoka, Ile-Ife, Mohammadpur.",1,Hungary,"('Fukuoka', 'Ile-Ife', 'Maceio', 'Mohammadpur', 'Naucalpan de Juarez')",0,0
"Exactly 0 of the following cities are in Nepal: Jos, Jinan, Zunyi, Pokhara, Kathmandu.",0,Nepal,"('Jinan', 'Jos', 'Kathmandu', 'Pokhara', 'Zunyi')",0,2
"Exactly 2 of the following cities are in Bangladesh: Pallabi, Mohammadpur, Mirpur Model Thana, Khulna, Rajshahi.",0,Bangladesh,"('Khulna', 'Mirpur Model Thana', 'Mohammadpur', 'Pallabi', 'Rajshahi')",2,5
"Exactly 5 of the following cities are in Iraq: Kirkuk, Abu Ghurayb, Basrah, Al Mawsil al Jadidah, Mosul.",1,Iraq,"('Abu Ghurayb', 'Al Mawsil al Jadidah', 'Basrah', 'Kirkuk', 'Mosul')",5,5
"Exactly 4 of the following cities are in Malaysia: Pallabi, Malacca, Ipoh, Kuantan, Bukit Rahman Putra.",1,Malaysia,"('Bukit Rahman Putra', 'Ipoh', 'Kuantan', 'Malacca', 'Pallabi')",4,4
"Exactly 4 of the following cities are in Peru: Arequipa, Piura, Callao, Giza, Chiclayo.",1,Peru,"('Arequipa', 'Callao', 'Chiclayo', 'Giza', 'Piura')",4,4
"Exactly 0 of the following cities are in Cuba: Santiago de Cuba, Chuzhou, Chengdu, Suwon, Xuchang.",0,Cuba,"('Chengdu', 'Chuzhou', 'Santiago de Cuba', 'Suwon', 'Xuchang')",0,1
"Exactly 3 of the following cities are in Côte d'Ivoire: Adana, Bouake, Abidjan, Matola, Abobo.",1,Côte d'Ivoire,"('Abidjan', 'Abobo', 'Adana', 'Bouake', 'Matola')",3,3
"Exactly 3 of the following cities are in the United Arab Emirates: Anshan, Al Ain City, Sharjah, Cankaya, Abu Dhabi.",1,the United Arab Emirates,"('Abu Dhabi', 'Al Ain City', 'Anshan', 'Cankaya', 'Sharjah')",3,3
"Exactly 2 of the following cities are in Egypt: Shubra al Khaymah, Suez, Al Mahallah al Kubra, Assiut, Port Said.",0,Egypt,"('Al Mahallah al Kubra', 'Assiut', 'Port Said', 'Shubra al Khaymah', 'Suez')",2,5
"Exactly 0 of the following cities are in Morocco: Agadir, Zanzibar, Saratov, Marrakesh, Fes.",0,Morocco,"('Agadir', 'Fes', 'Marrakesh', 'Saratov', 'Zanzibar')",0,3
"Exactly 1 of the following cities are in Norway: Yangjiang, Mississauga, Putuo, Niamey, Ilorin.",0,Norway,"('Ilorin', 'Mississauga', 'Niamey', 'Putuo', 'Yangjiang')",1,0
"Exactly 0 of the following cities are in Cameroon: Douala, Saint Petersburg, Wuzhou, Yaounde, Benin City.",0,Cameroon,"('Benin City', 'Douala', 'Saint Petersburg', 'Wuzhou', 'Yaounde')",0,2
"Exactly 3 of the following cities are in Iraq: Nasiriyah, Chuzhou, Suizhou, Chuxiong, Basrah.",0,Iraq,"('Basrah', 'Chuxiong', 'Chuzhou', 'Nasiriyah', 'Suizhou')",3,2
"Exactly 2 of the following cities are in Tanzania: Zigong, Irbid, Indore, Mbeya, Victoria de Durango.",0,Tanzania,"('Indore', 'Irbid', 'Mbeya', 'Victoria de Durango', 'Zigong')",2,1
"Exactly 4 of the following cities are in the Democratic Republic of the Congo: Kikwit, Kolwezi, Bukavu, Tshikapa, Jinzhong.",1,the Democratic Republic of the Congo,"('Bukavu', 'Jinzhong', 'Kikwit', 'Kolwezi', 'Tshikapa')",4,4
"Exactly 5 of the following cities are in Australia: Guatemala City, Kanayannur, Al Hudaydah, Shangrao, Aracaju.",0,Australia,"('Al Hudaydah', 'Aracaju', 'Guatemala City', 'Kanayannur', 'Shangrao')",5,0
"Exactly 1 of the following cities are in Turkey: Esenyurt, Seattle, Eskisehir, Andijon, Neijiang.",0,Turkey,"('Andijon', 'Esenyurt', 'Eskisehir', 'Neijiang', 'Seattle')",1,2
"Exactly 1 of the following cities are in Sweden: Jamnagar, Stockholm, Comilla, Pingliang, Camayenne.",1,Sweden,"('Camayenne', 'Comilla', 'Jamnagar', 'Pingliang', 'Stockholm')",1,1
"Exactly 1 of the following cities are in Nicaragua: Detroit, Ouagadougou, Vinh, Jiamusi, Cheongju-si.",0,Nicaragua,"('Cheongju-si', 'Detroit', 'Jiamusi', 'Ouagadougou', 'Vinh')",1,0
"Exactly 4 of the following cities are in Tanzania: Adachi, Zanzibar, Dar es Salaam, Arusha, Suining.",0,Tanzania,"('Adachi', 'Arusha', 'Dar es Salaam', 'Suining', 'Zanzibar')",4,3
"Exactly 1 of the following cities are in Djibouti: Culiacan, Bahawalpur, Jieyang, Giza, Pimpri.",0,Djibouti,"('Bahawalpur', 'Culiacan', 'Giza', 'Jieyang', 'Pimpri')",1,0
"Exactly 0 of the following cities are in Iran: Rahim Yar Khan, Shaoguan, Sevastopol, Yingkou, Zahedan.",0,Iran,"('Rahim Yar Khan', 'Sevastopol', 'Shaoguan', 'Yingkou', 'Zahedan')",0,1
"Exactly 4 of the following cities are in Morocco: Tangier, Fes, Marrakesh, Oujda, Sofia.",1,Morocco,"('Fes', 'Marrakesh', 'Oujda', 'Sofia', 'Tangier')",4,4
"Exactly 4 of the following cities are in Somalia: Wanning, Jajmau, Duesseldorf, Mosul, Victoria de Durango.",0,Somalia,"('Duesseldorf', 'Jajmau', 'Mosul', 'Victoria de Durango', 'Wanning')",4,0
"Exactly 2 of the following cities are in Ecuador: Kanpur, Quito, Duesseldorf, Rajkot, Guayaquil.",1,Ecuador,"('Duesseldorf', 'Guayaquil', 'Kanpur', 'Quito', 'Rajkot')",2,2
"Exactly 0 of the following cities are in Zimbabwe: Antananarivo, Taiz, Jiamusi, Mumbai, Gujrat.",1,Zimbabwe,"('Antananarivo', 'Gujrat', 'Jiamusi', 'Mumbai', 'Taiz')",0,0
"Exactly 1 of the following cities are in Russia: Krasnoyarsk, Omsk, Yekaterinburg, Seoul, Amravati.",0,Russia,"('Amravati', 'Krasnoyarsk', 'Omsk', 'Seoul', 'Yekaterinburg')",1,3
"Exactly 2 of the following cities are in Zambia: Victoria de Durango, Torreon, Soweto, Ndola, Chicago.",0,Zambia,"('Chicago', 'Ndola', 'Soweto', 'Torreon', 'Victoria de Durango')",2,1
"Exactly 3 of the following cities are in Brazil: Florianopolis, Uberlandia, Marseille, Niteroi, Yangon.",1,Brazil,"('Florianopolis', 'Marseille', 'Niteroi', 'Uberlandia', 'Yangon')",3,3
"Exactly 0 of the following cities are in Qatar: Hlaingthaya, Cuiaba, Amritsar, Xiangtan, Setagaya.",1,Qatar,"('Amritsar', 'Cuiaba', 'Hlaingthaya', 'Setagaya', 'Xiangtan')",0,0
"Exactly 4 of the following cities are in Russia: Orenburg, Makhachkala, Kalininskiy, Saratov, Port-au-Prince.",1,Russia,"('Kalininskiy', 'Makhachkala', 'Orenburg', 'Port-au-Prince', 'Saratov')",4,4
"Exactly 1 of the following cities are in Afghanistan: Novokuznetsk, Mazar-e Sharif, Managua, Kalaburagi, Malatya.",1,Afghanistan,"('Kalaburagi', 'Malatya', 'Managua', 'Mazar-e Sharif', 'Novokuznetsk')",1,1
"Exactly 5 of the following cities are in Vietnam: Chizhou, Can Tho, Da Nang, Novosibirsk, Nanded.",0,Vietnam,"('Can Tho', 'Chizhou', 'Da Nang', 'Nanded', 'Novosibirsk')",5,2
"Exactly 4 of the following cities are in Kenya: Kakamega, Cangzhou, Nairobi, Mombasa, Nakuru.",1,Kenya,"('Cangzhou', 'Kakamega', 'Mombasa', 'Nairobi', 'Nakuru')",4,4
"Exactly 1 of the following cities are in Vietnam: Liuzhou, Najran, Tyumen, Barranquilla, Bannu.",0,Vietnam,"('Bannu', 'Barranquilla', 'Liuzhou', 'Najran', 'Tyumen')",1,0
"Exactly 0 of the following cities are in Slovenia: Hiroshima, Pingliang, Golfe, Sanmenxia, Zhaotong.",1,Slovenia,"('Golfe', 'Hiroshima', 'Pingliang', 'Sanmenxia', 'Zhaotong')",0,0
"Exactly 4 of the following cities are in Morocco: Sapporo, Likasi, Liaocheng, Owerri, Tangier.",0,Morocco,"('Liaocheng', 'Likasi', 'Owerri', 'Sapporo', 'Tangier')",4,1
"Exactly 2 of the following cities are in Saudi Arabia: Najran, Wenzhou, Dammam, Aparecida de Goiania, Sapporo.",1,Saudi Arabia,"('Aparecida de Goiania', 'Dammam', 'Najran', 'Sapporo', 'Wenzhou')",2,2
"Exactly 1 of the following cities are in Tajikistan: Bhiwandi, Benguela, Ar Raqqah, Dushanbe, Wuhan.",1,Tajikistan,"('Ar Raqqah', 'Benguela', 'Bhiwandi', 'Dushanbe', 'Wuhan')",1,1
"Exactly 2 of the following cities are in the United Arab Emirates: Tiruppur, Manaus, Abu Dhabi, Likasi, Al Ain City.",1,the United Arab Emirates,"('Abu Dhabi', 'Al Ain City', 'Likasi', 'Manaus', 'Tiruppur')",2,2
"Exactly 5 of the following cities are in Saudi Arabia: Buraydah, Sultanah, Ta'if, Jeddah, Ha'il.",1,Saudi Arabia,"('Buraydah', ""Ha'il"", 'Jeddah', 'Sultanah', ""Ta'if"")",5,5
"Exactly 1 of the following cities are in Bangladesh: Mohammadpur, Guilin, Calabar, Zhangjiakou, Xuchang.",1,Bangladesh,"('Calabar', 'Guilin', 'Mohammadpur', 'Xuchang', 'Zhangjiakou')",1,1
"Exactly 5 of the following cities are in Nepal: Pokhara, Kyoto, Teresina, Bhayandar, Guwahati.",0,Nepal,"('Bhayandar', 'Guwahati', 'Kyoto', 'Pokhara', 'Teresina')",5,1
"Exactly 5 of the following cities are in Burkina Faso: Gujrat, Ciudad Guayana, Jakarta, Ouagadougou, Sulaymaniyah.",0,Burkina Faso,"('Ciudad Guayana', 'Gujrat', 'Jakarta', 'Ouagadougou', 'Sulaymaniyah')",5,1
"Exactly 5 of the following cities are in Colombia: Soacha, Zhanjiang, Barranquilla, Bucaramanga, Cuautitlan Izcalli.",0,Colombia,"('Barranquilla', 'Bucaramanga', 'Cuautitlan Izcalli', 'Soacha', 'Zhanjiang')",5,3
"Exactly 1 of the following cities are in Papua New Guinea: Xuhui, Joao Pessoa, Aparecida de Goiania, Barquisimeto, Ajegunle.",0,Papua New Guinea,"('Ajegunle', 'Aparecida de Goiania', 'Barquisimeto', 'Joao Pessoa', 'Xuhui')",1,0
"Exactly 4 of the following cities are in Benin: Reynosa, Chelyabinsk, Chisinau, Eskisehir, Rio de Janeiro.",0,Benin,"('Chelyabinsk', 'Chisinau', 'Eskisehir', 'Reynosa', 'Rio de Janeiro')",4,0
"Exactly 4 of the following cities are in Lebanon: Mosul, Ra's Bayrut, Tianshui, Beirut, Jakarta.",0,Lebanon,"('Beirut', 'Jakarta', 'Mosul', ""Ra's Bayrut"", 'Tianshui')",4,2
"Exactly 2 of the following cities are in the Dominican Republic: Santo Domingo Oeste, Kunshan, San Luis Potosi, Erbil, Santiago de los Caballeros.",1,the Dominican Republic,"('Erbil', 'Kunshan', 'San Luis Potosi', 'Santiago de los Caballeros', 'Santo Domingo Oeste')",2,2
"Exactly 1 of the following cities are in Mauritius: Kampala, Latakia, Jeonju, Chuxiong, Meknes.",0,Mauritius,"('Chuxiong', 'Jeonju', 'Kampala', 'Latakia', 'Meknes')",1,0
"Exactly 2 of the following cities are in Luxembourg: Kakamega, Sargodha, Kagoshima, Sulaymaniyah, Piura.",0,Luxembourg,"('Kagoshima', 'Kakamega', 'Piura', 'Sargodha', 'Sulaymaniyah')",2,0
"Exactly 1 of the following cities are in Belgium: Rajkot, Lu'an, Kemerovo, Bhopal, Sofia.",0,Belgium,"('Bhopal', 'Kemerovo', ""Lu'an"", 'Rajkot', 'Sofia')",1,0
"Exactly 0 of the following cities are in Syria: Dortmund, Ar Raqqah, Homs, Dnipro, Aleppo.",0,Syria,"('Aleppo', 'Ar Raqqah', 'Dnipro', 'Dortmund', 'Homs')",0,3
"Exactly 2 of the following cities are in Kyrgyzstan: Guang'an, Bhavnagar, Bareilly, Kobe, Ningbo.",0,Kyrgyzstan,"('Bareilly', 'Bhavnagar', ""Guang'an"", 'Kobe', 'Ningbo')",2,0
"Exactly 1 of the following cities are in Djibouti: Orumiyeh, Mukalla, Benin City, Zhanjiang, Balikpapan.",0,Djibouti,"('Balikpapan', 'Benin City', 'Mukalla', 'Orumiyeh', 'Zhanjiang')",1,0
"Exactly 0 of the following cities are in Senegal: N'Djamena, Orumiyeh, Tokyo, Pingdingshan, Chizhou.",1,Senegal,"('Chizhou', ""N'Djamena"", 'Orumiyeh', 'Pingdingshan', 'Tokyo')",0,0
"Exactly 2 of the following cities are in Senegal: Maturin, Guankou, Dakar, Ghaziabad, Pikine.",1,Senegal,"('Dakar', 'Ghaziabad', 'Guankou', 'Maturin', 'Pikine')",2,2
"Exactly 1 of the following cities are in Tajikistan: Tyumen, Londrina, Korla, Dushanbe, Nampula.",1,Tajikistan,"('Dushanbe', 'Korla', 'Londrina', 'Nampula', 'Tyumen')",1,1
"Exactly 5 of the following cities are in Mexico: Cancun, Coyoacan, Gustavo Adolfo Madero, Culiacan, Santiago de Queretaro.",1,Mexico,"('Cancun', 'Coyoacan', 'Culiacan', 'Gustavo Adolfo Madero', 'Santiago de Queretaro')",5,5
"Exactly 2 of the following cities are in Yemen: Longyan, Madurai, Taiz, Carrefour, Fuxin.",0,Yemen,"('Carrefour', 'Fuxin', 'Longyan', 'Madurai', 'Taiz')",2,1
"Exactly 2 of the following cities are in Malaysia: Muscat, Mukim Pulai, Pontianak, Shah Alam, Dortmund.",1,Malaysia,"('Dortmund', 'Mukim Pulai', 'Muscat', 'Pontianak', 'Shah Alam')",2,2
"Exactly 3 of the following cities are in Morocco: Oujda, Marrakesh, Manaus, Meknes, Nakuru.",1,Morocco,"('Manaus', 'Marrakesh', 'Meknes', 'Nakuru', 'Oujda')",3,3
"Exactly 2 of the following cities are in Monaco: Ibadan, Stockholm, Kobe, Tucson, Mukalla.",0,Monaco,"('Ibadan', 'Kobe', 'Mukalla', 'Stockholm', 'Tucson')",2,0
"Exactly 0 of the following cities are in Jordan: Irbid, Dera Ismail Khan, Zarqa, Amman, Zapopan.",0,Jordan,"('Amman', 'Dera Ismail Khan', 'Irbid', 'Zapopan', 'Zarqa')",0,3
"Exactly 3 of the following cities are in Tanzania: Arusha, Daejeon, Wenzhou, Shangyu, Mbeya.",0,Tanzania,"('Arusha', 'Daejeon', 'Mbeya', 'Shangyu', 'Wenzhou')",3,2
"Exactly 0 of the following cities are in Ecuador: Vladivostok, Quito, Kasur, Lubango, Guayaquil.",0,Ecuador,"('Guayaquil', 'Kasur', 'Lubango', 'Quito', 'Vladivostok')",0,2
"Exactly 3 of the following cities are in India: Duque de Caxias, Santiago de Cuba, Amravati, Bengbu, Ibadan.",0,India,"('Amravati', 'Bengbu', 'Duque de Caxias', 'Ibadan', 'Santiago de Cuba')",3,1
"Exactly 3 of the following cities are in Paraguay: Hannover, Bukit Rahman Putra, Kyoto, Dongying, Khartoum.",0,Paraguay,"('Bukit Rahman Putra', 'Dongying', 'Hannover', 'Khartoum', 'Kyoto')",3,0
"Exactly 3 of the following cities are in Zambia: Anshan, Ndola, Lusaka, Kitwe, Sarajevo.",1,Zambia,"('Anshan', 'Kitwe', 'Lusaka', 'Ndola', 'Sarajevo')",3,3
"Exactly 5 of the following cities are in the Philippines: Paranaque City, Taguig, Caloocan, Davao, Cagayan de Oro.",1,the Philippines,"('Cagayan de Oro', 'Caloocan', 'Davao', 'Paranaque City', 'Taguig')",5,5
"Exactly 5 of the following cities are in the Democratic Republic of the Congo: Puxi, Taiz, Laibin, Ilorin, Bukit Rahman Putra.",0,the Democratic Republic of the Congo,"('Bukit Rahman Putra', 'Ilorin', 'Laibin', 'Puxi', 'Taiz')",5,0
"Exactly 4 of the following cities are in Sudan: Khartoum, Tirunelveli, Coyoacan, Ryazan', Thembisa.",0,Sudan,"('Coyoacan', 'Khartoum', ""Ryazan'"", 'Thembisa', 'Tirunelveli')",4,1
"Exactly 5 of the following cities are in Mali: Maianga, Sholapur, Bamako, Benxi, Baotou.",0,Mali,"('Bamako', 'Baotou', 'Benxi', 'Maianga', 'Sholapur')",5,1
"Exactly 3 of the following cities are in Ukraine: Kyiv, Leon de los Aldama, Dnipro, Sevastopol, Fes.",1,Ukraine,"('Dnipro', 'Fes', 'Kyiv', 'Leon de los Aldama', 'Sevastopol')",3,3
"Exactly 0 of the following cities are in India: Liupanshui, Ajegunle, Jilin, Cagayan de Oro, Agege.",1,India,"('Agege', 'Ajegunle', 'Cagayan de Oro', 'Jilin', 'Liupanshui')",0,0
"Exactly 0 of the following cities are in Tonga: Baise, Irkutsk, Tyumen, Odesa, Thu GJuc.",1,Tonga,"('Baise', 'Irkutsk', 'Odesa', 'Thu GJuc', 'Tyumen')",0,0
"Exactly 1 of the following cities are in Saudi Arabia: Ta'if, Madinah, Jeddah, Najran, Makkah.",0,Saudi Arabia,"('Jeddah', 'Madinah', 'Makkah', 'Najran', ""Ta'if"")",1,5
"Exactly 2 of the following cities are in Nigeria: Arak, Jos, Benin City, Owerri, Makati City.",0,Nigeria,"('Arak', 'Benin City', 'Jos', 'Makati City', 'Owerri')",2,3
"Exactly 2 of the following cities are in Liechtenstein: Yangquan, Rostov-on-Don, Chongming, Koeln, Ananindeua.",0,Liechtenstein,"('Ananindeua', 'Chongming', 'Koeln', 'Rostov-on-Don', 'Yangquan')",2,0
"Exactly 2 of the following cities are in France: Lyon, Toulouse, South Tangerang, Ndola, Sargodha.",1,France,"('Lyon', 'Ndola', 'Sargodha', 'South Tangerang', 'Toulouse')",2,2
"Exactly 3 of the following cities are in Angola: Ndola, Soweto, Nampula, Isfahan, Pekanbaru.",0,Angola,"('Isfahan', 'Nampula', 'Ndola', 'Pekanbaru', 'Soweto')",3,0
"Exactly 4 of the following cities are in China: Anshun, Harbin, Niluefer, Qiqihar, Guigang.",1,China,"('Anshun', 'Guigang', 'Harbin', 'Niluefer', 'Qiqihar')",4,4
"Exactly 0 of the following cities are in Tajikistan: Harare, Huaihua, Kampala, Nowrangapur, Beijing.",1,Tajikistan,"('Beijing', 'Harare', 'Huaihua', 'Kampala', 'Nowrangapur')",0,0
"Exactly 1 of the following cities are in Saudi Arabia: Maputo, Jos, Dortmund, Da Nang, Thiruvananthapuram.",0,Saudi Arabia,"('Da Nang', 'Dortmund', 'Jos', 'Maputo', 'Thiruvananthapuram')",1,0
"Exactly 3 of the following cities are in Suriname: Detroit, Panzhihua, Onitsha, Quezon City, Mexicali.",0,Suriname,"('Detroit', 'Mexicali', 'Onitsha', 'Panzhihua', 'Quezon City')",3,0
"Exactly 5 of the following cities are in Vietnam: Cho Lon, Thuan An, Haiphong, Binh Thanh, Qui Nhon.",1,Vietnam,"('Binh Thanh', 'Cho Lon', 'Haiphong', 'Qui Nhon', 'Thuan An')",5,5
"Exactly 0 of the following cities are in Belarus: Minsk, Likasi, Jieyang, Jeddah, Jiangmen.",0,Belarus,"('Jeddah', 'Jiangmen', 'Jieyang', 'Likasi', 'Minsk')",0,1
"Exactly 1 of the following cities are in India: Torreon, Basrah, Xingtai, Karbala, Jamnagar.",1,India,"('Basrah', 'Jamnagar', 'Karbala', 'Torreon', 'Xingtai')",1,1
"Exactly 5 of the following cities are in Uzbekistan: Niigata, Odesa, Andijon, Kasur, Namangan.",0,Uzbekistan,"('Andijon', 'Kasur', 'Namangan', 'Niigata', 'Odesa')",5,2
"Exactly 3 of the following cities are in Jordan: Irbid, Makhachkala, Zarqa, Thembisa, Amman.",1,Jordan,"('Amman', 'Irbid', 'Makhachkala', 'Thembisa', 'Zarqa')",3,3
"Exactly 4 of the following cities are in Uzbekistan: Andijon, Namangan, Samarkand, Baghdad, Tashkent.",1,Uzbekistan,"('Andijon', 'Baghdad', 'Namangan', 'Samarkand', 'Tashkent')",4,4
"Exactly 2 of the following cities are in Iran: Hohhot, Kermanshah, Pingliang, Arak, Nansana.",1,Iran,"('Arak', 'Hohhot', 'Kermanshah', 'Nansana', 'Pingliang')",2,2
"Exactly 5 of the following cities are in Russia: Basrah, Lipetsk, Bhilai, Krasnodar, Kayseri.",0,Russia,"('Basrah', 'Bhilai', 'Kayseri', 'Krasnodar', 'Lipetsk')",5,2
"Exactly 5 of the following cities are in Yemen: Taiz, Al Hudaydah, Mukalla, Aden, Ibb.",1,Yemen,"('Aden', 'Al Hudaydah', 'Ibb', 'Mukalla', 'Taiz')",5,5
"Exactly 0 of the following cities are in Niger: Cancun, Qinzhou, Tirunelveli, Anshan, Kermanshah.",1,Niger,"('Anshan', 'Cancun', 'Kermanshah', 'Qinzhou', 'Tirunelveli')",0,0
"Exactly 0 of the following cities are in Syria: Ciudad Nezahualcoyotl, Coimbatore, Jinan, Xiamen, Ajegunle.",1,Syria,"('Ajegunle', 'Ciudad Nezahualcoyotl', 'Coimbatore', 'Jinan', 'Xiamen')",0,0
"Exactly 0 of the following cities are in the Philippines: Taguig, Cimahi, Giza, Edogawe, Recife.",0,the Philippines,"('Cimahi', 'Edogawe', 'Giza', 'Recife', 'Taguig')",0,1
"Exactly 0 of the following cities are in Argentina: Mar del Plata, Libreville, Hachioji, Salta, San Miguel de Tucuman.",0,Argentina,"('Hachioji', 'Libreville', 'Mar del Plata', 'Salta', 'San Miguel de Tucuman')",0,3
"Exactly 4 of the following cities are in the United States: Qionghai, Detroit, Albuquerque, New York City, Indianapolis.",1,the United States,"('Albuquerque', 'Detroit', 'Indianapolis', 'New York City', 'Qionghai')",4,4
"Exactly 2 of the following cities are in Russia: Budapest, Vladivostok, Novokuznetsk, Naberezhnyye Chelny, Xianning.",0,Russia,"('Budapest', 'Naberezhnyye Chelny', 'Novokuznetsk', 'Vladivostok', 'Xianning')",2,3
"Exactly 5 of the following cities are in Mexico: Aguascalientes, Mexicali, Ciudad Nezahualcoyotl, Reynosa, Mexico City.",1,Mexico,"('Aguascalientes', 'Ciudad Nezahualcoyotl', 'Mexicali', 'Mexico City', 'Reynosa')",5,5
"Exactly 0 of the following cities are in Nigeria: Abeokuta, Ile-Ife, Rui'an, Zaria, Karaj.",0,Nigeria,"('Abeokuta', 'Ile-Ife', 'Karaj', ""Rui'an"", 'Zaria')",0,3
"Exactly 4 of the following cities are in Burundi: Karbala, Enugu, Bujumbura, Ibb, Mbeya.",0,Burundi,"('Bujumbura', 'Enugu', 'Ibb', 'Karbala', 'Mbeya')",4,1
"Exactly 5 of the following cities are in Australia: Anshan, Gold Coast, Jaipur, Islamabad, Quezon City.",0,Australia,"('Anshan', 'Gold Coast', 'Islamabad', 'Jaipur', 'Quezon City')",5,1
"Exactly 5 of the following cities are in Finland: Huludao, Leipzig, Ulanqab, Helsinki, Sarajevo.",0,Finland,"('Helsinki', 'Huludao', 'Leipzig', 'Sarajevo', 'Ulanqab')",5,1
"Exactly 1 of the following cities are in Belarus: Dnipro, Antananarivo, San Pedro Sula, Moradabad, Ranchi.",0,Belarus,"('Antananarivo', 'Dnipro', 'Moradabad', 'Ranchi', 'San Pedro Sula')",1,0
"Exactly 0 of the following cities are in Palau: Shangqiu, Daqing, Xiangtan, Tomsk, Kallakurichi.",1,Palau,"('Daqing', 'Kallakurichi', 'Shangqiu', 'Tomsk', 'Xiangtan')",0,0
"Exactly 3 of the following cities are in Nigeria: Lyon, Ibadan, Konya, Maiduguri, Kaduna.",1,Nigeria,"('Ibadan', 'Kaduna', 'Konya', 'Lyon', 'Maiduguri')",3,3
"Exactly 3 of the following cities are in Thailand: Thuan An, Nuremberg, Indianapolis, Chisinau, Shaoguan.",0,Thailand,"('Chisinau', 'Indianapolis', 'Nuremberg', 'Shaoguan', 'Thuan An')",3,0
"Exactly 1 of the following cities are in Nicaragua: Putuo, Managua, Iztapalapa, Xiangtan, Lu'an.",1,Nicaragua,"('Iztapalapa', ""Lu'an"", 'Managua', 'Putuo', 'Xiangtan')",1,1
"Exactly 3 of the following cities are in Bangladesh: Sholapur, Khulna, Chongming, Huaihua, Chattogram.",0,Bangladesh,"('Chattogram', 'Chongming', 'Huaihua', 'Khulna', 'Sholapur')",3,2
"Exactly 5 of the following cities are in Croatia: Rostov-on-Don, Arak, Mbuji-Mayi, Muntinlupa, E'zhou.",0,Croatia,"('Arak', ""E'zhou"", 'Mbuji-Mayi', 'Muntinlupa', 'Rostov-on-Don')",5,0
"Exactly 0 of the following cities are in Croatia: Muscat, Ulan Bator, Enugu, Rangpur, Carrefour.",1,Croatia,"('Carrefour', 'Enugu', 'Muscat', 'Rangpur', 'Ulan Bator')",0,0
"Exactly 1 of the following cities are in Tanzania: Yekaterinburg, Bukavu, Kyoto, Homyel', Dar es Salaam.",1,Tanzania,"('Bukavu', 'Dar es Salaam', ""Homyel'"", 'Kyoto', 'Yekaterinburg')",1,1
"Exactly 1 of the following cities are in Haiti: Novosibirsk, Karaj, Pallabi, Port-au-Prince, Ile-Ife.",1,Haiti,"('Ile-Ife', 'Karaj', 'Novosibirsk', 'Pallabi', 'Port-au-Prince')",1,1
"Exactly 1 of the following cities are in Latvia: Shekhupura, Nampula, Luancheng, Kayseri, Riga.",1,Latvia,"('Kayseri', 'Luancheng', 'Nampula', 'Riga', 'Shekhupura')",1,1
"Exactly 5 of the following cities are in Poland: Meknes, Krakow, Lodz, Wroclaw, Ile-Ife.",0,Poland,"('Ile-Ife', 'Krakow', 'Lodz', 'Meknes', 'Wroclaw')",5,3
"Exactly 1 of the following cities are in Ukraine: Sevastopol, Lviv, Kryvyy Rih, Kyiv, Kharkiv.",0,Ukraine,"('Kharkiv', 'Kryvyy Rih', 'Kyiv', 'Lviv', 'Sevastopol')",1,5
"Exactly 2 of the following cities are in Ecuador: Jos, Guayaquil, Johor Bahru, Quito, Jiaozhou.",1,Ecuador,"('Guayaquil', 'Jiaozhou', 'Johor Bahru', 'Jos', 'Quito')",2,2
"Exactly 2 of the following cities are in Mexico: Santiago de Queretaro, Tlaquepaque, San Luis Potosi, Mexicali, Kallakurichi.",0,Mexico,"('Kallakurichi', 'Mexicali', 'San Luis Potosi', 'Santiago de Queretaro', 'Tlaquepaque')",2,4
"Exactly 2 of the following cities are in the United States: Fort Worth, Tucson, Queens, Detroit, Seattle.",0,the United States,"('Detroit', 'Fort Worth', 'Queens', 'Seattle', 'Tucson')",2,5
"Exactly 4 of the following cities are in Rwanda: Bengaluru, Manaus, Caracas, Enugu, Nanchang.",0,Rwanda,"('Bengaluru', 'Caracas', 'Enugu', 'Manaus', 'Nanchang')",4,0
"Exactly 0 of the following cities are in Lithuania: Kryvyy Rih, Sultanah, Hanzhong, Gwalior, Dharavi.",1,Lithuania,"('Dharavi', 'Gwalior', 'Hanzhong', 'Kryvyy Rih', 'Sultanah')",0,0
"Exactly 5 of the following cities are in Germany: Duesseldorf, Nuremberg, Leipzig, Hannover, Frankfurt am Main.",1,Germany,"('Duesseldorf', 'Frankfurt am Main', 'Hannover', 'Leipzig', 'Nuremberg')",5,5
"Exactly 0 of the following cities are in Venezuela: Caracas, Mandalay, Barquisimeto, Oslo, Maracaibo.",0,Venezuela,"('Barquisimeto', 'Caracas', 'Mandalay', 'Maracaibo', 'Oslo')",0,3
"Exactly 2 of the following cities are in Senegal: Ebute Ikorodu, Accra, Kyoto, Pikine, Dakar.",1,Senegal,"('Accra', 'Dakar', 'Ebute Ikorodu', 'Kyoto', 'Pikine')",2,2
"Exactly 1 of the following cities are in Russia: Ryazan', Cuautitlan Izcalli, Osaka, Sanmenxia, Bhubaneswar.",1,Russia,"('Bhubaneswar', 'Cuautitlan Izcalli', 'Osaka', ""Ryazan'"", 'Sanmenxia')",1,1
"Exactly 4 of the following cities are in the United States: Seattle, New York City, Tucson, Foshan, Oklahoma City.",1,the United States,"('Foshan', 'New York City', 'Oklahoma City', 'Seattle', 'Tucson')",4,4
"Exactly 4 of the following cities are in the Dominican Republic: Yingkou, Santiago de los Caballeros, Krasnoyarsk, Bhilai, Xiangtan.",0,the Dominican Republic,"('Bhilai', 'Krasnoyarsk', 'Santiago de los Caballeros', 'Xiangtan', 'Yingkou')",4,1
"Exactly 2 of the following cities are in Kazakhstan: Akure, Shymkent, Aktobe, Nagpur, Malang.",1,Kazakhstan,"('Aktobe', 'Akure', 'Malang', 'Nagpur', 'Shymkent')",2,2
"Exactly 4 of the following cities are in Turkmenistan: Dera Ismail Khan, Douala, Copenhagen, Gazipur, Al Ain City.",0,Turkmenistan,"('Al Ain City', 'Copenhagen', 'Dera Ismail Khan', 'Douala', 'Gazipur')",4,0
"Exactly 3 of the following cities are in Turkmenistan: Libreville, Belford Roxo, Sagamihara, Konya, Chattogram.",0,Turkmenistan,"('Belford Roxo', 'Chattogram', 'Konya', 'Libreville', 'Sagamihara')",3,0
"Exactly 5 of the following cities are in the Democratic Republic of the Congo: Himeji, Bukavu, Kananga, Lubumbashi, Izhevsk.",0,the Democratic Republic of the Congo,"('Bukavu', 'Himeji', 'Izhevsk', 'Kananga', 'Lubumbashi')",5,3
"Exactly 5 of the following cities are in Nigeria: Sokoto, Katsina, Kaduna, Ibadan, Ilorin.",1,Nigeria,"('Ibadan', 'Ilorin', 'Kaduna', 'Katsina', 'Sokoto')",5,5
"Exactly 4 of the following cities are in Kenya: Mombasa, Nairobi, Kakamega, Nakuru, Zhangjiagang.",1,Kenya,"('Kakamega', 'Mombasa', 'Nairobi', 'Nakuru', 'Zhangjiagang')",4,4
"Exactly 0 of the following cities are in Malaysia: Koeln, Kayseri, Kota Kuala Muda, Cagayan de Oro, Ankara.",0,Malaysia,"('Ankara', 'Cagayan de Oro', 'Kayseri', 'Koeln', 'Kota Kuala Muda')",0,1
"Exactly 5 of the following cities are in South Africa: Gqeberha, Pretoria, Johannesburg, Cape Town, Benoni.",1,South Africa,"('Benoni', 'Cape Town', 'Gqeberha', 'Johannesburg', 'Pretoria')",5,5
"Exactly 3 of the following cities are in Egypt: Kuecuekcekmece, Panzhihua, Port Said, Al Mahallah al Kubra, Giza.",1,Egypt,"('Al Mahallah al Kubra', 'Giza', 'Kuecuekcekmece', 'Panzhihua', 'Port Said')",3,3
"Exactly 3 of the following cities are in Brazil: Tucson, Surat, Feira de Santana, Ananindeua, Guarulhos.",1,Brazil,"('Ananindeua', 'Feira de Santana', 'Guarulhos', 'Surat', 'Tucson')",3,3
"Exactly 1 of the following cities are in Ukraine: Sevastopol, Jiaxing, Pietermaritzburg, Manaus, Chattogram.",1,Ukraine,"('Chattogram', 'Jiaxing', 'Manaus', 'Pietermaritzburg', 'Sevastopol')",1,1
"Exactly 1 of the following cities are in Afghanistan: Zhaotong, Esenyurt, Managua, Mazar-e Sharif, Arifwala.",1,Afghanistan,"('Arifwala', 'Esenyurt', 'Managua', 'Mazar-e Sharif', 'Zhaotong')",1,1
"Exactly 2 of the following cities are in Ukraine: Gurugram, Sevastopol, Incheon, Kyiv, Dnipro.",0,Ukraine,"('Dnipro', 'Gurugram', 'Incheon', 'Kyiv', 'Sevastopol')",2,3
"Exactly 5 of the following cities are in Chile: Macapa, Bekasi, Puente Alto, Kirkuk, Kagoshima.",0,Chile,"('Bekasi', 'Kagoshima', 'Kirkuk', 'Macapa', 'Puente Alto')",5,1
"Exactly 2 of the following cities are in Angola: Calumbo, Varanasi, Milwaukee, Cabinda, Najafgarh.",1,Angola,"('Cabinda', 'Calumbo', 'Milwaukee', 'Najafgarh', 'Varanasi')",2,2
"Exactly 1 of the following cities are in Lithuania: Baku, Bhavnagar, Katsina, Songjiang, Vilnius.",1,Lithuania,"('Baku', 'Bhavnagar', 'Katsina', 'Songjiang', 'Vilnius')",1,1
"Exactly 3 of the following cities are in the Democratic Republic of the Congo: Zamboanga, Kananga, Lubumbashi, Kikwit, Barnaul.",1,the Democratic Republic of the Congo,"('Barnaul', 'Kananga', 'Kikwit', 'Lubumbashi', 'Zamboanga')",3,3
"Exactly 2 of the following cities are in Kazakhstan: Almaty, Aktobe, Ribeirao Preto, Guilin, Nashik.",1,Kazakhstan,"('Aktobe', 'Almaty', 'Guilin', 'Nashik', 'Ribeirao Preto')",2,2
"Exactly 2 of the following cities are in Indonesia: Torreon, Tasikmalaya, Semarang, New York City, Ulyanovsk.",1,Indonesia,"('New York City', 'Semarang', 'Tasikmalaya', 'Torreon', 'Ulyanovsk')",2,2
"Exactly 2 of the following cities are in Mexico: Reynosa, N'Djamena, Naucalpan de Juarez, Aparecida de Goiania, Ordos.",1,Mexico,"('Aparecida de Goiania', ""N'Djamena"", 'Naucalpan de Juarez', 'Ordos', 'Reynosa')",2,2
"Exactly 0 of the following cities are in Armenia: Yerevan, Daegu, Amman, Cheonan, Kayseri.",0,Armenia,"('Amman', 'Cheonan', 'Daegu', 'Kayseri', 'Yerevan')",0,1
"Exactly 0 of the following cities are in Singapore: Minsk, Ludhiana, Erzurum, Florianopolis, Adana.",1,Singapore,"('Adana', 'Erzurum', 'Florianopolis', 'Ludhiana', 'Minsk')",0,0
"Exactly 4 of the following cities are in China: Ordos, Linfen, Luzhou, Jilin, Homyel'.",1,China,"(""Homyel'"", 'Jilin', 'Linfen', 'Luzhou', 'Ordos')",4,4
"Exactly 5 of the following cities are in Palau: Zunyi, Guwahati, Abuja, Marseille, Tegucigalpa.",0,Palau,"('Abuja', 'Guwahati', 'Marseille', 'Tegucigalpa', 'Zunyi')",5,0
"Exactly 3 of the following cities are in South Korea: Incheon, Kimhae, Ulsan, Daegu, Ansan-si.",0,South Korea,"('Ansan-si', 'Daegu', 'Incheon', 'Kimhae', 'Ulsan')",3,5
"Exactly 4 of the following cities are in Jordan: Irbid, Amman, Porto Velho, Zarqa, Xuhui.",0,Jordan,"('Amman', 'Irbid', 'Porto Velho', 'Xuhui', 'Zarqa')",4,3
"Exactly 0 of the following cities are in Iran: Karaj, San Luis Potosi, Kermanshah, Nagoya, Arak.",0,Iran,"('Arak', 'Karaj', 'Kermanshah', 'Nagoya', 'San Luis Potosi')",0,3
"Exactly 0 of the following cities are in Egypt: Madinat an Nasr, Giza, Assiut, Suez, Al Fayyum.",0,Egypt,"('Al Fayyum', 'Assiut', 'Giza', 'Madinat an Nasr', 'Suez')",0,5
"Exactly 2 of the following cities are in Austria: Bangkok, Xiamen, Johannesburg, Kathmandu, Davao.",0,Austria,"('Bangkok', 'Davao', 'Johannesburg', 'Kathmandu', 'Xiamen')",2,0
"Exactly 2 of the following cities are in Slovakia: Volgograd, Cangzhou, Luohu District, Cho Lon, Giza.",0,Slovakia,"('Cangzhou', 'Cho Lon', 'Giza', 'Luohu District', 'Volgograd')",2,0
"Exactly 1 of the following cities are in Colombia: Cuiaba, Ibague, Bursa, Bucaramanga, Hachioji.",0,Colombia,"('Bucaramanga', 'Bursa', 'Cuiaba', 'Hachioji', 'Ibague')",1,2
"Exactly 4 of the following cities are in Monaco: Shangqiu, Sagamihara, Chenzhou, Sialkot, Quezon City.",0,Monaco,"('Chenzhou', 'Quezon City', 'Sagamihara', 'Shangqiu', 'Sialkot')",4,0
"Exactly 1 of the following cities are in Angola: Maianga, Ajegunle, Fukuoka, Calumbo, Cabinda.",0,Angola,"('Ajegunle', 'Cabinda', 'Calumbo', 'Fukuoka', 'Maianga')",1,3
"Exactly 2 of the following cities are in Pakistan: Antalya, Zahedan, Malang, Lahore, Karachi.",1,Pakistan,"('Antalya', 'Karachi', 'Lahore', 'Malang', 'Zahedan')",2,2
"Exactly 3 of the following cities are in China: Tashkent, Jiangmen, Shizuoka, Harbin, Ordos.",1,China,"('Harbin', 'Jiangmen', 'Ordos', 'Shizuoka', 'Tashkent')",3,3
"Exactly 2 of the following cities are in Russia: Orenburg, Tomsk, Kemerovo, Ulyanovsk, Saratov.",0,Russia,"('Kemerovo', 'Orenburg', 'Saratov', 'Tomsk', 'Ulyanovsk')",2,5
"Exactly 4 of the following cities are in Pakistan: Soacha, Battagram, Multan, Bobo-Dioulasso, Sanya.",0,Pakistan,"('Battagram', 'Bobo-Dioulasso', 'Multan', 'Sanya', 'Soacha')",4,2
"Exactly 1 of the following cities are in Myanmar: Hlaingthaya, Yangon, Mandalay, Dhanbad, Nay Pyi Taw.",0,Myanmar,"('Dhanbad', 'Hlaingthaya', 'Mandalay', 'Nay Pyi Taw', 'Yangon')",1,4
"Exactly 1 of the following cities are in the Philippines: Amritsar, Caloocan, Cebu City, Jaipur, Londrina.",0,the Philippines,"('Amritsar', 'Caloocan', 'Cebu City', 'Jaipur', 'Londrina')",1,2
"Exactly 1 of the following cities are in Equatorial Guinea: Mosul, Wanzhou, Dodoma, Jambi City, Yunfu.",0,Equatorial Guinea,"('Dodoma', 'Jambi City', 'Mosul', 'Wanzhou', 'Yunfu')",1,0
"Exactly 4 of the following cities are in Vietnam: Dera Ismail Khan, Caloocan, Niamey, Fort Worth, Algiers.",0,Vietnam,"('Algiers', 'Caloocan', 'Dera Ismail Khan', 'Fort Worth', 'Niamey')",4,0
"Exactly 0 of the following cities are in Venezuela: Barquisimeto, Ciudad Guayana, Cimahi, Agege, Maracaibo.",0,Venezuela,"('Agege', 'Barquisimeto', 'Cimahi', 'Ciudad Guayana', 'Maracaibo')",0,3
"Exactly 4 of the following cities are in Kazakhstan: Shymkent, Juiz de Fora, Qionghai, Astana, Almaty.",0,Kazakhstan,"('Almaty', 'Astana', 'Juiz de Fora', 'Qionghai', 'Shymkent')",4,3
"Exactly 2 of the following cities are in the United Arab Emirates: Zhongwei, Al Ain City, Abu Dhabi, Tiruchirappalli, Owerri.",1,the United Arab Emirates,"('Abu Dhabi', 'Al Ain City', 'Owerri', 'Tiruchirappalli', 'Zhongwei')",2,2
"Exactly 1 of the following cities are in Niger: South Tangerang, Mbeya, Niamey, Bloemfontein, Nashik.",1,Niger,"('Bloemfontein', 'Mbeya', 'Nashik', 'Niamey', 'South Tangerang')",1,1
"Exactly 5 of the following cities are in Yemen: Lipetsk, Mbuji-Mayi, Sungai Petani, Mukalla, Sanaa.",0,Yemen,"('Lipetsk', 'Mbuji-Mayi', 'Mukalla', 'Sanaa', 'Sungai Petani')",5,2
"Exactly 3 of the following cities are in Kuwait: Mazar-e Sharif, Teni, UEskuedar, Zapopan, Nyala.",0,Kuwait,"('Mazar-e Sharif', 'Nyala', 'Teni', 'UEskuedar', 'Zapopan')",3,0
"Exactly 1 of the following cities are in Vietnam: Zibo, Lubumbashi, Hue, Pasir Gudang, Thuan An.",0,Vietnam,"('Hue', 'Lubumbashi', 'Pasir Gudang', 'Thuan An', 'Zibo')",1,2
"Exactly 2 of the following cities are in Indonesia: Pekanbaru, Bikaner, Wanzhou, Cimahi, Ulan Bator.",1,Indonesia,"('Bikaner', 'Cimahi', 'Pekanbaru', 'Ulan Bator', 'Wanzhou')",2,2
"Exactly 3 of the following cities are in Colombia: Maturin, Barranquilla, Bucaramanga, Abu Dhabi, Soacha.",1,Colombia,"('Abu Dhabi', 'Barranquilla', 'Bucaramanga', 'Maturin', 'Soacha')",3,3
"Exactly 4 of the following cities are in Turkey: Daqing, Jamnagar, Eskisehir, Izmir, Xuchang.",0,Turkey,"('Daqing', 'Eskisehir', 'Izmir', 'Jamnagar', 'Xuchang')",4,2
"Exactly 4 of the following cities are in Iran: Nairobi, Arak, Johor Bahru, Zahedan, Bilimora.",0,Iran,"('Arak', 'Bilimora', 'Johor Bahru', 'Nairobi', 'Zahedan')",4,2
"Exactly 5 of the following cities are in Morocco: Oujda, Meknes, Marrakesh, Tangier, Agadir.",1,Morocco,"('Agadir', 'Marrakesh', 'Meknes', 'Oujda', 'Tangier')",5,5
"Exactly 4 of the following cities are in Canada: Calgary, Quebec, Winnipeg, Esenler, Mississauga.",1,Canada,"('Calgary', 'Esenler', 'Mississauga', 'Quebec', 'Winnipeg')",4,4
"Exactly 5 of the following cities are in Bangladesh: Pallabi, Comilla, Mirpur Model Thana, Mohammadpur, Rangpur.",1,Bangladesh,"('Comilla', 'Mirpur Model Thana', 'Mohammadpur', 'Pallabi', 'Rangpur')",5,5
"Exactly 2 of the following cities are in the United States: Detroit, Gujrat, Algiers, Luzhou, Indianapolis.",1,the United States,"('Algiers', 'Detroit', 'Gujrat', 'Indianapolis', 'Luzhou')",2,2
"Exactly 3 of the following cities are in Pakistan: Dar es Salaam, Maputo, Barnaul, Ansan-si, Istanbul.",0,Pakistan,"('Ansan-si', 'Barnaul', 'Dar es Salaam', 'Istanbul', 'Maputo')",3,0
"Exactly 3 of the following cities are in the Czech Republic: Pokhara, Lianyungang, Hamadan, Kota Kinabalu, Adana.",0,the Czech Republic,"('Adana', 'Hamadan', 'Kota Kinabalu', 'Lianyungang', 'Pokhara')",3,0
"Exactly 2 of the following cities are in Tanzania: Mbeya, Zhenjiang, Dar es Salaam, Mulenvos, Niigata.",1,Tanzania,"('Dar es Salaam', 'Mbeya', 'Mulenvos', 'Niigata', 'Zhenjiang')",2,2
"Exactly 2 of the following cities are in Mozambique: Mexicali, Beira, Maputo, Nampula, Matola.",0,Mozambique,"('Beira', 'Maputo', 'Matola', 'Mexicali', 'Nampula')",2,4
"Exactly 3 of the following cities are in Iran: Karaj, Isfahan, Aktobe, Foshan, Kermanshah.",1,Iran,"('Aktobe', 'Foshan', 'Isfahan', 'Karaj', 'Kermanshah')",3,3
"Exactly 2 of the following cities are in Russia: Kyoto, Ufa, Krasnodar, Sanya, Tucson.",1,Russia,"('Krasnodar', 'Kyoto', 'Sanya', 'Tucson', 'Ufa')",2,2
"Exactly 4 of the following cities are in Japan: Stockholm, Shekhupura, Samarinda, Kitakyushu, Niigata.",0,Japan,"('Kitakyushu', 'Niigata', 'Samarinda', 'Shekhupura', 'Stockholm')",4,2
"Exactly 5 of the following cities are in Brazil: Contagem, Sao Bernardo do Campo, Porto Alegre, Guarulhos, Nova Iguacu.",1,Brazil,"('Contagem', 'Guarulhos', 'Nova Iguacu', 'Porto Alegre', 'Sao Bernardo do Campo')",5,5
"Exactly 2 of the following cities are in Hungary: Riga, Budapest, Shizuoka, Batam, Pest.",1,Hungary,"('Batam', 'Budapest', 'Pest', 'Riga', 'Shizuoka')",2,2
"Exactly 0 of the following cities are in Germany: Bulawayo, Munich, Guarulhos, Jingmen, Duesseldorf.",0,Germany,"('Bulawayo', 'Duesseldorf', 'Guarulhos', 'Jingmen', 'Munich')",0,2
"Exactly 1 of the following cities are in Pakistan: Ansan-si, Pallabi, Kalaburagi, Novosibirsk, Bannu.",1,Pakistan,"('Ansan-si', 'Bannu', 'Kalaburagi', 'Novosibirsk', 'Pallabi')",1,1
"Exactly 1 of the following cities are in Liechtenstein: Mar del Plata, Al Hudaydah, Mumbai, Manaus, Porto Alegre.",0,Liechtenstein,"('Al Hudaydah', 'Manaus', 'Mar del Plata', 'Mumbai', 'Porto Alegre')",1,0
"Exactly 2 of the following cities are in Cameroon: Yaounde, Kumamoto, Erode, Douala, Zhaotong.",1,Cameroon,"('Douala', 'Erode', 'Kumamoto', 'Yaounde', 'Zhaotong')",2,2
"Exactly 0 of the following cities are in Chile: Al Mahallah al Kubra, Puente Alto, Mandalay, Qom, Jeonju.",0,Chile,"('Al Mahallah al Kubra', 'Jeonju', 'Mandalay', 'Puente Alto', 'Qom')",0,1
"Exactly 4 of the following cities are in Nigeria: Akure, Ile-Ife, Bauchi, Kaduna, Varanasi.",1,Nigeria,"('Akure', 'Bauchi', 'Ile-Ife', 'Kaduna', 'Varanasi')",4,4
"Exactly 3 of the following cities are in Nigeria: Fushun, Port Harcourt, Ebute Ikorodu, Shangrao, Warri.",1,Nigeria,"('Ebute Ikorodu', 'Fushun', 'Port Harcourt', 'Shangrao', 'Warri')",3,3
"Exactly 2 of the following cities are in Tanzania: Dodoma, Novosibirsk, Aihara, Arusha, Laibin.",1,Tanzania,"('Aihara', 'Arusha', 'Dodoma', 'Laibin', 'Novosibirsk')",2,2
"Exactly 1 of the following cities are in North Korea: Khulna, Hamhung, Sargodha, Mianzhu, Deyang, Sichuan, Asmara.",1,North Korea,"('Asmara', 'Hamhung', 'Khulna', 'Mianzhu, Deyang, Sichuan', 'Sargodha')",1,1
"Exactly 3 of the following cities are in Canada: Winnipeg, Mississauga, Calgary, Pallabi, Putuo.",1,Canada,"('Calgary', 'Mississauga', 'Pallabi', 'Putuo', 'Winnipeg')",3,3
"Exactly 0 of the following cities are in Iraq: Baghdad, Basrah, Nasiriyah, Al Mawsil al Jadidah, Sadr City.",0,Iraq,"('Al Mawsil al Jadidah', 'Baghdad', 'Basrah', 'Nasiriyah', 'Sadr City')",0,5
"Exactly 4 of the following cities are in India: Bhavnagar, Kikwit, Anyang-si, Fushun, Ciudad Guayana.",0,India,"('Anyang-si', 'Bhavnagar', 'Ciudad Guayana', 'Fushun', 'Kikwit')",4,1
"Exactly 5 of the following cities are in South Africa: Gqeberha, Johannesburg, Pietermaritzburg, Soshanguve, Pretoria.",1,South Africa,"('Gqeberha', 'Johannesburg', 'Pietermaritzburg', 'Pretoria', 'Soshanguve')",5,5
"Exactly 2 of the following cities are in Zimbabwe: Rasapudipalem, Bulawayo, Budta, Kunming, Harare.",1,Zimbabwe,"('Budta', 'Bulawayo', 'Harare', 'Kunming', 'Rasapudipalem')",2,2
"Exactly 1 of the following cities are in the United Arab Emirates: Callao, Al Ain City, Arusha, Kuantan, Rostov-on-Don.",1,the United Arab Emirates,"('Al Ain City', 'Arusha', 'Callao', 'Kuantan', 'Rostov-on-Don')",1,1
"Exactly 0 of the following cities are in Andorra: Wuzhong, Odesa, Bien Hoa, Oujda, Londrina.",1,Andorra,"('Bien Hoa', 'Londrina', 'Odesa', 'Oujda', 'Wuzhong')",0,0
"Exactly 2 of the following cities are in Malaysia: Ha'il, Daejeon, Mukim Pulai, Kota Kinabalu, Banjarmasin.",1,Malaysia,"('Banjarmasin', 'Daejeon', ""Ha'il"", 'Kota Kinabalu', 'Mukim Pulai')",2,2
"Exactly 5 of the following cities are in Kazakhstan: Chiclayo, Bien Hoa, Rui'an, Xinyu, Bauchi.",0,Kazakhstan,"('Bauchi', 'Bien Hoa', 'Chiclayo', ""Rui'an"", 'Xinyu')",5,0
"Exactly 5 of the following cities are in Germany: Koeln, Hannover, Duesseldorf, Dortmund, Munich.",1,Germany,"('Dortmund', 'Duesseldorf', 'Hannover', 'Koeln', 'Munich')",5,5
"Exactly 1 of the following cities are in Russia: Barnaul, Novosibirsk, Makhachkala, Chelyabinsk, Saratov.",0,Russia,"('Barnaul', 'Chelyabinsk', 'Makhachkala', 'Novosibirsk', 'Saratov')",1,5
"Exactly 0 of the following cities are in Qatar: Ranchi, Perm, Dar es Salaam, Dehradun, Likasi.",1,Qatar,"('Dar es Salaam', 'Dehradun', 'Likasi', 'Perm', 'Ranchi')",0,0
"Exactly 0 of the following cities are in Namibia: Niigata, Karbala, Kigali, Tirunelveli, Al Ahmadi.",1,Namibia,"('Al Ahmadi', 'Karbala', 'Kigali', 'Niigata', 'Tirunelveli')",0,0
"Exactly 3 of the following cities are in Bangladesh: Chattogram, Luohe, Pallabi, Peshawar, Rangpur.",1,Bangladesh,"('Chattogram', 'Luohe', 'Pallabi', 'Peshawar', 'Rangpur')",3,3
"Exactly 3 of the following cities are in Nigeria: Jiamusi, Bikaner, Osogbo, Anqing, Daegu.",0,Nigeria,"('Anqing', 'Bikaner', 'Daegu', 'Jiamusi', 'Osogbo')",3,1
"Exactly 3 of the following cities are in Angola: Phnom Penh, Jakarta, Cangzhou, Lianyungang, Jabalpur.",0,Angola,"('Cangzhou', 'Jabalpur', 'Jakarta', 'Lianyungang', 'Phnom Penh')",3,0
"Exactly 5 of the following cities are in Denmark: Tirunelveli, Sao Jose dos Campos, Santiago de Queretaro, Bauchi, South Tangerang.",0,Denmark,"('Bauchi', 'Santiago de Queretaro', 'Sao Jose dos Campos', 'South Tangerang', 'Tirunelveli')",5,0
"Exactly 0 of the following cities are in Angola: Camama, Ciudad Juarez, Yaounde, Golfe, Xiangtan.",0,Angola,"('Camama', 'Ciudad Juarez', 'Golfe', 'Xiangtan', 'Yaounde')",0,2
"Exactly 1 of the following cities are in Japan: Adachi, Taiz, Kolhapur, Ahmedabad, Guang'an.",1,Japan,"('Adachi', 'Ahmedabad', ""Guang'an"", 'Kolhapur', 'Taiz')",1,1
"Exactly 3 of the following cities are in South Africa: Bloemfontein, Multan, Gqeberha, Benoni, Meerut.",1,South Africa,"('Benoni', 'Bloemfontein', 'Gqeberha', 'Meerut', 'Multan')",3,3
"Exactly 3 of the following cities are in Jordan: Irbid, Ilorin, Amman, Zarqa, Albuquerque.",1,Jordan,"('Albuquerque', 'Amman', 'Ilorin', 'Irbid', 'Zarqa')",3,3
"Exactly 3 of the following cities are in Comoros: Ibb, Lome, Bokaro, Joao Pessoa, Irbid.",0,Comoros,"('Bokaro', 'Ibb', 'Irbid', 'Joao Pessoa', 'Lome')",3,0
"Exactly 5 of the following cities are in South Korea: Tangshan, Recife, Abu Dhabi, Seongnam-si, Yerevan.",0,South Korea,"('Abu Dhabi', 'Recife', 'Seongnam-si', 'Tangshan', 'Yerevan')",5,1
"Exactly 2 of the following cities are in Guatemala: Rahim Yar Khan, Krasnoyarsk, Guangyuan, Sevastopol, Malingao.",0,Guatemala,"('Guangyuan', 'Krasnoyarsk', 'Malingao', 'Rahim Yar Khan', 'Sevastopol')",2,0
"Exactly 4 of the following cities are in the United States: New York City, Queens, Laiwu, Zhongwei, Mazar-e Sharif.",0,the United States,"('Laiwu', 'Mazar-e Sharif', 'New York City', 'Queens', 'Zhongwei')",4,2
"Exactly 0 of the following cities are in North Korea: Hamhung, Guankou, Copenhagen, Pimpri, Pyongyang.",0,North Korea,"('Copenhagen', 'Guankou', 'Hamhung', 'Pimpri', 'Pyongyang')",0,2
"Exactly 0 of the following cities are in Sweden: Sarajevo, Tehran, Kyoto, Stockholm, Selayang Baru Utara.",0,Sweden,"('Kyoto', 'Sarajevo', 'Selayang Baru Utara', 'Stockholm', 'Tehran')",0,1
"Exactly 2 of the following cities are in Angola: Shangluo, Cabinda, Mulenvos, Kathmandu, Al Mahallah al Kubra.",1,Angola,"('Al Mahallah al Kubra', 'Cabinda', 'Kathmandu', 'Mulenvos', 'Shangluo')",2,2
"Exactly 4 of the following cities are in Tanzania: Dodoma, Arusha, Dar es Salaam, Carrefour, Zanzibar.",1,Tanzania,"('Arusha', 'Carrefour', 'Dar es Salaam', 'Dodoma', 'Zanzibar')",4,4
"Exactly 2 of the following cities are in Honduras: Sialkot, Tegucigalpa, Konya, San Pedro Sula, Surat.",1,Honduras,"('Konya', 'San Pedro Sula', 'Sialkot', 'Surat', 'Tegucigalpa')",2,2
"Exactly 1 of the following cities are in Iraq: Kitwe, The Bronx, Aihara, Sadr City, Rohini.",1,Iraq,"('Aihara', 'Kitwe', 'Rohini', 'Sadr City', 'The Bronx')",1,1
"Exactly 3 of the following cities are in Germany: Koeln, Hannover, Liupanshui, Leipzig, Hefei.",1,Germany,"('Hannover', 'Hefei', 'Koeln', 'Leipzig', 'Liupanshui')",3,3
"Exactly 1 of the following cities are in Saudi Arabia: Aleppo, Ta'if, Najran, Kyiv, Buraydah.",0,Saudi Arabia,"('Aleppo', 'Buraydah', 'Kyiv', 'Najran', ""Ta'if"")",1,3
"Exactly 3 of the following cities are in South Africa: Fortaleza, Zhangjiagang, Soweto, Gqeberha, Durban.",1,South Africa,"('Durban', 'Fortaleza', 'Gqeberha', 'Soweto', 'Zhangjiagang')",3,3
"Exactly 3 of the following cities are in Myanmar: Hlaingthaya, Nay Pyi Taw, Antalya, Zhangjiakou, Mandalay.",1,Myanmar,"('Antalya', 'Hlaingthaya', 'Mandalay', 'Nay Pyi Taw', 'Zhangjiakou')",3,3
"Exactly 1 of the following cities are in Estonia: UEskuedar, Beirut, Puente Alto, Tasikmalaya, Tianshui.",0,Estonia,"('Beirut', 'Puente Alto', 'Tasikmalaya', 'Tianshui', 'UEskuedar')",1,0
"Exactly 0 of the following cities are in Mauritania: Sagamihara, Ibadan, Zhuzhou, Weihai, Thuan An.",1,Mauritania,"('Ibadan', 'Sagamihara', 'Thuan An', 'Weihai', 'Zhuzhou')",0,0
"Exactly 4 of the following cities are in Bangladesh: Mirpur Model Thana, Rangpur, Pallabi, Kimhae, Chattogram.",1,Bangladesh,"('Chattogram', 'Kimhae', 'Mirpur Model Thana', 'Pallabi', 'Rangpur')",4,4
"Exactly 4 of the following cities are in Egypt: Suez, Luohu District, Port Said, Al Mahallah al Kubra, Shubra al Khaymah.",1,Egypt,"('Al Mahallah al Kubra', 'Luohu District', 'Port Said', 'Shubra al Khaymah', 'Suez')",4,4
"Exactly 3 of the following cities are in South Africa: Durban, Pietermaritzburg, Soweto, Evaton, Johannesburg.",0,South Africa,"('Durban', 'Evaton', 'Johannesburg', 'Pietermaritzburg', 'Soweto')",3,5
"Exactly 2 of the following cities are in Kenya: Nairobi, Nashik, Ajegunle, Likasi, Zaozhuang.",0,Kenya,"('Ajegunle', 'Likasi', 'Nairobi', 'Nashik', 'Zaozhuang')",2,1
"Exactly 3 of the following cities are in South Africa: Accra, Kaduna, Soshanguve, Koeln, Pelentong.",0,South Africa,"('Accra', 'Kaduna', 'Koeln', 'Pelentong', 'Soshanguve')",3,1
"Exactly 3 of the following cities are in Yemen: Al Hudaydah, Cho Lon, Hachioji, Mukalla, Taiz.",1,Yemen,"('Al Hudaydah', 'Cho Lon', 'Hachioji', 'Mukalla', 'Taiz')",3,3
"Exactly 1 of the following cities are in Zimbabwe: Suining, Bulawayo, Thane, Bhilai, Ludhiana.",1,Zimbabwe,"('Bhilai', 'Bulawayo', 'Ludhiana', 'Suining', 'Thane')",1,1
"Exactly 1 of the following cities are in the Democratic Republic of the Congo: Tanggu, Kinshasa, Meknes, Yaroslavl, Joao Pessoa.",1,the Democratic Republic of the Congo,"('Joao Pessoa', 'Kinshasa', 'Meknes', 'Tanggu', 'Yaroslavl')",1,1
"Exactly 0 of the following cities are in Canada: Santiago de los Caballeros, Laiwu, Pingdingshan, Tshikapa, Bhilai.",1,Canada,"('Bhilai', 'Laiwu', 'Pingdingshan', 'Santiago de los Caballeros', 'Tshikapa')",0,0
"Exactly 0 of the following cities are in Sri Lanka: Luancheng, Bursa, Kallakurichi, Matsuyama, Korla.",1,Sri Lanka,"('Bursa', 'Kallakurichi', 'Korla', 'Luancheng', 'Matsuyama')",0,0
"Exactly 4 of the following cities are in Kazakhstan: Shymkent, Aktobe, Thu GJuc, Almaty, Astana.",1,Kazakhstan,"('Aktobe', 'Almaty', 'Astana', 'Shymkent', 'Thu GJuc')",4,4
"Exactly 4 of the following cities are in Bangladesh: Rajshahi, Comilla, Gazipur, Mirpur Model Thana, Suginami.",1,Bangladesh,"('Comilla', 'Gazipur', 'Mirpur Model Thana', 'Rajshahi', 'Suginami')",4,4
"Exactly 5 of the following cities are in Iran: Qom, Zahedan, Karaj, Orumiyeh, Kermanshah.",1,Iran,"('Karaj', 'Kermanshah', 'Orumiyeh', 'Qom', 'Zahedan')",5,5
"Exactly 5 of the following cities are in Myanmar: Yangpu, Zhongwei, Wanzhou, Hlaingthaya, Laibin.",0,Myanmar,"('Hlaingthaya', 'Laibin', 'Wanzhou', 'Yangpu', 'Zhongwei')",5,1
"Exactly 4 of the following cities are in South Africa: Soshanguve, Gqeberha, Bloemfontein, Sorocaba, Benoni.",1,South Africa,"('Benoni', 'Bloemfontein', 'Gqeberha', 'Sorocaba', 'Soshanguve')",4,4
"Exactly 1 of the following cities are in Tanzania: Bhilai, Maoming, Dar es Salaam, Arusha, Orumiyeh.",0,Tanzania,"('Arusha', 'Bhilai', 'Dar es Salaam', 'Maoming', 'Orumiyeh')",1,2
"Exactly 2 of the following cities are in Sudan: Shizuoka, Muzaffarabad, Dammam, Nyala, Kasur.",0,Sudan,"('Dammam', 'Kasur', 'Muzaffarabad', 'Nyala', 'Shizuoka')",2,1
"Exactly 3 of the following cities are in Turkey: Erzurum, Benin City, Adana, Feira de Santana, Niluefer.",1,Turkey,"('Adana', 'Benin City', 'Erzurum', 'Feira de Santana', 'Niluefer')",3,3
"Exactly 4 of the following cities are in Myanmar: Hlaingthaya, Cagayan de Oro, Mandalay, Nay Pyi Taw, Yangon.",1,Myanmar,"('Cagayan de Oro', 'Hlaingthaya', 'Mandalay', 'Nay Pyi Taw', 'Yangon')",4,4
"Exactly 3 of the following cities are in Côte d'Ivoire: Kolhapur, Konya, Matsuyama, Ribeirao Preto, Beirut.",0,Côte d'Ivoire,"('Beirut', 'Kolhapur', 'Konya', 'Matsuyama', 'Ribeirao Preto')",3,0
"Exactly 2 of the following cities are in the Maldives: Binzhou, Seattle, Daegu, Dandong, Bukit Rahman Putra.",0,the Maldives,"('Binzhou', 'Bukit Rahman Putra', 'Daegu', 'Dandong', 'Seattle')",2,0
"Exactly 1 of the following cities are in Turkey: Abu Ghurayb, Aleppo, Konya, Linyi, Kampung Baru Subang.",1,Turkey,"('Abu Ghurayb', 'Aleppo', 'Kampung Baru Subang', 'Konya', 'Linyi')",1,1
"Exactly 2 of the following cities are in Hungary: Shantou, Pest, Daejeon, Pasig City, Budapest.",1,Hungary,"('Budapest', 'Daejeon', 'Pasig City', 'Pest', 'Shantou')",2,2
"Exactly 2 of the following cities are in Ukraine: Istanbul, Sultanah, Lviv, Virar, Madinat an Nasr.",0,Ukraine,"('Istanbul', 'Lviv', 'Madinat an Nasr', 'Sultanah', 'Virar')",2,1
"Exactly 4 of the following cities are in Peru: Dombivali, Chiclayo, Piura, Arequipa, Callao.",1,Peru,"('Arequipa', 'Callao', 'Chiclayo', 'Dombivali', 'Piura')",4,4
"Exactly 3 of the following cities are in Rwanda: Zapopan, Kigali, Rahim Yar Khan, Iztapalapa, Bursa.",0,Rwanda,"('Bursa', 'Iztapalapa', 'Kigali', 'Rahim Yar Khan', 'Zapopan')",3,1
"Exactly 0 of the following cities are in Kazakhstan: Daejeon, Almaty, Novosibirsk, Benguela, Gujranwala.",0,Kazakhstan,"('Almaty', 'Benguela', 'Daejeon', 'Gujranwala', 'Novosibirsk')",0,1
"Exactly 5 of the following cities are in Vietnam: Quebec, Jilin, Nha Trang, Hue, Qui Nhon.",0,Vietnam,"('Hue', 'Jilin', 'Nha Trang', 'Quebec', 'Qui Nhon')",5,3
"Exactly 2 of the following cities are in Guinea: Camayenne, Kikolo, Kasur, Qom, Conakry.",1,Guinea,"('Camayenne', 'Conakry', 'Kasur', 'Kikolo', 'Qom')",2,2
"Exactly 0 of the following cities are in Venezuela: Ciudad Guayana, Lueliang, Barquisimeto, Maracaibo, San Pedro Sula.",0,Venezuela,"('Barquisimeto', 'Ciudad Guayana', 'Lueliang', 'Maracaibo', 'San Pedro Sula')",0,3
"Exactly 4 of the following cities are in the Democratic Republic of the Congo: Bukavu, Kolwezi, Kinshasa, Kananga, Copenhagen.",1,the Democratic Republic of the Congo,"('Bukavu', 'Copenhagen', 'Kananga', 'Kinshasa', 'Kolwezi')",4,4
"Exactly 3 of the following cities are in South Africa: Johannesburg, Kyoto, Bloemfontein, Muscat, Soshanguve.",1,South Africa,"('Bloemfontein', 'Johannesburg', 'Kyoto', 'Muscat', 'Soshanguve')",3,3
"Exactly 5 of the following cities are in Peru: Kota Kinabalu, Najran, The Bronx, Piura, Arequipa.",0,Peru,"('Arequipa', 'Kota Kinabalu', 'Najran', 'Piura', 'The Bronx')",5,2
"Exactly 2 of the following cities are in Cameroon: Zaria, Yaounde, Douala, Pontianak, Meerut.",1,Cameroon,"('Douala', 'Meerut', 'Pontianak', 'Yaounde', 'Zaria')",2,2
"Exactly 3 of the following cities are in Kenya: Kakamega, Tehran, Ganzhou, Mombasa, Nairobi.",1,Kenya,"('Ganzhou', 'Kakamega', 'Mombasa', 'Nairobi', 'Tehran')",3,3
"Exactly 4 of the following cities are in Sweden: Maturin, Qingdao, Madurai, Chattogram, Pikine.",0,Sweden,"('Chattogram', 'Madurai', 'Maturin', 'Pikine', 'Qingdao')",4,0
"Exactly 3 of the following cities are in Canada: Calgary, Quebec, Ulyanovsk, Eskisehir, Winnipeg.",1,Canada,"('Calgary', 'Eskisehir', 'Quebec', 'Ulyanovsk', 'Winnipeg')",3,3
"Exactly 2 of the following cities are in Argentina: Mar del Plata, Santo Domingo Este, Salta, Aqsu, San Miguel de Tucuman.",0,Argentina,"('Aqsu', 'Mar del Plata', 'Salta', 'San Miguel de Tucuman', 'Santo Domingo Este')",2,3
"Exactly 4 of the following cities are in Brazil: Suining, Indore, Addis Ababa, Dnipro, Anyang-si.",0,Brazil,"('Addis Ababa', 'Anyang-si', 'Dnipro', 'Indore', 'Suining')",4,0
"Exactly 5 of the following cities are in Angola: Cabinda, Golfe, Mulenvos, Benguela, Maianga.",1,Angola,"('Benguela', 'Cabinda', 'Golfe', 'Maianga', 'Mulenvos')",5,5
"Exactly 5 of the following cities are in the Philippines: Muntinlupa, General Santos, Cagayan de Oro, Taguig, Davao.",1,the Philippines,"('Cagayan de Oro', 'Davao', 'General Santos', 'Muntinlupa', 'Taguig')",5,5
"Exactly 1 of the following cities are in Qatar: Adachi, Copenhagen, Kryvyy Rih, Erzurum, Brasilia.",0,Qatar,"('Adachi', 'Brasilia', 'Copenhagen', 'Erzurum', 'Kryvyy Rih')",1,0
"Exactly 2 of the following cities are in Tunisia: Aktobe, Adana, Pikine, Piura, Borama.",0,Tunisia,"('Adana', 'Aktobe', 'Borama', 'Pikine', 'Piura')",2,0
"Exactly 0 of the following cities are in Eritrea: Anshan, Guangzhou, Ujjain, Asmara, Bamako.",0,Eritrea,"('Anshan', 'Asmara', 'Bamako', 'Guangzhou', 'Ujjain')",0,1
"Exactly 5 of the following cities are in Zambia: Nanchong, Baoji, Queens, Ndola, Beira.",0,Zambia,"('Baoji', 'Beira', 'Nanchong', 'Ndola', 'Queens')",5,1
"Exactly 4 of the following cities are in Turkey: Konya, Adana, Antalya, Izmir, Erzurum.",0,Turkey,"('Adana', 'Antalya', 'Erzurum', 'Izmir', 'Konya')",4,5
"Exactly 3 of the following cities are in Iran: Zahedan, Shangqiu, Karaj, Orumiyeh, Guarulhos.",1,Iran,"('Guarulhos', 'Karaj', 'Orumiyeh', 'Shangqiu', 'Zahedan')",3,3
"Exactly 3 of the following cities are in Syria: Latakia, Aleppo, Golfe, Homs, The Bronx.",1,Syria,"('Aleppo', 'Golfe', 'Homs', 'Latakia', 'The Bronx')",3,3
"Exactly 1 of the following cities are in Sweden: Shizuoka, Yunfu, Shah Alam, Nagoya, Zhanjiang.",0,Sweden,"('Nagoya', 'Shah Alam', 'Shizuoka', 'Yunfu', 'Zhanjiang')",1,0
"Exactly 0 of the following cities are in Saint Vincent and the Grenadines: Nanchong, Mysuru, Porto Velho, Sorocaba, Virar.",1,Saint Vincent and the Grenadines,"('Mysuru', 'Nanchong', 'Porto Velho', 'Sorocaba', 'Virar')",0,0
"Exactly 1 of the following cities are in Kazakhstan: Qinzhou, Astana, Aktobe, Almaty, Kemerovo.",0,Kazakhstan,"('Aktobe', 'Almaty', 'Astana', 'Kemerovo', 'Qinzhou')",1,3
"Exactly 2 of the following cities are in Egypt: General Santos, Al Mahallah al Kubra, Port Said, Shubra al Khaymah, Madinat an Nasr.",0,Egypt,"('Al Mahallah al Kubra', 'General Santos', 'Madinat an Nasr', 'Port Said', 'Shubra al Khaymah')",2,4
"Exactly 0 of the following cities are in Botswana: Surat, Suqian, Riga, Wuzhou, Xianyang.",1,Botswana,"('Riga', 'Suqian', 'Surat', 'Wuzhou', 'Xianyang')",0,0
"Exactly 5 of the following cities are in Saudi Arabia: Madinah, Dammam, Najran, Sultanah, Jeddah.",1,Saudi Arabia,"('Dammam', 'Jeddah', 'Madinah', 'Najran', 'Sultanah')",5,5
"Exactly 5 of the following cities are in Mozambique: Beira, Rizhao, Kolwezi, Jieyang, Luzhou.",0,Mozambique,"('Beira', 'Jieyang', 'Kolwezi', 'Luzhou', 'Rizhao')",5,1
"Exactly 5 of the following cities are in South Korea: Daejeon, Cheongju-si, Seoul, Changwon, Incheon.",1,South Korea,"('Changwon', 'Cheongju-si', 'Daejeon', 'Incheon', 'Seoul')",5,5
"Exactly 3 of the following cities are in Liberia: Selayang Baru Utara, Pallabi, Rajkot, Naucalpan de Juarez, Tehran.",0,Liberia,"('Naucalpan de Juarez', 'Pallabi', 'Rajkot', 'Selayang Baru Utara', 'Tehran')",3,0
"Exactly 3 of the following cities are in South Korea: Astana, Daegu, Goyang-si, Suwon, Wanning.",1,South Korea,"('Astana', 'Daegu', 'Goyang-si', 'Suwon', 'Wanning')",3,3
"Exactly 5 of the following cities are in Oman: Dakar, Bukit Rahman Putra, Kharkiv, Nanchang, Chongqing.",0,Oman,"('Bukit Rahman Putra', 'Chongqing', 'Dakar', 'Kharkiv', 'Nanchang')",5,0
"Exactly 3 of the following cities are in France: Yangquan, Marseille, Lyon, Toulouse, Novosibirsk.",1,France,"('Lyon', 'Marseille', 'Novosibirsk', 'Toulouse', 'Yangquan')",3,3
"Exactly 0 of the following cities are in Yemen: Mukalla, Al Hudaydah, Aden, Sanaa, Taiz.",0,Yemen,"('Aden', 'Al Hudaydah', 'Mukalla', 'Sanaa', 'Taiz')",0,5
"Exactly 0 of the following cities are in the United States: Milwaukee, Indianapolis, Gold Coast, New South Memphis, The Bronx.",0,the United States,"('Gold Coast', 'Indianapolis', 'Milwaukee', 'New South Memphis', 'The Bronx')",0,4
"Exactly 5 of the following cities are in Argentina: Luohu District, San Miguel de Tucuman, Neijiang, Salta, Mar del Plata.",0,Argentina,"('Luohu District', 'Mar del Plata', 'Neijiang', 'Salta', 'San Miguel de Tucuman')",5,3
"Exactly 2 of the following cities are in Venezuela: Caracas, Ciudad Guayana, Maracaibo, Shizuoka, Kitakyushu.",0,Venezuela,"('Caracas', 'Ciudad Guayana', 'Kitakyushu', 'Maracaibo', 'Shizuoka')",2,3
"Exactly 2 of the following cities are in Ghana: Kumasi, Khabarovsk, Accra, Izhevsk, Kagoshima.",1,Ghana,"('Accra', 'Izhevsk', 'Kagoshima', 'Khabarovsk', 'Kumasi')",2,2
"Exactly 0 of the following cities are in Guinea: Iskandar Puteri, Conakry, Irbid, Jiangyin, Wuhan.",0,Guinea,"('Conakry', 'Irbid', 'Iskandar Puteri', 'Jiangyin', 'Wuhan')",0,1
"Exactly 0 of the following cities are in Seychelles: Bien Hoa, Shymkent, Lusaka, Sadr City, Nairobi.",1,Seychelles,"('Bien Hoa', 'Lusaka', 'Nairobi', 'Sadr City', 'Shymkent')",0,0
"Exactly 1 of the following cities are in Myanmar: Zhabei, Kota Kinabalu, Kunshan, Huangshi, Erbil.",0,Myanmar,"('Erbil', 'Huangshi', 'Kota Kinabalu', 'Kunshan', 'Zhabei')",1,0
"Exactly 5 of the following cities are in Lebanon: Rizhao, Palembang, Beirut, Pretoria, Lu'an.",0,Lebanon,"('Beirut', ""Lu'an"", 'Palembang', 'Pretoria', 'Rizhao')",5,1
"Exactly 2 of the following cities are in South Africa: Joao Pessoa, Evaton, Bloemfontein, Johor Bahru, Pietermaritzburg.",0,South Africa,"('Bloemfontein', 'Evaton', 'Joao Pessoa', 'Johor Bahru', 'Pietermaritzburg')",2,3
"Exactly 5 of the following cities are in Mexico: Gustavo Adolfo Madero, Ecatepec de Morelos, Heroica Matamoros, Tlaquepaque, Cancun.",1,Mexico,"('Cancun', 'Ecatepec de Morelos', 'Gustavo Adolfo Madero', 'Heroica Matamoros', 'Tlaquepaque')",5,5
"Exactly 0 of the following cities are in the Democratic Republic of the Congo: Lueliang, Mbuji-Mayi, Kozhikode, Kisangani, Saint Petersburg.",0,the Democratic Republic of the Congo,"('Kisangani', 'Kozhikode', 'Lueliang', 'Mbuji-Mayi', 'Saint Petersburg')",0,2
"Exactly 4 of the following cities are in Rwanda: Almaty, Mohammadpur, Omdurman, Jiangmen, Leon de los Aldama.",0,Rwanda,"('Almaty', 'Jiangmen', 'Leon de los Aldama', 'Mohammadpur', 'Omdurman')",4,0
"Exactly 4 of the following cities are in Angola: Kikolo, Calumbo, Antalya, Benguela, Lubango.",1,Angola,"('Antalya', 'Benguela', 'Calumbo', 'Kikolo', 'Lubango')",4,4
"Exactly 4 of the following cities are in the Dominican Republic: Santo Domingo Este, Santo Domingo Oeste, Santiago de los Caballeros, Yunfu, Astrakhan.",0,the Dominican Republic,"('Astrakhan', 'Santiago de los Caballeros', 'Santo Domingo Este', 'Santo Domingo Oeste', 'Yunfu')",4,3
"Exactly 1 of the following cities are in Nigeria: Karaj, Akure, Ebute Ikorodu, Kinshasa, Maiduguri.",0,Nigeria,"('Akure', 'Ebute Ikorodu', 'Karaj', 'Kinshasa', 'Maiduguri')",1,3
"Exactly 0 of the following cities are in Sweden: Anshun, Port-au-Prince, Zhaoqing, Faisalabad, Yinchuan.",1,Sweden,"('Anshun', 'Faisalabad', 'Port-au-Prince', 'Yinchuan', 'Zhaoqing')",0,0
"Exactly 3 of the following cities are in Bahrain: Stockholm, Auckland, Meerut, Reynosa, Aracaju.",0,Bahrain,"('Aracaju', 'Auckland', 'Meerut', 'Reynosa', 'Stockholm')",3,0
"Exactly 1 of the following cities are in Seychelles: Mexicali, Coyoacan, Pimpri, New South Memphis, Santiago de Cuba.",0,Seychelles,"('Coyoacan', 'Mexicali', 'New South Memphis', 'Pimpri', 'Santiago de Cuba')",1,0
"Exactly 1 of the following cities are in Egypt: Yangquan, Al Fayyum, Huangshi, Kalaburagi, Kampung Baru Subang.",1,Egypt,"('Al Fayyum', 'Huangshi', 'Kalaburagi', 'Kampung Baru Subang', 'Yangquan')",1,1
"Exactly 1 of the following cities are in Colombia: Benoni, Homs, Ibague, Can Tho, Saratov.",1,Colombia,"('Benoni', 'Can Tho', 'Homs', 'Ibague', 'Saratov')",1,1
"Exactly 1 of the following cities are in Iran: Kashgar, Koeln, Qom, Quebec, Bukavu.",1,Iran,"('Bukavu', 'Kashgar', 'Koeln', 'Qom', 'Quebec')",1,1
"Exactly 2 of the following cities are in Moldova: Chizhou, Chisinau, Chicago, Makkah, Bhilai.",0,Moldova,"('Bhilai', 'Chicago', 'Chisinau', 'Chizhou', 'Makkah')",2,1
"Exactly 3 of the following cities are in Vietnam: Da Nang, Budapest, Bien Hoa, Luancheng, Nha Trang.",1,Vietnam,"('Bien Hoa', 'Budapest', 'Da Nang', 'Luancheng', 'Nha Trang')",3,3
"Exactly 3 of the following cities are in Morocco: Juiz de Fora, Qiqihar, Oklahoma City, Calgary, Libreville.",0,Morocco,"('Calgary', 'Juiz de Fora', 'Libreville', 'Oklahoma City', 'Qiqihar')",3,0
"Exactly 5 of the following cities are in Iran: Tabriz, Arak, Karaj, Ahvaz, Isfahan.",1,Iran,"('Ahvaz', 'Arak', 'Isfahan', 'Karaj', 'Tabriz')",5,5
"Exactly 5 of the following cities are in Eritrea: Asmara, Niluefer, Bauchi, Can Tho, Qiqihar.",0,Eritrea,"('Asmara', 'Bauchi', 'Can Tho', 'Niluefer', 'Qiqihar')",5,1
"Exactly 1 of the following cities are in Somalia: Anshan, Mexico City, Sapporo, Mogadishu, Ahmedabad.",1,Somalia,"('Ahmedabad', 'Anshan', 'Mexico City', 'Mogadishu', 'Sapporo')",1,1
"Exactly 5 of the following cities are in Laos: Jaboatao dos Guararapes, Libreville, Vientiane, Kolwezi, Sultanah.",0,Laos,"('Jaboatao dos Guararapes', 'Kolwezi', 'Libreville', 'Sultanah', 'Vientiane')",5,1
"Exactly 0 of the following cities are in Liechtenstein: Kozhikode, Naucalpan de Juarez, Vilnius, Ciudad Juarez, Lipetsk.",1,Liechtenstein,"('Ciudad Juarez', 'Kozhikode', 'Lipetsk', 'Naucalpan de Juarez', 'Vilnius')",0,0
"Exactly 0 of the following cities are in Kazakhstan: Benin City, Duque de Caxias, Aracaju, Shymkent, Bilimora.",0,Kazakhstan,"('Aracaju', 'Benin City', 'Bilimora', 'Duque de Caxias', 'Shymkent')",0,1
"Exactly 2 of the following cities are in India: Bilimora, Shihezi, Borivli, Visakhapatnam, Hubballi.",0,India,"('Bilimora', 'Borivli', 'Hubballi', 'Shihezi', 'Visakhapatnam')",2,4
"Exactly 1 of the following cities are in Angola: Benguela, Madinah, Kikolo, Cabinda, Esenler.",0,Angola,"('Benguela', 'Cabinda', 'Esenler', 'Kikolo', 'Madinah')",1,3
"Exactly 4 of the following cities are in India: Kolhapur, Ndola, Bhiwandi, Bhubaneswar, Pimpri-Chinchwad.",1,India,"('Bhiwandi', 'Bhubaneswar', 'Kolhapur', 'Ndola', 'Pimpri-Chinchwad')",4,4
"Exactly 1 of the following cities are in Algeria: Lubumbashi, Fort Worth, Serang, Algiers, Yunfu.",1,Algeria,"('Algiers', 'Fort Worth', 'Lubumbashi', 'Serang', 'Yunfu')",1,1
"Exactly 3 of the following cities are in Bolivia: Iskandar Puteri, Chiclayo, Zhangjiakou, Bamako, Naberezhnyye Chelny.",0,Bolivia,"('Bamako', 'Chiclayo', 'Iskandar Puteri', 'Naberezhnyye Chelny', 'Zhangjiakou')",3,0
"Exactly 1 of the following cities are in Jamaica: Peshawar, Jamshedpur, Kathmandu, Bauchi, New Kingston.",1,Jamaica,"('Bauchi', 'Jamshedpur', 'Kathmandu', 'New Kingston', 'Peshawar')",1,1
"Exactly 2 of the following cities are in Cambodia: Selayang Baru Utara, Chelyabinsk, Changde, Bandar Lampung, Phnom Penh.",0,Cambodia,"('Bandar Lampung', 'Changde', 'Chelyabinsk', 'Phnom Penh', 'Selayang Baru Utara')",2,1
"Exactly 5 of the following cities are in Colombia: Maputo, Bucaramanga, Arusha, Cucuta, Soacha.",0,Colombia,"('Arusha', 'Bucaramanga', 'Cucuta', 'Maputo', 'Soacha')",5,3
"Exactly 0 of the following cities are in Mozambique: Muzaffarabad, Ankara, Ranchi, Bokaro, Shanghai.",1,Mozambique,"('Ankara', 'Bokaro', 'Muzaffarabad', 'Ranchi', 'Shanghai')",0,0
"Exactly 0 of the following cities are in Peru: Krakow, Esenyurt, Subang Jaya, Shantou, Okayama.",1,Peru,"('Esenyurt', 'Krakow', 'Okayama', 'Shantou', 'Subang Jaya')",0,0
"Exactly 5 of the following cities are in Iran: Ahvaz, Zahedan, Isfahan, Qom, Orumiyeh.",1,Iran,"('Ahvaz', 'Isfahan', 'Orumiyeh', 'Qom', 'Zahedan')",5,5
"Exactly 4 of the following cities are in Mozambique: Nampula, Rizhao, Maputo, Matola, Beira.",1,Mozambique,"('Beira', 'Maputo', 'Matola', 'Nampula', 'Rizhao')",4,4
"Exactly 4 of the following cities are in Morocco: Meknes, Izhevsk, Agadir, Tangier, Marrakesh.",1,Morocco,"('Agadir', 'Izhevsk', 'Marrakesh', 'Meknes', 'Tangier')",4,4
"Exactly 1 of the following cities are in Armenia: Yerevan, Bouake, Surakarta, Huaihua, Kozhikode.",1,Armenia,"('Bouake', 'Huaihua', 'Kozhikode', 'Surakarta', 'Yerevan')",1,1
"Exactly 0 of the following cities are in Iran: Xuhui, Ahvaz, Yibin, Zahedan, Hermosillo.",0,Iran,"('Ahvaz', 'Hermosillo', 'Xuhui', 'Yibin', 'Zahedan')",0,2
"Exactly 0 of the following cities are in Ukraine: Odesa, Dharavi, Kryvyy Rih, Wuwei, Lviv.",0,Ukraine,"('Dharavi', 'Kryvyy Rih', 'Lviv', 'Odesa', 'Wuwei')",0,3
"Exactly 2 of the following cities are in Colombia: Banjarmasin, Barranquilla, Soacha, Ibague, Weihai.",0,Colombia,"('Banjarmasin', 'Barranquilla', 'Ibague', 'Soacha', 'Weihai')",2,3
"Exactly 2 of the following cities are in Ecuador: Kakamega, Addis Ababa, Guayaquil, Cotonou, Quito.",1,Ecuador,"('Addis Ababa', 'Cotonou', 'Guayaquil', 'Kakamega', 'Quito')",2,2
"Exactly 5 of the following cities are in Lebanon: Port Harcourt, Piura, Beirut, Tiruchirappalli, Ra's Bayrut.",0,Lebanon,"('Beirut', 'Piura', 'Port Harcourt', ""Ra's Bayrut"", 'Tiruchirappalli')",5,2
"Exactly 0 of the following cities are in Slovenia: Copenhagen, Bujumbura, Khabarovsk, Niamey, Bijie.",1,Slovenia,"('Bijie', 'Bujumbura', 'Copenhagen', 'Khabarovsk', 'Niamey')",0,0
"Exactly 1 of the following cities are in Chad: Ile-Ife, Faisalabad, Hlaingthaya, Lueliang, N'Djamena.",1,Chad,"('Faisalabad', 'Hlaingthaya', 'Ile-Ife', 'Lueliang', ""N'Djamena"")",1,1
"Exactly 0 of the following cities are in Argentina: San Miguel de Tucuman, UEskuedar, Xianyang, Aden, Foshan.",0,Argentina,"('Aden', 'Foshan', 'San Miguel de Tucuman', 'UEskuedar', 'Xianyang')",0,1
"Exactly 4 of the following cities are in Belarus: Maianga, Lusaka, Makkah, Zhaotong, Itabashi.",0,Belarus,"('Itabashi', 'Lusaka', 'Maianga', 'Makkah', 'Zhaotong')",4,0
"Exactly 3 of the following cities are in Kyrgyzstan: Incheon, Bishkek, Bhopal, Shijiazhuang, Bekasi.",0,Kyrgyzstan,"('Bekasi', 'Bhopal', 'Bishkek', 'Incheon', 'Shijiazhuang')",3,1
"Exactly 3 of the following cities are in Kazakhstan: Aktobe, Almaty, Shymkent, Aguascalientes, New York City.",1,Kazakhstan,"('Aguascalientes', 'Aktobe', 'Almaty', 'New York City', 'Shymkent')",3,3
"Exactly 1 of the following cities are in Indonesia: Karaj, Jaboatao dos Guararapes, Arequipa, Chuzhou, Bogor.",1,Indonesia,"('Arequipa', 'Bogor', 'Chuzhou', 'Jaboatao dos Guararapes', 'Karaj')",1,1
"Exactly 5 of the following cities are in Morocco: Yaounde, Chattogram, Soacha, Maracaibo, Tangier.",0,Morocco,"('Chattogram', 'Maracaibo', 'Soacha', 'Tangier', 'Yaounde')",5,1
"Exactly 1 of the following cities are in Russia: Kemerovo, Tolyatti, Irkutsk, Tomsk, Novosibirsk.",0,Russia,"('Irkutsk', 'Kemerovo', 'Novosibirsk', 'Tolyatti', 'Tomsk')",1,5
"Exactly 3 of the following cities are in Kazakhstan: Nampula, Astana, Baku, Almaty, Aktobe.",1,Kazakhstan,"('Aktobe', 'Almaty', 'Astana', 'Baku', 'Nampula')",3,3
"Exactly 0 of the following cities are in Guinea: Niigata, Odesa, Palembang, Conakry, Camayenne.",0,Guinea,"('Camayenne', 'Conakry', 'Niigata', 'Odesa', 'Palembang')",0,2
"Exactly 4 of the following cities are in Malawi: Giza, Gwalior, Pimpri, Shangqiu, Panshan.",0,Malawi,"('Giza', 'Gwalior', 'Panshan', 'Pimpri', 'Shangqiu')",4,0
"Exactly 3 of the following cities are in Kazakhstan: Kobe, Kathmandu, Fort Worth, New South Memphis, Al Mahallah al Kubra.",0,Kazakhstan,"('Al Mahallah al Kubra', 'Fort Worth', 'Kathmandu', 'Kobe', 'New South Memphis')",3,0
"Exactly 5 of the following cities are in Hungary: Pest, Kolwezi, Budapest, Shah Alam, Xuchang.",0,Hungary,"('Budapest', 'Kolwezi', 'Pest', 'Shah Alam', 'Xuchang')",5,2
"Exactly 5 of the following cities are in Vietnam: Nha Trang, Cho Lon, Haiphong, Can Tho, Da Nang.",1,Vietnam,"('Can Tho', 'Cho Lon', 'Da Nang', 'Haiphong', 'Nha Trang')",5,5
"Exactly 0 of the following cities are in Serbia: Rizhao, Port-au-Prince, Adana, Uberlandia, Tianjin.",1,Serbia,"('Adana', 'Port-au-Prince', 'Rizhao', 'Tianjin', 'Uberlandia')",0,0
"Exactly 0 of the following cities are in Belize: Giza, Soweto, Barquisimeto, Kobe, Sokoto.",1,Belize,"('Barquisimeto', 'Giza', 'Kobe', 'Sokoto', 'Soweto')",0,0
"Exactly 0 of the following cities are in Poland: Lodz, Wroclaw, Qinhuangdao, Quetta, Tashkent.",0,Poland,"('Lodz', 'Qinhuangdao', 'Quetta', 'Tashkent', 'Wroclaw')",0,2
"Exactly 1 of the following cities are in Uganda: Irkutsk, Shangrao, Lanzhou, Anyang-si, Kampala.",1,Uganda,"('Anyang-si', 'Irkutsk', 'Kampala', 'Lanzhou', 'Shangrao')",1,1
"Exactly 5 of the following cities are in Saudi Arabia: Sultanah, Jeddah, Buraydah, Madinah, Najran.",1,Saudi Arabia,"('Buraydah', 'Jeddah', 'Madinah', 'Najran', 'Sultanah')",5,5
"Exactly 5 of the following cities are in Malaysia: Pasir Gudang, Ipoh, Bukit Rahman Putra, Subang Jaya, Petaling Jaya.",1,Malaysia,"('Bukit Rahman Putra', 'Ipoh', 'Pasir Gudang', 'Petaling Jaya', 'Subang Jaya')",5,5
"Exactly 5 of the following cities are in Pakistan: Gujrat, Rawalpindi, Chunian, Bannu, Peshawar.",1,Pakistan,"('Bannu', 'Chunian', 'Gujrat', 'Peshawar', 'Rawalpindi')",5,5
"Exactly 2 of the following cities are in Benin: Wuzhong, Suining, Latakia, Cotonou, Dalian.",0,Benin,"('Cotonou', 'Dalian', 'Latakia', 'Suining', 'Wuzhong')",2,1
"Exactly 5 of the following cities are in Russia: Penza, Ryazan', Irkutsk, Khabarovsk, Novosibirsk.",1,Russia,"('Irkutsk', 'Khabarovsk', 'Novosibirsk', 'Penza', ""Ryazan'"")",5,5
"Exactly 4 of the following cities are in Kenya: Seoul, Mombasa, Kakamega, Nairobi, Nakuru.",1,Kenya,"('Kakamega', 'Mombasa', 'Nairobi', 'Nakuru', 'Seoul')",4,4
"Exactly 3 of the following cities are in Argentina: Hiroshima, Mar del Plata, Salta, Multan, San Miguel de Tucuman.",1,Argentina,"('Hiroshima', 'Mar del Plata', 'Multan', 'Salta', 'San Miguel de Tucuman')",3,3
"Exactly 5 of the following cities are in Japan: Sangli, Kitakyushu, Taiz, Jiamusi, Guli.",0,Japan,"('Guli', 'Jiamusi', 'Kitakyushu', 'Sangli', 'Taiz')",5,1
"Exactly 2 of the following cities are in Japan: Douala, Seattle, Neijiang, Amravati, Mombasa.",0,Japan,"('Amravati', 'Douala', 'Mombasa', 'Neijiang', 'Seattle')",2,0
"Exactly 3 of the following cities are in the Democratic Republic of the Congo: Lubumbashi, Bogor, Qionghai, Kolwezi, Kikwit.",1,the Democratic Republic of the Congo,"('Bogor', 'Kikwit', 'Kolwezi', 'Lubumbashi', 'Qionghai')",3,3
"Exactly 2 of the following cities are in Colombia: Bucaramanga, Soacha, Cucuta, Pontianak, Ibague.",0,Colombia,"('Bucaramanga', 'Cucuta', 'Ibague', 'Pontianak', 'Soacha')",2,4
"Exactly 3 of the following cities are in Brazil: Shizuoka, Goiania, Guarulhos, Sao Jose dos Campos, Daejeon.",1,Brazil,"('Daejeon', 'Goiania', 'Guarulhos', 'Sao Jose dos Campos', 'Shizuoka')",3,3
"Exactly 4 of the following cities are in Honduras: Suwon, Tegucigalpa, San Pedro Sula, Qiqihar, Isfahan.",0,Honduras,"('Isfahan', 'Qiqihar', 'San Pedro Sula', 'Suwon', 'Tegucigalpa')",4,2
"Exactly 0 of the following cities are in Benin: New South Memphis, Omsk, Carrefour, Jakarta, Marrakesh.",1,Benin,"('Carrefour', 'Jakarta', 'Marrakesh', 'New South Memphis', 'Omsk')",0,0
"Exactly 4 of the following cities are in Tanzania: Tasikmalaya, Pikine, Callao, Chelyabinsk, Hoji ya Henda.",0,Tanzania,"('Callao', 'Chelyabinsk', 'Hoji ya Henda', 'Pikine', 'Tasikmalaya')",4,0
"Exactly 2 of the following cities are in Ukraine: Dnipro, Ibb, Kryvyy Rih, Maputo, Acapulco de Juarez.",1,Ukraine,"('Acapulco de Juarez', 'Dnipro', 'Ibb', 'Kryvyy Rih', 'Maputo')",2,2
"Exactly 4 of the following cities are in the United Kingdom: Hengyang, Dharavi, Mandalay, Jammu, Bhopal.",0,the United Kingdom,"('Bhopal', 'Dharavi', 'Hengyang', 'Jammu', 'Mandalay')",4,0
"Exactly 5 of the following cities are in the Democratic Republic of the Congo: Likasi, Kananga, Kinshasa, Mbuji-Mayi, Kolwezi.",1,the Democratic Republic of the Congo,"('Kananga', 'Kinshasa', 'Kolwezi', 'Likasi', 'Mbuji-Mayi')",5,5
"Exactly 4 of the following cities are in Peru: Callao, Jingmen, Arequipa, Chiclayo, Piura.",1,Peru,"('Arequipa', 'Callao', 'Chiclayo', 'Jingmen', 'Piura')",4,4
"Exactly 1 of the following cities are in Guatemala: Guatemala City, Marseille, Shizuoka, Cucuta, Zhangzhou.",1,Guatemala,"('Cucuta', 'Guatemala City', 'Marseille', 'Shizuoka', 'Zhangzhou')",1,1
"Exactly 2 of the following cities are in Uzbekistan: Tashkent, Meknes, Andijon, Algiers, Zapopan.",1,Uzbekistan,"('Algiers', 'Andijon', 'Meknes', 'Tashkent', 'Zapopan')",2,2
"Exactly 1 of the following cities are in Ukraine: Sevastopol, Odesa, Kryvyy Rih, Guilin, Kharkiv.",0,Ukraine,"('Guilin', 'Kharkiv', 'Kryvyy Rih', 'Odesa', 'Sevastopol')",1,4
"Exactly 0 of the following cities are in Uzbekistan: Tashkent, Andijon, Namangan, Qinzhou, Tehran.",0,Uzbekistan,"('Andijon', 'Namangan', 'Qinzhou', 'Tashkent', 'Tehran')",0,3
"Exactly 3 of the following cities are in Romania: Caloocan, Pest, Wanxian, Sultanah, Qinhuangdao.",0,Romania,"('Caloocan', 'Pest', 'Qinhuangdao', 'Sultanah', 'Wanxian')",3,0
"Exactly 5 of the following cities are in China: Laiwu, Macapa, Marrakesh, Wuzhou, Guankou.",0,China,"('Guankou', 'Laiwu', 'Macapa', 'Marrakesh', 'Wuzhou')",5,3
"Exactly 0 of the following cities are in Guinea: Yangjiang, Gold Coast, Cape Town, Porto Alegre, Siping.",1,Guinea,"('Cape Town', 'Gold Coast', 'Porto Alegre', 'Siping', 'Yangjiang')",0,0
"Exactly 4 of the following cities are in Ukraine: Kyiv, Rawalpindi, Lviv, Dnipro, Odesa.",1,Ukraine,"('Dnipro', 'Kyiv', 'Lviv', 'Odesa', 'Rawalpindi')",4,4
"Exactly 3 of the following cities are in South Korea: Edogawe, Pelentong, Goyang-si, Daejeon, Changwon.",1,South Korea,"('Changwon', 'Daejeon', 'Edogawe', 'Goyang-si', 'Pelentong')",3,3
"Exactly 0 of the following cities are in Peru: Minsk, Busan, Arequipa, Tasikmalaya, Chiclayo.",0,Peru,"('Arequipa', 'Busan', 'Chiclayo', 'Minsk', 'Tasikmalaya')",0,2
"Exactly 5 of the following cities are in Mexico: Zapopan, Ecatepec de Morelos, Leon de los Aldama, Santiago de Queretaro, Acapulco de Juarez.",1,Mexico,"('Acapulco de Juarez', 'Ecatepec de Morelos', 'Leon de los Aldama', 'Santiago de Queretaro', 'Zapopan')",5,5
"Exactly 5 of the following cities are in Indonesia: Batam, Balikpapan, Surakarta, Palembang, Bogor.",1,Indonesia,"('Balikpapan', 'Batam', 'Bogor', 'Palembang', 'Surakarta')",5,5
"Exactly 5 of the following cities are in Iran: Hamadan, Orumiyeh, Isfahan, Tehran, Tabriz.",1,Iran,"('Hamadan', 'Isfahan', 'Orumiyeh', 'Tabriz', 'Tehran')",5,5
"Exactly 5 of the following cities are in Bhutan: Frankfurt am Main, Yangpu, Accra, Putuo, Zhuzhou.",0,Bhutan,"('Accra', 'Frankfurt am Main', 'Putuo', 'Yangpu', 'Zhuzhou')",5,0
"Exactly 2 of the following cities are in Zambia: Mexico City, Ndola, Kitwe, Kigali, Chongming.",1,Zambia,"('Chongming', 'Kigali', 'Kitwe', 'Mexico City', 'Ndola')",2,2
"Exactly 3 of the following cities are in China: Yongzhou, Tonghua, Gaziantep, Beijing, Beira.",1,China,"('Beijing', 'Beira', 'Gaziantep', 'Tonghua', 'Yongzhou')",3,3
"Exactly 0 of the following cities are in the Democratic Republic of the Congo: Bulawayo, Kananga, Kikwit, Bukavu, Kathmandu.",0,the Democratic Republic of the Congo,"('Bukavu', 'Bulawayo', 'Kananga', 'Kathmandu', 'Kikwit')",0,3
"Exactly 3 of the following cities are in Yemen: Sanaa, Aden, Mudanjiang, Taiz, Tlaquepaque.",1,Yemen,"('Aden', 'Mudanjiang', 'Sanaa', 'Taiz', 'Tlaquepaque')",3,3
"Exactly 5 of the following cities are in South Africa: Pietermaritzburg, Evaton, Soshanguve, Johannesburg, Pretoria.",1,South Africa,"('Evaton', 'Johannesburg', 'Pietermaritzburg', 'Pretoria', 'Soshanguve')",5,5
"Exactly 5 of the following cities are in Russia: Ulyanovsk, Krasnodar, Ryazan', Chelyabinsk, Astrakhan.",1,Russia,"('Astrakhan', 'Chelyabinsk', 'Krasnodar', ""Ryazan'"", 'Ulyanovsk')",5,5
"Exactly 5 of the following cities are in Bosnia and Herzegovina: Kimhae, Nagpur, Matsuyama, Nellore, Dortmund.",0,Bosnia and Herzegovina,"('Dortmund', 'Kimhae', 'Matsuyama', 'Nagpur', 'Nellore')",5,0
"Exactly 1 of the following cities are in Turkey: Jinzhong, Sultanah, Eskisehir, Putian, Yangjiang.",1,Turkey,"('Eskisehir', 'Jinzhong', 'Putian', 'Sultanah', 'Yangjiang')",1,1
"Exactly 1 of the following cities are in Croatia: Zagreb, Fes, Cuautitlan Izcalli, Anqing, San Miguel de Tucuman.",1,Croatia,"('Anqing', 'Cuautitlan Izcalli', 'Fes', 'San Miguel de Tucuman', 'Zagreb')",1,1
"Exactly 3 of the following cities are in Kenya: Dera Ismail Khan, Kakamega, Nakuru, Mombasa, Kuantan.",1,Kenya,"('Dera Ismail Khan', 'Kakamega', 'Kuantan', 'Mombasa', 'Nakuru')",3,3
"Exactly 0 of the following cities are in Djibouti: Helsinki, Balbala, Meizhou, Huainan, Changwon.",0,Djibouti,"('Balbala', 'Changwon', 'Helsinki', 'Huainan', 'Meizhou')",0,1
"Exactly 2 of the following cities are in Jordan: Tucson, Erbil, Zarqa, Pietermaritzburg, Amman.",1,Jordan,"('Amman', 'Erbil', 'Pietermaritzburg', 'Tucson', 'Zarqa')",2,2
"Exactly 0 of the following cities are in the Central African Republic: Thu GJuc, Gaziantep, Pokhara, Hamhung, Weifang.",1,the Central African Republic,"('Gaziantep', 'Hamhung', 'Pokhara', 'Thu GJuc', 'Weifang')",0,0
"Exactly 2 of the following cities are in Malaysia: Sharjah, Petaling Jaya, Mukim Pulai, Bukit Rahman Putra, Bagcilar.",0,Malaysia,"('Bagcilar', 'Bukit Rahman Putra', 'Mukim Pulai', 'Petaling Jaya', 'Sharjah')",2,3
"Exactly 3 of the following cities are in Uzbekistan: Qingdao, Namangan, Tashkent, Andijon, Shah Alam.",1,Uzbekistan,"('Andijon', 'Namangan', 'Qingdao', 'Shah Alam', 'Tashkent')",3,3
"Exactly 4 of the following cities are in Turkey: Deyang, Mersin, Diyarbakir, Izmir, Bursa.",1,Turkey,"('Bursa', 'Deyang', 'Diyarbakir', 'Izmir', 'Mersin')",4,4
"Exactly 4 of the following cities are in Yemen: Aden, Sanaa, Mukalla, Shaoguan, Al Hudaydah.",1,Yemen,"('Aden', 'Al Hudaydah', 'Mukalla', 'Sanaa', 'Shaoguan')",4,4
"Exactly 0 of the following cities are in Ukraine: Odesa, Lviv, Kryvyy Rih, Sevastopol, Kharkiv.",0,Ukraine,"('Kharkiv', 'Kryvyy Rih', 'Lviv', 'Odesa', 'Sevastopol')",0,5
"Exactly 4 of the following cities are in Syria: Latakia, Homs, Ar Raqqah, Aleppo, Kathmandu.",1,Syria,"('Aleppo', 'Ar Raqqah', 'Homs', 'Kathmandu', 'Latakia')",4,4
"Exactly 3 of the following cities are in China: Taguig, Lianyungang, Kolwezi, Tangier, Hlaingthaya.",0,China,"('Hlaingthaya', 'Kolwezi', 'Lianyungang', 'Taguig', 'Tangier')",3,1
"Exactly 1 of the following cities are in Guinea: Pietermaritzburg, Camayenne, Kumamoto, Bien Hoa, Guang'an.",1,Guinea,"('Bien Hoa', 'Camayenne', ""Guang'an"", 'Kumamoto', 'Pietermaritzburg')",1,1
"Exactly 5 of the following cities are in Chile: Culiacan, Hamadan, Huaihua, Naucalpan de Juarez, Kikwit.",0,Chile,"('Culiacan', 'Hamadan', 'Huaihua', 'Kikwit', 'Naucalpan de Juarez')",5,0
"Exactly 2 of the following cities are in Côte d'Ivoire: Abobo, Bouake, Abidjan, Makassar, Budta.",0,Côte d'Ivoire,"('Abidjan', 'Abobo', 'Bouake', 'Budta', 'Makassar')",2,3
"Exactly 2 of the following cities are in Ecuador: Changwon, Quito, Guayaquil, Denpasar, Linfen.",1,Ecuador,"('Changwon', 'Denpasar', 'Guayaquil', 'Linfen', 'Quito')",2,2
"Exactly 0 of the following cities are in Tajikistan: Jingmen, Seattle, Karol Bagh, Conakry, Yaounde.",1,Tajikistan,"('Conakry', 'Jingmen', 'Karol Bagh', 'Seattle', 'Yaounde')",0,0
"Exactly 5 of the following cities are in Thailand: Koeln, Santo Domingo Oeste, Bangkok, Ibadan, Khabarovsk.",0,Thailand,"('Bangkok', 'Ibadan', 'Khabarovsk', 'Koeln', 'Santo Domingo Oeste')",5,1
"Exactly 5 of the following cities are in South Korea: Shymkent, Linfen, Bilimora, Khulna, Goyang-si.",0,South Korea,"('Bilimora', 'Goyang-si', 'Khulna', 'Linfen', 'Shymkent')",5,1
"Exactly 1 of the following cities are in Zambia: Jabalpur, Aleppo, Lusaka, Kitwe, Ndola.",0,Zambia,"('Aleppo', 'Jabalpur', 'Kitwe', 'Lusaka', 'Ndola')",1,3
"Exactly 1 of the following cities are in South Africa: Cape Town, Pietermaritzburg, Bloemfontein, Benoni, Evaton.",0,South Africa,"('Benoni', 'Bloemfontein', 'Cape Town', 'Evaton', 'Pietermaritzburg')",1,5
"Exactly 5 of the following cities are in Saudi Arabia: Ta'if, Ha'il, Dammam, Makkah, Najran.",1,Saudi Arabia,"('Dammam', ""Ha'il"", 'Makkah', 'Najran', ""Ta'if"")",5,5
"Exactly 0 of the following cities are in Cambodia: Shanghai, Phnom Penh, Recife, Kalyan, Nova Iguacu.",0,Cambodia,"('Kalyan', 'Nova Iguacu', 'Phnom Penh', 'Recife', 'Shanghai')",0,1
"Exactly 5 of the following cities are in Yemen: Mukalla, Aden, Al Hudaydah, Sanaa, Ibb.",1,Yemen,"('Aden', 'Al Hudaydah', 'Ibb', 'Mukalla', 'Sanaa')",5,5
"Exactly 0 of the following cities are in Kiribati: Saitama, Hamhung, Korla, Sofia, Arusha.",1,Kiribati,"('Arusha', 'Hamhung', 'Korla', 'Saitama', 'Sofia')",0,0
"Exactly 2 of the following cities are in Bahrain: Omdurman, Siliguri, Dera Ismail Khan, Naberezhnyye Chelny, Gujrat.",0,Bahrain,"('Dera Ismail Khan', 'Gujrat', 'Naberezhnyye Chelny', 'Omdurman', 'Siliguri')",2,0
"Exactly 3 of the following cities are in Niger: Jiaozhou, Fuxin, Can Tho, Niamey, Teresina.",0,Niger,"('Can Tho', 'Fuxin', 'Jiaozhou', 'Niamey', 'Teresina')",3,1
"Exactly 4 of the following cities are in the Philippines: Malingao, Zamboanga, Caloocan, General Santos, Kermanshah.",1,the Philippines,"('Caloocan', 'General Santos', 'Kermanshah', 'Malingao', 'Zamboanga')",4,4
"Exactly 3 of the following cities are in Mexico: Ziyang, Mexicali, Niamey, Shangrao, Kirkuk.",0,Mexico,"('Kirkuk', 'Mexicali', 'Niamey', 'Shangrao', 'Ziyang')",3,1
"Exactly 0 of the following cities are in Zambia: Kitwe, Lusaka, Ndola, Benguela, Edogawe.",0,Zambia,"('Benguela', 'Edogawe', 'Kitwe', 'Lusaka', 'Ndola')",0,3
"Exactly 2 of the following cities are in Sweden: Cixi, Wroclaw, Huaihua, Malingao, Hezhou.",0,Sweden,"('Cixi', 'Hezhou', 'Huaihua', 'Malingao', 'Wroclaw')",2,0
"Exactly 2 of the following cities are in Angola: Pimpri-Chinchwad, Pikine, Calumbo, Andijon, Maianga.",1,Angola,"('Andijon', 'Calumbo', 'Maianga', 'Pikine', 'Pimpri-Chinchwad')",2,2
"Exactly 5 of the following cities are in the United States: Albuquerque, Indianapolis, New York City, Fort Worth, Chicago.",1,the United States,"('Albuquerque', 'Chicago', 'Fort Worth', 'Indianapolis', 'New York City')",5,5
"Exactly 4 of the following cities are in Morocco: Tangier, Marrakesh, Meknes, Fes, Bikaner.",1,Morocco,"('Bikaner', 'Fes', 'Marrakesh', 'Meknes', 'Tangier')",4,4
"Exactly 4 of the following cities are in Guatemala: Guatemala City, Makati City, Abidjan, Khulna, Kimhae.",0,Guatemala,"('Abidjan', 'Guatemala City', 'Khulna', 'Kimhae', 'Makati City')",4,1
"Exactly 1 of the following cities are in Pakistan: Shekhupura, Lodz, Gold Coast, Esenler, Puducherry.",1,Pakistan,"('Esenler', 'Gold Coast', 'Lodz', 'Puducherry', 'Shekhupura')",1,1
"Exactly 5 of the following cities are in Pakistan: Curitiba, Jingmen, Kayseri, Kanayannur, Cagayan de Oro.",0,Pakistan,"('Cagayan de Oro', 'Curitiba', 'Jingmen', 'Kanayannur', 'Kayseri')",5,0
"Exactly 1 of the following cities are in Kazakhstan: Shymkent, Cuttack, Aktobe, Astana, Almaty.",0,Kazakhstan,"('Aktobe', 'Almaty', 'Astana', 'Cuttack', 'Shymkent')",1,4
"Exactly 4 of the following cities are in Mali: Ho Chi Minh City, Rui'an, Bamako, Zibo, Sanmenxia.",0,Mali,"('Bamako', 'Ho Chi Minh City', ""Rui'an"", 'Sanmenxia', 'Zibo')",4,1
"Exactly 0 of the following cities are in Kiribati: Jiujiang, Yangquan, Rui'an, Evaton, Jinan.",1,Kiribati,"('Evaton', 'Jinan', 'Jiujiang', ""Rui'an"", 'Yangquan')",0,0
"Exactly 2 of the following cities are in Tanzania: Dortmund, Gazipur, Amravati, Dar es Salaam, Mbeya.",1,Tanzania,"('Amravati', 'Dar es Salaam', 'Dortmund', 'Gazipur', 'Mbeya')",2,2
"Exactly 4 of the following cities are in Slovakia: Lu'an, Ebute Ikorodu, Ufa, Enugu, Lubumbashi.",0,Slovakia,"('Ebute Ikorodu', 'Enugu', ""Lu'an"", 'Lubumbashi', 'Ufa')",4,0
"Exactly 3 of the following cities are in Palau: Homs, Warangal, Zhanjiang, Wroclaw, Yaroslavl.",0,Palau,"('Homs', 'Warangal', 'Wroclaw', 'Yaroslavl', 'Zhanjiang')",3,0
"Exactly 3 of the following cities are in Bangladesh: Pekanbaru, Jinzhong, Huizhou, Bayan Nur, Mirpur Model Thana.",0,Bangladesh,"('Bayan Nur', 'Huizhou', 'Jinzhong', 'Mirpur Model Thana', 'Pekanbaru')",3,1
"Exactly 3 of the following cities are in Turkey: Al Mahallah al Kubra, Bagcilar, Bursa, Diyarbakir, Zhangjiakou.",1,Turkey,"('Al Mahallah al Kubra', 'Bagcilar', 'Bursa', 'Diyarbakir', 'Zhangjiakou')",3,3
"Exactly 1 of the following cities are in Russia: Ufa, Saint Petersburg, Omsk, Chengdu, Rostov-on-Don.",0,Russia,"('Chengdu', 'Omsk', 'Rostov-on-Don', 'Saint Petersburg', 'Ufa')",1,4
"Exactly 4 of the following cities are in Kenya: Nakuru, Kakamega, Mombasa, Minsk, Nairobi.",1,Kenya,"('Kakamega', 'Minsk', 'Mombasa', 'Nairobi', 'Nakuru')",4,4
"Exactly 0 of the following cities are in Mauritania: Puning, Arak, Xuhui, Nouakchott, Kermanshah.",0,Mauritania,"('Arak', 'Kermanshah', 'Nouakchott', 'Puning', 'Xuhui')",0,1
"Exactly 1 of the following cities are in Argentina: Bloemfontein, Ranchi, Mazar-e Sharif, Acapulco de Juarez, Xiaogan.",0,Argentina,"('Acapulco de Juarez', 'Bloemfontein', 'Mazar-e Sharif', 'Ranchi', 'Xiaogan')",1,0
"Exactly 2 of the following cities are in Poland: Brasilia, Hlaingthaya, Florianopolis, Libreville, Wroclaw.",0,Poland,"('Brasilia', 'Florianopolis', 'Hlaingthaya', 'Libreville', 'Wroclaw')",2,1
"Exactly 1 of the following cities are in Jordan: Cheongju-si, Bannu, Amman, Denpasar, Jilin.",1,Jordan,"('Amman', 'Bannu', 'Cheongju-si', 'Denpasar', 'Jilin')",1,1
"Exactly 5 of the following cities are in China: Pingdingshan, Chongqing, Kaifeng, Wanxian, Wanzhou.",1,China,"('Chongqing', 'Kaifeng', 'Pingdingshan', 'Wanxian', 'Wanzhou')",5,5
"Exactly 2 of the following cities are in Malaysia: Pasir Gudang, Kalininskiy, Gazipur, Duque de Caxias, Shah Alam.",1,Malaysia,"('Duque de Caxias', 'Gazipur', 'Kalininskiy', 'Pasir Gudang', 'Shah Alam')",2,2
"Exactly 5 of the following cities are in Togo: Denpasar, UEruemqi, Kolkata, Pikine, Tshikapa.",0,Togo,"('Denpasar', 'Kolkata', 'Pikine', 'Tshikapa', 'UEruemqi')",5,0
"Exactly 5 of the following cities are in Bangladesh: Mohammadpur, Rangpur, Chattogram, Comilla, Gazipur.",1,Bangladesh,"('Chattogram', 'Comilla', 'Gazipur', 'Mohammadpur', 'Rangpur')",5,5
"Exactly 0 of the following cities are in Sweden: Esenler, Kallakurichi, Samarkand, Kikolo, Suwon.",1,Sweden,"('Esenler', 'Kallakurichi', 'Kikolo', 'Samarkand', 'Suwon')",0,0
"Exactly 1 of the following cities are in South Africa: Hamamatsu, Stockholm, Gustavo Adolfo Madero, Mengzi, Pasig City.",0,South Africa,"('Gustavo Adolfo Madero', 'Hamamatsu', 'Mengzi', 'Pasig City', 'Stockholm')",1,0
"Exactly 3 of the following cities are in Morocco: Leon de los Aldama, Puente Alto, Tangier, Marrakesh, Agadir.",1,Morocco,"('Agadir', 'Leon de los Aldama', 'Marrakesh', 'Puente Alto', 'Tangier')",3,3
"Exactly 4 of the following cities are in Pakistan: Tiruppur, Jiujiang, Yongzhou, Siping, Ludhiana.",0,Pakistan,"('Jiujiang', 'Ludhiana', 'Siping', 'Tiruppur', 'Yongzhou')",4,0
"Exactly 0 of the following cities are in Ukraine: Kryvyy Rih, Kyiv, Budapest, Sholapur, Utsunomiya.",0,Ukraine,"('Budapest', 'Kryvyy Rih', 'Kyiv', 'Sholapur', 'Utsunomiya')",0,2
"Exactly 3 of the following cities are in Saudi Arabia: Najran, Ta'if, Makkah, Ha'il, Linfen.",0,Saudi Arabia,"(""Ha'il"", 'Linfen', 'Makkah', 'Najran', ""Ta'if"")",3,4
"Exactly 0 of the following cities are in Fiji: Jiangyin, Wuzhong, Aguascalientes, Sagamihara, Antananarivo.",1,Fiji,"('Aguascalientes', 'Antananarivo', 'Jiangyin', 'Sagamihara', 'Wuzhong')",0,0
"Exactly 4 of the following cities are in South Korea: Suwon, Bucheon-si, Seongnam-si, Malacca, Ansan-si.",1,South Korea,"('Ansan-si', 'Bucheon-si', 'Malacca', 'Seongnam-si', 'Suwon')",4,4
"Exactly 5 of the following cities are in Egypt: Al Fayyum, Assiut, Suez, Madinat an Nasr, Shubra al Khaymah.",1,Egypt,"('Al Fayyum', 'Assiut', 'Madinat an Nasr', 'Shubra al Khaymah', 'Suez')",5,5
"Exactly 4 of the following cities are in Angola: Vinh, Kyoto, Tangier, Calumbo, Golfe.",0,Angola,"('Calumbo', 'Golfe', 'Kyoto', 'Tangier', 'Vinh')",4,2
"Exactly 4 of the following cities are in China: Victoria de Durango, Assiut, Kikwit, Erzurum, Adana.",0,China,"('Adana', 'Assiut', 'Erzurum', 'Kikwit', 'Victoria de Durango')",4,0
"Exactly 5 of the following cities are in Nicaragua: Kampung Baru Subang, Nanded, Shijiazhuang, Ra's Bayrut, Shangyu.",0,Nicaragua,"('Kampung Baru Subang', 'Nanded', ""Ra's Bayrut"", 'Shangyu', 'Shijiazhuang')",5,0
"Exactly 2 of the following cities are in South Africa: Salta, Gqeberha, Zhu Cheng City, Bloemfontein, Tokyo.",1,South Africa,"('Bloemfontein', 'Gqeberha', 'Salta', 'Tokyo', 'Zhu Cheng City')",2,2
"Exactly 5 of the following cities are in Zambia: Meerut, Nagpur, Ahvaz, Guilin, Warri.",0,Zambia,"('Ahvaz', 'Guilin', 'Meerut', 'Nagpur', 'Warri')",5,0
"Exactly 3 of the following cities are in Zambia: Visakhapatnam, Lusaka, Kitwe, Ndola, Taguig.",1,Zambia,"('Kitwe', 'Lusaka', 'Ndola', 'Taguig', 'Visakhapatnam')",3,3
"Exactly 2 of the following cities are in South Africa: Yongzhou, Johannesburg, Zahedan, Bokaro, Pretoria.",1,South Africa,"('Bokaro', 'Johannesburg', 'Pretoria', 'Yongzhou', 'Zahedan')",2,2
"Exactly 3 of the following cities are in Colombia: Cucuta, Fes, Soacha, Barranquilla, Bucaramanga.",0,Colombia,"('Barranquilla', 'Bucaramanga', 'Cucuta', 'Fes', 'Soacha')",3,4
"Exactly 2 of the following cities are in Comoros: Mogadishu, Yekaterinburg, Daxing'anling, Zarqa, Tangerang.",0,Comoros,"(""Daxing'anling"", 'Mogadishu', 'Tangerang', 'Yekaterinburg', 'Zarqa')",2,0
"Exactly 4 of the following cities are in Côte d'Ivoire: Chongming, Matola, Puente Alto, Sangli, Rui'an.",0,Côte d'Ivoire,"('Chongming', 'Matola', 'Puente Alto', ""Rui'an"", 'Sangli')",4,0
"Exactly 1 of the following cities are in Mozambique: Beira, Da Nang, San Pedro Sula, Kitakyushu, Florianopolis.",1,Mozambique,"('Beira', 'Da Nang', 'Florianopolis', 'Kitakyushu', 'San Pedro Sula')",1,1
"Exactly 1 of the following cities are in Togo: Durban, Lome, Vladivostok, Rasapudipalem, Zhengzhou.",1,Togo,"('Durban', 'Lome', 'Rasapudipalem', 'Vladivostok', 'Zhengzhou')",1,1
"Exactly 3 of the following cities are in Lebanon: Gold Coast, Port Said, Kermanshah, E'zhou, Ra's Bayrut.",0,Lebanon,"(""E'zhou"", 'Gold Coast', 'Kermanshah', 'Port Said', ""Ra's Bayrut"")",3,1
"Exactly 4 of the following cities are in Zambia: Ndola, Kitwe, Tokyo, Sorocaba, Suining.",0,Zambia,"('Kitwe', 'Ndola', 'Sorocaba', 'Suining', 'Tokyo')",4,2
"Exactly 5 of the following cities are in Germany: Dortmund, Leipzig, Nuremberg, Hannover, Koeln.",1,Germany,"('Dortmund', 'Hannover', 'Koeln', 'Leipzig', 'Nuremberg')",5,5
"Exactly 4 of the following cities are in Austria: Sevastopol, Petaling Jaya, Pimpri-Chinchwad, Kathmandu, Jiangyin.",0,Austria,"('Jiangyin', 'Kathmandu', 'Petaling Jaya', 'Pimpri-Chinchwad', 'Sevastopol')",4,0
"Exactly 5 of the following cities are in South Africa: Cape Town, Soweto, Thembisa, Bloemfontein, Durban.",1,South Africa,"('Bloemfontein', 'Cape Town', 'Durban', 'Soweto', 'Thembisa')",5,5
"Exactly 5 of the following cities are in Sudan: Omdurman, Brasilia, Khartoum, Nyala, Khartoum North.",0,Sudan,"('Brasilia', 'Khartoum', 'Khartoum North', 'Nyala', 'Omdurman')",5,4
"Exactly 1 of the following cities are in Niger: Bishkek, Niamey, Ribeirao Preto, Zhoushan, Kota Kinabalu.",1,Niger,"('Bishkek', 'Kota Kinabalu', 'Niamey', 'Ribeirao Preto', 'Zhoushan')",1,1
"Exactly 5 of the following cities are in the United States: Changde, Marrakesh, Uberlandia, Ibague, Sao Jose dos Campos.",0,the United States,"('Changde', 'Ibague', 'Marrakesh', 'Sao Jose dos Campos', 'Uberlandia')",5,0
"Exactly 4 of the following cities are in Russia: Kalininskiy, Voronezh, Vladivostok, Beira, Irkutsk.",1,Russia,"('Beira', 'Irkutsk', 'Kalininskiy', 'Vladivostok', 'Voronezh')",4,4
"Exactly 4 of the following cities are in Brazil: Cebu City, Shangluo, Bursa, Jaipur, Fuxin.",0,Brazil,"('Bursa', 'Cebu City', 'Fuxin', 'Jaipur', 'Shangluo')",4,0
"Exactly 4 of the following cities are in Syria: Nakuru, Guigang, Aleppo, Homs, Antananarivo.",0,Syria,"('Aleppo', 'Antananarivo', 'Guigang', 'Homs', 'Nakuru')",4,2
"Exactly 1 of the following cities are in Zambia: Lusaka, Najafgarh, Cangzhou, Wroclaw, Kitwe.",0,Zambia,"('Cangzhou', 'Kitwe', 'Lusaka', 'Najafgarh', 'Wroclaw')",1,2
"Exactly 0 of the following cities are in Myanmar: Huangshi, Nay Pyi Taw, Zaria, Hlaingthaya, Tokyo.",0,Myanmar,"('Hlaingthaya', 'Huangshi', 'Nay Pyi Taw', 'Tokyo', 'Zaria')",0,2
"Exactly 3 of the following cities are in Uzbekistan: Bhayandar, Tashkent, Oujda, Samarkand, Andijon.",1,Uzbekistan,"('Andijon', 'Bhayandar', 'Oujda', 'Samarkand', 'Tashkent')",3,3
"Exactly 1 of the following cities are in the United States: Zaozhuang, Santo Domingo Oeste, Jiaozuo, Fukuoka, Shangrao.",0,the United States,"('Fukuoka', 'Jiaozuo', 'Santo Domingo Oeste', 'Shangrao', 'Zaozhuang')",1,0
"Exactly 2 of the following cities are in the United Arab Emirates: Okara, Baoji, Abu Dhabi, Al Ain City, Qionghai.",1,the United Arab Emirates,"('Abu Dhabi', 'Al Ain City', 'Baoji', 'Okara', 'Qionghai')",2,2
"Exactly 5 of the following cities are in Liechtenstein: Qingdao, Lu'an, Longyan, Najran, Tlaquepaque.",0,Liechtenstein,"('Longyan', ""Lu'an"", 'Najran', 'Qingdao', 'Tlaquepaque')",5,0
"Exactly 1 of the following cities are in Nepal: Pekanbaru, Nowrangapur, Dera Ismail Khan, Qinzhou, Pokhara.",1,Nepal,"('Dera Ismail Khan', 'Nowrangapur', 'Pekanbaru', 'Pokhara', 'Qinzhou')",1,1
"Exactly 4 of the following cities are in the United States: Queens, Seongnam-si, New South Memphis, Detroit, Albuquerque.",1,the United States,"('Albuquerque', 'Detroit', 'New South Memphis', 'Queens', 'Seongnam-si')",4,4
"Exactly 2 of the following cities are in Colombia: Toulouse, Ibague, Cucuta, Shaoxing, Cimahi.",1,Colombia,"('Cimahi', 'Cucuta', 'Ibague', 'Shaoxing', 'Toulouse')",2,2
"Exactly 5 of the following cities are in Guyana: Panjin, Thane, Rostov-on-Don, Maturin, Baise.",0,Guyana,"('Baise', 'Maturin', 'Panjin', 'Rostov-on-Don', 'Thane')",5,0
"Exactly 3 of the following cities are in Poland: Lyon, Lodz, Krakow, Teni, Wroclaw.",1,Poland,"('Krakow', 'Lodz', 'Lyon', 'Teni', 'Wroclaw')",3,3
"Exactly 2 of the following cities are in Argentina: Helsinki, Jamshedpur, Rio de Janeiro, San Miguel de Tucuman, Salta.",1,Argentina,"('Helsinki', 'Jamshedpur', 'Rio de Janeiro', 'Salta', 'San Miguel de Tucuman')",2,2
"Exactly 3 of the following cities are in Belgium: Gaziantep, Cancun, Gwalior, Pingdingshan, Santiago de Queretaro.",0,Belgium,"('Cancun', 'Gaziantep', 'Gwalior', 'Pingdingshan', 'Santiago de Queretaro')",3,0
"Exactly 1 of the following cities are in the United Arab Emirates: Al Ain City, Bukavu, Jiaozhou, Sharjah, Abu Dhabi.",0,the United Arab Emirates,"('Abu Dhabi', 'Al Ain City', 'Bukavu', 'Jiaozhou', 'Sharjah')",1,3
"Exactly 0 of the following cities are in Iraq: Kirkuk, Nasiriyah, Karol Bagh, Basrah, Tiruchirappalli.",0,Iraq,"('Basrah', 'Karol Bagh', 'Kirkuk', 'Nasiriyah', 'Tiruchirappalli')",0,3
"Exactly 0 of the following cities are in Austria: Zahedan, Liupanshui, Chisinau, Esenyurt, Nasiriyah.",1,Austria,"('Chisinau', 'Esenyurt', 'Liupanshui', 'Nasiriyah', 'Zahedan')",0,0
"Exactly 2 of the following cities are in Honduras: Sharjah, Tegucigalpa, San Pedro Sula, Putuo, Ananindeua.",1,Honduras,"('Ananindeua', 'Putuo', 'San Pedro Sula', 'Sharjah', 'Tegucigalpa')",2,2
"Exactly 3 of the following cities are in Côte d'Ivoire: Abidjan, Abobo, Guangyuan, Hohhot, Bouake.",1,Côte d'Ivoire,"('Abidjan', 'Abobo', 'Bouake', 'Guangyuan', 'Hohhot')",3,3
"Exactly 0 of the following cities are in Kyrgyzstan: Jingmen, Malang, Ra's Bayrut, Cuttack, Astana.",1,Kyrgyzstan,"('Astana', 'Cuttack', 'Jingmen', 'Malang', ""Ra's Bayrut"")",0,0
"Exactly 2 of the following cities are in the United States: Fort Worth, Detroit, Milwaukee, Chicago, Seattle.",0,the United States,"('Chicago', 'Detroit', 'Fort Worth', 'Milwaukee', 'Seattle')",2,5
"Exactly 2 of the following cities are in Germany: Port Harcourt, Nakuru, Madinat an Nasr, Xianyang, Mengzi.",0,Germany,"('Madinat an Nasr', 'Mengzi', 'Nakuru', 'Port Harcourt', 'Xianyang')",2,0
"Exactly 4 of the following cities are in Ukraine: Jalandhar, Adana, Toulouse, Salta, Curitiba.",0,Ukraine,"('Adana', 'Curitiba', 'Jalandhar', 'Salta', 'Toulouse')",4,0
"Exactly 4 of the following cities are in Mauritania: Baise, Nouakchott, Kolhapur, Laibin, Irbid.",0,Mauritania,"('Baise', 'Irbid', 'Kolhapur', 'Laibin', 'Nouakchott')",4,1
"Exactly 4 of the following cities are in India: Dehradun, Asansol, Liaocheng, Teni, Kanayannur.",1,India,"('Asansol', 'Dehradun', 'Kanayannur', 'Liaocheng', 'Teni')",4,4
"Exactly 3 of the following cities are in Belarus: Yangon, Managua, Kisangani, Homyel', Bandar Lampung.",0,Belarus,"('Bandar Lampung', ""Homyel'"", 'Kisangani', 'Managua', 'Yangon')",3,1
"Exactly 5 of the following cities are in Indonesia: Denpasar, New York City, Pyongyang, Shaoxing, Chongqing.",0,Indonesia,"('Chongqing', 'Denpasar', 'New York City', 'Pyongyang', 'Shaoxing')",5,1
"Exactly 3 of the following cities are in Venezuela: Stockholm, Caracas, Maturin, Bamako, Barquisimeto.",1,Venezuela,"('Bamako', 'Barquisimeto', 'Caracas', 'Maturin', 'Stockholm')",3,3
"Exactly 3 of the following cities are in Tanzania: Gold Coast, Dodoma, Arusha, Dortmund, Dar es Salaam.",1,Tanzania,"('Arusha', 'Dar es Salaam', 'Dodoma', 'Dortmund', 'Gold Coast')",3,3
"Exactly 5 of the following cities are in Malaysia: Pelentong, Bukit Rahman Putra, Kota Kinabalu, Malacca, Mukim Pulai.",1,Malaysia,"('Bukit Rahman Putra', 'Kota Kinabalu', 'Malacca', 'Mukim Pulai', 'Pelentong')",5,5
"Exactly 1 of the following cities are in Nicaragua: Shizuishan, Voronezh, Managua, Tangerang, Mombasa.",1,Nicaragua,"('Managua', 'Mombasa', 'Shizuishan', 'Tangerang', 'Voronezh')",1,1
"Exactly 0 of the following cities are in Oman: Calumbo, Kakamega, Cankaya, Shymkent, Wanxian.",1,Oman,"('Calumbo', 'Cankaya', 'Kakamega', 'Shymkent', 'Wanxian')",0,0
"Exactly 0 of the following cities are in Saint Kitts and Nevis: Benoni, Linyi, Kathmandu, Al Hudaydah, Khartoum.",1,Saint Kitts and Nevis,"('Al Hudaydah', 'Benoni', 'Kathmandu', 'Khartoum', 'Linyi')",0,0
"Exactly 1 of the following cities are in Cambodia: Warangal, Hamadan, Bhayandar, Santiago de Cuba, Owerri.",0,Cambodia,"('Bhayandar', 'Hamadan', 'Owerri', 'Santiago de Cuba', 'Warangal')",1,0
"Exactly 3 of the following cities are in Uzbekistan: Mar del Plata, Samarkand, Namangan, Kakamega, Tashkent.",1,Uzbekistan,"('Kakamega', 'Mar del Plata', 'Namangan', 'Samarkand', 'Tashkent')",3,3
"Exactly 5 of the following cities are in Iraq: Situbondo, Anshan, Arifwala, Sao Jose dos Campos, Amravati.",0,Iraq,"('Amravati', 'Anshan', 'Arifwala', 'Sao Jose dos Campos', 'Situbondo')",5,0
"Exactly 3 of the following cities are in Sudan: Goyang-si, Volgograd, Khartoum North, Nyala, Omdurman.",1,Sudan,"('Goyang-si', 'Khartoum North', 'Nyala', 'Omdurman', 'Volgograd')",3,3
"Exactly 5 of the following cities are in Timor-Leste: Dar es Salaam, Heze, Calabar, Kunming, Narela.",0,Timor-Leste,"('Calabar', 'Dar es Salaam', 'Heze', 'Kunming', 'Narela')",5,0
"Exactly 3 of the following cities are in Poland: Wroclaw, Ulyanovsk, Lodz, Visakhapatnam, Hermosillo.",0,Poland,"('Hermosillo', 'Lodz', 'Ulyanovsk', 'Visakhapatnam', 'Wroclaw')",3,2
"Exactly 2 of the following cities are in Germany: Frankfurt am Main, Zaria, Hannover, Libreville, Munich.",0,Germany,"('Frankfurt am Main', 'Hannover', 'Libreville', 'Munich', 'Zaria')",2,3
"Exactly 3 of the following cities are in Zambia: Kyoto, Lusaka, Aparecida de Goiania, Kitwe, Ndola.",1,Zambia,"('Aparecida de Goiania', 'Kitwe', 'Kyoto', 'Lusaka', 'Ndola')",3,3
"Exactly 1 of the following cities are in Ethiopia: Borivli, Zamboanga, Wenzhou, Harare, Tegucigalpa.",0,Ethiopia,"('Borivli', 'Harare', 'Tegucigalpa', 'Wenzhou', 'Zamboanga')",1,0
"Exactly 5 of the following cities are in South Korea: Seoul, Changwon, Bucheon-si, Ulsan, Ansan-si.",1,South Korea,"('Ansan-si', 'Bucheon-si', 'Changwon', 'Seoul', 'Ulsan')",5,5
"Exactly 2 of the following cities are in Ghana: Lodz, Accra, Sao Bernardo do Campo, Kumasi, Hamhung.",1,Ghana,"('Accra', 'Hamhung', 'Kumasi', 'Lodz', 'Sao Bernardo do Campo')",2,2
"Exactly 1 of the following cities are in Gabon: Libreville, Ansan-si, Chongming, Maturin, Benin City.",1,Gabon,"('Ansan-si', 'Benin City', 'Chongming', 'Libreville', 'Maturin')",1,1
"Exactly 1 of the following cities are in Andorra: Zanzibar, Lu'an, Santo Domingo Oeste, Quezon City, Soacha.",0,Andorra,"(""Lu'an"", 'Quezon City', 'Santo Domingo Oeste', 'Soacha', 'Zanzibar')",1,0
"Exactly 0 of the following cities are in Sudan: Nyala, Omdurman, Yinchuan, Amman, Khartoum.",0,Sudan,"('Amman', 'Khartoum', 'Nyala', 'Omdurman', 'Yinchuan')",0,3
"Exactly 2 of the following cities are in Saudi Arabia: Budapest, Recife, Shanghai, Jeddah, Zhangjiakou.",0,Saudi Arabia,"('Budapest', 'Jeddah', 'Recife', 'Shanghai', 'Zhangjiakou')",2,1
"Exactly 4 of the following cities are in Kazakhstan: Shymkent, Astana, Akure, Almaty, Aktobe.",1,Kazakhstan,"('Aktobe', 'Akure', 'Almaty', 'Astana', 'Shymkent')",4,4
"Exactly 5 of the following cities are in the United States: Nay Pyi Taw, Xuancheng, Gujranwala, Chicago, Fort Worth.",0,the United States,"('Chicago', 'Fort Worth', 'Gujranwala', 'Nay Pyi Taw', 'Xuancheng')",5,2
"Exactly 3 of the following cities are in Nicaragua: Narela, Agege, Minhang, Managua, Chuxiong.",0,Nicaragua,"('Agege', 'Chuxiong', 'Managua', 'Minhang', 'Narela')",3,1
"Exactly 3 of the following cities are in Indonesia: Balikpapan, Chiclayo, Makassar, Banjarmasin, Batam.",0,Indonesia,"('Balikpapan', 'Banjarmasin', 'Batam', 'Chiclayo', 'Makassar')",3,4
"Exactly 0 of the following cities are in Italy: Faisalabad, Port Harcourt, Koeln, New South Memphis, Novokuznetsk.",1,Italy,"('Faisalabad', 'Koeln', 'New South Memphis', 'Novokuznetsk', 'Port Harcourt')",0,0
"Exactly 4 of the following cities are in Iraq: Zarqa, Sadr City, Erbil, Al Mawsil al Jadidah, Abu Ghurayb.",1,Iraq,"('Abu Ghurayb', 'Al Mawsil al Jadidah', 'Erbil', 'Sadr City', 'Zarqa')",4,4
"Exactly 2 of the following cities are in Guinea: Hoji ya Henda, Camayenne, Zhangjiagang, Edogawe, Conakry.",1,Guinea,"('Camayenne', 'Conakry', 'Edogawe', 'Hoji ya Henda', 'Zhangjiagang')",2,2
"Exactly 4 of the following cities are in Canada: Najafgarh, Mississauga, Winnipeg, Calgary, Quebec.",1,Canada,"('Calgary', 'Mississauga', 'Najafgarh', 'Quebec', 'Winnipeg')",4,4
"Exactly 3 of the following cities are in Canada: Mengzi, Calgary, Quebec, Malacca, Winnipeg.",1,Canada,"('Calgary', 'Malacca', 'Mengzi', 'Quebec', 'Winnipeg')",3,3
"Exactly 0 of the following cities are in Uganda: Yinchuan, Kampala, Detroit, Beira, Kimhae.",0,Uganda,"('Beira', 'Detroit', 'Kampala', 'Kimhae', 'Yinchuan')",0,1
"Exactly 2 of the following cities are in Lebanon: Naberezhnyye Chelny, Panjin, Beirut, Ra's Bayrut, Erode.",1,Lebanon,"('Beirut', 'Erode', 'Naberezhnyye Chelny', 'Panjin', ""Ra's Bayrut"")",2,2
"Exactly 4 of the following cities are in Russia: Saratov, Krasnodar, Changwon, Yaroslavl, Tyumen.",1,Russia,"('Changwon', 'Krasnodar', 'Saratov', 'Tyumen', 'Yaroslavl')",4,4
"Exactly 5 of the following cities are in Mexico: Cuautitlan Izcalli, Zapopan, Torreon, Victoria de Durango, Aguascalientes.",1,Mexico,"('Aguascalientes', 'Cuautitlan Izcalli', 'Torreon', 'Victoria de Durango', 'Zapopan')",5,5
"Exactly 2 of the following cities are in Germany: Frankfurt am Main, Wroclaw, Binh Thanh, Yangquan, Kalyan.",0,Germany,"('Binh Thanh', 'Frankfurt am Main', 'Kalyan', 'Wroclaw', 'Yangquan')",2,1
"Exactly 3 of the following cities are in Romania: Bauchi, Bangkok, Bucharest, Tianshui, Lanzhou.",0,Romania,"('Bangkok', 'Bauchi', 'Bucharest', 'Lanzhou', 'Tianshui')",3,1
"Exactly 4 of the following cities are in Malaysia: Shah Alam, Putian, Johor Bahru, Petaling Jaya, Bukit Rahman Putra.",1,Malaysia,"('Bukit Rahman Putra', 'Johor Bahru', 'Petaling Jaya', 'Putian', 'Shah Alam')",4,4
"Exactly 3 of the following cities are in Argentina: Mar del Plata, Kolwezi, Shanghai, Salta, Zhangjiakou.",0,Argentina,"('Kolwezi', 'Mar del Plata', 'Salta', 'Shanghai', 'Zhangjiakou')",3,2
"Exactly 4 of the following cities are in the Philippines: Volgograd, Bulawayo, Subang Jaya, Malingao, Paranaque City.",0,the Philippines,"('Bulawayo', 'Malingao', 'Paranaque City', 'Subang Jaya', 'Volgograd')",4,2
"Exactly 0 of the following cities are in Romania: Guli, Bekasi, Rizhao, Dortmund, Hebi.",1,Romania,"('Bekasi', 'Dortmund', 'Guli', 'Hebi', 'Rizhao')",0,0
"Exactly 1 of the following cities are in Benin: Songjiang, Cotonou, Mexicali, Hamhung, Las Pinas.",1,Benin,"('Cotonou', 'Hamhung', 'Las Pinas', 'Mexicali', 'Songjiang')",1,1
"Exactly 3 of the following cities are in Mexico: Mexicali, San Luis Potosi, Iztapalapa, Tlalpan, Cancun.",0,Mexico,"('Cancun', 'Iztapalapa', 'Mexicali', 'San Luis Potosi', 'Tlalpan')",3,5
"Exactly 3 of the following cities are in Syria: Ar Raqqah, Mulenvos, Homs, Latakia, Changshu.",1,Syria,"('Ar Raqqah', 'Changshu', 'Homs', 'Latakia', 'Mulenvos')",3,3
"Exactly 2 of the following cities are in Malaysia: Kuantan, Agadir, Kumamoto, Chicago, Malacca.",1,Malaysia,"('Agadir', 'Chicago', 'Kuantan', 'Kumamoto', 'Malacca')",2,2
"Exactly 3 of the following cities are in Oman: Guang'an, Lueliang, Fes, Malang, Muscat.",0,Oman,"('Fes', ""Guang'an"", 'Lueliang', 'Malang', 'Muscat')",3,1
"Exactly 4 of the following cities are in Peru: Callao, Arequipa, Shaoguan, Piura, Chiclayo.",1,Peru,"('Arequipa', 'Callao', 'Chiclayo', 'Piura', 'Shaoguan')",4,4
"Exactly 5 of the following cities are in Chile: Bannu, Beira, Zigong, Zhumadian, Carrefour.",0,Chile,"('Bannu', 'Beira', 'Carrefour', 'Zhumadian', 'Zigong')",5,0
"Exactly 5 of the following cities are in the Republic of the Congo: Agege, Zhaotong, Dodoma, Calabar, Zigong.",0,the Republic of the Congo,"('Agege', 'Calabar', 'Dodoma', 'Zhaotong', 'Zigong')",5,0
"Exactly 4 of the following cities are in Barbados: Luzhou, Nay Pyi Taw, Benin City, Hamadan, Qujing.",0,Barbados,"('Benin City', 'Hamadan', 'Luzhou', 'Nay Pyi Taw', 'Qujing')",4,0
"Exactly 0 of the following cities are in Malta: Irkutsk, Bangkok, Sukkur, Puducherry, Al Fayyum.",1,Malta,"('Al Fayyum', 'Bangkok', 'Irkutsk', 'Puducherry', 'Sukkur')",0,0
"Exactly 3 of the following cities are in Kenya: Kakamega, Ulanqab, Nairobi, Kalaburagi, Nakuru.",1,Kenya,"('Kakamega', 'Kalaburagi', 'Nairobi', 'Nakuru', 'Ulanqab')",3,3
"Exactly 2 of the following cities are in Mozambique: Balikpapan, Jiangmen, Maputo, Matola, Gujrat.",1,Mozambique,"('Balikpapan', 'Gujrat', 'Jiangmen', 'Maputo', 'Matola')",2,2
"Exactly 2 of the following cities are in Equatorial Guinea: Comilla, Santiago de Cuba, Batam, Daegu, Denpasar.",0,Equatorial Guinea,"('Batam', 'Comilla', 'Daegu', 'Denpasar', 'Santiago de Cuba')",2,0
"Exactly 2 of the following cities are in Bangladesh: Linfen, Pallabi, Gazipur, Mirpur Model Thana, Sokoto.",0,Bangladesh,"('Gazipur', 'Linfen', 'Mirpur Model Thana', 'Pallabi', 'Sokoto')",2,3
"Exactly 5 of the following cities are in Mozambique: Thembisa, Putian, Jiaozuo, Nampula, Hengyang.",0,Mozambique,"('Hengyang', 'Jiaozuo', 'Nampula', 'Putian', 'Thembisa')",5,1
"Exactly 0 of the following cities are in Palau: Jos, Belford Roxo, Suginami, Pingdingshan, Shuangyashan.",1,Palau,"('Belford Roxo', 'Jos', 'Pingdingshan', 'Shuangyashan', 'Suginami')",0,0
"Exactly 4 of the following cities are in the Dominican Republic: Santiago de los Caballeros, Santo Domingo Oeste, Ar Raqqah, Lahore, Santo Domingo Este.",0,the Dominican Republic,"('Ar Raqqah', 'Lahore', 'Santiago de los Caballeros', 'Santo Domingo Este', 'Santo Domingo Oeste')",4,3
"Exactly 2 of the following cities are in Ecuador: Quito, Piura, Guayaquil, Milwaukee, Kitwe.",1,Ecuador,"('Guayaquil', 'Kitwe', 'Milwaukee', 'Piura', 'Quito')",2,2
"Exactly 2 of the following cities are in Somalia: Borama, Mogadishu, Daxing'anling, Gustavo Adolfo Madero, Al Hudaydah.",1,Somalia,"('Al Hudaydah', 'Borama', ""Daxing'anling"", 'Gustavo Adolfo Madero', 'Mogadishu')",2,2
"Exactly 5 of the following cities are in Poland: Vadodara, Nanded, Daxing'anling, Tucson, Quetta.",0,Poland,"(""Daxing'anling"", 'Nanded', 'Quetta', 'Tucson', 'Vadodara')",5,0
"Exactly 1 of the following cities are in Poland: Sofia, Wroclaw, Zhabei, Johannesburg, Bukit Rahman Putra.",1,Poland,"('Bukit Rahman Putra', 'Johannesburg', 'Sofia', 'Wroclaw', 'Zhabei')",1,1
"Exactly 1 of the following cities are in Sierra Leone: Cebu City, Changshu, Hongkou, Curitiba, Mombasa.",0,Sierra Leone,"('Cebu City', 'Changshu', 'Curitiba', 'Hongkou', 'Mombasa')",1,0
"Exactly 4 of the following cities are in Iran: Tehran, Isfahan, Kermanshah, Qom, Hamadan.",0,Iran,"('Hamadan', 'Isfahan', 'Kermanshah', 'Qom', 'Tehran')",4,5
"Exactly 4 of the following cities are in Mozambique: Nampula, Jingmen, Matola, Beira, Maputo.",1,Mozambique,"('Beira', 'Jingmen', 'Maputo', 'Matola', 'Nampula')",4,4
"Exactly 2 of the following cities are in South Korea: Ansan-si, Daejeon, Calumbo, Mumbai, Mersin.",1,South Korea,"('Ansan-si', 'Calumbo', 'Daejeon', 'Mersin', 'Mumbai')",2,2
"Exactly 4 of the following cities are in Bosnia and Herzegovina: Soacha, Carrefour, Maoming, Petaling Jaya, Ajegunle.",0,Bosnia and Herzegovina,"('Ajegunle', 'Carrefour', 'Maoming', 'Petaling Jaya', 'Soacha')",4,0
"Exactly 2 of the following cities are in South Korea: Novosibirsk, Muzaffarabad, Kota Bharu, Zhangjiagang, Dalian.",0,South Korea,"('Dalian', 'Kota Bharu', 'Muzaffarabad', 'Novosibirsk', 'Zhangjiagang')",2,0
"Exactly 2 of the following cities are in Tanzania: Rio de Janeiro, Jamnagar, Dodoma, Itabashi, Dar es Salaam.",1,Tanzania,"('Dar es Salaam', 'Dodoma', 'Itabashi', 'Jamnagar', 'Rio de Janeiro')",2,2
"Exactly 1 of the following cities are in Trinidad and Tobago: Tyumen, Soacha, Nasiriyah, Khartoum, Hengyang.",0,Trinidad and Tobago,"('Hengyang', 'Khartoum', 'Nasiriyah', 'Soacha', 'Tyumen')",1,0
"Exactly 4 of the following cities are in Cameroon: Douala, Suwon, Yaounde, Qingpu, Malang.",0,Cameroon,"('Douala', 'Malang', 'Qingpu', 'Suwon', 'Yaounde')",4,2
"Exactly 1 of the following cities are in Denmark: Duque de Caxias, San Miguel de Tucuman, Mengzi, Hlaingthaya, Copenhagen.",1,Denmark,"('Copenhagen', 'Duque de Caxias', 'Hlaingthaya', 'Mengzi', 'San Miguel de Tucuman')",1,1
"Exactly 3 of the following cities are in Venezuela: Budapest, Ciudad Guayana, Maracaibo, Barquisimeto, Chiclayo.",1,Venezuela,"('Barquisimeto', 'Budapest', 'Chiclayo', 'Ciudad Guayana', 'Maracaibo')",3,3
"Exactly 5 of the following cities are in India: Nellore, Bhayandar, Indore, Guwahati, Amritsar.",1,India,"('Amritsar', 'Bhayandar', 'Guwahati', 'Indore', 'Nellore')",5,5
"Exactly 5 of the following cities are in Iran: Ahvaz, Hamadan, Karaj, Orumiyeh, Tabriz.",1,Iran,"('Ahvaz', 'Hamadan', 'Karaj', 'Orumiyeh', 'Tabriz')",5,5
"Exactly 2 of the following cities are in Uzbekistan: Baise, Cixi, Managua, Andijon, Tashkent.",1,Uzbekistan,"('Andijon', 'Baise', 'Cixi', 'Managua', 'Tashkent')",2,2
"Exactly 0 of the following cities are in Cambodia: Lueliang, Ouagadougou, Cucuta, Sapporo, Kobe.",1,Cambodia,"('Cucuta', 'Kobe', 'Lueliang', 'Ouagadougou', 'Sapporo')",0,0
"Exactly 4 of the following cities are in Pakistan: Sialkot, Jhang Sadr, Peshawar, Multan, Caracas.",1,Pakistan,"('Caracas', 'Jhang Sadr', 'Multan', 'Peshawar', 'Sialkot')",4,4
"Exactly 4 of the following cities are in Brazil: Bijie, Salta, Rajshahi, Minsk, Kayseri.",0,Brazil,"('Bijie', 'Kayseri', 'Minsk', 'Rajshahi', 'Salta')",4,0
"Exactly 2 of the following cities are in Japan: Saitama, Utsunomiya, Santo Domingo Oeste, Suginami, Okayama.",0,Japan,"('Okayama', 'Saitama', 'Santo Domingo Oeste', 'Suginami', 'Utsunomiya')",2,4
"Exactly 4 of the following cities are in Canada: Mississauga, Winnipeg, Calgary, Quebec, Xuhui.",1,Canada,"('Calgary', 'Mississauga', 'Quebec', 'Winnipeg', 'Xuhui')",4,4
"Exactly 0 of the following cities are in Australia: Qionghai, Kisangani, Jiangmen, Niamey, Saratov.",1,Australia,"('Jiangmen', 'Kisangani', 'Niamey', 'Qionghai', 'Saratov')",0,0
"Exactly 1 of the following cities are in Venezuela: Barquisimeto, Maturin, Maracaibo, Ciudad Guayana, Caracas.",0,Venezuela,"('Barquisimeto', 'Caracas', 'Ciudad Guayana', 'Maracaibo', 'Maturin')",1,5
"Exactly 3 of the following cities are in India: Kanpur, Narela, Kumasi, Hermosillo, Prayagraj.",1,India,"('Hermosillo', 'Kanpur', 'Kumasi', 'Narela', 'Prayagraj')",3,3
"Exactly 3 of the following cities are in Canada: Calgary, Mississauga, Barnaul, Bijie, Winnipeg.",1,Canada,"('Barnaul', 'Bijie', 'Calgary', 'Mississauga', 'Winnipeg')",3,3
"Exactly 3 of the following cities are in Bosnia and Herzegovina: Ciudad Nezahualcoyotl, Duque de Caxias, Huizhou, Voronezh, Hangzhou.",0,Bosnia and Herzegovina,"('Ciudad Nezahualcoyotl', 'Duque de Caxias', 'Hangzhou', 'Huizhou', 'Voronezh')",3,0
"Exactly 2 of the following cities are in Senegal: Dakar, Pikine, Edogawe, Guankou, Joao Pessoa.",1,Senegal,"('Dakar', 'Edogawe', 'Guankou', 'Joao Pessoa', 'Pikine')",2,2
"Exactly 2 of the following cities are in Senegal: Dakar, Hue, Zhumadian, Pikine, Kumasi.",1,Senegal,"('Dakar', 'Hue', 'Kumasi', 'Pikine', 'Zhumadian')",2,2
"Exactly 5 of the following cities are in Japan: Saitama, Kyoto, Sagamihara, Utsunomiya, Kumamoto.",1,Japan,"('Kumamoto', 'Kyoto', 'Sagamihara', 'Saitama', 'Utsunomiya')",5,5
"Exactly 3 of the following cities are in Morocco: Marrakesh, Agadir, Panjin, Arifwala, Meknes.",1,Morocco,"('Agadir', 'Arifwala', 'Marrakesh', 'Meknes', 'Panjin')",3,3
"Exactly 2 of the following cities are in Chile: Puente Alto, Giza, Mexicali, Jaboatao dos Guararapes, Zamboanga.",0,Chile,"('Giza', 'Jaboatao dos Guararapes', 'Mexicali', 'Puente Alto', 'Zamboanga')",2,1
"Exactly 1 of the following cities are in Azerbaijan: Kolwezi, Hamamatsu, Comilla, Bishkek, Baku.",1,Azerbaijan,"('Baku', 'Bishkek', 'Comilla', 'Hamamatsu', 'Kolwezi')",1,1
"Exactly 4 of the following cities are in Peru: Salta, Chiclayo, Piura, Arequipa, Callao.",1,Peru,"('Arequipa', 'Callao', 'Chiclayo', 'Piura', 'Salta')",4,4
"Exactly 3 of the following cities are in Tanzania: Koeln, Mbeya, Borivli, Arusha, Dar es Salaam.",1,Tanzania,"('Arusha', 'Borivli', 'Dar es Salaam', 'Koeln', 'Mbeya')",3,3
"Exactly 5 of the following cities are in Sudan: Katsina, Dalian, Cankaya, Chelyabinsk, Taiz.",0,Sudan,"('Cankaya', 'Chelyabinsk', 'Dalian', 'Katsina', 'Taiz')",5,0
"Exactly 3 of the following cities are in Nepal: Nampula, Pokhara, Cuautitlan Izcalli, Omdurman, Belford Roxo.",0,Nepal,"('Belford Roxo', 'Cuautitlan Izcalli', 'Nampula', 'Omdurman', 'Pokhara')",3,1
"Exactly 4 of the following cities are in Equatorial Guinea: Manaus, Shizuishan, Bhayandar, Tlalpan, Guangzhou.",0,Equatorial Guinea,"('Bhayandar', 'Guangzhou', 'Manaus', 'Shizuishan', 'Tlalpan')",4,0
"Exactly 5 of the following cities are in Yemen: Aden, Ibb, Sanaa, Taiz, Al Hudaydah.",1,Yemen,"('Aden', 'Al Hudaydah', 'Ibb', 'Sanaa', 'Taiz')",5,5
"Exactly 0 of the following cities are in Cambodia: Lu'an, Indianapolis, Accra, Gurugram, Fuxin.",1,Cambodia,"('Accra', 'Fuxin', 'Gurugram', 'Indianapolis', ""Lu'an"")",0,0
"Exactly 0 of the following cities are in South Korea: Situbondo, Caracas, Ebute Ikorodu, Goyang-si, Binh Thanh.",0,South Korea,"('Binh Thanh', 'Caracas', 'Ebute Ikorodu', 'Goyang-si', 'Situbondo')",0,1
"Exactly 5 of the following cities are in Bangladesh: Comilla, Rajshahi, Mohammadpur, Khulna, Gazipur.",1,Bangladesh,"('Comilla', 'Gazipur', 'Khulna', 'Mohammadpur', 'Rajshahi')",5,5
"Exactly 1 of the following cities are in Colombia: Bucaramanga, Cucuta, Kitwe, Jambi City, Soacha.",0,Colombia,"('Bucaramanga', 'Cucuta', 'Jambi City', 'Kitwe', 'Soacha')",1,3
"Exactly 3 of the following cities are in Peru: Brasilia, Chiclayo, Callao, Zhu Cheng City, General Santos.",0,Peru,"('Brasilia', 'Callao', 'Chiclayo', 'General Santos', 'Zhu Cheng City')",3,2
"Exactly 3 of the following cities are in Colombia: Bucaramanga, Kitwe, Barranquilla, Cucuta, Osaka.",1,Colombia,"('Barranquilla', 'Bucaramanga', 'Cucuta', 'Kitwe', 'Osaka')",3,3
"Exactly 4 of the following cities are in Benin: Osaka, Voronezh, Mandalay, Najran, Cotonou.",0,Benin,"('Cotonou', 'Mandalay', 'Najran', 'Osaka', 'Voronezh')",4,1
"Exactly 2 of the following cities are in Ecuador: Nyala, Quito, Yinchuan, Harare, Guayaquil.",1,Ecuador,"('Guayaquil', 'Harare', 'Nyala', 'Quito', 'Yinchuan')",2,2
"Exactly 0 of the following cities are in Jordan: Durban, Zagreb, Guilin, Hangzhou, Lahore.",1,Jordan,"('Durban', 'Guilin', 'Hangzhou', 'Lahore', 'Zagreb')",0,0
"Exactly 0 of the following cities are in the Democratic Republic of the Congo: Rio de Janeiro, Kananga, Tshikapa, General Santos, Xuzhou.",0,the Democratic Republic of the Congo,"('General Santos', 'Kananga', 'Rio de Janeiro', 'Tshikapa', 'Xuzhou')",0,2
"Exactly 4 of the following cities are in Malaysia: Ipoh, Bukit Rahman Putra, Selayang Baru Utara, Mukim Pulai, Hermosillo.",1,Malaysia,"('Bukit Rahman Putra', 'Hermosillo', 'Ipoh', 'Mukim Pulai', 'Selayang Baru Utara')",4,4
"Exactly 0 of the following cities are in Cape Verde: Tyumen, Maputo, Nanjing, Astrakhan, Hiroshima.",1,Cape Verde,"('Astrakhan', 'Hiroshima', 'Maputo', 'Nanjing', 'Tyumen')",0,0
"Exactly 3 of the following cities are in Vietnam: Santiago de Cuba, Benxi, Hue, Ho Chi Minh City, Qui Nhon.",1,Vietnam,"('Benxi', 'Ho Chi Minh City', 'Hue', 'Qui Nhon', 'Santiago de Cuba')",3,3
"Exactly 0 of the following cities are in Tajikistan: Fukuoka, Najran, Jamnagar, Tucson, Dushanbe.",0,Tajikistan,"('Dushanbe', 'Fukuoka', 'Jamnagar', 'Najran', 'Tucson')",0,1
"Exactly 4 of the following cities are in Ukraine: Soshanguve, Dnipro, Kharkiv, Kryvyy Rih, Kyiv.",1,Ukraine,"('Dnipro', 'Kharkiv', 'Kryvyy Rih', 'Kyiv', 'Soshanguve')",4,4
"Exactly 3 of the following cities are in Côte d'Ivoire: Bouake, Abidjan, Astana, Abobo, Buraydah.",1,Côte d'Ivoire,"('Abidjan', 'Abobo', 'Astana', 'Bouake', 'Buraydah')",3,3
"Exactly 2 of the following cities are in Uzbekistan: Samarkand, Mukim Pulai, Tashkent, Ibb, Ordos.",1,Uzbekistan,"('Ibb', 'Mukim Pulai', 'Ordos', 'Samarkand', 'Tashkent')",2,2
"Exactly 4 of the following cities are in Colombia: Barranquilla, Davao, Cucuta, Ibague, Bucaramanga.",1,Colombia,"('Barranquilla', 'Bucaramanga', 'Cucuta', 'Davao', 'Ibague')",4,4
"Exactly 5 of the following cities are in Brazil: Ananindeua, Goiania, Cuiaba, Uberlandia, Porto Alegre.",1,Brazil,"('Ananindeua', 'Cuiaba', 'Goiania', 'Porto Alegre', 'Uberlandia')",5,5
"Exactly 5 of the following cities are in Germany: Leipzig, Nuremberg, Koeln, Frankfurt am Main, Munich.",1,Germany,"('Frankfurt am Main', 'Koeln', 'Leipzig', 'Munich', 'Nuremberg')",5,5
"Exactly 5 of the following cities are in Pakistan: Budta, Gujrat, Kashgar, Porto Velho, Naucalpan de Juarez.",0,Pakistan,"('Budta', 'Gujrat', 'Kashgar', 'Naucalpan de Juarez', 'Porto Velho')",5,1
"Exactly 1 of the following cities are in Algeria: Lipetsk, Algiers, Muntinlupa, Sofia, Xingtai.",1,Algeria,"('Algiers', 'Lipetsk', 'Muntinlupa', 'Sofia', 'Xingtai')",1,1
"Exactly 1 of the following cities are in Iraq: Harare, Sadr City, Bujumbura, Karbala, Sorocaba.",0,Iraq,"('Bujumbura', 'Harare', 'Karbala', 'Sadr City', 'Sorocaba')",1,2
"Exactly 5 of the following cities are in Pakistan: Okara, Sukkur, Rahim Yar Khan, Arifwala, Bannu.",1,Pakistan,"('Arifwala', 'Bannu', 'Okara', 'Rahim Yar Khan', 'Sukkur')",5,5
"Exactly 2 of the following cities are in Peru: Beira, Pingliang, Benxi, Tlaquepaque, Dera Ismail Khan.",0,Peru,"('Beira', 'Benxi', 'Dera Ismail Khan', 'Pingliang', 'Tlaquepaque')",2,0
"Exactly 4 of the following cities are in Russia: Novosibirsk, Leipzig, Irkutsk, Volgograd, Astrakhan.",1,Russia,"('Astrakhan', 'Irkutsk', 'Leipzig', 'Novosibirsk', 'Volgograd')",4,4
"Exactly 1 of the following cities are in Singapore: Qui Nhon, Dehradun, Seattle, Nakuru, Seoul.",0,Singapore,"('Dehradun', 'Nakuru', 'Qui Nhon', 'Seattle', 'Seoul')",1,0
"Exactly 4 of the following cities are in Venezuela: Barquisimeto, Maturin, Ciudad Guayana, Maracaibo, Wanzhou.",1,Venezuela,"('Barquisimeto', 'Ciudad Guayana', 'Maracaibo', 'Maturin', 'Wanzhou')",4,4
"Exactly 4 of the following cities are in Germany: Nuremberg, Ta'if, Munich, Duesseldorf, Koeln.",1,Germany,"('Duesseldorf', 'Koeln', 'Munich', 'Nuremberg', ""Ta'if"")",4,4
"Exactly 5 of the following cities are in Germany: Duesseldorf, Leipzig, Koeln, Frankfurt am Main, Nuremberg.",1,Germany,"('Duesseldorf', 'Frankfurt am Main', 'Koeln', 'Leipzig', 'Nuremberg')",5,5
"Exactly 4 of the following cities are in Cambodia: Shangluo, Evaton, Phnom Penh, Ribeirao Preto, Wuwei.",0,Cambodia,"('Evaton', 'Phnom Penh', 'Ribeirao Preto', 'Shangluo', 'Wuwei')",4,1
"Exactly 5 of the following cities are in India: Dharavi, Coimbatore, Rajkot, Ranchi, Thane.",1,India,"('Coimbatore', 'Dharavi', 'Rajkot', 'Ranchi', 'Thane')",5,5
"Exactly 1 of the following cities are in Mongolia: Ulan Bator, Baise, Peshawar, Chizhou, Iztapalapa.",1,Mongolia,"('Baise', 'Chizhou', 'Iztapalapa', 'Peshawar', 'Ulan Bator')",1,1
"Exactly 1 of the following cities are in Germany: Munich, Jamshedpur, Sharjah, Dortmund, Santiago de Cuba.",0,Germany,"('Dortmund', 'Jamshedpur', 'Munich', 'Santiago de Cuba', 'Sharjah')",1,2
"Exactly 5 of the following cities are in Lebanon: Duque de Caxias, Mbeya, Shangluo, Kota Bharu, Nagpur.",0,Lebanon,"('Duque de Caxias', 'Kota Bharu', 'Mbeya', 'Nagpur', 'Shangluo')",5,0
"Exactly 5 of the following cities are in the United States: Ulanqab, Detroit, Bucheon-si, Vinh, Abu Ghurayb.",0,the United States,"('Abu Ghurayb', 'Bucheon-si', 'Detroit', 'Ulanqab', 'Vinh')",5,1
"Exactly 3 of the following cities are in the United States: The Bronx, Chicago, Naucalpan de Juarez, Fortaleza, New South Memphis.",1,the United States,"('Chicago', 'Fortaleza', 'Naucalpan de Juarez', 'New South Memphis', 'The Bronx')",3,3
"Exactly 0 of the following cities are in Morocco: Meknes, Marrakesh, Tangier, Langfang, Oujda.",0,Morocco,"('Langfang', 'Marrakesh', 'Meknes', 'Oujda', 'Tangier')",0,4
"Exactly 1 of the following cities are in the Dominican Republic: Daqing, Rui'an, Subang Jaya, Al Basrah al Qadimah, Santo Domingo Este.",1,the Dominican Republic,"('Al Basrah al Qadimah', 'Daqing', ""Rui'an"", 'Santo Domingo Este', 'Subang Jaya')",1,1
"Exactly 2 of the following cities are in South Korea: Petaling Jaya, Kemerovo, Heroica Matamoros, Muntinlupa, Jalandhar.",0,South Korea,"('Heroica Matamoros', 'Jalandhar', 'Kemerovo', 'Muntinlupa', 'Petaling Jaya')",2,0
"Exactly 2 of the following cities are in Pakistan: Kalaburagi, Lahore, Niamey, Luancheng, Arifwala.",1,Pakistan,"('Arifwala', 'Kalaburagi', 'Lahore', 'Luancheng', 'Niamey')",2,2
"Exactly 2 of the following cities are in Kenya: Itabashi, Petaling Jaya, Mombasa, Kakamega, Pelentong.",1,Kenya,"('Itabashi', 'Kakamega', 'Mombasa', 'Pelentong', 'Petaling Jaya')",2,2
"Exactly 3 of the following cities are in Togo: Samarkand, Nampula, Lome, Libreville, Faisalabad.",0,Togo,"('Faisalabad', 'Libreville', 'Lome', 'Nampula', 'Samarkand')",3,1
"Exactly 5 of the following cities are in Colombia: Shantou, Dombivali, Ibadan, Baghdad, Dortmund.",0,Colombia,"('Baghdad', 'Dombivali', 'Dortmund', 'Ibadan', 'Shantou')",5,0
"Exactly 2 of the following cities are in Indonesia: Denpasar, Tangerang, Harare, Jiangyin, Balikpapan.",0,Indonesia,"('Balikpapan', 'Denpasar', 'Harare', 'Jiangyin', 'Tangerang')",2,3
"Exactly 5 of the following cities are in Iran: Arak, Kermanshah, Zahedan, Tehran, Isfahan.",1,Iran,"('Arak', 'Isfahan', 'Kermanshah', 'Tehran', 'Zahedan')",5,5
"Exactly 2 of the following cities are in Colombia: Saratov, Soacha, Londrina, Bucaramanga, Guatemala City.",1,Colombia,"('Bucaramanga', 'Guatemala City', 'Londrina', 'Saratov', 'Soacha')",2,2
"Exactly 1 of the following cities are in Bulgaria: Mersin, Durban, Sofia, Indianapolis, Contagem.",1,Bulgaria,"('Contagem', 'Durban', 'Indianapolis', 'Mersin', 'Sofia')",1,1
"Exactly 2 of the following cities are in Ukraine: Sevastopol, Dnipro, Kharkiv, Lahore, UEskuedar.",0,Ukraine,"('Dnipro', 'Kharkiv', 'Lahore', 'Sevastopol', 'UEskuedar')",2,3
"Exactly 5 of the following cities are in Yemen: Aden, Taiz, Warangal, Tangier, Al Hudaydah.",0,Yemen,"('Aden', 'Al Hudaydah', 'Taiz', 'Tangier', 'Warangal')",5,3
"Exactly 2 of the following cities are in Tanzania: Dodoma, Xuhui, Beira, Zanzibar, Dammam.",1,Tanzania,"('Beira', 'Dammam', 'Dodoma', 'Xuhui', 'Zanzibar')",2,2
"Exactly 5 of the following cities are in South Korea: Anyang-si, Kimhae, Hwaseong-si, Suwon, Seoul.",1,South Korea,"('Anyang-si', 'Hwaseong-si', 'Kimhae', 'Seoul', 'Suwon')",5,5
"Exactly 1 of the following cities are in Armenia: Battagram, Soshanguve, Dalian, Yerevan, Fortaleza.",1,Armenia,"('Battagram', 'Dalian', 'Fortaleza', 'Soshanguve', 'Yerevan')",1,1
"Exactly 2 of the following cities are in Ukraine: Kyiv, Al Basrah al Qadimah, Luohe, Odesa, Comilla.",1,Ukraine,"('Al Basrah al Qadimah', 'Comilla', 'Kyiv', 'Luohe', 'Odesa')",2,2
"Exactly 5 of the following cities are in Nigeria: Calabar, Warri, Kaduna, Enugu, Jos.",1,Nigeria,"('Calabar', 'Enugu', 'Jos', 'Kaduna', 'Warri')",5,5
"Exactly 3 of the following cities are in Myanmar: Niteroi, Zhu Cheng City, Yangon, Lyon, Huludao.",0,Myanmar,"('Huludao', 'Lyon', 'Niteroi', 'Yangon', 'Zhu Cheng City')",3,1
"Exactly 0 of the following cities are in India: Jamnagar, Kalyan, Bokaro, Yongzhou, Addis Ababa.",0,India,"('Addis Ababa', 'Bokaro', 'Jamnagar', 'Kalyan', 'Yongzhou')",0,3
"Exactly 4 of the following cities are in Kazakhstan: Kunshan, Almaty, Shymkent, Aktobe, Astana.",1,Kazakhstan,"('Aktobe', 'Almaty', 'Astana', 'Kunshan', 'Shymkent')",4,4
"Exactly 3 of the following cities are in Zambia: Krasnodar, Ndola, Lusaka, Kitwe, Hongkou.",1,Zambia,"('Hongkou', 'Kitwe', 'Krasnodar', 'Lusaka', 'Ndola')",3,3
"Exactly 3 of the following cities are in Venezuela: Maturin, The Bronx, Barquisimeto, Malacca, Vientiane.",0,Venezuela,"('Barquisimeto', 'Malacca', 'Maturin', 'The Bronx', 'Vientiane')",3,2
"Exactly 1 of the following cities are in Kazakhstan: Almaty, Aktobe, Shymkent, Astana, Ufa.",0,Kazakhstan,"('Aktobe', 'Almaty', 'Astana', 'Shymkent', 'Ufa')",1,4
"Exactly 2 of the following cities are in Tonga: Makhachkala, Quetta, Huludao, Mbuji-Mayi, Laiwu.",0,Tonga,"('Huludao', 'Laiwu', 'Makhachkala', 'Mbuji-Mayi', 'Quetta')",2,0
"Exactly 2 of the following cities are in Eritrea: Shangrao, Yichang, Andijon, Bukit Rahman Putra, Cixi.",0,Eritrea,"('Andijon', 'Bukit Rahman Putra', 'Cixi', 'Shangrao', 'Yichang')",2,0
"Exactly 0 of the following cities are in Norway: Suining, Hohhot, Ankara, Binzhou, Najran.",1,Norway,"('Ankara', 'Binzhou', 'Hohhot', 'Najran', 'Suining')",0,0
"Exactly 2 of the following cities are in Guinea: Antananarivo, Ecatepec de Morelos, Camayenne, Madinat an Nasr, Conakry.",1,Guinea,"('Antananarivo', 'Camayenne', 'Conakry', 'Ecatepec de Morelos', 'Madinat an Nasr')",2,2
"Exactly 4 of the following cities are in Saudi Arabia: Jeddah, Najran, Huangshi, Daejeon, Dammam.",0,Saudi Arabia,"('Daejeon', 'Dammam', 'Huangshi', 'Jeddah', 'Najran')",4,3
"Exactly 3 of the following cities are in Yemen: UEskuedar, Huizhou, Aden, Ibb, Mukalla.",1,Yemen,"('Aden', 'Huizhou', 'Ibb', 'Mukalla', 'UEskuedar')",3,3
"Exactly 3 of the following cities are in Argentina: Antalya, Salta, San Miguel de Tucuman, Helsinki, Mar del Plata.",1,Argentina,"('Antalya', 'Helsinki', 'Mar del Plata', 'Salta', 'San Miguel de Tucuman')",3,3
"Exactly 4 of the following cities are in Tanzania: Mbeya, Dar es Salaam, Akure, Zanzibar, Arusha.",1,Tanzania,"('Akure', 'Arusha', 'Dar es Salaam', 'Mbeya', 'Zanzibar')",4,4
"Exactly 3 of the following cities are in Kenya: Nairobi, Mombasa, Nakuru, Chuxiong, Sagamihara.",1,Kenya,"('Chuxiong', 'Mombasa', 'Nairobi', 'Nakuru', 'Sagamihara')",3,3
"Exactly 4 of the following cities are in Iran: Chongming, Carrefour, Karol Bagh, Qionghai, Hamadan.",0,Iran,"('Carrefour', 'Chongming', 'Hamadan', 'Karol Bagh', 'Qionghai')",4,1
"Exactly 0 of the following cities are in Syria: Pekanbaru, Aleppo, Ta'if, Homs, Guwahati.",0,Syria,"('Aleppo', 'Guwahati', 'Homs', 'Pekanbaru', ""Ta'if"")",0,2
"Exactly 4 of the following cities are in Mozambique: Nampula, Wroclaw, Beira, Matola, Maputo.",1,Mozambique,"('Beira', 'Maputo', 'Matola', 'Nampula', 'Wroclaw')",4,4
"Exactly 4 of the following cities are in Bangladesh: Comilla, Mirpur Model Thana, Gazipur, Rajshahi, Mohammadpur.",0,Bangladesh,"('Comilla', 'Gazipur', 'Mirpur Model Thana', 'Mohammadpur', 'Rajshahi')",4,5
"Exactly 3 of the following cities are in Morocco: Oujda, Hebi, Agadir, Meknes, Izmir.",1,Morocco,"('Agadir', 'Hebi', 'Izmir', 'Meknes', 'Oujda')",3,3
"Exactly 1 of the following cities are in Cuba: Acapulco de Juarez, Koeln, Santiago de Cuba, Shangrao, Tashkent.",1,Cuba,"('Acapulco de Juarez', 'Koeln', 'Santiago de Cuba', 'Shangrao', 'Tashkent')",1,1
"Exactly 4 of the following cities are in Papua New Guinea: Rostov-on-Don, Goiania, Cankaya, Santo Domingo Este, Chicago.",0,Papua New Guinea,"('Cankaya', 'Chicago', 'Goiania', 'Rostov-on-Don', 'Santo Domingo Este')",4,0
"Exactly 4 of the following cities are in Turkey: Adana, Ankara, Guwahati, Izmir, Kuecuekcekmece.",1,Turkey,"('Adana', 'Ankara', 'Guwahati', 'Izmir', 'Kuecuekcekmece')",4,4
"Exactly 5 of the following cities are in Mexico: Aguascalientes, Tlaquepaque, Ciudad Juarez, Torreon, Naucalpan de Juarez.",1,Mexico,"('Aguascalientes', 'Ciudad Juarez', 'Naucalpan de Juarez', 'Tlaquepaque', 'Torreon')",5,5
"Exactly 0 of the following cities are in the Philippines: Shanghai, Caloocan, Kalyan, Tucson, Adana.",0,the Philippines,"('Adana', 'Caloocan', 'Kalyan', 'Shanghai', 'Tucson')",0,1
"Exactly 0 of the following cities are in the Czech Republic: Kumasi, Pelentong, Bujumbura, Quezon City, Bursa.",1,the Czech Republic,"('Bujumbura', 'Bursa', 'Kumasi', 'Pelentong', 'Quezon City')",0,0
"Exactly 3 of the following cities are in Angola: Camama, Maianga, Cabinda, Kikolo, Benguela.",0,Angola,"('Benguela', 'Cabinda', 'Camama', 'Kikolo', 'Maianga')",3,5
"Exactly 4 of the following cities are in Japan: Kigali, Utsunomiya, Matsuyama, Himeji, Itabashi.",1,Japan,"('Himeji', 'Itabashi', 'Kigali', 'Matsuyama', 'Utsunomiya')",4,4
"Exactly 0 of the following cities are in Kenya: Okayama, Baku, Huludao, Selayang Baru Utara, Loni.",1,Kenya,"('Baku', 'Huludao', 'Loni', 'Okayama', 'Selayang Baru Utara')",0,0
"Exactly 0 of the following cities are in Kenya: Nairobi, Warri, Cimahi, Nakuru, Jilin.",0,Kenya,"('Cimahi', 'Jilin', 'Nairobi', 'Nakuru', 'Warri')",0,2
"Exactly 1 of the following cities are in San Marino: Multan, Surat, Guilin, Omsk, Culiacan.",0,San Marino,"('Culiacan', 'Guilin', 'Multan', 'Omsk', 'Surat')",1,0
"Exactly 5 of the following cities are in Yemen: Chisinau, Ibb, Mukalla, Aden, Hefei.",0,Yemen,"('Aden', 'Chisinau', 'Hefei', 'Ibb', 'Mukalla')",5,3
"Exactly 2 of the following cities are in Mexico: Aden, Ganzhou, Bekasi, Mosul, Maturin.",0,Mexico,"('Aden', 'Bekasi', 'Ganzhou', 'Maturin', 'Mosul')",2,0
"Exactly 4 of the following cities are in Iraq: Al Mawsil al Jadidah, Sulaymaniyah, Kirkuk, Qingdao, Baghdad.",1,Iraq,"('Al Mawsil al Jadidah', 'Baghdad', 'Kirkuk', 'Qingdao', 'Sulaymaniyah')",4,4
"Exactly 1 of the following cities are in Romania: Zahedan, Kirkuk, Hamhung, Bogor, Fortaleza.",0,Romania,"('Bogor', 'Fortaleza', 'Hamhung', 'Kirkuk', 'Zahedan')",1,0
"Exactly 0 of the following cities are in Sudan: Onitsha, Zhangjiakou, Tiruchirappalli, Bokaro, Kryvyy Rih.",1,Sudan,"('Bokaro', 'Kryvyy Rih', 'Onitsha', 'Tiruchirappalli', 'Zhangjiakou')",0,0
"Exactly 2 of the following cities are in Japan: Hamamatsu, Lyon, Bareilly, Kyoto, Palembang.",1,Japan,"('Bareilly', 'Hamamatsu', 'Kyoto', 'Lyon', 'Palembang')",2,2
"Exactly 5 of the following cities are in South Korea: Bucheon-si, Busan, Changwon, Incheon, Daegu.",1,South Korea,"('Bucheon-si', 'Busan', 'Changwon', 'Daegu', 'Incheon')",5,5
"Exactly 4 of the following cities are in South Korea: Changwon, Cheonan, Incheon, Busan, Yibin.",1,South Korea,"('Busan', 'Changwon', 'Cheonan', 'Incheon', 'Yibin')",4,4
"Exactly 2 of the following cities are in Swaziland: Tirunelveli, Phnom Penh, Al Mawsil al Jadidah, Helsinki, Hoji ya Henda.",0,Swaziland,"('Al Mawsil al Jadidah', 'Helsinki', 'Hoji ya Henda', 'Phnom Penh', 'Tirunelveli')",2,0
"Exactly 1 of the following cities are in Uzbekistan: Namangan, Vientiane, Jiujiang, Gwalior, Samarkand.",0,Uzbekistan,"('Gwalior', 'Jiujiang', 'Namangan', 'Samarkand', 'Vientiane')",1,2
"Exactly 1 of the following cities are in Eritrea: Madurai, Cucuta, Zhaotong, Baku, Lubumbashi.",0,Eritrea,"('Baku', 'Cucuta', 'Lubumbashi', 'Madurai', 'Zhaotong')",1,0
"Exactly 3 of the following cities are in Ukraine: Lviv, Al Fayyum, Warangal, Kharkiv, Odesa.",1,Ukraine,"('Al Fayyum', 'Kharkiv', 'Lviv', 'Odesa', 'Warangal')",3,3
"Exactly 1 of the following cities are in Iran: Varanasi, Nyala, Ho Chi Minh City, Ziyang, Ahvaz.",1,Iran,"('Ahvaz', 'Ho Chi Minh City', 'Nyala', 'Varanasi', 'Ziyang')",1,1
"Exactly 0 of the following cities are in Sweden: Calgary, Baise, Stockholm, Situbondo, Maoming.",0,Sweden,"('Baise', 'Calgary', 'Maoming', 'Situbondo', 'Stockholm')",0,1
"Exactly 2 of the following cities are in Nigeria: Krasnoyarsk, Bauchi, Chuxiong, Dammam, Benin City.",1,Nigeria,"('Bauchi', 'Benin City', 'Chuxiong', 'Dammam', 'Krasnoyarsk')",2,2
"Exactly 5 of the following cities are in Indonesia: Bogor, Bandar Lampung, Semarang, Jambi City, Makassar.",1,Indonesia,"('Bandar Lampung', 'Bogor', 'Jambi City', 'Makassar', 'Semarang')",5,5
"Exactly 0 of the following cities are in Dominica: Arak, Puxi, Onitsha, Cebu City, Winnipeg.",1,Dominica,"('Arak', 'Cebu City', 'Onitsha', 'Puxi', 'Winnipeg')",0,0
"Exactly 5 of the following cities are in Malaysia: Bukit Rahman Putra, Kuala Lumpur, Sungai Petani, Malacca, Kuantan.",1,Malaysia,"('Bukit Rahman Putra', 'Kuala Lumpur', 'Kuantan', 'Malacca', 'Sungai Petani')",5,5
"Exactly 4 of the following cities are in Brazil: Sao Jose dos Campos, Sorocaba, Goiania, Maceio, Porto Alegre.",0,Brazil,"('Goiania', 'Maceio', 'Porto Alegre', 'Sao Jose dos Campos', 'Sorocaba')",4,5
"Exactly 1 of the following cities are in Venezuela: Maracaibo, Caracas, Dammam, Arusha, Gqeberha.",0,Venezuela,"('Arusha', 'Caracas', 'Dammam', 'Gqeberha', 'Maracaibo')",1,2
"Exactly 2 of the following cities are in Venezuela: Caracas, Maracaibo, Maturin, Ciudad Guayana, Eskisehir.",0,Venezuela,"('Caracas', 'Ciudad Guayana', 'Eskisehir', 'Maracaibo', 'Maturin')",2,4
"Exactly 2 of the following cities are in Brazil: Pelentong, Chicago, Sorocaba, Rio de Janeiro, Maracaibo.",1,Brazil,"('Chicago', 'Maracaibo', 'Pelentong', 'Rio de Janeiro', 'Sorocaba')",2,2
"Exactly 3 of the following cities are in Gabon: Anqing, Al Ahmadi, Ahvaz, Hannover, Zamboanga.",0,Gabon,"('Ahvaz', 'Al Ahmadi', 'Anqing', 'Hannover', 'Zamboanga')",3,0
"Exactly 0 of the following cities are in Thailand: Luzhou, Subang Jaya, Madinah, Pimpri-Chinchwad, Aktobe.",1,Thailand,"('Aktobe', 'Luzhou', 'Madinah', 'Pimpri-Chinchwad', 'Subang Jaya')",0,0
